Ano;Complexo Portuário;Código da instalação;Tipo de Terminal;Navegação da Atracação;ID Atracação;IMO da embarcação;Data da Chegada;Data da Atracação;Data do Início da Operação;Data da Desatracação;Perfil da Carga;Nomenclatura Simplificada;Total de Atracações;Unnamed: 14;Dt_Atracação - Dt_Chegada;Duracao_dias;numero_semana;media_por_semana
2024;Santos;BRSSZ;Público;Longo Curso;1418659;9149512;2024-01-01 07:58:00;02/01/2024 16:00;02/01/2024 16:26;04/01/2024 06:10;Granel Líquido e Gasoso;Produtos Químicos Orgânicos;1;;32:02:00;1,33;1;2,45
2024;Santos;BRSSZ;Público;Longo Curso;1418637;9230995;2024-01-01 09:00:00;01/01/2024 11:30;01/01/2024 11:35;04/01/2024 04:10;Granel Líquido e Gasoso;Preparações De Frutas;1;;2:30:00;0,1;1;2,45
2024;Santos;BRSSZ;Público;Cabotagem;1418739;9660358;2024-01-01 12:30:00;04/01/2024 12:10;04/01/2024 21:42;05/01/2024 14:20;Granel Líquido e Gasoso;Petróleo E Derivados (Sem Óleo Bruto);1;;71:40:00;2,99;1;2,45
2024;Santos;BRSSZ;Público;Longo Curso;1418731;9738791;2024-01-01 15:15:00;06/01/2024 12:00;06/01/2024 13:00;07/01/2024 23:00;Granel Sólido;Adubos (Fertilizantes);1;;116:45:00;4,86;1;2,45
2024;Santos;BRSSZ;Público;Longo Curso;1418610;9473688;2024-01-01 20:00:00;01/01/2024 21:10;01/01/2024 21:10;06/01/2024 13:25;Granel Sólido;Produtos Químicos Inorgânicos;1;;1:10:00;0,05;1;2,45
2024;Santos;BRSSZ;Público;Cabotagem;1418735;9431317;2024-01-02 01:12:00;05/01/2024 18:00;05/01/2024 21:54;06/01/2024 21:55;Granel Líquido e Gasoso;Petróleo E Derivados (Sem Óleo Bruto);1;;88:48:00;3,7;1;2,45
2024;Santos;BRSSZ;Público;Longo Curso;1418686;9788954;2024-01-02 04:30:00;02/01/2024 05:48;02/01/2024 13:00;04/01/2024 16:02;Granel Líquido e Gasoso;Etanol Combustível;1;;1:18:00;0,05;1;2,45
2024;Santos;BRSSZ;Público;Longo Curso;1418589;9509516;2024-01-02 08:00:00;07/01/2024 16:38;07/01/2024 19:00;09/01/2024 06:23;Granel Sólido;Açúcar;1;;128:38:00;5,36;1;2,45
2024;Santos;BRSSZ;Público;Longo Curso;1418695;9949211;2024-01-03 05:00:00;03/01/2024 05:50;03/01/2024 08:02;04/01/2024 05:00;Granel Sólido;Resíduos Da Extração Do Óleo De Soja;1;;0:50:00;0,03;1;2,45
2024;Santos;BRSSZ;Público;Longo Curso;1418720;9602186;2024-01-03 10:15:00;04/01/2024 08:40;04/01/2024 13:00;06/01/2024 21:32;Granel Sólido;Trigo;1;;22:25:00;0,93;1;2,45
2024;Santos;BRSSZ;Público;Longo Curso;1418621;9955478;2024-01-03 11:00:00;03/01/2024 12:30;03/01/2024 15:40;06/01/2024 23:10;Granel Líquido e Gasoso;Etanol Combustível;1;;1:30:00;0,06;1;2,45
2024;Santos;BRSSZ;Público;Longo Curso;1418593;9456537;2024-01-03 18:58:00;03/01/2024 20:00;03/01/2024 22:34;06/01/2024 02:10;Granel Sólido;Açúcar;1;;1:02:00;0,04;1;2,45
2024;Santos;BRSSZ;Público;Cabotagem;1418733;9142954;2024-01-03 19:09:00;03/01/2024 20:05;03/01/2024 23:10;05/01/2024 20:00;Granel Sólido;Sal;1;;0:56:00;0,04;1;2,45
2024;Santos;BRSSZ;Público;Longo Curso;1418585;9933195;2024-01-03 19:30:00;06/01/2024 05:54;06/01/2024 09:28;07/01/2024 14:18;Granel Sólido;Açúcar;1;;58:24:00;2,43;1;2,45
2024;Santos;BRSSZ;Público;Longo Curso;1418598;9663740;2024-01-04 07:30:00;04/01/2024 08:15;05/01/2024 18:20;10/01/2024 07:30;Granel Líquido e Gasoso;Preparações De Frutas;1;;0:45:00;0,03;1;2,45
2024;Santos;BRSSZ;Público;Longo Curso;1418693;9400875;2024-01-04 13:12:00;17/01/2024 01:10;17/01/2024 03:40;18/01/2024 01:00;Granel Sólido;Açúcar;1;;299:58:00;12,5;1;2,45
2024;Santos;BRSSZ;Público;Longo Curso;1418629;9274317;2024-01-04 17:00:00;04/01/2024 18:20;04/01/2024 18:20;06/01/2024 17:35;Granel Líquido e Gasoso;Produtos Químicos Orgânicos;1;;1:20:00;0,06;1;2,45
2024;Santos;BRSSZ;Público;Longo Curso;1418629;9274317;2024-01-04 17:00:00;04/01/2024 18:20;04/01/2024 18:20;06/01/2024 17:35;Granel Líquido e Gasoso;Petróleo E Derivados (Sem Óleo Bruto);1;;1:20:00;0,06;1;2,45
2024;Santos;BRSSZ;Público;Longo Curso;1418629;9274317;2024-01-04 17:00:00;04/01/2024 18:20;04/01/2024 18:20;06/01/2024 17:35;Granel Líquido e Gasoso;Plásticos E Suas Obras;1;;1:20:00;0,06;1;2,45
2024;Santos;BRSSZ;Público;Longo Curso;1418657;9228382;2024-01-04 22:06:00;11/01/2024 20:02;11/01/2024 20:02;28/01/2024 17:38;Granel Sólido;Adubos (Fertilizantes);1;;165:56:00;6,91;1;2,45
2024;Santos;BRSSZ;Público;Cabotagem;1418741;9448322;2024-01-05 08:30:00;07/01/2024 00:15;07/01/2024 03:48;07/01/2024 23:15;Granel Líquido e Gasoso;Petróleo E Derivados (Sem Óleo Bruto);1;;39:45:00;1,66;1;2,45
2024;Santos;BRSSZ;Público;Longo Curso;1418660;9840659;2024-01-06 07:40:00;15/01/2024 01:40;15/01/2024 05:00;19/01/2024 15:10;Granel Sólido;Milho;1;;210:00:00;8,75;1;2,45
2024;Santos;BRSSZ;Público;Longo Curso;1418660;9840659;2024-01-06 07:40:00;15/01/2024 01:40;15/01/2024 05:00;19/01/2024 15:10;Granel Sólido;Resíduos Da Extração Do Óleo De Soja;1;;210:00:00;8,75;1;2,45
2024;Santos;BRSSZ;Público;Longo Curso;1418745;9739305;2024-01-06 08:25:00;11/01/2024 20:13;11/01/2024 20:13;16/01/2024 08:44;Granel Líquido e Gasoso;Etanol Combustível;1;;131:48:00;5,49;1;2,45
2024;Santos;BRSSZ;Público;Longo Curso;1418611;9205897;2024-01-06 09:00:00;14/01/2024 22:20;14/01/2024 22:20;16/01/2024 10:00;Granel Sólido;Adubos (Fertilizantes);1;;205:20:00;8,56;1;2,45
2024;Santos;BRSSZ;Público;Longo Curso;1418729;9800439;2024-01-06 11:20:00;09/01/2024 18:50;09/01/2024 19:00;14/01/2024 17:12;Granel Sólido;Adubos (Fertilizantes);1;;79:30:00;3,31;1;2,45
2024;Santos;BRSSZ;Público;Longo Curso;1418683;9543768;2024-01-06 16:15:00;06/01/2024 17:20;06/01/2024 19:25;07/01/2024 23:10;Granel Sólido;Açúcar;1;;1:05:00;0,05;1;2,45
2024;Santos;BRSSZ;Público;Longo Curso;1418724;9299123;2024-01-06 23:30:00;10/01/2024 13:10;10/01/2024 19:50;14/01/2024 08:20;Granel Líquido e Gasoso;Petróleo E Derivados (Sem Óleo Bruto);1;;85:40:00;3,57;1;2,45
2024;Santos;BRSSZ;Público;Longo Curso;1418069;9117739;2024-01-07 01:00:00;14/01/2024 22:05;14/01/2024 22:10;16/01/2024 12:10;Carga Geral;Pasta De Celulose;1;;189:05:00;7,88;1;2,45
2024;Santos;BRSSZ;Público;Longo Curso;1418666;9266231;2024-01-07 04:06:00;07/01/2024 20:33;07/01/2024 20:33;08/01/2024 11:05;Granel Líquido e Gasoso;Produtos Químicos Orgânicos;1;;16:27:00;0,69;1;2,45
2024;Santos;BRSSZ;Público;Longo Curso;1418685;9583225;2024-01-07 08:30:00;07/01/2024 09:25;07/01/2024 09:25;09/01/2024 21:40;Granel Sólido;Resíduos Da Extração Do Óleo De Soja;1;;0:55:00;0,04;1;2,45
2024;Santos;BRSSZ;Público;Longo Curso;1418642;9168611;2024-01-07 09:45:00;08/01/2024 07:40;08/01/2024 07:40;11/01/2024 10:50;Granel Líquido e Gasoso;Produtos Químicos Orgânicos;1;;21:55:00;0,91;1;2,45
2024;Santos;BRSSZ;Público;Cabotagem;1418717;9547702;2024-01-07 10:30:00;08/01/2024 04:15;08/01/2024 12:00;10/01/2024 15:40;Granel Líquido e Gasoso;Petróleo E Derivados (Sem Óleo Bruto);1;;17:45:00;0,74;1;2,45
2024;Santos;BRSSZ;Público;Longo Curso;1418664;9328936;2024-01-07 14:00:00;09/01/2024 10:20;09/01/2024 13:10;14/01/2024 19:30;Granel Sólido;Resíduos Da Extração Do Óleo De Soja;1;;44:20:00;1,85;1;2,45
2024;Santos;BRSSZ;Público;Longo Curso;1418664;9328936;2024-01-07 14:00:00;09/01/2024 10:20;09/01/2024 13:10;14/01/2024 19:30;Granel Sólido;Milho;1;;44:20:00;1,85;1;2,45
2024;Santos;BRSSZ;Público;Cabotagem;1418737;9407093;2024-01-07 16:18:00;08/01/2024 14:17;08/01/2024 14:17;10/01/2024 09:42;Granel Líquido e Gasoso;Soda Cáustica;1;;21:59:00;0,92;1;2,45
2024;Santos;BRSSZ;Público;Cabotagem;1418623;9753636;2024-01-07 18:30:00;10/01/2024 12:49;10/01/2024 12:49;12/01/2024 04:38;Granel Líquido e Gasoso;Combustíveis, Óleos E Produtos Minerais;1;;66:19:00;2,76;1;2,45
2024;Santos;BRSSZ;Público;Cabotagem;1418623;9753636;2024-01-07 18:30:00;10/01/2024 12:49;10/01/2024 12:49;12/01/2024 04:38;Granel Líquido e Gasoso;Etanol Combustível;1;;66:19:00;2,76;1;2,45
2024;Santos;BRSSZ;Público;Cabotagem;1418623;9753636;2024-01-07 18:30:00;10/01/2024 12:49;10/01/2024 12:49;12/01/2024 04:38;Granel Líquido e Gasoso;Produtos Químicos Orgânicos;1;;66:19:00;2,76;1;2,45
2024;Santos;BRSSZ;Público;Cabotagem;1418623;9753636;2024-01-07 18:30:00;10/01/2024 12:49;10/01/2024 12:49;12/01/2024 04:38;Granel Líquido e Gasoso;Soda Cáustica;1;;66:19:00;2,76;1;2,45
2024;Santos;BRSSZ;Público;Cabotagem;1418067;9197002;2024-01-07 18:37:00;07/01/2024 19:10;07/01/2024 20:33;08/01/2024 13:45;Carga Geral;Pasta De Celulose;1;;0:33:00;0,02;1;2,45
2024;Santos;BRSSZ;Público;Cabotagem;1418734;9142954;2024-01-07 20:00:00;07/01/2024 20:50;07/01/2024 22:50;10/01/2024 09:05;Granel Sólido;Sal;1;;0:50:00;0,03;1;2,45
2024;Santos;BRSSZ;Público;Longo Curso;1418652;9545053;2024-01-07 20:00:00;07/01/2024 20:20;07/01/2024 20:42;13/01/2024 08:55;Granel Sólido;Adubos (Fertilizantes);1;;0:20:00;0,01;1;2,45
2024;Santos;BRSSZ;Público;Longo Curso;1418630;9760067;2024-01-07 21:00:00;07/01/2024 21:20;07/01/2024 21:40;11/01/2024 22:00;Granel Sólido;Adubos (Fertilizantes);1;;0:20:00;0,01;1;2,45
2024;Santos;BRSSZ;Público;Longo Curso;1418744;9735452;2024-01-08 06:40:00;08/01/2024 07:30;08/01/2024 12:20;11/01/2024 01:55;Granel Líquido e Gasoso;Preparações De Frutas;1;;0:50:00;0,03;2;2,0
2024;Santos;BRSSZ;Público;Longo Curso;1418736;9841299;2024-01-08 07:00:00;17/01/2024 01:40;17/01/2024 01:40;24/01/2024 00:10;Granel Sólido;Resíduos Da Extração Do Óleo De Soja;1;;210:40:00;8,78;2;2,0
2024;Santos;BRSSZ;Público;Longo Curso;1418640;9900461;2024-01-08 08:00:00;10/01/2024 14:20;10/01/2024 14:20;12/01/2024 09:48;Granel Líquido e Gasoso;Petróleo E Derivados (Sem Óleo Bruto);1;;54:20:00;2,26;2;2,0
2024;Santos;BRSSZ;Público;Longo Curso;1418640;9900461;2024-01-08 08:00:00;10/01/2024 14:20;10/01/2024 14:20;12/01/2024 09:48;Granel Líquido e Gasoso;Produtos Diversos Da Indústria Química;1;;54:20:00;2,26;2;2,0
2024;Santos;BRSSZ;Público;Longo Curso;1418640;9900461;2024-01-08 08:00:00;10/01/2024 14:20;10/01/2024 14:20;12/01/2024 09:48;Granel Líquido e Gasoso;Produtos Químicos Orgânicos;1;;54:20:00;2,26;2;2,0
2024;Santos;BRSSZ;Público;Longo Curso;1418667;9266231;2024-01-08 22:30:00;08/01/2024 23:59;08/01/2024 23:59;10/01/2024 11:11;Granel Líquido e Gasoso;Produtos Químicos Orgânicos;1;;1:29:00;0,06;2;2,0
2024;Santos;BRSSZ;Público;Cabotagem;1418662;9371086;2024-01-09 11:45:00;09/01/2024 12:10;09/01/2024 13:16;10/01/2024 02:37;Carga Geral;Pasta De Celulose;1;;0:25:00;0,02;2;2,0
2024;Santos;BRSSZ;Público;Longo Curso;1418580;9318606;2024-01-10 01:00:00;10/01/2024 01:55;10/01/2024 01:55;15/01/2024 11:45;Granel Sólido;Milho;1;;0:55:00;0,04;2;2,0
2024;Santos;BRSSZ;Público;Longo Curso;1418615;9805257;2024-01-10 06:00:00;10/01/2024 09:05;10/01/2024 09:05;21/01/2024 13:10;Granel Sólido;Trigo;1;;3:05:00;0,13;2;2,0
2024;Santos;BRSSZ;Público;Longo Curso;1418663;9327097;2024-01-10 06:41:00;14/01/2024 12:10;14/01/2024 13:00;15/01/2024 21:00;Granel Líquido e Gasoso;Óleo De Palma;1;;101:29:00;4,23;2;2,0
2024;Santos;BRSSZ;Público;Longo Curso;1418634;9928906;2024-01-10 08:30:00;10/01/2024 09:10;10/01/2024 13:15;11/01/2024 16:00;Carga Geral;Pasta De Celulose;1;;0:40:00;0,03;2;2,0
2024;Santos;BRSSZ;Público;Longo Curso;1418730;9856115;2024-01-10 10:30:00;19/01/2024 19:40;19/01/2024 23:18;27/01/2024 18:00;Granel Sólido;Resíduos Da Extração Do Óleo De Soja;1;;225:10:00;9,38;2;2,0
2024;Santos;BRSSZ;Público;Longo Curso;1418721;9602186;2024-01-11 04:15:00;11/01/2024 05:10;11/01/2024 07:00;13/01/2024 19:30;Granel Sólido;Trigo;1;;0:55:00;0,04;2;2,0
2024;Santos;BRSSZ;Público;Cabotagem;1418750;9391361;2024-01-11 05:42:00;11/01/2024 23:25;12/01/2024 02:36;13/01/2024 16:25;Granel Líquido e Gasoso;Petróleo E Derivados (Sem Óleo Bruto);1;;17:43:00;0,74;2;2,0
2024;Santos;BRSSZ;Público;Longo Curso;1418665;9018646;2024-01-11 06:00:00;11/01/2024 08:15;11/01/2024 08:19;14/01/2024 18:20;Granel Líquido e Gasoso;Preparações De Frutas;1;;2:15:00;0,09;2;2,0
2024;Santos;BRSSZ;Público;Longo Curso;1418633;9416020;2024-01-11 10:00:00;15/01/2024 04:23;15/01/2024 04:23;16/01/2024 19:31;Granel Líquido e Gasoso;Gorduras E Óleos Animais Ou Vegetais;1;;90:23:00;3,77;2;2,0
2024;Santos;BRSSZ;Público;Longo Curso;1418631;9760067;2024-01-11 22:00:00;11/01/2024 22:30;11/01/2024 22:30;17/01/2024 13:10;Granel Sólido;Adubos (Fertilizantes);1;;0:30:00;0,02;2;2,0
2024;Santos;BRSSZ;Público;Cabotagem;1418588;9102928;2024-01-12 06:27:00;12/01/2024 07:40;12/01/2024 08:10;15/01/2024 03:00;Granel Líquido e Gasoso;Soda Cáustica;1;;1:13:00;0,05;2;2,0
2024;Santos;BRSSZ;Público;Longo Curso;1418643;9168611;2024-01-12 10:00:00;12/01/2024 11:20;12/01/2024 11:20;13/01/2024 11:40;Granel Líquido e Gasoso;Plásticos E Suas Obras;1;;1:20:00;0,06;2;2,0
2024;Santos;BRSSZ;Público;Longo Curso;1418643;9168611;2024-01-12 10:00:00;12/01/2024 11:20;12/01/2024 11:20;13/01/2024 11:40;Granel Líquido e Gasoso;Preparações Alimentícias Diversas;1;;1:20:00;0,06;2;2,0
2024;Santos;BRSSZ;Público;Longo Curso;1418582;9846495;2024-01-12 16:35:00;12/01/2024 17:25;12/01/2024 19:00;16/01/2024 17:15;Carga Geral;Pasta De Celulose;1;;0:50:00;0,03;2;2,0
2024;Santos;BRSSZ;Público;Longo Curso;1418758;9358632;2024-01-12 18:30:00;15/01/2024 08:00;15/01/2024 08:36;17/01/2024 08:17;Granel Líquido e Gasoso;Produtos Químicos Orgânicos;1;;61:30:00;2,56;2;2,0
2024;Santos;BRSSZ;Público;Cabotagem;1418761;9865752;2024-01-13 02:52:00;15/01/2024 17:30;15/01/2024 22:06;18/01/2024 01:20;Granel Líquido e Gasoso;Petróleo E Derivados (Sem Óleo Bruto);1;;62:38:00;2,61;2;2,0
2024;Santos;BRSSZ;Público;Cabotagem;1418748;9492270;2024-01-13 10:00:00;13/01/2024 22:40;14/01/2024 01:48;15/01/2024 13:52;Granel Líquido e Gasoso;Petróleo E Derivados (Sem Óleo Bruto);1;;12:40:00;0,53;2;2,0
2024;Santos;BRSSZ;Público;Longo Curso;1418650;9439357;2024-01-13 12:00:00;13/01/2024 13:33;13/01/2024 14:00;14/01/2024 23:10;Granel Líquido e Gasoso;Gorduras E Óleos Animais Ou Vegetais;1;;1:33:00;0,06;2;2,0
2024;Santos;BRSSZ;Público;Longo Curso;1418616;9674933;2024-01-13 14:40:00;21/01/2024 22:20;22/01/2024 13:32;26/01/2024 19:00;Carga Geral;Açúcar;1;;199:40:00;8,32;2;2,0
2024;Santos;BRSSZ;Público;Longo Curso;1418676;9294496;2024-01-13 21:00:00;13/01/2024 22:10;14/01/2024 01:05;14/01/2024 17:10;Granel Sólido;Açúcar;1;;1:10:00;0,05;2;2,0
2024;Santos;BRSSZ;Público;Longo Curso;1418607;9597757;2024-01-13 21:24:00;13/01/2024 22:39;14/01/2024 05:10;16/01/2024 06:05;Granel Sólido;Açúcar;1;;1:15:00;0,05;2;2,0
2024;Santos;BRSSZ;Público;Longo Curso;1418668;9610717;2024-01-14 08:30:00;17/01/2024 08:22;17/01/2024 13:00;27/01/2024 18:13;Granel Sólido;Trigo;1;;71:52:00;2,99;2;2,0
2024;Santos;BRSSZ;Público;Cabotagem;1418700;9555307;2024-01-14 09:00:00;18/01/2024 04:20;18/01/2024 08:18;19/01/2024 22:20;Granel Líquido e Gasoso;Petróleo E Derivados (Sem Óleo Bruto);1;;91:20:00;3,81;2;2,0
2024;Santos;BRSSZ;Público;Cabotagem;1418769;9587790;2024-01-14 15:13:00;25/01/2024 02:35;25/01/2024 03:10;26/01/2024 15:40;Granel Líquido e Gasoso;Etanol Combustível;1;;251:22:00;10,47;2;2,0
2024;Santos;BRSSZ;Público;Longo Curso;1418740;9587790;2024-01-14 16:50:00;15/01/2024 22:50;15/01/2024 22:50;18/01/2024 15:13;Granel Líquido e Gasoso;Soda Cáustica;1;;30:00:00;1,25;2;2,0
2024;Santos;BRSSZ;Público;Longo Curso;1418754;9510333;2024-01-14 18:22:00;15/01/2024 16:50;15/01/2024 19:39;19/01/2024 21:35;Granel Sólido;Milho;1;;22:28:00;0,94;2;2,0
2024;Santos;BRSSZ;Público;Longo Curso;1418722;9602186;2024-01-14 22:15:00;14/01/2024 23:27;15/01/2024 01:00;17/01/2024 04:40;Granel Sólido;Trigo;1;;1:12:00;0,05;2;2,0
2024;Santos;BRSSZ;Público;Cabotagem;1418760;9403968;2024-01-15 11:05:00;16/01/2024 11:08;16/01/2024 11:40;18/01/2024 05:20;Granel Líquido e Gasoso;Soda Cáustica;1;;24:03:00;1,0;3;2,85
2024;Santos;BRSSZ;Público;Longo Curso;1418639;9324215;2024-01-15 11:45:00;17/01/2024 01:15;17/01/2024 01:15;21/01/2024 06:55;Granel Líquido e Gasoso;Etanol Combustível;1;;37:30:00;1,56;3;2,85
2024;Santos;BRSSZ;Público;Longo Curso;1418764;9316878;2024-01-15 15:48:00;20/01/2024 03:20;20/01/2024 07:09;27/01/2024 19:15;Granel Sólido;Milho;1;;107:32:00;4,48;3;2,85
2024;Santos;BRSSZ;Público;Longo Curso;1418612;9205897;2024-01-16 10:00:00;16/01/2024 11:00;16/01/2024 11:04;29/01/2024 01:55;Granel Sólido;Adubos (Fertilizantes);1;;1:00:00;0,04;3;2,85
2024;Santos;BRSSZ;Público;Longo Curso;1418624;9323883;2024-01-16 12:00:00;17/01/2024 19:15;17/01/2024 21:25;19/01/2024 23:22;Granel Sólido;Açúcar;1;;31:15:00;1,3;3;2,85
2024;Santos;BRSSZ;Público;Longo Curso;1418608;9379911;2024-01-16 20:30:00;17/01/2024 09:45;17/01/2024 10:15;20/01/2024 11:15;Granel Líquido e Gasoso;Produtos Químicos Orgânicos;1;;13:15:00;0,55;3;2,85
2024;Santos;BRSSZ;Público;Longo Curso;1418756;9959307;2024-01-18 06:00:00;20/01/2024 04:12;20/01/2024 06:41;21/01/2024 13:15;Granel Sólido;Açúcar;1;;46:12:00;1,93;3;2,85
2024;Santos;BRSSZ;Público;Cabotagem;1418752;9447768;2024-01-18 08:00:00;20/01/2024 02:35;20/01/2024 05:48;21/01/2024 18:18;Granel Líquido e Gasoso;Petróleo E Derivados (Sem Óleo Bruto);1;;42:35:00;1,77;3;2,85
2024;Santos;BRSSZ;Público;Longo Curso;1429253;9473121;2024-01-18 12:05:00;29/01/2024 15:55;29/01/2024 19:20;01/02/2024 04:15;Granel Sólido;Soja;1;;267:50:00;11,16;3;2,85
2024;Santos;BRSSZ;Público;Cabotagem;1418732;9353096;2024-01-18 13:40:00;18/01/2024 14:10;18/01/2024 17:50;20/01/2024 22:05;Granel Líquido e Gasoso;Petróleo E Derivados (Sem Óleo Bruto);1;;0:30:00;0,02;3;2,85
2024;Santos;BRSSZ;Público;Cabotagem;1418759;9431317;2024-01-18 20:18:00;21/01/2024 22:15;22/01/2024 00:48;23/01/2024 03:24;Granel Líquido e Gasoso;Petróleo E Derivados (Sem Óleo Bruto);1;;73:57:00;3,08;3;2,85
2024;Santos;BRSSZ;Público;Longo Curso;1418672;9489821;2024-01-19 12:15:00;21/01/2024 17:12;21/01/2024 19:00;24/01/2024 09:40;Granel Sólido;Açúcar;1;;52:57:00;2,21;3;2,85
2024;Santos;BRSSZ;Público;Longo Curso;1418583;9722754;2024-01-19 20:05:00;19/01/2024 20:40;21/01/2024 01:50;29/01/2024 16:15;Carga Geral;Pasta De Celulose;1;;0:35:00;0,02;3;2,85
2024;Santos;BRSSZ;Público;Longo Curso;1418753;9949223;2024-01-19 23:50:00;27/01/2024 22:20;28/01/2024 00:52;31/01/2024 14:40;Granel Sólido;Resíduos Da Extração Do Óleo De Soja;1;;190:30:00;7,94;3;2,85
2024;Santos;BRSSZ;Público;Longo Curso;1418697;9606120;2024-01-20 01:45:00;20/01/2024 03:00;20/01/2024 05:10;21/01/2024 17:10;Granel Sólido;Açúcar;1;;1:15:00;0,05;3;2,85
2024;Santos;BRSSZ;Público;Longo Curso;1418755;9379911;2024-01-20 11:15:00;20/01/2024 11:45;20/01/2024 14:40;21/01/2024 02:25;Granel Líquido e Gasoso;Produtos Químicos Orgânicos;1;;0:30:00;0,02;3;2,85
2024;Santos;BRSSZ;Público;Longo Curso;1429149;9709221;2024-01-20 20:30:00;28/01/2024 23:04;28/01/2024 23:04;01/02/2024 03:15;Granel Sólido;Adubos (Fertilizantes);1;;194:34:00;8,11;3;2,85
2024;Santos;BRSSZ;Público;Cabotagem;1418767;9708629;2024-01-21 08:00:00;25/01/2024 02:46;25/01/2024 09:25;29/01/2024 00:22;Granel Líquido e Gasoso;Petróleo E Derivados (Sem Óleo Bruto);1;;90:46:00;3,78;3;2,85
2024;Santos;BRSSZ;Público;Cabotagem;1418765;9292759;2024-01-21 11:24:00;23/01/2024 05:22;23/01/2024 15:00;25/01/2024 17:20;Granel Líquido e Gasoso;Gás De Petróleo;1;;41:58:00;1,75;3;2,85
2024;Santos;BRSSZ;Público;Longo Curso;1418594;9250751;2024-01-21 15:05:00;21/01/2024 15:50;21/01/2024 15:50;24/01/2024 08:38;Granel Líquido e Gasoso;Produtos Químicos Orgânicos;1;;0:45:00;0,03;3;2,85
2024;Santos;BRSSZ;Público;Longo Curso;1418602;9245249;2024-01-21 17:30:00;24/01/2024 14:55;24/01/2024 15:45;27/01/2024 19:02;Granel Sólido;Açúcar;1;;69:25:00;2,89;3;2,85
2024;Santos;BRSSZ;Público;Longo Curso;1429167;9813113;2024-01-21 19:00:00;30/01/2024 19:00;30/01/2024 21:07;02/02/2024 21:32;Granel Sólido;Açúcar;1;;216:00:00;9,0;3;2,85
2024;Santos;BRSSZ;Público;Cabotagem;1429268;9391361;2024-01-22 01:06:00;30/01/2024 20:20;31/01/2024 02:06;01/02/2024 20:46;Granel Líquido e Gasoso;Petróleo E Derivados (Sem Óleo Bruto);1;;211:14:00;8,8;4;3,76
2024;Santos;BRSSZ;Público;Longo Curso;1418762;9332963;2024-01-22 08:30:00;27/01/2024 22:09;28/01/2024 00:05;28/01/2024 18:15;Granel Sólido;Açúcar;1;;133:39:00;5,57;4;3,76
2024;Santos;BRSSZ;Público;Longo Curso;1418635;9707390;2024-01-22 08:45:00;22/01/2024 20:45;22/01/2024 20:45;29/01/2024 01:52;Granel Líquido e Gasoso;Etanol Combustível;1;;12:00:00;0,5;4;3,76
2024;Santos;BRSSZ;Público;Longo Curso;1418071;9441984;2024-01-22 09:00:00;22/01/2024 11:40;22/01/2024 11:40;26/01/2024 19:50;Granel Sólido;Adubos (Fertilizantes);1;;2:40:00;0,11;4;3,76
2024;Santos;BRSSZ;Público;Cabotagem;1418617;9753636;2024-01-22 11:54:00;22/01/2024 13:03;22/01/2024 13:30;24/01/2024 23:42;Granel Líquido e Gasoso;Combustíveis, Óleos E Produtos Minerais;1;;1:09:00;0,05;4;3,76
2024;Santos;BRSSZ;Público;Cabotagem;1418617;9753636;2024-01-22 11:54:00;22/01/2024 13:03;22/01/2024 13:30;24/01/2024 23:42;Granel Líquido e Gasoso;Etanol Combustível;1;;1:09:00;0,05;4;3,76
2024;Santos;BRSSZ;Público;Cabotagem;1418617;9753636;2024-01-22 11:54:00;22/01/2024 13:03;22/01/2024 13:30;24/01/2024 23:42;Granel Líquido e Gasoso;Petróleo E Derivados (Sem Óleo Bruto);1;;1:09:00;0,05;4;3,76
2024;Santos;BRSSZ;Público;Cabotagem;1418617;9753636;2024-01-22 11:54:00;22/01/2024 13:03;22/01/2024 13:30;24/01/2024 23:42;Granel Líquido e Gasoso;Produtos Químicos Orgânicos;1;;1:09:00;0,05;4;3,76
2024;Santos;BRSSZ;Público;Cabotagem;1418617;9753636;2024-01-22 11:54:00;22/01/2024 13:03;22/01/2024 13:30;24/01/2024 23:42;Granel Líquido e Gasoso;Soda Cáustica;1;;1:09:00;0,05;4;3,76
2024;Santos;BRSSZ;Público;Longo Curso;1418670;9491836;2024-01-22 14:00:00;22/01/2024 15:00;22/01/2024 15:00;25/01/2024 10:00;Granel Líquido e Gasoso;Preparações De Frutas;1;;1:00:00;0,04;4;3,76
2024;Santos;BRSSZ;Público;Longo Curso;1418641;9412737;2024-01-22 20:03:00;22/01/2024 21:40;23/01/2024 07:00;25/01/2024 22:15;Granel Líquido e Gasoso;Combustíveis, Óleos E Produtos Minerais;1;;1:37:00;0,07;4;3,76
2024;Santos;BRSSZ;Público;Longo Curso;1418641;9412737;2024-01-22 20:03:00;22/01/2024 21:40;23/01/2024 07:00;25/01/2024 22:15;Granel Líquido e Gasoso;Etanol Combustível;1;;1:37:00;0,07;4;3,76
2024;Santos;BRSSZ;Público;Longo Curso;1418641;9412737;2024-01-22 20:03:00;22/01/2024 21:40;23/01/2024 07:00;25/01/2024 22:15;Granel Líquido e Gasoso;Produtos Diversos Da Indústria Química;1;;1:37:00;0,07;4;3,76
2024;Santos;BRSSZ;Público;Longo Curso;1418074;9976082;2024-01-23 03:37:00;23/01/2024 04:30;23/01/2024 04:40;26/01/2024 20:57;Carga Geral;Pasta De Celulose;1;;0:53:00;0,04;4;3,76
2024;Santos;BRSSZ;Público;Cabotagem;1418766;9797266;2024-01-23 08:00:00;24/01/2024 13:40;24/01/2024 17:35;25/01/2024 17:12;Granel Líquido e Gasoso;Petróleo E Derivados (Sem Óleo Bruto);1;;29:40:00;1,24;4;3,76
2024;Santos;BRSSZ;Público;Cabotagem;1418746;9413523;2024-01-23 09:48:00;25/01/2024 20:00;26/01/2024 02:42;27/01/2024 17:12;Granel Líquido e Gasoso;Petróleo E Derivados (Sem Óleo Bruto);1;;58:12:00;2,43;4;3,76
2024;Santos;BRSSZ;Público;Longo Curso;1429243;9853931;2024-01-23 13:00:00;04/02/2024 02:30;04/02/2024 07:00;09/02/2024 11:35;Granel Sólido;Resíduos Da Extração Do Óleo De Soja;1;;277:30:00;11,56;4;3,76
2024;Santos;BRSSZ;Público;Longo Curso;1429264;9599080;2024-01-23 16:00:00;31/01/2024 12:10;31/01/2024 22:54;04/02/2024 10:50;Granel Sólido;Resíduos Da Extração Do Óleo De Soja;1;;188:10:00;7,84;4;3,76
2024;Santos;BRSSZ;Público;Longo Curso;1429188;9403255;2024-01-23 17:12:00;02/02/2024 21:45;03/02/2024 07:00;10/02/2024 23:05;Granel Sólido;Trigo;1;;244:33:00;10,19;4;3,76
2024;Santos;BRSSZ;Público;Longo Curso;1418770;9707869;2024-01-23 19:48:00;29/01/2024 05:00;29/01/2024 05:00;31/01/2024 05:52;Granel Líquido e Gasoso;Soda Cáustica;1;;129:12:00;5,38;4;3,76
2024;Santos;BRSSZ;Público;Longo Curso;1429256;9489417;2024-01-24 05:35:00;05/02/2024 20:10;05/02/2024 20:11;08/02/2024 19:35;Granel Sólido;Adubos (Fertilizantes);1;;302:35:00;12,61;4;3,76
2024;Santos;BRSSZ;Público;Cabotagem;1418673;9345893;2024-01-24 06:40:00;25/01/2024 20:45;25/01/2024 20:45;27/01/2024 13:30;Granel Líquido e Gasoso;Produtos Químicos Orgânicos;1;;38:05:00;1,59;4;3,76
2024;Santos;BRSSZ;Público;Cabotagem;1418673;9345893;2024-01-24 06:40:00;25/01/2024 20:45;25/01/2024 20:45;27/01/2024 13:30;Granel Líquido e Gasoso;Soda Cáustica;1;;38:05:00;1,59;4;3,76
2024;Santos;BRSSZ;Público;Cabotagem;1418747;9292773;2024-01-24 09:24:00;27/01/2024 22:20;28/01/2024 04:12;29/01/2024 03:30;Granel Líquido e Gasoso;Gás De Petróleo;1;;84:56:00;3,54;4;3,76
2024;Santos;BRSSZ;Público;Cabotagem;1418625;9301902;2024-01-24 11:18:00;26/01/2024 19:05;26/01/2024 20:45;29/01/2024 16:45;Granel Líquido e Gasoso;Petróleo E Derivados (Sem Óleo Bruto);1;;55:47:00;2,32;4;3,76
2024;Santos;BRSSZ;Público;Longo Curso;1418674;9673678;2024-01-24 16:15:00;27/01/2024 16:27;27/01/2024 16:48;29/01/2024 03:55;Granel Líquido e Gasoso;Produtos Químicos Inorgânicos;1;;72:12:00;3,01;4;3,76
2024;Santos;BRSSZ;Público;Longo Curso;1418674;9673678;2024-01-24 16:15:00;27/01/2024 16:27;27/01/2024 16:48;29/01/2024 03:55;Granel Líquido e Gasoso;Produtos Químicos Orgânicos;1;;72:12:00;3,01;4;3,76
2024;Santos;BRSSZ;Público;Longo Curso;1429210;9855513;2024-01-24 18:18:00;04/02/2024 15:20;04/02/2024 19:35;06/02/2024 08:02;Granel Sólido;Soja;1;;261:02:00;10,88;4;3,76
2024;Santos;BRSSZ;Público;Longo Curso;1429138;9858618;2024-01-24 23:48:00;08/02/2024 01:25;08/02/2024 01:25;12/02/2024 04:15;Granel Sólido;Soja;1;;337:37:00;14,07;4;3,76
2024;Santos;BRSSZ;Público;Longo Curso;1418066;9928920;2024-01-25 00:24:00;26/01/2024 22:15;26/01/2024 22:16;28/01/2024 17:15;Carga Geral;Pasta De Celulose;1;;45:51:00;1,91;4;3,76
2024;Santos;BRSSZ;Público;Cabotagem;1429208;9956915;2024-01-25 11:18:00;29/01/2024 21:10;29/01/2024 21:10;01/02/2024 13:54;Granel Líquido e Gasoso;Petróleo E Derivados (Sem Óleo Bruto);1;;105:52:00;4,41;4;3,76
2024;Santos;BRSSZ;Público;Cabotagem;1429208;9956915;2024-01-25 11:18:00;29/01/2024 21:10;29/01/2024 21:10;01/02/2024 13:54;Granel Líquido e Gasoso;Produtos Químicos Orgânicos;1;;105:52:00;4,41;4;3,76
2024;Santos;BRSSZ;Público;Longo Curso;1429272;9718014;2024-01-25 12:50:00;08/02/2024 01:25;08/02/2024 04:10;10/02/2024 00:15;Granel Sólido;Soja;1;;324:35:00;13,52;4;3,76
2024;Santos;BRSSZ;Público;Cabotagem;1429262;9849382;2024-01-25 21:00:00;01/02/2024 22:25;02/02/2024 01:48;04/02/2024 11:25;Granel Líquido e Gasoso;Petróleo E Derivados (Sem Óleo Bruto);1;;169:25:00;7,06;4;3,76
2024;Santos;BRSSZ;Público;Cabotagem;1429271;9407093;2024-01-26 01:36:00;01/02/2024 00:48;01/02/2024 00:48;02/02/2024 07:59;Granel Líquido e Gasoso;Soda Cáustica;1;;143:12:00;5,97;4;3,76
2024;Santos;BRSSZ;Público;Longo Curso;1418577;9250751;2024-01-26 02:00:00;26/01/2024 03:20;26/01/2024 03:20;30/01/2024 02:55;Granel Líquido e Gasoso;Sabões, Ceras, Velas E Massas;1;;1:20:00;0,06;4;3,76
2024;Santos;BRSSZ;Público;Longo Curso;1418577;9250751;2024-01-26 02:00:00;26/01/2024 03:20;26/01/2024 03:20;30/01/2024 02:55;Granel Líquido e Gasoso;Produtos Químicos Orgânicos;1;;1:20:00;0,06;4;3,76
2024;Santos;BRSSZ;Público;Longo Curso;1418577;9250751;2024-01-26 02:00:00;26/01/2024 03:20;26/01/2024 03:20;30/01/2024 02:55;Granel Líquido e Gasoso;Produtos Diversos Da Indústria Química;1;;1:20:00;0,06;4;3,76
2024;Santos;BRSSZ;Público;Longo Curso;1418577;9250751;2024-01-26 02:00:00;26/01/2024 03:20;26/01/2024 03:20;30/01/2024 02:55;Granel Líquido e Gasoso;Plásticos E Suas Obras;1;;1:20:00;0,06;4;3,76
2024;Santos;BRSSZ;Público;Longo Curso;1418577;9250751;2024-01-26 02:00:00;26/01/2024 03:20;26/01/2024 03:20;30/01/2024 02:55;Granel Líquido e Gasoso;Petróleo E Derivados (Sem Óleo Bruto);1;;1:20:00;0,06;4;3,76
2024;Santos;BRSSZ;Público;Longo Curso;1418577;9250751;2024-01-26 02:00:00;26/01/2024 03:20;26/01/2024 03:20;30/01/2024 02:55;Granel Líquido e Gasoso;Etanol Combustível;1;;1:20:00;0,06;4;3,76
2024;Santos;BRSSZ;Público;Longo Curso;1418577;9250751;2024-01-26 02:00:00;26/01/2024 03:20;26/01/2024 03:20;30/01/2024 02:55;Granel Líquido e Gasoso;Combustíveis, Óleos E Produtos Minerais;1;;1:20:00;0,06;4;3,76
2024;Santos;BRSSZ;Público;Longo Curso;1429160;9691814;2024-01-26 20:54:00;03/02/2024 01:12;03/02/2024 03:38;05/02/2024 00:38;Granel Sólido;Açúcar;1;;172:18:00;7,18;4;3,76
2024;Santos;BRSSZ;Público;Longo Curso;1429287;9486403;2024-01-27 00:01:00;05/02/2024 02:55;05/02/2024 04:10;06/02/2024 09:06;Granel Sólido;Açúcar;1;;218:54:00;9,12;4;3,76
2024;Santos;BRSSZ;Público;Longo Curso;1429191;9401805;2024-01-27 03:10:00;31/01/2024 22:15;31/01/2024 22:15;03/02/2024 15:34;Carga Geral;Pasta De Celulose;1;;115:05:00;4,8;4;3,76
2024;Santos;BRSSZ;Público;Cabotagem;1429206;9326885;2024-01-27 13:00:00;12/02/2024 09:25;12/02/2024 09:25;15/02/2024 08:00;Granel Líquido e Gasoso;Petróleo E Derivados (Sem Óleo Bruto);1;;380:25:00;15,85;4;3,76
2024;Santos;BRSSZ;Público;Longo Curso;1418771;9595151;2024-01-27 14:48:00;28/01/2024 23:35;28/01/2024 23:40;29/01/2024 21:55;Carga Geral;Pasta De Celulose;1;;32:47:00;1,37;4;3,76
2024;Santos;BRSSZ;Público;Longo Curso;1429134;9233466;2024-01-27 15:30:00;29/01/2024 20:45;29/01/2024 23:20;01/02/2024 15:00;Carga Geral;Pasta De Celulose;1;;53:15:00;2,22;4;3,76
2024;Santos;BRSSZ;Público;Longo Curso;1429265;9638159;2024-01-28 00:10:00;28/01/2024 01:05;28/01/2024 20:00;02/02/2024 14:50;Granel Líquido e Gasoso;Preparações De Frutas;1;;0:55:00;0,04;4;3,76
2024;Santos;BRSSZ;Público;Cabotagem;1429270;9657806;2024-01-28 00:54:00;06/02/2024 14:10;06/02/2024 17:06;08/02/2024 20:12;Granel Líquido e Gasoso;Petróleo E Derivados (Sem Óleo Bruto);1;;229:16:00;9,55;4;3,76
2024;Santos;BRSSZ;Público;Longo Curso;1429141;9470571;2024-01-28 02:10:00;10/02/2024 22:30;11/02/2024 00:07;11/02/2024 22:15;Granel Sólido;Açúcar;1;;332:20:00;13,85;4;3,76
2024;Santos;BRSSZ;Público;Cabotagem;1429286;9612155;2024-01-28 14:00:00;28/01/2024 16:40;28/01/2024 19:45;01/02/2024 17:00;Granel Sólido;Sal;1;;2:40:00;0,11;4;3,76
2024;Santos;BRSSZ;Público;Longo Curso;1429164;9255244;2024-01-28 17:36:00;30/01/2024 06:20;30/01/2024 06:20;04/02/2024 06:15;Granel Líquido e Gasoso;Petróleo E Derivados (Sem Óleo Bruto);1;;36:44:00;1,53;4;3,76
2024;Santos;BRSSZ;Público;Cabotagem;1418076;9547714;2024-01-28 20:54:00;29/01/2024 08:35;29/01/2024 19:00;31/01/2024 18:22;Granel Líquido e Gasoso;Petróleo E Derivados (Sem Óleo Bruto);1;;11:41:00;0,49;4;3,76
2024;Santos;BRSSZ;Público;Longo Curso;1429148;9674933;2024-01-28 21:00:00;28/01/2024 21:50;29/01/2024 07:00;02/02/2024 04:25;Carga Geral;Fibras, Fios, Tecidos E Outros Artefatos;1;;0:50:00;0,03;4;3,76
2024;Santos;BRSSZ;Público;Longo Curso;1429148;9674933;2024-01-28 21:00:00;28/01/2024 21:50;29/01/2024 07:00;02/02/2024 04:25;Carga Geral;Açúcar;1;;0:50:00;0,03;4;3,76
2024;Santos;BRSSZ;Público;Longo Curso;1429178;9417218;2024-01-28 21:30:00;08/02/2024 01:10;08/02/2024 01:48;12/02/2024 13:20;Granel Líquido e Gasoso;Combustíveis, Óleos E Produtos Minerais;1;;243:40:00;10,15;4;3,76
2024;Santos;BRSSZ;Público;Longo Curso;1418689;9376359;2024-01-28 22:00:00;28/01/2024 23:05;29/01/2024 01:00;29/01/2024 17:40;Granel Sólido;Açúcar;1;;1:05:00;0,05;4;3,76
2024;Santos;BRSSZ;Público;Longo Curso;1429162;9441984;2024-01-28 22:00:00;28/01/2024 22:50;29/01/2024 01:00;03/02/2024 11:15;Granel Sólido;Adubos (Fertilizantes);1;;0:50:00;0,03;4;3,76
2024;Santos;BRSSZ;Público;Cabotagem;1429269;9492270;2024-01-28 23:45:00;02/02/2024 21:06;03/02/2024 00:24;05/02/2024 09:10;Granel Líquido e Gasoso;Petróleo E Derivados (Sem Óleo Bruto);1;;117:21:00;4,89;4;3,76
2024;Santos;BRSSZ;Público;Longo Curso;1429281;9492593;2024-01-29 01:42:00;06/02/2024 18:45;06/02/2024 21:30;08/02/2024 20:35;Granel Sólido;Soja;1;;209:03:00;8,71;5;3,68
2024;Santos;BRSSZ;Público;Cabotagem;1418768;9345893;2024-01-29 04:30:00;29/01/2024 05:35;29/01/2024 06:10;31/01/2024 23:05;Granel Líquido e Gasoso;Etanol Combustível;1;;1:05:00;0,05;5;3,68
2024;Santos;BRSSZ;Público;Longo Curso;1418711;9577111;2024-01-29 05:15:00;29/01/2024 06:45;29/01/2024 10:20;30/01/2024 18:45;Granel Líquido e Gasoso;Petróleo E Derivados (Sem Óleo Bruto);1;;1:30:00;0,06;5;3,68
2024;Santos;BRSSZ;Público;Longo Curso;1429204;9821299;2024-01-29 12:25:00;31/01/2024 09:15;31/01/2024 17:35;01/02/2024 20:10;Granel Líquido e Gasoso;Petróleo E Derivados (Sem Óleo Bruto);1;;44:50:00;1,87;5;3,68
2024;Santos;BRSSZ;Público;Longo Curso;1429204;9821299;2024-01-29 12:25:00;31/01/2024 09:15;31/01/2024 17:35;01/02/2024 20:10;Granel Líquido e Gasoso;Produtos Químicos Orgânicos;1;;44:50:00;1,87;5;3,68
2024;Santos;BRSSZ;Público;Longo Curso;1429255;9877626;2024-01-29 20:42:00;01/02/2024 17:55;01/02/2024 17:55;03/02/2024 21:45;Granel Líquido e Gasoso;Produtos Químicos Orgânicos;1;;69:13:00;2,88;5;3,68
2024;Santos;BRSSZ;Público;Longo Curso;1418715;9747510;2024-01-29 21:10:00;29/01/2024 21:35;30/01/2024 00:05;31/01/2024 14:45;Granel Sólido;Açúcar;1;;0:25:00;0,02;5;3,68
2024;Santos;BRSSZ;Público;Cabotagem;1429267;9459060;2024-01-30 06:30:00;15/02/2024 11:14;15/02/2024 14:24;16/02/2024 23:26;Granel Líquido e Gasoso;Petróleo E Derivados (Sem Óleo Bruto);1;;388:44:00;16,2;5;3,68
2024;Santos;BRSSZ;Público;Longo Curso;1429144;9336830;2024-01-30 10:00:00;12/02/2024 17:15;13/02/2024 01:00;24/02/2024 21:10;Carga Geral;Pasta De Celulose;1;;319:15:00;13,3;5;3,68
2024;Santos;BRSSZ;Público;Cabotagem;1429285;9431305;2024-01-30 19:24:00;31/01/2024 23:00;01/02/2024 07:48;02/02/2024 14:12;Granel Líquido e Gasoso;Petróleo E Derivados (Sem Óleo Bruto);1;;27:36:00;1,15;5;3,68
2024;Santos;BRSSZ;Público;Longo Curso;1429215;9255842;2024-01-30 22:00:00;01/02/2024 22:55;02/02/2024 07:00;05/02/2024 13:15;Granel Líquido e Gasoso;Petróleo E Derivados (Sem Óleo Bruto);1;;48:55:00;2,04;5;3,68
2024;Santos;BRSSZ;Público;Cabotagem;1429251;9448322;2024-01-31 08:00:00;05/02/2024 16:40;05/02/2024 20:18;06/02/2024 13:05;Granel Líquido e Gasoso;Petróleo E Derivados (Sem Óleo Bruto);1;;128:40:00;5,36;5;3,68
2024;Santos;BRSSZ;Público;Longo Curso;1429163;9515694;2024-01-31 12:00:00;31/01/2024 14:50;31/01/2024 14:50;17/02/2024 00:25;Granel Sólido;Trigo;1;;2:50:00;0,12;5;3,68
2024;Santos;BRSSZ;Público;Longo Curso;1429232;9740108;2024-01-31 16:30:00;31/01/2024 17:20;31/01/2024 22:40;01/02/2024 19:05;Granel Sólido;Açúcar;1;;0:50:00;0,03;5;3,68
2024;Santos;BRSSZ;Público;Longo Curso;1429168;9266231;2024-02-01 07:48:00;04/02/2024 11:20;04/02/2024 11:20;07/02/2024 04:15;Granel Líquido e Gasoso;Gorduras E Óleos Animais Ou Vegetais;1;;75:32:00;3,15;5;3,68
2024;Santos;BRSSZ;Público;Longo Curso;1429127;9881653;2024-02-01 09:25:00;08/02/2024 04:45;08/02/2024 07:24;12/02/2024 09:00;Carga Geral;Pasta De Celulose;1;;163:20:00;6,81;5;3,68
2024;Santos;BRSSZ;Público;Longo Curso;1429276;9464675;2024-02-01 10:00:00;11/02/2024 05:20;11/02/2024 08:50;13/02/2024 08:00;Granel Sólido;Resíduos Da Extração Do Óleo De Soja;1;;235:20:00;9,81;5;3,68
2024;Santos;BRSSZ;Público;Longo Curso;1429189;9976082;2024-02-01 15:00:00;01/02/2024 15:50;01/02/2024 19:35;03/02/2024 15:20;Carga Geral;Pasta De Celulose;1;;0:50:00;0,03;5;3,68
2024;Santos;BRSSZ;Público;Longo Curso;1429146;9018658;2024-02-01 17:00:00;01/02/2024 18:00;01/02/2024 18:00;04/02/2024 07:10;Granel Líquido e Gasoso;Preparações De Frutas;1;;1:00:00;0,04;5;3,68
2024;Santos;BRSSZ;Público;Longo Curso;1429307;9943243;2024-02-01 17:20:00;09/02/2024 14:07;09/02/2024 16:00;10/02/2024 17:04;Granel Sólido;Açúcar;1;;188:47:00;7,87;5;3,68
2024;Santos;BRSSZ;Público;Longo Curso;1429234;9723629;2024-02-01 19:15:00;01/02/2024 20:30;01/02/2024 22:40;03/02/2024 20:45;Granel Sólido;Açúcar;1;;1:15:00;0,05;5;3,68
2024;Santos;BRSSZ;Público;Cabotagem;1429260;9290517;2024-02-02 15:32:00;02/02/2024 20:55;02/02/2024 20:55;05/02/2024 21:55;Granel Líquido e Gasoso;Petróleo E Derivados (Sem Óleo Bruto);1;;5:23:00;0,22;5;3,68
2024;Santos;BRSSZ;Público;Longo Curso;1429190;9322762;2024-02-02 16:30:00;06/02/2024 10:30;06/02/2024 13:00;07/02/2024 11:47;Granel Sólido;Açúcar;1;;90:00:00;3,75;5;3,68
2024;Santos;BRSSZ;Público;Longo Curso;1429212;9477505;2024-02-02 22:48:00;05/02/2024 19:55;05/02/2024 19:55;08/02/2024 14:00;Granel Líquido e Gasoso;Produtos Diversos Da Indústria Química;1;;69:07:00;2,88;5;3,68
2024;Santos;BRSSZ;Público;Longo Curso;1429212;9477505;2024-02-02 22:48:00;05/02/2024 19:55;05/02/2024 19:55;08/02/2024 14:00;Granel Líquido e Gasoso;Produtos Químicos Inorgânicos;1;;69:07:00;2,88;5;3,68
2024;Santos;BRSSZ;Público;Longo Curso;1429195;9254989;2024-02-03 00:24:00;12/02/2024 00:55;12/02/2024 01:00;13/02/2024 00:30;Granel Sólido;Açúcar;1;;216:31:00;9,02;5;3,68
2024;Santos;BRSSZ;Público;Longo Curso;1429289;9607447;2024-02-03 05:48:00;05/02/2024 06:47;05/02/2024 07:00;07/02/2024 17:40;Granel Sólido;Adubos (Fertilizantes);1;;48:59:00;2,04;5;3,68
2024;Santos;BRSSZ;Público;Longo Curso;1429177;9764506;2024-02-03 06:42:00;08/02/2024 15:39;08/02/2024 15:39;15/02/2024 23:20;Granel Líquido e Gasoso;Etanol Combustível;1;;128:57:00;5,37;5;3,68
2024;Santos;BRSSZ;Público;Cabotagem;1429295;9431317;2024-02-03 07:00:00;08/02/2024 21:30;09/02/2024 00:00;10/02/2024 03:54;Granel Líquido e Gasoso;Petróleo E Derivados (Sem Óleo Bruto);1;;134:30:00;5,6;5;3,68
2024;Santos;BRSSZ;Público;Longo Curso;1429291;9508419;2024-02-03 09:00:00;03/02/2024 13:50;03/02/2024 13:50;09/02/2024 11:20;Carga Geral;Adubos (Fertilizantes);1;;4:50:00;0,2;5;3,68
2024;Santos;BRSSZ;Público;Longo Curso;1429173;9669902;2024-02-03 10:06:00;04/02/2024 23:40;04/02/2024 23:40;06/02/2024 18:55;Granel Líquido e Gasoso;Soda Cáustica;1;;37:34:00;1,57;5;3,68
2024;Santos;BRSSZ;Público;Longo Curso;1429213;9401805;2024-02-03 15:34:00;03/02/2024 15:58;03/02/2024 19:16;04/02/2024 02:40;Carga Geral;Pasta De Celulose;1;;0:24:00;0,02;5;3,68
2024;Santos;BRSSZ;Público;Longo Curso;1429161;9228071;2024-02-03 16:30:00;03/02/2024 17:37;03/02/2024 17:37;09/02/2024 11:06;Granel Sólido;Adubos (Fertilizantes);1;;1:07:00;0,05;5;3,68
2024;Santos;BRSSZ;Público;Longo Curso;1429313;9749685;2024-02-03 17:42:00;06/02/2024 02:27;06/02/2024 03:00;08/02/2024 09:53;Granel Líquido e Gasoso;Produtos Químicos Orgânicos;1;;56:45:00;2,36;5;3,68
2024;Santos;BRSSZ;Público;Longo Curso;1429274;9883493;2024-02-04 02:30:00;07/02/2024 07:10;07/02/2024 17:20;09/02/2024 09:05;Granel Líquido e Gasoso;Produtos Químicos Orgânicos;1;;76:40:00;3,19;5;3,68
2024;Santos;BRSSZ;Público;Longo Curso;1429153;9928920;2024-02-04 04:30:00;04/02/2024 05:15;04/02/2024 07:30;05/02/2024 17:10;Carga Geral;Pasta De Celulose;1;;0:45:00;0,03;5;3,68
2024;Santos;BRSSZ;Público;Longo Curso;1429169;9777400;2024-02-04 07:30:00;08/02/2024 11:10;08/02/2024 11:36;09/02/2024 20:30;Granel Líquido e Gasoso;Produtos Químicos Orgânicos;1;;99:40:00;4,15;5;3,68
2024;Santos;BRSSZ;Público;Cabotagem;1429315;9292759;2024-02-04 08:30:00;13/02/2024 14:12;13/02/2024 22:00;15/02/2024 10:10;Granel Líquido e Gasoso;Gás De Petróleo;1;;221:42:00;9,24;5;3,68
2024;Santos;BRSSZ;Público;Longo Curso;1429218;9358371;2024-02-04 15:55:00;13/02/2024 01:05;13/02/2024 02:55;15/02/2024 20:15;Granel Sólido;Açúcar;1;;201:10:00;8,38;5;3,68
2024;Santos;BRSSZ;Público;Cabotagem;1429318;9413523;2024-02-04 16:30:00;11/02/2024 22:00;12/02/2024 01:00;13/02/2024 10:20;Granel Líquido e Gasoso;Petróleo E Derivados (Sem Óleo Bruto);1;;173:30:00;7,23;5;3,68
2024;Santos;BRSSZ;Público;Longo Curso;1429121;9748277;2024-02-04 17:12:00;06/02/2024 02:57;06/02/2024 02:57;09/02/2024 20:06;Granel Sólido;Adubos (Fertilizantes);1;;33:45:00;1,41;5;3,68
2024;Santos;BRSSZ;Público;Longo Curso;1429294;9622679;2024-02-05 06:00:00;09/02/2024 15:50;09/02/2024 19:00;17/02/2024 07:35;Granel Sólido;Resíduos Da Extração Do Óleo De Soja;1;;105:50:00;4,41;6;5,69
2024;Santos;BRSSZ;Público;Longo Curso;1429216;9949663;2024-02-05 06:15:00;09/02/2024 19:55;09/02/2024 19:55;16/02/2024 13:15;Granel Sólido;Resíduos Da Extração Do Óleo De Soja;1;;109:40:00;4,57;6;5,69
2024;Santos;BRSSZ;Público;Longo Curso;1429297;9317858;2024-02-05 07:06:00;09/02/2024 10:05;09/02/2024 10:05;12/02/2024 05:05;Granel Líquido e Gasoso;Etanol Combustível;1;;98:59:00;4,12;6;5,69
2024;Santos;BRSSZ;Público;Cabotagem;1429182;9344007;2024-02-06 03:00:00;13/02/2024 20:30;13/02/2024 21:12;17/02/2024 10:05;Granel Líquido e Gasoso;Petróleo E Derivados (Sem Óleo Bruto);1;;185:30:00;7,73;6;5,69
2024;Santos;BRSSZ;Público;Longo Curso;1429175;9766906;2024-02-06 05:11:00;06/02/2024 06:40;06/02/2024 08:10;08/02/2024 01:42;Carga Geral;Pasta De Celulose;1;;1:29:00;0,06;6;5,69
2024;Santos;BRSSZ;Público;Longo Curso;1429155;9363065;2024-02-06 10:30:00;15/02/2024 23:35;16/02/2024 01:23;18/02/2024 14:40;Granel Sólido;Soja;1;;229:05:00;9,55;6;5,69
2024;Santos;BRSSZ;Público;Longo Curso;1429145;9385154;2024-02-06 17:30:00;12/02/2024 00:55;12/02/2024 00:55;23/02/2024 08:40;Granel Sólido;Adubos (Fertilizantes);1;;127:25:00;5,31;6;5,69
2024;Santos;BRSSZ;Público;Longo Curso;1429176;9688647;2024-02-07 05:00:00;18/02/2024 23:17;19/02/2024 01:15;19/02/2024 18:05;Granel Sólido;Açúcar;1;;282:17:00;11,76;6;5,69
2024;Santos;BRSSZ;Público;Longo Curso;1429302;9792008;2024-02-07 06:00:00;09/02/2024 22:00;09/02/2024 22:00;11/02/2024 12:55;Granel Líquido e Gasoso;Produtos Químicos Orgânicos;1;;64:00:00;2,67;6;5,69
2024;Santos;BRSSZ;Público;Longo Curso;1429290;9407067;2024-02-07 07:48:00;15/02/2024 13:12;15/02/2024 13:12;17/02/2024 10:30;Granel Líquido e Gasoso;Gorduras E Óleos Animais Ou Vegetais;1;;197:24:00;8,23;6;5,69
2024;Santos;BRSSZ;Público;Longo Curso;1429187;9287170;2024-02-07 11:37:00;07/02/2024 12:46;07/02/2024 14:15;09/02/2024 13:28;Granel Sólido;Açúcar;1;;1:09:00;0,05;6;5,69
2024;Santos;BRSSZ;Público;Cabotagem;1429166;9753636;2024-02-07 14:00:00;11/02/2024 16:55;11/02/2024 16:55;13/02/2024 19:51;Granel Líquido e Gasoso;Combustíveis, Óleos E Produtos Minerais;1;;98:55:00;4,12;6;5,69
2024;Santos;BRSSZ;Público;Cabotagem;1429166;9753636;2024-02-07 14:00:00;11/02/2024 16:55;11/02/2024 16:55;13/02/2024 19:51;Granel Líquido e Gasoso;Etanol Combustível;1;;98:55:00;4,12;6;5,69
2024;Santos;BRSSZ;Público;Cabotagem;1429166;9753636;2024-02-07 14:00:00;11/02/2024 16:55;11/02/2024 16:55;13/02/2024 19:51;Granel Líquido e Gasoso;Petróleo E Derivados (Sem Óleo Bruto);1;;98:55:00;4,12;6;5,69
2024;Santos;BRSSZ;Público;Cabotagem;1429166;9753636;2024-02-07 14:00:00;11/02/2024 16:55;11/02/2024 16:55;13/02/2024 19:51;Granel Líquido e Gasoso;Produtos Químicos Orgânicos;1;;98:55:00;4,12;6;5,69
2024;Santos;BRSSZ;Público;Cabotagem;1429166;9753636;2024-02-07 14:00:00;11/02/2024 16:55;11/02/2024 16:55;13/02/2024 19:51;Granel Líquido e Gasoso;Soda Cáustica;1;;98:55:00;4,12;6;5,69
2024;Santos;BRSSZ;Público;Longo Curso;1429301;9312664;2024-02-07 15:30:00;11/02/2024 02:28;12/02/2024 07:00;17/02/2024 07:35;Granel Sólido;Trigo;1;;82:58:00;3,46;6;5,69
2024;Santos;BRSSZ;Público;Longo Curso;1429303;9414151;2024-02-07 18:00:00;09/02/2024 00:40;09/02/2024 03:13;11/02/2024 02:45;Granel Sólido;Soja;1;;30:40:00;1,28;6;5,69
2024;Santos;BRSSZ;Público;Longo Curso;1429321;9714666;2024-02-07 22:30:00;12/02/2024 08:50;12/02/2024 09:40;18/02/2024 00:32;Granel Sólido;Adubos (Fertilizantes);1;;106:20:00;4,43;6;5,69
2024;Santos;BRSSZ;Público;Longo Curso;1429194;9242089;2024-02-08 12:00:00;08/02/2024 12:55;08/02/2024 13:00;12/02/2024 09:30;Granel Líquido e Gasoso;Preparações De Frutas;1;;0:55:00;0,04;6;5,69
2024;Santos;BRSSZ;Público;Longo Curso;1429257;9489417;2024-02-08 19:35:00;08/02/2024 20:05;08/02/2024 20:11;12/02/2024 13:15;Granel Sólido;Adubos (Fertilizantes);1;;0:30:00;0,02;6;5,69
2024;Santos;BRSSZ;Público;Cabotagem;1429317;9539573;2024-02-09 05:54:00;18/02/2024 07:00;18/02/2024 15:18;20/02/2024 01:20;Granel Líquido e Gasoso;Petróleo E Derivados (Sem Óleo Bruto);1;;217:06:00;9,05;6;5,69
2024;Santos;BRSSZ;Público;Longo Curso;1429319;9325063;2024-02-09 06:00:00;16/02/2024 18:10;16/02/2024 19:00;19/02/2024 06:40;Granel Sólido;Soja;1;;180:10:00;7,51;6;5,69
2024;Santos;BRSSZ;Público;Longo Curso;1429192;9379911;2024-02-09 06:12:00;16/02/2024 02:50;16/02/2024 02:50;17/02/2024 14:40;Granel Líquido e Gasoso;Gorduras E Óleos Animais Ou Vegetais;1;;164:38:00;6,86;6;5,69
2024;Santos;BRSSZ;Público;Longo Curso;1429165;9523196;2024-02-09 09:18:00;24/02/2024 14:40;24/02/2024 19:03;27/02/2024 09:15;Granel Sólido;Soja;1;;365:22:00;15,22;6;5,69
2024;Santos;BRSSZ;Público;Longo Curso;1429154;9593866;2024-02-09 16:00:00;09/02/2024 19:45;09/02/2024 19:45;14/02/2024 00:46;Granel Sólido;Produtos Químicos Inorgânicos;1;;3:45:00;0,16;6;5,69
2024;Santos;BRSSZ;Público;Cabotagem;1429147;9102928;2024-02-09 16:30:00;13/02/2024 03:05;13/02/2024 03:35;17/02/2024 04:05;Granel Líquido e Gasoso;Soda Cáustica;1;;82:35:00;3,44;6;5,69
2024;Santos;BRSSZ;Público;Longo Curso;1429125;9607576;2024-02-09 19:00:00;13/02/2024 20:30;13/02/2024 20:30;18/02/2024 12:55;Granel Sólido;Produtos Químicos Inorgânicos;1;;97:30:00;4,06;6;5,69
2024;Santos;BRSSZ;Público;Longo Curso;1429130;9834387;2024-02-10 04:12:00;17/02/2024 21:50;17/02/2024 21:50;21/02/2024 16:15;Granel Sólido;Soja;1;;185:38:00;7,73;6;5,69
2024;Santos;BRSSZ;Público;Longo Curso;1429196;9196711;2024-02-10 08:45:00;17/02/2024 21:40;18/02/2024 08:40;21/02/2024 05:35;Granel Líquido e Gasoso;Petróleo E Derivados (Sem Óleo Bruto);1;;180:55:00;7,54;6;5,69
2024;Santos;BRSSZ;Público;Longo Curso;1429196;9196711;2024-02-10 08:45:00;17/02/2024 21:40;18/02/2024 08:40;21/02/2024 05:35;Granel Líquido e Gasoso;Plásticos E Suas Obras;1;;180:55:00;7,54;6;5,69
2024;Santos;BRSSZ;Público;Longo Curso;1429196;9196711;2024-02-10 08:45:00;17/02/2024 21:40;18/02/2024 08:40;21/02/2024 05:35;Granel Líquido e Gasoso;Produtos Químicos Orgânicos;1;;180:55:00;7,54;6;5,69
2024;Santos;BRSSZ;Público;Longo Curso;1429311;9750309;2024-02-10 10:00:00;17/02/2024 09:40;17/02/2024 09:40;24/02/2024 10:15;Granel Sólido;Resíduos Da Extração Do Óleo De Soja;1;;167:40:00;6,99;6;5,69
2024;Santos;BRSSZ;Público;Longo Curso;1429298;9415155;2024-02-10 17:00:00;18/02/2024 05:34;18/02/2024 09:30;22/02/2024 17:11;Granel Sólido;Adubos (Fertilizantes);1;;180:34:00;7,52;6;5,69
2024;Santos;BRSSZ;Público;Longo Curso;1429329;9743849;2024-02-10 20:00:00;17/02/2024 14:30;17/02/2024 14:30;19/02/2024 22:30;Granel Líquido e Gasoso;Petróleo E Derivados (Sem Óleo Bruto);1;;162:30:00;6,77;6;5,69
2024;Santos;BRSSZ;Público;Longo Curso;1429261;9453781;2024-02-11 08:56:00;11/02/2024 22:00;12/02/2024 07:00;13/02/2024 08:55;Carga Geral;Máquinas, Aparelhos E Materiais Elétricos;1;;13:04:00;0,54;6;5,69
2024;Santos;BRSSZ;Público;Longo Curso;1434573;9617947;2024-02-11 10:30:00;28/02/2024 03:10;28/02/2024 03:10;04/03/2024 03:30;Granel Sólido;Resíduos Da Extração Do Óleo De Soja;1;;400:40:00;16,69;6;5,69
2024;Santos;BRSSZ;Público;Longo Curso;1429181;9414242;2024-02-11 14:00:00;21/02/2024 09:15;21/02/2024 09:15;25/02/2024 18:15;Granel Líquido e Gasoso;Etanol Combustível;1;;235:15:00;9,8;6;5,69
2024;Santos;BRSSZ;Público;Longo Curso;1429326;9316048;2024-02-11 16:42:00;13/02/2024 14:00;13/02/2024 16:14;17/02/2024 16:45;Granel Sólido;Soja;1;;45:18:00;1,89;6;5,69
2024;Santos;BRSSZ;Público;Longo Curso;1429332;9665932;2024-02-11 18:36:00;24/02/2024 08:25;24/02/2024 11:00;27/02/2024 12:40;Granel Sólido;Soja;1;;301:49:00;12,58;6;5,69
2024;Santos;BRSSZ;Público;Longo Curso;1429305;9777400;2024-02-12 06:45:00;12/02/2024 08:15;12/02/2024 11:45;13/02/2024 20:35;Granel Líquido e Gasoso;Petróleo E Derivados (Sem Óleo Bruto);1;;1:30:00;0,06;7;4,96
2024;Santos;BRSSZ;Público;Longo Curso;1429299;9568495;2024-02-12 08:00:00;23/02/2024 04:00;23/02/2024 14:25;26/02/2024 02:20;Granel Líquido e Gasoso;Produtos Químicos Orgânicos;1;;260:00:00;10,83;7;4,96
2024;Santos;BRSSZ;Público;Longo Curso;1429139;9733612;2024-02-12 13:20:00;26/02/2024 02:10;26/02/2024 02:10;29/02/2024 00:45;Granel Sólido;Soja;1;;324:50:00;13,53;7;4,96
2024;Santos;BRSSZ;Público;Cabotagem;1429334;9448322;2024-02-13 02:12:00;17/02/2024 00:40;17/02/2024 03:42;18/02/2024 01:57;Granel Líquido e Gasoso;Petróleo E Derivados (Sem Óleo Bruto);1;;94:28:00;3,94;7;4,96
2024;Santos;BRSSZ;Público;Longo Curso;1429346;9289518;2024-02-13 18:36:00;22/02/2024 08:40;22/02/2024 08:40;24/02/2024 08:30;Granel Líquido e Gasoso;Petróleo E Derivados (Sem Óleo Bruto);1;;206:04:00;8,59;7;4,96
2024;Santos;BRSSZ;Público;Longo Curso;1429306;9405928;2024-02-13 19:30:00;20/02/2024 03:30;20/02/2024 07:00;22/02/2024 01:10;Granel Líquido e Gasoso;Óleo De Soja;1;;152:00:00;6,33;7;4,96
2024;Santos;BRSSZ;Público;Longo Curso;1429224;9610676;2024-02-13 20:20:00;18/02/2024 23:34;18/02/2024 23:34;22/02/2024 23:40;Granel Sólido;Produtos Químicos Inorgânicos;1;;123:14:00;5,13;7;4,96
2024;Santos;BRSSZ;Público;Longo Curso;1429179;9792008;2024-02-13 20:30:00;13/02/2024 21:50;14/02/2024 01:00;15/02/2024 09:50;Granel Líquido e Gasoso;Petróleo E Derivados (Sem Óleo Bruto);1;;1:20:00;0,06;7;4,96
2024;Santos;BRSSZ;Público;Longo Curso;1429179;9792008;2024-02-13 20:30:00;13/02/2024 21:50;14/02/2024 01:00;15/02/2024 09:50;Granel Líquido e Gasoso;Produtos Químicos Inorgânicos;1;;1:20:00;0,06;7;4,96
2024;Santos;BRSSZ;Público;Longo Curso;1429179;9792008;2024-02-13 20:30:00;13/02/2024 21:50;14/02/2024 01:00;15/02/2024 09:50;Granel Líquido e Gasoso;Produtos Químicos Orgânicos;1;;1:20:00;0,06;7;4,96
2024;Santos;BRSSZ;Público;Longo Curso;1429258;9936771;2024-02-14 03:15:00;14/02/2024 04:22;14/02/2024 08:50;17/02/2024 14:20;Granel Sólido;Soja;1;;1:07:00;0,05;7;4,96
2024;Santos;BRSSZ;Público;Cabotagem;1429333;9391361;2024-02-14 05:42:00;18/02/2024 05:28;18/02/2024 11:24;20/02/2024 16:14;Granel Líquido e Gasoso;Petróleo E Derivados (Sem Óleo Bruto);1;;95:46:00;3,99;7;4,96
2024;Santos;BRSSZ;Público;Longo Curso;1429336;9675468;2024-02-14 09:40:00;22/02/2024 10:45;22/02/2024 12:40;23/02/2024 21:45;Granel Sólido;Soja;1;;193:05:00;8,05;7;4,96
2024;Santos;BRSSZ;Público;Cabotagem;1429339;9492270;2024-02-15 01:00:00;15/02/2024 16:00;15/02/2024 19:48;18/02/2024 01:20;Granel Líquido e Gasoso;Petróleo E Derivados (Sem Óleo Bruto);1;;15:00:00;0,63;7;4,96
2024;Santos;BRSSZ;Público;Longo Curso;1429323;9748813;2024-02-15 07:12:00;23/02/2024 23:50;24/02/2024 02:35;25/02/2024 13:25;Granel Sólido;Soja;1;;208:38:00;8,69;7;4,96
2024;Santos;BRSSZ;Público;Longo Curso;1429316;9669897;2024-02-15 14:56:00;18/02/2024 00:35;18/02/2024 00:50;19/02/2024 18:10;Granel Líquido e Gasoso;Soda Cáustica;1;;57:39:00;2,4;7;4,96
2024;Santos;BRSSZ;Público;Longo Curso;1429170;9491989;2024-02-16 01:38:00;16/02/2024 02:50;16/02/2024 08:41;22/02/2024 15:45;Granel Sólido;Soja;1;;1:12:00;0,05;7;4,96
2024;Santos;BRSSZ;Público;Longo Curso;1429152;9509516;2024-02-16 07:42:00;19/02/2024 19:00;19/02/2024 20:10;20/02/2024 23:30;Granel Sólido;Açúcar;1;;83:18:00;3,47;7;4,96
2024;Santos;BRSSZ;Público;Cabotagem;1429348;9413523;2024-02-16 15:00:00;22/02/2024 07:05;22/02/2024 10:18;23/02/2024 23:23;Granel Líquido e Gasoso;Petróleo E Derivados (Sem Óleo Bruto);1;;136:05:00;5,67;7;4,96
2024;Santos;BRSSZ;Público;Longo Curso;1434626;9466910;2024-02-16 16:48:00;26/02/2024 04:32;26/02/2024 16:30;02/03/2024 08:45;Granel Líquido e Gasoso;Petróleo E Derivados (Sem Óleo Bruto);1;;227:44:00;9,49;7;4,96
2024;Santos;BRSSZ;Público;Cabotagem;1429341;9431317;2024-02-16 17:30:00;23/02/2024 03:05;23/02/2024 08:36;24/02/2024 08:09;Granel Líquido e Gasoso;Petróleo E Derivados (Sem Óleo Bruto);1;;153:35:00;6,4;7;4,96
2024;Santos;BRSSZ;Público;Longo Curso;1429250;9767493;2024-02-16 20:15:00;16/02/2024 21:30;17/02/2024 00:45;17/02/2024 16:00;Granel Sólido;Açúcar;1;;1:15:00;0,05;7;4,96
2024;Santos;BRSSZ;Público;Longo Curso;1429227;9543768;2024-02-16 23:00:00;21/02/2024 04:55;21/02/2024 07:24;23/02/2024 08:40;Granel Sólido;Açúcar;1;;101:55:00;4,25;7;4,96
2024;Santos;BRSSZ;Público;Longo Curso;1429325;9834155;2024-02-17 07:12:00;19/02/2024 23:55;19/02/2024 23:55;22/02/2024 07:40;Granel Líquido e Gasoso;Produtos Químicos Orgânicos;1;;64:43:00;2,7;7;4,96
2024;Santos;BRSSZ;Público;Longo Curso;1434572;9452622;2024-02-17 08:00:00;02/03/2024 12:25;02/03/2024 23:02;05/03/2024 11:25;Granel Sólido;Resíduos Da Extração Do Óleo De Soja;1;;340:25:00;14,18;7;4,96
2024;Santos;BRSSZ;Público;Longo Curso;1434572;9452622;2024-02-17 08:00:00;02/03/2024 12:25;02/03/2024 23:02;05/03/2024 11:25;Granel Sólido;Soja;1;;340:25:00;14,18;7;4,96
2024;Santos;BRSSZ;Público;Longo Curso;1429322;9317470;2024-02-17 09:30:00;25/02/2024 20:55;26/02/2024 00:14;27/02/2024 18:00;Granel Sólido;Soja;1;;203:25:00;8,48;7;4,96
2024;Santos;BRSSZ;Público;Longo Curso;1429156;9748796;2024-02-17 11:00:00;23/02/2024 11:50;23/02/2024 14:25;26/02/2024 05:05;Granel Sólido;Soja;1;;144:50:00;6,03;7;4,96
2024;Santos;BRSSZ;Público;Longo Curso;1429338;9735452;2024-02-17 11:00:00;17/02/2024 11:50;17/02/2024 16:50;21/02/2024 14:05;Granel Líquido e Gasoso;Preparações De Frutas;1;;0:50:00;0,03;7;4,96
2024;Santos;BRSSZ;Público;Longo Curso;1429223;9719551;2024-02-17 11:30:00;19/02/2024 09:45;19/02/2024 10:00;24/02/2024 04:10;Granel Sólido;Resíduos Da Extração Do Óleo De Soja;1;;46:15:00;1,93;7;4,96
2024;Santos;BRSSZ;Público;Longo Curso;1429330;9508471;2024-02-17 12:00:00;17/02/2024 13:35;17/02/2024 13:40;20/02/2024 00:40;Carga Geral;Reatores, Caldeiras E Máquinas;1;;1:35:00;0,07;7;4,96
2024;Santos;BRSSZ;Público;Longo Curso;1429174;9477505;2024-02-17 12:15:00;17/02/2024 13:35;17/02/2024 13:35;21/02/2024 01:35;Granel Líquido e Gasoso;Etanol Combustível;1;;1:20:00;0,06;7;4,96
2024;Santos;BRSSZ;Público;Cabotagem;1429347;9399935;2024-02-17 14:12:00;26/02/2024 12:12;26/02/2024 15:30;27/02/2024 21:40;Granel Líquido e Gasoso;Petróleo E Derivados (Sem Óleo Bruto);1;;214:00:00;8,92;7;4,96
2024;Santos;BRSSZ;Público;Longo Curso;1434625;9285043;2024-02-17 15:00:00;05/03/2024 15:15;06/03/2024 00:43;09/03/2024 10:15;Granel Sólido;Soja;1;;408:15:00;17,01;7;4,96
2024;Santos;BRSSZ;Público;Longo Curso;1426802;9748409;2024-02-17 16:30:00;18/02/2024 23:10;18/02/2024 23:10;23/02/2024 01:05;Granel Sólido;Adubos (Fertilizantes);1;;30:40:00;1,28;7;4,96
2024;Santos;BRSSZ;Público;Longo Curso;1429277;9464675;2024-02-17 22:45:00;17/02/2024 23:40;18/02/2024 02:30;22/02/2024 08:40;Granel Sólido;Resíduos Da Extração Do Óleo De Soja;1;;0:55:00;0,04;7;4,96
2024;Santos;BRSSZ;Público;Longo Curso;1429343;9332078;2024-02-17 23:54:00;24/02/2024 02:47;24/02/2024 16:36;26/02/2024 20:12;Granel Líquido e Gasoso;Gás De Petróleo;1;;146:53:00;6,12;7;4,96
2024;Santos;BRSSZ;Público;Longo Curso;1426805;9579248;2024-02-18 03:18:00;23/02/2024 14:35;23/02/2024 17:35;25/02/2024 21:10;Granel Sólido;Soja;1;;131:17:00;5,47;7;4,96
2024;Santos;BRSSZ;Público;Longo Curso;1429183;9766920;2024-02-18 05:00:00;18/02/2024 05:35;18/02/2024 07:00;20/02/2024 09:45;Carga Geral;Pasta De Celulose;1;;0:35:00;0,02;7;4,96
2024;Santos;BRSSZ;Público;Longo Curso;1426801;9913535;2024-02-18 07:36:00;19/02/2024 00:15;19/02/2024 00:15;27/02/2024 22:43;Granel Sólido;Adubos (Fertilizantes);1;;16:39:00;0,69;7;4,96
2024;Santos;BRSSZ;Público;Longo Curso;1429246;9360958;2024-02-18 07:42:00;20/02/2024 21:05;21/02/2024 06:30;22/02/2024 14:03;Granel Líquido e Gasoso;Petróleo E Derivados (Sem Óleo Bruto);1;;61:23:00;2,56;7;4,96
2024;Santos;BRSSZ;Público;Cabotagem;1429185;9360958;2024-02-18 07:42:00;27/02/2024 03:00;27/02/2024 03:00;28/02/2024 20:35;Granel Líquido e Gasoso;Etanol Combustível;1;;211:18:00;8,8;7;4,96
2024;Santos;BRSSZ;Público;Longo Curso;1434576;9863807;2024-02-18 14:30:00;27/02/2024 13:00;27/02/2024 16:51;01/03/2024 12:10;Granel Sólido;Resíduos Da Extração Do Óleo De Soja;1;;214:30:00;8,94;7;4,96
2024;Santos;BRSSZ;Público;Longo Curso;1434576;9863807;2024-02-18 14:30:00;27/02/2024 13:00;27/02/2024 16:51;01/03/2024 12:10;Granel Sólido;Soja;1;;214:30:00;8,94;7;4,96
2024;Santos;BRSSZ;Público;Longo Curso;1429342;9737565;2024-02-19 04:30:00;29/02/2024 00:30;29/02/2024 00:30;29/02/2024 17:52;Granel Líquido e Gasoso;Produtos Diversos Da Indústria Química;1;;236:00:00;9,83;8;3,98
2024;Santos;BRSSZ;Público;Longo Curso;1429201;9230995;2024-02-19 08:30:00;19/02/2024 09:40;19/02/2024 09:48;22/02/2024 10:40;Granel Líquido e Gasoso;Preparações De Frutas;1;;1:10:00;0,05;8;3,98
2024;Santos;BRSSZ;Público;Cabotagem;1429340;9194880;2024-02-19 12:00:00;19/02/2024 12:40;19/02/2024 17:00;23/02/2024 02:50;Granel Sólido;Sal;1;;0:40:00;0,03;8;3,98
2024;Santos;BRSSZ;Público;Longo Curso;1429345;9561370;2024-02-19 12:00:00;20/02/2024 17:55;20/02/2024 21:06;22/02/2024 22:34;Granel Líquido e Gasoso;Petróleo E Derivados (Sem Óleo Bruto);1;;29:55:00;1,25;8;3,98
2024;Santos;BRSSZ;Público;Longo Curso;1429263;9331529;2024-02-19 15:45:00;19/02/2024 16:40;19/02/2024 19:00;21/02/2024 12:25;Granel Sólido;Açúcar;1;;0:55:00;0,04;8;3,98
2024;Santos;BRSSZ;Público;Longo Curso;1434552;9250751;2024-02-19 21:30:00;29/02/2024 21:40;29/02/2024 21:40;04/03/2024 12:00;Granel Líquido e Gasoso;Etanol Combustível;1;;240:10:00;10,01;8;3,98
2024;Santos;BRSSZ;Público;Longo Curso;1429198;9601338;2024-02-20 01:15:00;26/02/2024 12:03;26/02/2024 14:08;28/02/2024 17:15;Granel Sólido;Açúcar;1;;154:48:00;6,45;8;3,98
2024;Santos;BRSSZ;Público;Longo Curso;1429151;9872171;2024-02-20 01:36:00;20/02/2024 10:20;20/02/2024 10:30;23/02/2024 22:03;Carga Geral;Pasta De Celulose;1;;8:44:00;0,36;8;3,98
2024;Santos;BRSSZ;Público;Longo Curso;1429344;9311012;2024-02-20 09:45:00;24/02/2024 10:47;24/02/2024 11:25;27/02/2024 18:15;Granel Líquido e Gasoso;Etanol Combustível;1;;97:02:00;4,04;8;3,98
2024;Santos;BRSSZ;Público;Longo Curso;1429225;9743849;2024-02-21 03:30:00;21/02/2024 04:55;21/02/2024 04:55;23/02/2024 01:58;Granel Líquido e Gasoso;Petróleo E Derivados (Sem Óleo Bruto);1;;1:25:00;0,06;8;3,98
2024;Santos;BRSSZ;Público;Cabotagem;1434637;9834349;2024-02-21 11:12:00;05/03/2024 20:20;05/03/2024 23:36;07/03/2024 18:26;Granel Líquido e Gasoso;Petróleo E Derivados (Sem Óleo Bruto);1;;321:08:00;13,38;8;3,98
2024;Santos;BRSSZ;Público;Longo Curso;1434622;9493676;2024-02-21 12:24:00;23/02/2024 12:00;23/02/2024 17:05;05/03/2024 21:18;Granel Sólido;Sal;1;;47:36:00;1,98;8;3,98
2024;Santos;BRSSZ;Público;Longo Curso;1426804;9511167;2024-02-21 18:30:00;24/02/2024 12:38;24/02/2024 12:38;25/02/2024 21:28;Granel Líquido e Gasoso;Produtos Químicos Orgânicos;1;;66:08:00;2,76;8;3,98
2024;Santos;BRSSZ;Público;Longo Curso;1434571;9746176;2024-02-22 17:30:00;26/02/2024 21:20;26/02/2024 21:20;01/03/2024 09:50;Granel Líquido e Gasoso;Etanol Combustível;1;;99:50:00;4,16;8;3,98
2024;Santos;BRSSZ;Público;Longo Curso;1434507;9503964;2024-02-23 00:06:00;29/02/2024 11:55;29/02/2024 11:55;02/03/2024 08:45;Granel Sólido;Soja;1;;155:49:00;6,49;8;3,98
2024;Santos;BRSSZ;Público;Longo Curso;1426800;9748409;2024-02-23 01:05:00;23/02/2024 01:50;23/02/2024 02:00;28/02/2024 04:40;Granel Sólido;Adubos (Fertilizantes);1;;0:45:00;0,03;8;3,98
2024;Santos;BRSSZ;Público;Longo Curso;1429349;9611565;2024-02-23 08:00:00;27/02/2024 21:25;28/02/2024 02:15;29/02/2024 22:28;Granel Sólido;Soja;1;;109:25:00;4,56;8;3,98
2024;Santos;BRSSZ;Público;Cabotagem;1429337;9402782;2024-02-23 11:36:00;24/02/2024 10:45;24/02/2024 14:12;25/02/2024 21:45;Granel Líquido e Gasoso;Petróleo E Derivados (Sem Óleo Bruto);1;;23:09:00;0,96;8;3,98
2024;Santos;BRSSZ;Público;Longo Curso;1434639;9865893;2024-02-23 13:00:00;09/03/2024 14:15;09/03/2024 17:05;11/03/2024 01:30;Granel Sólido;Soja;1;;361:15:00;15,05;8;3,98
2024;Santos;BRSSZ;Público;Longo Curso;1429351;9628908;2024-02-23 18:48:00;27/02/2024 21:30;28/02/2024 01:52;29/02/2024 21:45;Granel Sólido;Soja;1;;98:42:00;4,11;8;3,98
2024;Santos;BRSSZ;Público;Longo Curso;1429202;9976056;2024-02-23 22:34:00;23/02/2024 23:05;24/02/2024 01:28;25/02/2024 20:50;Carga Geral;Pasta De Celulose;1;;0:31:00;0,02;8;3,98
2024;Santos;BRSSZ;Público;Longo Curso;1434553;9957610;2024-02-24 00:01:00;01/03/2024 07:45;01/03/2024 09:25;03/03/2024 18:17;Granel Sólido;Soja;1;;151:44:00;6,32;8;3,98
2024;Santos;BRSSZ;Público;Longo Curso;1429136;9081801;2024-02-24 02:54:00;26/02/2024 01:15;26/02/2024 01:16;28/02/2024 18:05;Carga Geral;Pasta De Celulose;1;;46:21:00;1,93;8;3,98
2024;Santos;BRSSZ;Público;Longo Curso;1434638;9720043;2024-02-24 06:00:00;26/02/2024 23:55;27/02/2024 07:50;01/03/2024 08:20;Carga Geral;Açúcar;1;;65:55:00;2,75;8;3,98
2024;Santos;BRSSZ;Público;Cabotagem;1429157;9753636;2024-02-24 06:30:00;26/02/2024 00:05;26/02/2024 00:05;29/02/2024 00:57;Granel Líquido e Gasoso;Soda Cáustica;1;;41:35:00;1,73;8;3,98
2024;Santos;BRSSZ;Público;Cabotagem;1429157;9753636;2024-02-24 06:30:00;26/02/2024 00:05;26/02/2024 00:05;29/02/2024 00:57;Granel Líquido e Gasoso;Petróleo E Derivados (Sem Óleo Bruto);1;;41:35:00;1,73;8;3,98
2024;Santos;BRSSZ;Público;Cabotagem;1429157;9753636;2024-02-24 06:30:00;26/02/2024 00:05;26/02/2024 00:05;29/02/2024 00:57;Granel Líquido e Gasoso;Produtos Químicos Orgânicos;1;;41:35:00;1,73;8;3,98
2024;Santos;BRSSZ;Público;Cabotagem;1429157;9753636;2024-02-24 06:30:00;26/02/2024 00:05;26/02/2024 00:05;29/02/2024 00:57;Granel Líquido e Gasoso;Etanol Combustível;1;;41:35:00;1,73;8;3,98
2024;Santos;BRSSZ;Público;Cabotagem;1429157;9753636;2024-02-24 06:30:00;26/02/2024 00:05;26/02/2024 00:05;29/02/2024 00:57;Granel Líquido e Gasoso;Combustíveis, Óleos E Produtos Minerais;1;;41:35:00;1,73;8;3,98
2024;Santos;BRSSZ;Público;Longo Curso;1429275;9693408;2024-02-24 11:30:00;24/02/2024 12:40;24/02/2024 14:55;25/02/2024 17:35;Granel Sólido;Açúcar;1;;1:10:00;0,05;8;3,98
2024;Santos;BRSSZ;Público;Cabotagem;1434641;9448322;2024-02-25 00:18:00;01/03/2024 12:52;01/03/2024 16:06;03/03/2024 02:15;Granel Líquido e Gasoso;Petróleo E Derivados (Sem Óleo Bruto);1;;132:34:00;5,52;8;3,98
2024;Santos;BRSSZ;Público;Longo Curso;1434555;9497385;2024-02-25 03:42:00;04/03/2024 20:30;05/03/2024 00:15;10/03/2024 17:15;Granel Sólido;Soja;1;;208:48:00;8,7;8;3,98
2024;Santos;BRSSZ;Público;Cabotagem;1434506;9102928;2024-02-25 04:45:00;28/02/2024 17:20;28/02/2024 17:20;02/03/2024 13:15;Granel Líquido e Gasoso;Soda Cáustica;1;;84:35:00;3,52;8;3,98
2024;Santos;BRSSZ;Público;Longo Curso;1434522;9646211;2024-02-25 05:00:00;13/03/2024 13:20;13/03/2024 15:25;15/03/2024 23:18;Granel Sólido;Soja;1;;416:20:00;17,35;8;3,98
2024;Santos;BRSSZ;Público;Longo Curso;1434579;9958200;2024-02-25 08:15:00;28/02/2024 04:10;28/02/2024 08:04;03/03/2024 12:15;Granel Sólido;Soja;1;;67:55:00;2,83;8;3,98
2024;Santos;BRSSZ;Público;Longo Curso;1429228;9289518;2024-02-25 20:00:00;25/02/2024 20:50;25/02/2024 20:50;26/02/2024 23:50;Granel Líquido e Gasoso;Petróleo E Derivados (Sem Óleo Bruto);1;;0:50:00;0,03;8;3,98
2024;Santos;BRSSZ;Público;Longo Curso;1434557;9762596;2024-02-26 05:42:00;04/03/2024 09:15;04/03/2024 11:50;09/03/2024 14:10;Granel Sólido;Resíduos Da Extração Do Óleo De Soja;1;;171:33:00;7,15;9;4,47
2024;Santos;BRSSZ;Público;Longo Curso;1434634;9594315;2024-02-26 09:55:00;26/02/2024 14:45;26/02/2024 14:45;05/03/2024 15:35;Carga Geral;Adubos (Fertilizantes);1;;4:50:00;0,2;9;4,47
2024;Santos;BRSSZ;Público;Longo Curso;1434642;9866196;2024-02-26 15:30:00;04/03/2024 09:10;04/03/2024 11:30;07/03/2024 22:50;Granel Sólido;Soja;1;;161:40:00;6,74;9;4,47
2024;Santos;BRSSZ;Público;Cabotagem;1434653;9492270;2024-02-26 20:40:00;27/02/2024 23:00;28/02/2024 02:00;01/03/2024 14:18;Granel Líquido e Gasoso;Petróleo E Derivados (Sem Óleo Bruto);1;;26:20:00;1,1;9;4,47
2024;Santos;BRSSZ;Público;Cabotagem;1434648;9391361;2024-02-26 23:30:00;03/03/2024 21:25;04/03/2024 01:54;05/03/2024 16:20;Granel Líquido e Gasoso;Petróleo E Derivados (Sem Óleo Bruto);1;;141:55:00;5,91;9;4,47
2024;Santos;BRSSZ;Público;Longo Curso;1434534;9766918;2024-02-27 02:28:00;28/02/2024 13:10;28/02/2024 15:12;01/03/2024 20:40;Carga Geral;Pasta De Celulose;1;;34:42:00;1,45;9;4,47
2024;Santos;BRSSZ;Público;Longo Curso;1438128;9633410;2024-02-27 10:00:00;12/03/2024 03:15;12/03/2024 03:15;14/03/2024 19:05;Granel Sólido;Resíduos Da Extração Do Óleo De Soja;1;;329:15:00;13,72;9;4,47
2024;Santos;BRSSZ;Público;Cabotagem;1434665;9413523;2024-02-27 20:30:00;01/03/2024 17:40;01/03/2024 22:06;03/03/2024 16:35;Granel Líquido e Gasoso;Petróleo E Derivados (Sem Óleo Bruto);1;;69:10:00;2,88;9;4,47
2024;Santos;BRSSZ;Público;Longo Curso;1434516;9663740;2024-02-27 20:39:00;27/02/2024 21:40;27/02/2024 21:40;02/03/2024 14:15;Granel Líquido e Gasoso;Preparações De Frutas;1;;1:01:00;0,04;9;4,47
2024;Santos;BRSSZ;Público;Longo Curso;1434630;9650999;2024-02-28 18:57:00;28/02/2024 20:28;29/02/2024 11:52;05/03/2024 15:27;Granel Sólido;Trigo;1;;1:31:00;0,06;9;4,47
2024;Santos;BRSSZ;Público;Cabotagem;1434658;9403968;2024-02-28 19:00:00;29/02/2024 07:15;29/02/2024 07:15;02/03/2024 17:45;Granel Líquido e Gasoso;Soda Cáustica;1;;12:15:00;0,51;9;4,47
2024;Santos;BRSSZ;Público;Longo Curso;1434563;9343546;2024-02-28 22:00:00;03/03/2024 21:52;04/03/2024 01:20;05/03/2024 04:44;Granel Sólido;Açúcar;1;;95:52:00;3,99;9;4,47
2024;Santos;BRSSZ;Público;Longo Curso;1434526;9782986;2024-02-28 22:55:00;02/03/2024 00:16;02/03/2024 00:16;10/03/2024 04:33;Granel Sólido;Adubos (Fertilizantes);1;;49:21:00;2,06;9;4,47
2024;Santos;BRSSZ;Público;Longo Curso;1434614;9860817;2024-02-29 14:30:00;29/02/2024 15:20;29/02/2024 17:30;02/03/2024 04:50;Granel Sólido;Açúcar;1;;0:50:00;0,03;9;4,47
2024;Santos;BRSSZ;Público;Longo Curso;1434656;9483499;2024-02-29 15:46:00;04/03/2024 16:30;04/03/2024 19:00;09/03/2024 18:30;Granel Sólido;Soja;1;;96:44:00;4,03;9;4,47
2024;Santos;BRSSZ;Público;Longo Curso;1438127;9520845;2024-02-29 18:00:00;05/03/2024 07:10;05/03/2024 09:00;10/03/2024 15:45;Granel Sólido;Açúcar;1;;109:10:00;4,55;9;4,47
2024;Santos;BRSSZ;Público;Longo Curso;1434628;9660358;2024-02-29 21:00:00;03/03/2024 05:55;03/03/2024 09:30;06/03/2024 01:15;Granel Líquido e Gasoso;Petróleo E Derivados (Sem Óleo Bruto);1;;56:55:00;2,37;9;4,47
2024;Santos;BRSSZ;Público;Longo Curso;1434659;9592082;2024-03-01 02:30:00;02/03/2024 00:50;02/03/2024 01:10;04/03/2024 13:15;Granel Sólido;Soja;1;;22:20:00;0,93;9;4,47
2024;Santos;BRSSZ;Público;Longo Curso;1434510;9336608;2024-03-01 08:00:00;03/03/2024 01:15;03/03/2024 01:15;09/03/2024 10:50;Granel Sólido;Soja;1;;41:15:00;1,72;9;4,47
2024;Santos;BRSSZ;Público;Longo Curso;1434513;9801304;2024-03-01 14:06:00;09/03/2024 14:10;09/03/2024 14:10;12/03/2024 11:00;Granel Sólido;Soja;1;;192:04:00;8,0;9;4,47
2024;Santos;BRSSZ;Público;Longo Curso;1434589;9796535;2024-03-01 19:48:00;16/03/2024 03:25;16/03/2024 04:55;16/03/2024 23:15;Granel Sólido;Açúcar;1;;343:37:00;14,32;9;4,47
2024;Santos;BRSSZ;Público;Longo Curso;1434695;9610561;2024-03-02 05:30:00;17/03/2024 05:20;17/03/2024 07:53;19/03/2024 03:35;Granel Sólido;Soja;1;;359:50:00;14,99;9;4,47
2024;Santos;BRSSZ;Público;Longo Curso;1434612;9692650;2024-03-02 08:00:00;02/03/2024 08:50;02/03/2024 11:15;03/03/2024 01:10;Granel Sólido;Açúcar;1;;0:50:00;0,03;9;4,47
2024;Santos;BRSSZ;Público;Longo Curso;1434673;9731975;2024-03-02 08:30:00;17/03/2024 01:16;17/03/2024 03:25;18/03/2024 17:51;Granel Sólido;Açúcar;1;;352:46:00;14,7;9;4,47
2024;Santos;BRSSZ;Público;Longo Curso;1434533;9311012;2024-03-02 09:00:00;02/03/2024 10:00;02/03/2024 18:00;05/03/2024 15:43;Granel Líquido e Gasoso;Etanol Combustível;1;;1:00:00;0,04;9;4,47
2024;Santos;BRSSZ;Público;Cabotagem;1434633;9538141;2024-03-02 10:48:00;02/03/2024 16:15;02/03/2024 19:15;03/03/2024 16:20;Granel Líquido e Gasoso;Petróleo E Derivados (Sem Óleo Bruto);1;;5:27:00;0,23;9;4,47
2024;Santos;BRSSZ;Público;Longo Curso;1434611;9857042;2024-03-03 06:30:00;03/03/2024 07:45;03/03/2024 09:35;04/03/2024 03:45;Granel Sólido;Açúcar;1;;1:15:00;0,05;9;4,47
2024;Santos;BRSSZ;Público;Longo Curso;1434698;9625839;2024-03-03 11:54:00;19/03/2024 22:30;20/03/2024 01:41;21/03/2024 23:15;Granel Sólido;Soja;1;;394:36:00;16,44;9;4,47
2024;Santos;BRSSZ;Público;Longo Curso;1434497;9928877;2024-03-03 13:05:00;03/03/2024 13:40;03/03/2024 14:45;07/03/2024 15:05;Carga Geral;Pasta De Celulose;1;;0:35:00;0,02;9;4,47
2024;Santos;BRSSZ;Público;Longo Curso;1434559;9790646;2024-03-03 18:30:00;09/03/2024 04:50;09/03/2024 04:50;14/03/2024 05:10;Granel Líquido e Gasoso;Etanol Combustível;1;;130:20:00;5,43;9;4,47
2024;Santos;BRSSZ;Público;Longo Curso;1434590;9577898;2024-03-03 20:00:00;05/03/2024 20:33;06/03/2024 19:00;13/03/2024 10:18;Granel Sólido;Trigo;1;;48:33:00;2,02;9;4,47
2024;Santos;BRSSZ;Público;Longo Curso;1434547;9565742;2024-03-03 22:36:00;11/03/2024 04:45;11/03/2024 04:45;12/03/2024 21:45;Granel Líquido e Gasoso;Gorduras E Óleos Animais Ou Vegetais;1;;174:09:00;7,26;9;4,47
2024;Santos;BRSSZ;Público;Longo Curso;1434538;9495727;2024-03-04 06:08:00;12/03/2024 10:20;12/03/2024 13:32;15/03/2024 03:40;Granel Sólido;Soja;1;;196:12:00;8,17;10;4,68
2024;Santos;BRSSZ;Público;Longo Curso;1434548;9491836;2024-03-04 07:00:00;04/03/2024 08:55;04/03/2024 08:55;06/03/2024 21:10;Granel Líquido e Gasoso;Preparações De Frutas;1;;1:55:00;0,08;10;4,68
2024;Santos;BRSSZ;Público;Longo Curso;1434577;9626314;2024-03-04 10:30:00;04/03/2024 11:23;04/03/2024 13:00;05/03/2024 21:28;Granel Sólido;Adubos (Fertilizantes);1;;0:53:00;0,04;10;4,68
2024;Santos;BRSSZ;Público;Longo Curso;1434544;9565699;2024-03-04 11:45:00;04/03/2024 13:00;04/03/2024 13:00;11/03/2024 00:10;Granel Líquido e Gasoso;Etanol Combustível;1;;1:15:00;0,05;10;4,68
2024;Santos;BRSSZ;Público;Longo Curso;1434593;9952127;2024-03-04 15:45:00;13/03/2024 00:45;13/03/2024 00:45;14/03/2024 21:30;Granel Líquido e Gasoso;Produtos Diversos Da Indústria Química;1;;201:00:00;8,38;10;4,68
2024;Santos;BRSSZ;Público;Longo Curso;1434593;9952127;2024-03-04 15:45:00;13/03/2024 00:45;13/03/2024 00:45;14/03/2024 21:30;Granel Líquido e Gasoso;Produtos Químicos Orgânicos;1;;201:00:00;8,38;10;4,68
2024;Santos;BRSSZ;Público;Longo Curso;1434667;9583158;2024-03-04 16:24:00;17/03/2024 23:50;18/03/2024 02:40;19/03/2024 23:55;Granel Sólido;Açúcar;1;;319:26:00;13,31;10;4,68
2024;Santos;BRSSZ;Público;Longo Curso;1434578;9237204;2024-03-04 16:35:00;19/03/2024 19:40;19/03/2024 21:31;21/03/2024 08:45;Granel Sólido;Açúcar;1;;363:05:00;15,13;10;4,68
2024;Santos;BRSSZ;Público;Longo Curso;1434687;9575527;2024-03-04 19:20:00;20/03/2024 07:30;20/03/2024 10:00;21/03/2024 12:20;Granel Sólido;Açúcar;1;;372:10:00;15,51;10;4,68
2024;Santos;BRSSZ;Público;Cabotagem;1434676;9492270;2024-03-05 00:05:00;06/03/2024 07:11;06/03/2024 20:06;09/03/2024 01:05;Granel Líquido e Gasoso;Petróleo E Derivados (Sem Óleo Bruto);1;;31:06:00;1,3;10;4,68
2024;Santos;BRSSZ;Público;Longo Curso;1434668;9330898;2024-03-05 01:00:00;14/03/2024 18:30;14/03/2024 21:57;19/03/2024 22:10;Granel Sólido;Resíduos Da Extração Do Óleo De Soja;1;;233:30:00;9,73;10;4,68
2024;Santos;BRSSZ;Público;Longo Curso;1434666;9591507;2024-03-05 05:18:00;11/03/2024 05:20;11/03/2024 08:52;13/03/2024 21:20;Granel Sólido;Soja;1;;144:02:00;6,0;10;4,68
2024;Santos;BRSSZ;Público;Longo Curso;1434672;9420710;2024-03-05 06:00:00;05/03/2024 07:40;05/03/2024 07:40;10/03/2024 18:00;Granel Líquido e Gasoso;Etanol Combustível;1;;1:40:00;0,07;10;4,68
2024;Santos;BRSSZ;Público;Longo Curso;1434504;9142954;2024-03-05 08:50:00;05/03/2024 14:45;05/03/2024 14:45;19/03/2024 01:10;Granel Sólido;Trigo;1;;5:55:00;0,25;10;4,68
2024;Santos;BRSSZ;Público;Cabotagem;1436461;9271999;2024-03-05 12:00:00;05/03/2024 14:30;05/03/2024 15:00;07/03/2024 08:40;Granel Líquido e Gasoso;Soda Cáustica;1;;2:30:00;0,1;10;4,68
2024;Santos;BRSSZ;Público;Longo Curso;1434554;9511167;2024-03-05 20:30:00;05/03/2024 21:50;05/03/2024 21:50;09/03/2024 01:22;Granel Líquido e Gasoso;Produtos Químicos Orgânicos;1;;1:20:00;0,06;10;4,68
2024;Santos;BRSSZ;Público;Longo Curso;1434636;9901831;2024-03-06 06:00:00;09/03/2024 21:15;09/03/2024 21:15;14/03/2024 15:05;Granel Sólido;Soja;1;;87:15:00;3,64;10;4,68
2024;Santos;BRSSZ;Público;Longo Curso;1434560;9302126;2024-03-06 08:45:00;14/03/2024 23:30;14/03/2024 23:30;18/03/2024 12:24;Granel Líquido e Gasoso;Petróleo E Derivados (Sem Óleo Bruto);1;;206:45:00;8,61;10;4,68
2024;Santos;BRSSZ;Público;Longo Curso;1434499;9701308;2024-03-06 10:55:00;12/03/2024 14:20;12/03/2024 14:20;16/03/2024 03:20;Granel Sólido;Soja;1;;147:25:00;6,14;10;4,68
2024;Santos;BRSSZ;Público;Longo Curso;1434505;9763904;2024-03-06 21:30:00;16/03/2024 06:30;16/03/2024 06:30;20/03/2024 03:00;Granel Sólido;Soja;1;;225:00:00;9,38;10;4,68
2024;Santos;BRSSZ;Público;Longo Curso;1434582;9274329;2024-03-07 06:35:00;07/03/2024 12:39;07/03/2024 12:39;08/03/2024 11:29;Granel Líquido e Gasoso;Produtos Químicos Orgânicos;1;;6:04:00;0,25;10;4,68
2024;Santos;BRSSZ;Público;Cabotagem;1434678;9200421;2024-03-07 08:30:00;07/03/2024 09:35;07/03/2024 14:45;15/03/2024 15:10;Granel Sólido;Sal;1;;1:05:00;0,05;10;4,68
2024;Santos;BRSSZ;Público;Longo Curso;1434585;9577757;2024-03-07 09:00:00;10/03/2024 06:55;10/03/2024 06:55;15/03/2024 23:40;Granel Sólido;Adubos (Fertilizantes);1;;69:55:00;2,91;10;4,68
2024;Santos;BRSSZ;Público;Longo Curso;1434498;9704764;2024-03-07 11:20:00;08/03/2024 13:30;08/03/2024 19:00;12/03/2024 15:05;Carga Geral;Pasta De Celulose;1;;26:10:00;1,09;10;4,68
2024;Santos;BRSSZ;Público;Longo Curso;1434627;9858022;2024-03-08 00:45:00;08/03/2024 01:55;08/03/2024 08:40;09/03/2024 11:35;Granel Sólido;Açúcar;1;;1:10:00;0,05;10;4,68
2024;Santos;BRSSZ;Público;Longo Curso;1434549;9349198;2024-03-08 04:18:00;08/03/2024 20:50;08/03/2024 20:50;12/03/2024 11:50;Granel Líquido e Gasoso;Petróleo E Derivados (Sem Óleo Bruto);1;;16:32:00;0,69;10;4,68
2024;Santos;BRSSZ;Público;Longo Curso;1434670;9473705;2024-03-08 06:00:00;08/03/2024 06:50;08/03/2024 07:00;09/03/2024 20:55;Carga Geral;Açúcar;1;;0:50:00;0,03;10;4,68
2024;Santos;BRSSZ;Público;Longo Curso;1434596;9196711;2024-03-08 10:02:00;18/03/2024 17:55;19/03/2024 07:00;22/03/2024 04:15;Granel Líquido e Gasoso;Gorduras E Óleos Animais Ou Vegetais;1;;247:53:00;10,33;10;4,68
2024;Santos;BRSSZ;Público;Longo Curso;1434596;9196711;2024-03-08 10:02:00;18/03/2024 17:55;19/03/2024 07:00;22/03/2024 04:15;Granel Líquido e Gasoso;Óleo De Soja;1;;247:53:00;10,33;10;4,68
2024;Santos;BRSSZ;Público;Longo Curso;1434688;9548586;2024-03-08 18:00:00;20/03/2024 17:15;20/03/2024 20:35;25/03/2024 13:15;Granel Sólido;Açúcar;1;;287:15:00;11,97;10;4,68
2024;Santos;BRSSZ;Público;Longo Curso;1434541;9414292;2024-03-08 21:18:00;19/03/2024 20:21;19/03/2024 20:21;22/03/2024 00:54;Granel Líquido e Gasoso;Petróleo E Derivados (Sem Óleo Bruto);1;;263:03:00;10,96;10;4,68
2024;Santos;BRSSZ;Público;Longo Curso;1436465;9705720;2024-03-08 23:42:00;20/03/2024 12:25;20/03/2024 17:15;24/03/2024 20:00;Granel Líquido e Gasoso;Produtos Químicos Inorgânicos;1;;276:43:00;11,53;10;4,68
2024;Santos;BRSSZ;Público;Longo Curso;1434681;9942093;2024-03-09 02:00:00;09/03/2024 10:25;09/03/2024 13:00;11/03/2024 13:15;Granel Sólido;Adubos (Fertilizantes);1;;8:25:00;0,35;10;4,68
2024;Santos;BRSSZ;Público;Longo Curso;1434677;9128063;2024-03-09 06:15:00;13/03/2024 01:00;13/03/2024 01:00;17/03/2024 08:34;Carga Geral;Adubos (Fertilizantes);1;;90:45:00;3,78;10;4,68
2024;Santos;BRSSZ;Público;Longo Curso;1434619;9649043;2024-03-09 16:30:00;09/03/2024 17:05;09/03/2024 19:00;11/03/2024 23:20;Granel Sólido;Resíduos Da Extração Do Óleo De Soja;1;;0:35:00;0,02;10;4,68
2024;Santos;BRSSZ;Público;Longo Curso;1434680;9479321;2024-03-09 17:00:00;15/03/2024 13:40;15/03/2024 16:17;17/03/2024 01:10;Granel Sólido;Soja;1;;140:40:00;5,86;10;4,68
2024;Santos;BRSSZ;Público;Longo Curso;1434693;9317004;2024-03-09 23:36:00;18/03/2024 00:45;18/03/2024 03:50;20/03/2024 04:10;Granel Sólido;Soja;1;;193:09:00;8,05;10;4,68
2024;Santos;BRSSZ;Público;Cabotagem;1434691;9448322;2024-03-10 07:00:00;22/03/2024 03:50;22/03/2024 11:36;23/03/2024 20:55;Granel Líquido e Gasoso;Petróleo E Derivados (Sem Óleo Bruto);1;;284:50:00;11,87;10;4,68
2024;Santos;BRSSZ;Público;Cabotagem;1434520;9753636;2024-03-10 08:00:00;10/03/2024 21:00;10/03/2024 21:00;13/03/2024 18:09;Granel Líquido e Gasoso;Combustíveis, Óleos E Produtos Minerais;1;;13:00:00;0,54;10;4,68
2024;Santos;BRSSZ;Público;Cabotagem;1434520;9753636;2024-03-10 08:00:00;10/03/2024 21:00;10/03/2024 21:00;13/03/2024 18:09;Granel Líquido e Gasoso;Etanol Combustível;1;;13:00:00;0,54;10;4,68
2024;Santos;BRSSZ;Público;Cabotagem;1434520;9753636;2024-03-10 08:00:00;10/03/2024 21:00;10/03/2024 21:00;13/03/2024 18:09;Granel Líquido e Gasoso;Petróleo E Derivados (Sem Óleo Bruto);1;;13:00:00;0,54;10;4,68
2024;Santos;BRSSZ;Público;Cabotagem;1434520;9753636;2024-03-10 08:00:00;10/03/2024 21:00;10/03/2024 21:00;13/03/2024 18:09;Granel Líquido e Gasoso;Produtos Químicos Orgânicos;1;;13:00:00;0,54;10;4,68
2024;Santos;BRSSZ;Público;Cabotagem;1434520;9753636;2024-03-10 08:00:00;10/03/2024 21:00;10/03/2024 21:00;13/03/2024 18:09;Granel Líquido e Gasoso;Soda Cáustica;1;;13:00:00;0,54;10;4,68
2024;Santos;BRSSZ;Público;Cabotagem;1434511;9102928;2024-03-10 12:30:00;12/03/2024 15:05;12/03/2024 15:35;15/03/2024 13:45;Granel Líquido e Gasoso;Soda Cáustica;1;;50:35:00;2,11;10;4,68
2024;Santos;BRSSZ;Público;Longo Curso;1436467;9589671;2024-03-10 16:00:00;21/03/2024 19:10;21/03/2024 19:10;25/03/2024 12:00;Granel Sólido;Soja;1;;267:10:00;11,13;10;4,68
2024;Santos;BRSSZ;Público;Longo Curso;1434539;9872353;2024-03-10 20:30:00;10/03/2024 21:45;10/03/2024 23:40;12/03/2024 03:40;Granel Sólido;Açúcar;1;;1:15:00;0,05;10;4,68
2024;Santos;BRSSZ;Público;Cabotagem;1434694;9660358;2024-03-10 20:45:00;12/03/2024 02:53;12/03/2024 06:06;14/03/2024 05:08;Granel Líquido e Gasoso;Petróleo E Derivados (Sem Óleo Bruto);1;;30:08:00;1,26;10;4,68
2024;Santos;BRSSZ;Público;Longo Curso;1434640;9717333;2024-03-10 21:30:00;14/03/2024 00:35;14/03/2024 03:07;15/03/2024 11:25;Granel Sólido;Resíduos Da Extração Do Óleo De Soja;1;;75:05:00;3,13;10;4,68
2024;Santos;BRSSZ;Público;Cabotagem;1434710;9391361;2024-03-11 14:00:00;14/03/2024 08:50;14/03/2024 11:36;15/03/2024 23:30;Granel Líquido e Gasoso;Petróleo E Derivados (Sem Óleo Bruto);1;;66:50:00;2,78;11;4,63
2024;Santos;BRSSZ;Público;Longo Curso;1434523;9018658;2024-03-11 17:00:00;11/03/2024 22:45;11/03/2024 22:45;14/03/2024 04:40;Granel Líquido e Gasoso;Preparações De Frutas;1;;5:45:00;0,24;11;4,63
2024;Santos;BRSSZ;Público;Longo Curso;1434591;9473705;2024-03-11 21:30:00;11/03/2024 22:25;12/03/2024 01:00;14/03/2024 08:51;Carga Geral;Açúcar;1;;0:55:00;0,04;11;4,63
2024;Santos;BRSSZ;Público;Longo Curso;1434591;9473705;2024-03-11 21:30:00;11/03/2024 22:25;12/03/2024 01:00;14/03/2024 08:51;Carga Geral;Fibras, Fios, Tecidos E Outros Artefatos;1;;0:55:00;0,04;11;4,63
2024;Santos;BRSSZ;Público;Longo Curso;1436460;9866770;2024-03-12 00:12:00;22/03/2024 07:35;22/03/2024 07:45;23/03/2024 18:30;Granel Líquido e Gasoso;Produtos Químicos Orgânicos;1;;247:23:00;10,31;11;4,63
2024;Santos;BRSSZ;Público;Longo Curso;1434521;9667095;2024-03-12 03:00:00;18/03/2024 00:40;18/03/2024 04:44;21/03/2024 02:15;Granel Sólido;Soja;1;;141:40:00;5,9;11;4,63
2024;Santos;BRSSZ;Público;Longo Curso;1434686;9544097;2024-03-12 08:00:00;21/03/2024 18:05;21/03/2024 18:05;26/03/2024 06:10;Granel Sólido;Soja;1;;226:05:00;9,42;11;4,63
2024;Santos;BRSSZ;Público;Longo Curso;1434595;9766932;2024-03-12 20:01:00;12/03/2024 20:58;13/03/2024 01:30;14/03/2024 08:35;Carga Geral;Pasta De Celulose;1;;0:57:00;0,04;11;4,63
2024;Santos;BRSSZ;Público;Longo Curso;1434700;9393008;2024-03-13 09:30:00;18/03/2024 00:20;18/03/2024 01:20;19/03/2024 22:45;Granel Líquido e Gasoso;Etanol Combustível;1;;110:50:00;4,62;11;4,63
2024;Santos;BRSSZ;Público;Cabotagem;1434683;9331402;2024-03-13 10:30:00;13/03/2024 20:50;13/03/2024 20:50;15/03/2024 18:10;Granel Líquido e Gasoso;Produtos Químicos Orgânicos;1;;10:20:00;0,43;11;4,63
2024;Santos;BRSSZ;Público;Cabotagem;1434702;9407093;2024-03-13 15:12:00;15/03/2024 17:00;15/03/2024 17:30;17/03/2024 20:13;Granel Líquido e Gasoso;Soda Cáustica;1;;49:48:00;2,08;11;4,63
2024;Santos;BRSSZ;Público;Longo Curso;1434565;9505998;2024-03-13 17:24:00;15/03/2024 22:22;15/03/2024 22:22;17/03/2024 18:30;Granel Líquido e Gasoso;Produtos Químicos Orgânicos;1;;52:58:00;2,21;11;4,63
2024;Santos;BRSSZ;Público;Longo Curso;1434706;9638159;2024-03-13 22:15:00;13/03/2024 23:15;14/03/2024 07:34;18/03/2024 11:10;Granel Líquido e Gasoso;Preparações De Frutas;1;;1:00:00;0,04;11;4,63
2024;Santos;BRSSZ;Público;Longo Curso;1434613;9858515;2024-03-14 00:10:00;14/03/2024 00:45;14/03/2024 03:40;16/03/2024 07:45;Granel Sólido;Soja;1;;0:35:00;0,02;11;4,63
2024;Santos;BRSSZ;Público;Longo Curso;1434592;9420710;2024-03-14 08:00:00;14/03/2024 09:25;14/03/2024 09:25;17/03/2024 02:30;Granel Líquido e Gasoso;Etanol Combustível;1;;1:25:00;0,06;11;4,63
2024;Santos;BRSSZ;Público;Longo Curso;1434699;9866586;2024-03-14 10:00:00;24/03/2024 08:50;24/03/2024 11:27;25/03/2024 23:05;Granel Sólido;Soja;1;;238:50:00;9,95;11;4,63
2024;Santos;BRSSZ;Público;Longo Curso;1434599;9448607;2024-03-14 12:10:00;19/03/2024 07:30;19/03/2024 09:47;24/03/2024 04:25;Granel Sólido;Soja;1;;115:20:00;4,81;11;4,63
2024;Santos;BRSSZ;Público;Longo Curso;1434599;9448607;2024-03-14 12:10:00;19/03/2024 07:30;19/03/2024 09:47;24/03/2024 04:25;Granel Sólido;Resíduos Da Extração Do Óleo De Soja;1;;115:20:00;4,81;11;4,63
2024;Santos;BRSSZ;Público;Longo Curso;1434714;9361196;2024-03-14 18:36:00;26/03/2024 01:55;26/03/2024 05:03;27/03/2024 20:35;Granel Sólido;Soja;1;;271:19:00;11,3;11;4,63
2024;Santos;BRSSZ;Público;Longo Curso;1434514;9801263;2024-03-14 20:10:00;14/03/2024 21:26;14/03/2024 21:26;18/03/2024 22:07;Granel Sólido;Produtos Químicos Inorgânicos;1;;1:16:00;0,05;11;4,63
2024;Santos;BRSSZ;Público;Longo Curso;1434564;9242089;2024-03-14 20:13:00;14/03/2024 21:30;14/03/2024 21:31;18/03/2024 03:40;Granel Líquido e Gasoso;Preparações De Frutas;1;;1:17:00;0,05;11;4,63
2024;Santos;BRSSZ;Público;Longo Curso;1434515;9117741;2024-03-14 21:00:00;14/03/2024 22:00;15/03/2024 01:06;15/03/2024 22:44;Carga Geral;Pasta De Celulose;1;;1:00:00;0,04;11;4,63
2024;Santos;BRSSZ;Público;Longo Curso;1434715;9350850;2024-03-15 00:16:00;17/03/2024 23:40;17/03/2024 23:40;22/03/2024 04:15;Granel Líquido e Gasoso;Petróleo E Derivados (Sem Óleo Bruto);1;;71:24:00;2,97;11;4,63
2024;Santos;BRSSZ;Público;Longo Curso;1434701;9917828;2024-03-15 03:10:00;20/03/2024 02:45;20/03/2024 03:15;22/03/2024 00:40;Granel Líquido e Gasoso;Etanol Combustível;1;;119:35:00;4,98;11;4,63
2024;Santos;BRSSZ;Público;Longo Curso;1434531;9474254;2024-03-15 07:15:00;15/03/2024 17:10;15/03/2024 17:10;24/03/2024 20:30;Granel Sólido;Adubos (Fertilizantes);1;;9:55:00;0,41;11;4,63
2024;Santos;BRSSZ;Público;Longo Curso;1434713;9829409;2024-03-15 10:42:00;16/03/2024 03:18;16/03/2024 07:00;17/03/2024 14:18;Granel Líquido e Gasoso;Petróleo E Derivados (Sem Óleo Bruto);1;;16:36:00;0,69;11;4,63
2024;Santos;BRSSZ;Público;Cabotagem;1434705;9547697;2024-03-15 15:00:00;17/03/2024 17:45;18/03/2024 08:18;19/03/2024 22:56;Granel Líquido e Gasoso;Petróleo E Derivados (Sem Óleo Bruto);1;;50:45:00;2,11;11;4,63
2024;Santos;BRSSZ;Público;Longo Curso;1434542;9333424;2024-03-15 17:18:00;24/03/2024 02:35;24/03/2024 02:35;26/03/2024 19:50;Granel Líquido e Gasoso;Petróleo E Derivados (Sem Óleo Bruto);1;;201:17:00;8,39;11;4,63
2024;Santos;BRSSZ;Público;Longo Curso;1436466;9773143;2024-03-15 22:05:00;25/03/2024 01:10;25/03/2024 01:25;25/03/2024 23:00;Granel Líquido e Gasoso;Produtos Químicos Orgânicos;1;;219:05:00;9,13;11;4,63
2024;Santos;BRSSZ;Público;Longo Curso;1434709;9256884;2024-03-15 23:18:00;30/03/2024 15:25;30/03/2024 17:31;31/03/2024 23:40;Granel Sólido;Soja;1;;352:07:00;14,67;11;4,63
2024;Santos;BRSSZ;Público;Apoio Marítimo;1434512;9928889;2024-03-16 06:00:00;16/03/2024 06:50;16/03/2024 13:25;19/03/2024 08:00;Carga Geral;Pasta De Celulose;1;;0:50:00;0,03;11;4,63
2024;Santos;BRSSZ;Público;Longo Curso;1446607;9747302;2024-03-16 06:12:00;01/04/2024 08:15;01/04/2024 08:15;03/04/2024 22:45;Granel Sólido;Resíduos Da Extração Do Óleo De Soja;1;;386:03:00;16,09;11;4,63
2024;Santos;BRSSZ;Público;Longo Curso;1434718;9866031;2024-03-16 09:00:00;22/03/2024 03:35;22/03/2024 04:00;25/03/2024 13:25;Granel Sólido;Soja;1;;138:35:00;5,77;11;4,63
2024;Santos;BRSSZ;Público;Longo Curso;1436462;9379909;2024-03-16 09:24:00;25/03/2024 22:45;26/03/2024 03:25;27/03/2024 22:50;Granel Líquido e Gasoso;Combustíveis, Óleos E Produtos Minerais;1;;229:21:00;9,56;11;4,63
2024;Santos;BRSSZ;Público;Longo Curso;1436462;9379909;2024-03-16 09:24:00;25/03/2024 22:45;26/03/2024 03:25;27/03/2024 22:50;Granel Líquido e Gasoso;Produtos Diversos Da Indústria Química;1;;229:21:00;9,56;11;4,63
2024;Santos;BRSSZ;Público;Longo Curso;1434646;9705122;2024-03-16 11:00:00;16/03/2024 11:40;16/03/2024 14:10;17/03/2024 14:15;Granel Sólido;Açúcar;1;;0:40:00;0,03;11;4,63
2024;Santos;BRSSZ;Público;Cabotagem;1434675;9431317;2024-03-16 11:24:00;21/03/2024 17:23;22/03/2024 11:22;23/03/2024 14:15;Granel Líquido e Gasoso;Petróleo E Derivados (Sem Óleo Bruto);1;;125:59:00;5,25;11;4,63
2024;Santos;BRSSZ;Público;Longo Curso;1446522;9900203;2024-03-16 14:00:00;31/03/2024 18:45;31/03/2024 20:50;03/04/2024 08:55;Granel Sólido;Soja;1;;364:45:00;15,2;11;4,63
2024;Santos;BRSSZ;Público;Longo Curso;1434643;9689548;2024-03-16 16:30:00;16/03/2024 17:50;17/03/2024 01:36;19/03/2024 16:57;Granel Líquido e Gasoso;Gás De Petróleo;1;;1:20:00;0,06;11;4,63
2024;Santos;BRSSZ;Público;Longo Curso;1434558;9274329;2024-03-17 03:30:00;17/03/2024 04:54;17/03/2024 19:00;19/03/2024 03:13;Granel Líquido e Gasoso;Plásticos E Suas Obras;1;;1:24:00;0,06;11;4,63
2024;Santos;BRSSZ;Público;Longo Curso;1434558;9274329;2024-03-17 03:30:00;17/03/2024 04:54;17/03/2024 19:00;19/03/2024 03:13;Granel Líquido e Gasoso;Produtos Químicos Orgânicos;1;;1:24:00;0,06;11;4,63
2024;Santos;BRSSZ;Público;Longo Curso;1446614;9971941;2024-03-17 11:24:00;02/04/2024 09:30;02/04/2024 12:30;04/04/2024 10:15;Granel Sólido;Soja;1;;382:06:00;15,92;11;4,63
2024;Santos;BRSSZ;Público;Longo Curso;1434657;9416446;2024-03-17 12:35:00;18/03/2024 04:10;18/03/2024 09:00;20/03/2024 23:00;Granel Sólido;Adubos (Fertilizantes);1;;15:35:00;0,65;11;4,63
2024;Santos;BRSSZ;Público;Cabotagem;1446605;9492270;2024-03-17 18:30:00;31/03/2024 01:00;31/03/2024 03:50;02/04/2024 00:20;Granel Líquido e Gasoso;Petróleo E Derivados (Sem Óleo Bruto);1;;318:30:00;13,27;11;4,63
2024;Santos;BRSSZ;Público;Longo Curso;1434529;9310537;2024-03-17 21:48:00;25/03/2024 22:55;25/03/2024 22:55;30/03/2024 02:15;Granel Sólido;Soja;1;;193:07:00;8,05;11;4,63
2024;Santos;BRSSZ;Público;Longo Curso;1434496;9539987;2024-03-17 23:00:00;18/03/2024 21:20;19/03/2024 01:49;30/03/2024 00:45;Carga Geral;Pasta De Celulose;1;;22:20:00;0,93;11;4,63
2024;Santos;BRSSZ;Público;Longo Curso;1446616;9820283;2024-03-18 04:06:00;02/04/2024 05:05;02/04/2024 12:45;07/04/2024 22:00;Granel Líquido e Gasoso;Petróleo E Derivados (Sem Óleo Bruto);1;;360:59:00;15,04;12;3,87
2024;Santos;BRSSZ;Público;Longo Curso;1434569;9781700;2024-03-18 07:30:00;25/03/2024 18:30;25/03/2024 21:08;31/03/2024 18:50;Granel Sólido;Resíduos Da Extração Do Óleo De Soja;1;;179:00:00;7,46;12;3,87
2024;Santos;BRSSZ;Público;Longo Curso;1434569;9781700;2024-03-18 07:30:00;25/03/2024 18:30;25/03/2024 21:08;31/03/2024 18:50;Granel Sólido;Soja;1;;179:00:00;7,46;12;3,87
2024;Santos;BRSSZ;Público;Longo Curso;1446613;9762601;2024-03-18 18:35:00;31/03/2024 23:05;31/03/2024 23:30;02/04/2024 17:30;Granel Sólido;Soja;1;;316:30:00;13,19;12;3,87
2024;Santos;BRSSZ;Público;Longo Curso;1434682;9266243;2024-03-19 05:00:00;19/03/2024 05:58;19/03/2024 09:20;20/03/2024 09:28;Granel Líquido e Gasoso;Petróleo E Derivados (Sem Óleo Bruto);1;;0:58:00;0,04;12;3,87
2024;Santos;BRSSZ;Público;Longo Curso;1434566;9976068;2024-03-19 08:00:00;19/03/2024 08:45;19/03/2024 10:16;20/03/2024 22:15;Carga Geral;Pasta De Celulose;1;;0:45:00;0,03;12;3,87
2024;Santos;BRSSZ;Público;Longo Curso;1446606;9332078;2024-03-19 09:50:00;29/03/2024 16:50;30/03/2024 04:20;01/04/2024 13:40;Granel Líquido e Gasoso;Gás De Petróleo;1;;247:00:00;10,29;12;3,87
2024;Santos;BRSSZ;Público;Longo Curso;1434568;9467550;2024-03-19 10:00:00;19/03/2024 11:10;19/03/2024 11:10;22/03/2024 00:21;Granel Sólido;Adubos (Fertilizantes);1;;1:10:00;0,05;12;3,87
2024;Santos;BRSSZ;Público;Longo Curso;1434716;9493676;2024-03-19 18:50:00;19/03/2024 20:00;20/03/2024 10:04;27/03/2024 19:29;Granel Sólido;Trigo;1;;1:10:00;0,05;12;3,87
2024;Santos;BRSSZ;Público;Longo Curso;1434703;9468152;2024-03-20 02:30:00;20/03/2024 17:16;20/03/2024 20:30;30/03/2024 16:16;Granel Sólido;Sal;1;;14:46:00;0,62;12;3,87
2024;Santos;BRSSZ;Público;Longo Curso;1446499;9976422;2024-03-21 02:00:00;26/03/2024 09:40;26/03/2024 09:40;01/04/2024 18:20;Carga Geral;Pasta De Celulose;1;;127:40:00;5,32;12;3,87
2024;Santos;BRSSZ;Público;Cabotagem;1446550;9331402;2024-03-21 06:00:00;01/04/2024 16:40;01/04/2024 16:40;04/04/2024 10:10;Granel Líquido e Gasoso;Etanol Combustível;1;;274:40:00;11,44;12;3,87
2024;Santos;BRSSZ;Público;Longo Curso;1446501;9642368;2024-03-21 14:20:00;03/04/2024 22:00;03/04/2024 22:00;07/04/2024 10:10;Granel Sólido;Soja;1;;319:40:00;13,32;12;3,87
2024;Santos;BRSSZ;Público;Longo Curso;1434508;9401790;2024-03-21 17:00:00;21/03/2024 18:15;21/03/2024 19:00;26/03/2024 02:30;Carga Geral;Pasta De Celulose;1;;1:15:00;0,05;12;3,87
2024;Santos;BRSSZ;Público;Longo Curso;1446523;9593751;2024-03-21 20:15:00;03/04/2024 23:00;04/04/2024 03:25;08/04/2024 14:25;Granel Sólido;Soja;1;;314:45:00;13,11;12;3,87
2024;Santos;BRSSZ;Público;Cabotagem;1436469;9407407;2024-03-21 21:06:00;23/03/2024 17:40;23/03/2024 21:28;26/03/2024 03:00;Granel Líquido e Gasoso;Petróleo E Derivados (Sem Óleo Bruto);1;;44:34:00;1,86;12;3,87
2024;Santos;BRSSZ;Público;Longo Curso;1434704;9414292;2024-03-22 00:54:00;22/03/2024 01:44;22/03/2024 05:40;24/03/2024 13:50;Granel Líquido e Gasoso;Petróleo E Derivados (Sem Óleo Bruto);1;;0:50:00;0,03;12;3,87
2024;Santos;BRSSZ;Público;Longo Curso;1446624;9845829;2024-03-22 03:00:00;04/04/2024 13:35;04/04/2024 15:28;06/04/2024 11:40;Granel Sólido;Açúcar;1;;322:35:00;13,44;12;3,87
2024;Santos;BRSSZ;Público;Longo Curso;1436457;9143207;2024-03-22 07:30:00;22/03/2024 08:50;22/03/2024 08:50;24/03/2024 20:55;Granel Líquido e Gasoso;Produtos Químicos Orgânicos;1;;1:20:00;0,06;12;3,87
2024;Santos;BRSSZ;Público;Longo Curso;1434606;9843015;2024-03-22 07:36:00;23/03/2024 17:44;24/03/2024 13:38;26/03/2024 11:50;Carga Geral;Açúcar;1;;34:08:00;1,42;12;3,87
2024;Santos;BRSSZ;Público;Cabotagem;1434722;9660358;2024-03-23 08:30:00;26/03/2024 14:54;26/03/2024 17:42;28/03/2024 14:25;Granel Líquido e Gasoso;Petróleo E Derivados (Sem Óleo Bruto);1;;78:24:00;3,27;12;3,87
2024;Santos;BRSSZ;Público;Longo Curso;1436459;9311141;2024-03-23 11:48:00;26/03/2024 23:50;27/03/2024 04:59;31/03/2024 07:17;Granel Sólido;Soja;1;;84:02:00;3,5;12;3,87
2024;Santos;BRSSZ;Público;Cabotagem;1434532;9753636;2024-03-23 18:00:00;26/03/2024 01:41;26/03/2024 02:15;28/03/2024 13:44;Granel Líquido e Gasoso;Combustíveis, Óleos E Produtos Minerais;1;;55:41:00;2,32;12;3,87
2024;Santos;BRSSZ;Público;Cabotagem;1434532;9753636;2024-03-23 18:00:00;26/03/2024 01:41;26/03/2024 02:15;28/03/2024 13:44;Granel Líquido e Gasoso;Etanol Combustível;1;;55:41:00;2,32;12;3,87
2024;Santos;BRSSZ;Público;Cabotagem;1434532;9753636;2024-03-23 18:00:00;26/03/2024 01:41;26/03/2024 02:15;28/03/2024 13:44;Granel Líquido e Gasoso;Petróleo E Derivados (Sem Óleo Bruto);1;;55:41:00;2,32;12;3,87
2024;Santos;BRSSZ;Público;Cabotagem;1434532;9753636;2024-03-23 18:00:00;26/03/2024 01:41;26/03/2024 02:15;28/03/2024 13:44;Granel Líquido e Gasoso;Produtos Químicos Orgânicos;1;;55:41:00;2,32;12;3,87
2024;Santos;BRSSZ;Público;Cabotagem;1434532;9753636;2024-03-23 18:00:00;26/03/2024 01:41;26/03/2024 02:15;28/03/2024 13:44;Granel Líquido e Gasoso;Soda Cáustica;1;;55:41:00;2,32;12;3,87
2024;Santos;BRSSZ;Público;Longo Curso;1434711;9505998;2024-03-23 21:00:00;23/03/2024 22:22;24/03/2024 01:20;25/03/2024 19:07;Granel Líquido e Gasoso;Petróleo E Derivados (Sem Óleo Bruto);1;;1:22:00;0,06;12;3,87
2024;Santos;BRSSZ;Público;Longo Curso;1434604;9594298;2024-03-24 09:30:00;25/03/2024 02:10;25/03/2024 02:10;28/03/2024 11:00;Carga Geral;Adubos (Fertilizantes);1;;16:40:00;0,69;12;3,87
2024;Santos;BRSSZ;Público;Longo Curso;1434570;9230995;2024-03-24 11:30:00;24/03/2024 12:15;24/03/2024 12:16;27/03/2024 17:00;Granel Líquido e Gasoso;Preparações De Frutas;1;;0:45:00;0,03;12;3,87
2024;Santos;BRSSZ;Público;Cabotagem;1434719;9102928;2024-03-24 13:00:00;28/03/2024 14:40;28/03/2024 14:40;31/03/2024 10:45;Granel Líquido e Gasoso;Soda Cáustica;1;;97:40:00;4,07;12;3,87
2024;Santos;BRSSZ;Público;Cabotagem;1434721;9836452;2024-03-24 14:48:00;28/03/2024 15:18;28/03/2024 19:00;29/03/2024 14:30;Granel Líquido e Gasoso;Petróleo E Derivados (Sem Óleo Bruto);1;;96:30:00;4,02;12;3,87
2024;Santos;BRSSZ;Público;Longo Curso;1436458;9866770;2024-03-24 17:15:00;24/03/2024 18:30;24/03/2024 18:30;30/03/2024 17:55;Granel Líquido e Gasoso;Petróleo E Derivados (Sem Óleo Bruto);1;;1:15:00;0,05;12;3,87
2024;Santos;BRSSZ;Público;Longo Curso;1436458;9866770;2024-03-24 17:15:00;24/03/2024 18:30;24/03/2024 18:30;30/03/2024 17:55;Granel Líquido e Gasoso;Produtos Químicos Orgânicos;1;;1:15:00;0,05;12;3,87
2024;Santos;BRSSZ;Público;Longo Curso;1446542;9287168;2024-03-24 19:36:00;10/04/2024 16:30;10/04/2024 22:32;14/04/2024 04:24;Granel Sólido;Soja;1;;404:54:00;16,87;12;3,87
2024;Santos;BRSSZ;Público;Longo Curso;1436455;9143207;2024-03-24 20:55:00;24/03/2024 21:35;24/03/2024 21:35;28/03/2024 07:40;Granel Líquido e Gasoso;Sabões, Ceras, Velas E Massas;1;;0:40:00;0,03;12;3,87
2024;Santos;BRSSZ;Público;Longo Curso;1436455;9143207;2024-03-24 20:55:00;24/03/2024 21:35;24/03/2024 21:35;28/03/2024 07:40;Granel Líquido e Gasoso;Produtos Diversos Da Indústria Química;1;;0:40:00;0,03;12;3,87
2024;Santos;BRSSZ;Público;Longo Curso;1436455;9143207;2024-03-24 20:55:00;24/03/2024 21:35;24/03/2024 21:35;28/03/2024 07:40;Granel Líquido e Gasoso;Produtos Químicos Orgânicos;1;;0:40:00;0,03;12;3,87
2024;Santos;BRSSZ;Público;Longo Curso;1436455;9143207;2024-03-24 20:55:00;24/03/2024 21:35;24/03/2024 21:35;28/03/2024 07:40;Granel Líquido e Gasoso;Petróleo E Derivados (Sem Óleo Bruto);1;;0:40:00;0,03;12;3,87
2024;Santos;BRSSZ;Público;Longo Curso;1436455;9143207;2024-03-24 20:55:00;24/03/2024 21:35;24/03/2024 21:35;28/03/2024 07:40;Granel Líquido e Gasoso;Plásticos E Suas Obras;1;;0:40:00;0,03;12;3,87
2024;Santos;BRSSZ;Público;Longo Curso;1436455;9143207;2024-03-24 20:55:00;24/03/2024 21:35;24/03/2024 21:35;28/03/2024 07:40;Granel Líquido e Gasoso;Combustíveis, Óleos E Produtos Minerais;1;;0:40:00;0,03;12;3,87
2024;Santos;BRSSZ;Público;Longo Curso;1438129;9913688;2024-03-25 06:00:00;25/03/2024 08:34;25/03/2024 11:00;30/03/2024 01:27;Granel Sólido;Adubos (Fertilizantes);1;;2:34:00;0,11;13;3,7
2024;Santos;BRSSZ;Público;Longo Curso;1434524;9942005;2024-03-25 06:00:00;25/03/2024 07:34;25/03/2024 07:34;30/03/2024 12:46;Granel Sólido;Produtos Químicos Inorgânicos;1;;1:34:00;0,07;13;3,7
2024;Santos;BRSSZ;Público;Longo Curso;1446502;9598177;2024-03-25 08:30:00;09/04/2024 21:10;09/04/2024 21:10;13/04/2024 09:35;Granel Sólido;Soja;1;;372:40:00;15,53;13;3,7
2024;Santos;BRSSZ;Público;Longo Curso;1436470;9691644;2024-03-25 10:30:00;27/03/2024 20:35;28/03/2024 10:37;30/03/2024 02:00;Granel Sólido;Trigo;1;;58:05:00;2,42;13;3,7
2024;Santos;BRSSZ;Público;Longo Curso;1446612;9725859;2024-03-25 14:36:00;30/03/2024 20:35;30/03/2024 20:35;02/04/2024 19:55;Granel Líquido e Gasoso;Produtos Químicos Orgânicos;1;;125:59:00;5,25;13;3,7
2024;Santos;BRSSZ;Público;Longo Curso;1434629;9425758;2024-03-25 17:15:00;25/03/2024 18:20;25/03/2024 21:00;27/03/2024 04:10;Granel Sólido;Açúcar;1;;1:05:00;0,05;13;3,7
2024;Santos;BRSSZ;Público;Longo Curso;1446625;9936939;2024-03-25 20:18:00;04/04/2024 14:10;04/04/2024 16:15;06/04/2024 16:55;Granel Sólido;Soja;1;;233:52:00;9,74;13;3,7
2024;Santos;BRSSZ;Público;Longo Curso;1446603;9952464;2024-03-26 06:20:00;08/04/2024 01:50;08/04/2024 01:50;10/04/2024 17:05;Granel Sólido;Resíduos Da Extração Do Óleo De Soja;1;;307:30:00;12,81;13;3,7
2024;Santos;BRSSZ;Público;Longo Curso;1446580;9410911;2024-03-26 08:00:00;31/03/2024 14:05;31/03/2024 14:05;05/04/2024 16:20;Granel Líquido e Gasoso;Petróleo E Derivados (Sem Óleo Bruto);1;;126:05:00;5,25;13;3,7
2024;Santos;BRSSZ;Público;Longo Curso;1434556;9518074;2024-03-26 08:15:00;26/03/2024 09:36;26/03/2024 11:30;27/03/2024 12:31;Granel Sólido;Açúcar;1;;1:21:00;0,06;13;3,7
2024;Santos;BRSSZ;Público;Longo Curso;1446641;9544085;2024-03-26 09:00:00;02/04/2024 19:30;02/04/2024 22:22;07/04/2024 00:05;Granel Sólido;Soja;1;;178:30:00;7,44;13;3,7
2024;Santos;BRSSZ;Público;Longo Curso;1446627;9799800;2024-03-26 16:30:00;02/04/2024 15:35;02/04/2024 18:04;04/04/2024 03:15;Granel Sólido;Soja;1;;167:05:00;6,96;13;3,7
2024;Santos;BRSSZ;Público;Cabotagem;1446638;9391361;2024-03-27 05:48:00;04/04/2024 13:20;04/04/2024 16:00;06/04/2024 03:50;Granel Líquido e Gasoso;Petróleo E Derivados (Sem Óleo Bruto);1;;199:32:00;8,31;13;3,7
2024;Santos;BRSSZ;Público;Longo Curso;1446618;9476290;2024-03-27 06:48:00;06/04/2024 15:35;06/04/2024 16:50;07/04/2024 16:25;Granel Sólido;Açúcar;1;;248:47:00;10,37;13;3,7
2024;Santos;BRSSZ;Público;Longo Curso;1434652;9715311;2024-03-27 10:30:00;27/03/2024 11:15;27/03/2024 13:00;29/03/2024 17:00;Granel Sólido;Resíduos Da Extração Do Óleo De Soja;1;;0:45:00;0,03;13;3,7
2024;Santos;BRSSZ;Público;Longo Curso;1434603;9380764;2024-03-27 12:00:00;27/03/2024 12:35;27/03/2024 13:00;29/03/2024 04:35;Carga Geral;Pasta De Celulose;1;;0:35:00;0,02;13;3,7
2024;Santos;BRSSZ;Público;Longo Curso;1434587;9393618;2024-03-27 17:00:00;27/03/2024 17:43;27/03/2024 19:00;29/03/2024 17:43;Granel Sólido;Açúcar;1;;0:43:00;0,03;13;3,7
2024;Santos;BRSSZ;Público;Longo Curso;1434720;9464663;2024-03-27 21:30:00;27/03/2024 22:20;28/03/2024 09:44;30/03/2024 11:55;Granel Sólido;Resíduos Da Extração Do Óleo De Soja;1;;0:50:00;0,03;13;3,7
2024;Santos;BRSSZ;Público;Longo Curso;1446598;9705720;2024-03-28 00:30:00;28/03/2024 01:45;28/03/2024 14:10;01/04/2024 12:30;Granel Líquido e Gasoso;Etanol Combustível;1;;1:15:00;0,05;13;3,7
2024;Santos;BRSSZ;Público;Longo Curso;1436463;9773143;2024-03-28 08:30:00;28/03/2024 09:45;28/03/2024 12:40;30/03/2024 16:20;Granel Líquido e Gasoso;Produtos Diversos Da Indústria Química;1;;1:15:00;0,05;13;3,7
2024;Santos;BRSSZ;Público;Longo Curso;1436463;9773143;2024-03-28 08:30:00;28/03/2024 09:45;28/03/2024 12:40;30/03/2024 16:20;Granel Líquido e Gasoso;Produtos Químicos Inorgânicos;1;;1:15:00;0,05;13;3,7
2024;Santos;BRSSZ;Público;Longo Curso;1446639;9229635;2024-03-29 02:00:00;08/04/2024 02:50;08/04/2024 04:54;10/04/2024 08:40;Granel Sólido;Soja;1;;240:50:00;10,03;13;3,7
2024;Santos;BRSSZ;Público;Longo Curso;1446623;9723980;2024-03-29 09:15:00;30/03/2024 09:47;30/03/2024 13:05;03/04/2024 14:00;Granel Sólido;Adubos (Fertilizantes);1;;24:32:00;1,02;13;3,7
2024;Santos;BRSSZ;Público;Longo Curso;1446635;9007544;2024-03-29 13:30:00;29/03/2024 14:15;29/03/2024 14:15;01/04/2024 10:15;Carga Geral;Pasta De Celulose;1;;0:45:00;0,03;13;3,7
2024;Santos;BRSSZ;Público;Longo Curso;1434540;9885910;2024-03-29 19:30:00;29/03/2024 20:45;30/03/2024 00:01;30/03/2024 16:10;Granel Sólido;Açúcar;1;;1:15:00;0,05;13;3,7
2024;Santos;BRSSZ;Público;Longo Curso;1446619;9735452;2024-03-30 09:40:00;30/03/2024 10:25;30/03/2024 16:00;02/04/2024 04:05;Granel Líquido e Gasoso;Preparações De Frutas;1;;0:45:00;0,03;13;3,7
2024;Santos;BRSSZ;Público;Longo Curso;1446571;9866770;2024-03-30 17:55:00;30/03/2024 18:30;31/03/2024 12:15;03/04/2024 07:40;Granel Líquido e Gasoso;Petróleo E Derivados (Sem Óleo Bruto);1;;0:35:00;0,02;13;3,7
2024;Santos;BRSSZ;Público;Longo Curso;1446571;9866770;2024-03-30 17:55:00;30/03/2024 18:30;31/03/2024 12:15;03/04/2024 07:40;Granel Líquido e Gasoso;Produtos Químicos Orgânicos;1;;0:35:00;0,02;13;3,7
2024;Santos;BRSSZ;Público;Longo Curso;1446579;9640097;2024-03-31 02:00:00;04/04/2024 13:27;04/04/2024 13:27;05/04/2024 09:45;Granel Líquido e Gasoso;Petróleo E Derivados (Sem Óleo Bruto);1;;107:27:00;4,48;13;3,7
2024;Santos;BRSSZ;Público;Longo Curso;1446579;9640097;2024-03-31 02:00:00;04/04/2024 13:27;04/04/2024 13:27;05/04/2024 09:45;Granel Líquido e Gasoso;Produtos Diversos Da Indústria Química;1;;107:27:00;4,48;13;3,7
2024;Santos;BRSSZ;Público;Longo Curso;1446572;9828223;2024-03-31 02:30:00;05/04/2024 20:35;05/04/2024 21:05;07/04/2024 11:25;Granel Líquido e Gasoso;Produtos Químicos Orgânicos;1;;138:05:00;5,75;13;3,7
2024;Santos;BRSSZ;Público;Cabotagem;1446649;9416381;2024-03-31 09:24:00;09/04/2024 16:50;09/04/2024 20:36;11/04/2024 07:54;Granel Líquido e Gasoso;Petróleo E Derivados (Sem Óleo Bruto);1;;223:26:00;9,31;13;3,7
2024;Santos;BRSSZ;Público;Cabotagem;1446654;9636694;2024-03-31 23:42:00;03/04/2024 06:40;03/04/2024 10:30;04/04/2024 09:00;Granel Líquido e Gasoso;Petróleo E Derivados (Sem Óleo Bruto);1;;54:58:00;2,29;13;3,7
2024;Santos;BRSSZ;Público;Longo Curso;1446581;9007544;2024-04-01 10:15:00;01/04/2024 11:45;01/04/2024 13:21;02/04/2024 10:00;Carga Geral;Pasta De Celulose;1;;1:30:00;0,06;14;2,36
2024;Santos;BRSSZ;Público;Longo Curso;1446621;9888027;2024-04-01 16:00:00;10/04/2024 15:04;10/04/2024 18:37;12/04/2024 04:22;Granel Sólido;Açúcar;1;;215:04:00;8,96;14;2,36
2024;Santos;BRSSZ;Público;Longo Curso;1446631;9691644;2024-04-02 07:30:00;02/04/2024 08:18;02/04/2024 09:08;05/04/2024 17:05;Granel Sólido;Trigo;1;;0:48:00;0,03;14;2,36
2024;Santos;BRSSZ;Público;Cabotagem;1446660;9660358;2024-04-02 08:24:00;07/04/2024 09:40;07/04/2024 13:00;09/04/2024 15:22;Granel Líquido e Gasoso;Petróleo E Derivados (Sem Óleo Bruto);1;;121:16:00;5,05;14;2,36
2024;Santos;BRSSZ;Público;Cabotagem;1446645;9448322;2024-04-02 09:00:00;06/04/2024 06:50;06/04/2024 09:50;07/04/2024 06:25;Granel Líquido e Gasoso;Petróleo E Derivados (Sem Óleo Bruto);1;;93:50:00;3,91;14;2,36
2024;Santos;BRSSZ;Público;Longo Curso;1446646;9537630;2024-04-03 00:00:00;17/04/2024 16:15;17/04/2024 16:15;20/04/2024 16:50;Granel Sólido;Resíduos Da Extração Do Óleo De Soja;1;;352:15:00;14,68;14;2,36
2024;Santos;BRSSZ;Público;Longo Curso;1446543;9265885;2024-04-03 08:00:00;03/04/2024 08:55;03/04/2024 08:55;07/04/2024 20:40;Granel Líquido e Gasoso;Petróleo E Derivados (Sem Óleo Bruto);1;;0:55:00;0,04;14;2,36
2024;Santos;BRSSZ;Público;Longo Curso;1446519;9811919;2024-04-04 01:00:00;04/04/2024 01:59;04/04/2024 01:59;08/04/2024 02:45;Granel Sólido;Produtos Químicos Inorgânicos;1;;0:59:00;0,04;14;2,36
2024;Santos;BRSSZ;Público;Longo Curso;1446556;9561344;2024-04-04 03:00:00;04/04/2024 10:10;04/04/2024 10:10;07/04/2024 09:25;Granel Sólido;Adubos (Fertilizantes);1;;7:10:00;0,3;14;2,36
2024;Santos;BRSSZ;Público;Longo Curso;1446575;9464663;2024-04-04 06:00:00;04/04/2024 06:45;04/04/2024 09:21;07/04/2024 10:00;Granel Sólido;Resíduos Da Extração Do Óleo De Soja;1;;0:45:00;0,03;14;2,36
2024;Santos;BRSSZ;Público;Longo Curso;1446575;9464663;2024-04-04 06:00:00;04/04/2024 06:45;04/04/2024 09:21;07/04/2024 10:00;Granel Sólido;Soja;1;;0:45:00;0,03;14;2,36
2024;Santos;BRSSZ;Público;Longo Curso;1446647;9929326;2024-04-04 09:00:00;07/04/2024 06:40;07/04/2024 08:27;11/04/2024 15:10;Granel Sólido;Resíduos Da Extração Do Óleo De Soja;1;;69:40:00;2,9;14;2,36
2024;Santos;BRSSZ;Público;Cabotagem;1446664;9403968;2024-04-04 21:45:00;06/04/2024 02:16;06/04/2024 02:30;07/04/2024 21:35;Granel Líquido e Gasoso;Soda Cáustica;1;;28:31:00;1,19;14;2,36
2024;Santos;BRSSZ;Público;Longo Curso;1446524;9881641;2024-04-05 10:55:00;05/04/2024 11:45;05/04/2024 13:23;06/04/2024 18:20;Carga Geral;Pasta De Celulose;1;;0:50:00;0,03;14;2,36
2024;Santos;BRSSZ;Público;Longo Curso;1444177;9620621;2024-04-06 03:00:00;12/04/2024 13:40;12/04/2024 15:40;14/04/2024 00:35;Granel Sólido;Açúcar;1;;154:40:00;6,44;14;2,36
2024;Santos;BRSSZ;Público;Longo Curso;1446643;9511167;2024-04-06 03:15:00;07/04/2024 14:40;07/04/2024 14:40;09/04/2024 07:50;Granel Líquido e Gasoso;Produtos Químicos Orgânicos;1;;35:25:00;1,48;14;2,36
2024;Santos;BRSSZ;Público;Longo Curso;1446657;9186211;2024-04-06 10:00:00;06/04/2024 10:50;06/04/2024 11:00;08/04/2024 02:24;Carga Geral;Pasta De Celulose;1;;0:50:00;0,03;14;2,36
2024;Santos;BRSSZ;Público;Longo Curso;1446585;9257199;2024-04-06 22:00:00;06/04/2024 22:52;07/04/2024 02:10;08/04/2024 01:35;Granel Sólido;Açúcar;1;;0:52:00;0,04;14;2,36
2024;Santos;BRSSZ;Público;Longo Curso;1446648;9568495;2024-04-06 22:48:00;09/04/2024 08:50;10/04/2024 02:15;12/04/2024 10:00;Granel Líquido e Gasoso;Produtos Químicos Orgânicos;1;;58:02:00;2,42;14;2,36
2024;Santos;BRSSZ;Público;Longo Curso;1446670;9414278;2024-04-07 03:48:00;11/04/2024 10:30;11/04/2024 19:42;13/04/2024 21:18;Granel Líquido e Gasoso;Petróleo E Derivados (Sem Óleo Bruto);1;;102:42:00;4,28;14;2,36
2024;Santos;BRSSZ;Público;Longo Curso;1446663;9619878;2024-04-07 07:30:00;09/04/2024 21:45;10/04/2024 00:30;11/04/2024 07:40;Granel Sólido;Soja;1;;62:15:00;2,59;14;2,36
2024;Santos;BRSSZ;Público;Longo Curso;1446658;9706554;2024-04-07 11:12:00;11/04/2024 14:30;11/04/2024 19:52;13/04/2024 11:55;Granel Sólido;Soja;1;;99:18:00;4,14;14;2,36
2024;Santos;BRSSZ;Público;Longo Curso;1446507;9589671;2024-04-07 14:30:00;07/04/2024 15:45;07/04/2024 19:00;09/04/2024 17:20;Granel Sólido;Soja;1;;1:15:00;0,05;14;2,36
2024;Santos;BRSSZ;Público;Longo Curso;1446531;9605176;2024-04-07 15:30:00;08/04/2024 19:54;09/04/2024 01:00;12/04/2024 15:35;Carga Geral;Açúcar;1;;28:24:00;1,18;14;2,36
2024;Santos;BRSSZ;Público;Longo Curso;1446531;9605176;2024-04-07 15:30:00;08/04/2024 19:54;09/04/2024 01:00;12/04/2024 15:35;Carga Geral;Fibras, Fios, Tecidos E Outros Artefatos;1;;28:24:00;1,18;14;2,36
2024;Santos;BRSSZ;Público;Longo Curso;1446562;9117739;2024-04-07 16:00:00;07/04/2024 20:08;08/04/2024 07:15;09/04/2024 11:45;Carga Geral;Pasta De Celulose;1;;4:08:00;0,17;14;2,36
2024;Santos;BRSSZ;Público;Longo Curso;1446682;9590785;2024-04-08 00:30:00;19/04/2024 04:40;19/04/2024 06:50;20/04/2024 04:55;Granel Sólido;Açúcar;1;;268:10:00;11,17;15;3,17
2024;Santos;BRSSZ;Público;Cabotagem;1446656;9613836;2024-04-08 06:30:00;08/04/2024 07:25;08/04/2024 14:20;10/04/2024 14:45;Granel Sólido;Sal;1;;0:55:00;0,04;15;3,17
2024;Santos;BRSSZ;Público;Cabotagem;1446509;9102928;2024-04-08 06:45:00;08/04/2024 08:35;08/04/2024 09:18;11/04/2024 20:00;Granel Líquido e Gasoso;Soda Cáustica;1;;1:50:00;0,08;15;3,17
2024;Santos;BRSSZ;Público;Longo Curso;1446659;9274317;2024-04-09 01:57:00;09/04/2024 03:18;09/04/2024 14:35;11/04/2024 11:31;Granel Líquido e Gasoso;Petróleo E Derivados (Sem Óleo Bruto);1;;1:21:00;0,06;15;3,17
2024;Santos;BRSSZ;Público;Cabotagem;1446527;9753636;2024-04-09 07:45:00;09/04/2024 09:10;09/04/2024 09:45;15/04/2024 01:43;Granel Líquido e Gasoso;Combustíveis, Óleos E Produtos Minerais;1;;1:25:00;0,06;15;3,17
2024;Santos;BRSSZ;Público;Cabotagem;1446527;9753636;2024-04-09 07:45:00;09/04/2024 09:10;09/04/2024 09:45;15/04/2024 01:43;Granel Líquido e Gasoso;Etanol Combustível;1;;1:25:00;0,06;15;3,17
2024;Santos;BRSSZ;Público;Cabotagem;1446527;9753636;2024-04-09 07:45:00;09/04/2024 09:10;09/04/2024 09:45;15/04/2024 01:43;Granel Líquido e Gasoso;Petróleo E Derivados (Sem Óleo Bruto);1;;1:25:00;0,06;15;3,17
2024;Santos;BRSSZ;Público;Cabotagem;1446527;9753636;2024-04-09 07:45:00;09/04/2024 09:10;09/04/2024 09:45;15/04/2024 01:43;Granel Líquido e Gasoso;Produtos Químicos Orgânicos;1;;1:25:00;0,06;15;3,17
2024;Santos;BRSSZ;Público;Cabotagem;1446527;9753636;2024-04-09 07:45:00;09/04/2024 09:10;09/04/2024 09:45;15/04/2024 01:43;Granel Líquido e Gasoso;Soda Cáustica;1;;1:25:00;0,06;15;3,17
2024;Santos;BRSSZ;Público;Longo Curso;1446504;9747651;2024-04-09 09:30:00;10/04/2024 12:17;10/04/2024 12:17;20/04/2024 22:17;Granel Sólido;Trigo;1;;26:47:00;1,12;15;3,17
2024;Santos;BRSSZ;Público;Longo Curso;1446508;9881677;2024-04-09 15:30:00;09/04/2024 21:15;09/04/2024 22:00;13/04/2024 01:15;Carga Geral;Pasta De Celulose;1;;5:45:00;0,24;15;3,17
2024;Santos;BRSSZ;Público;Longo Curso;1446674;9518098;2024-04-09 19:30:00;14/04/2024 03:20;14/04/2024 06:00;16/04/2024 06:10;Granel Sólido;Soja;1;;103:50:00;4,33;15;3,17
2024;Santos;BRSSZ;Público;Longo Curso;1446503;9966300;2024-04-09 22:50:00;13/04/2024 12:05;13/04/2024 12:05;17/04/2024 03:45;Granel Sólido;Soja;1;;85:15:00;3,55;15;3,17
2024;Santos;BRSSZ;Público;Longo Curso;1446667;9613874;2024-04-09 23:30:00;10/04/2024 00:30;10/04/2024 02:48;10/04/2024 17:34;Carga Geral;Pasta De Celulose;1;;1:00:00;0,04;15;3,17
2024;Santos;BRSSZ;Público;Cabotagem;1446532;9236743;2024-04-10 00:30:00;11/04/2024 23:00;11/04/2024 23:00;16/04/2024 13:15;Granel Líquido e Gasoso;Petróleo E Derivados (Sem Óleo Bruto);1;;46:30:00;1,94;15;3,17
2024;Santos;BRSSZ;Público;Longo Curso;1446565;9273832;2024-04-10 04:06:00;15/04/2024 05:25;15/04/2024 05:25;20/04/2024 21:10;Granel Líquido e Gasoso;Petróleo E Derivados (Sem Óleo Bruto);1;;121:19:00;5,05;15;3,17
2024;Santos;BRSSZ;Público;Longo Curso;1446676;9595694;2024-04-10 09:12:00;20/04/2024 07:08;20/04/2024 09:10;22/04/2024 03:55;Granel Sólido;Soja;1;;237:56:00;9,91;15;3,17
2024;Santos;BRSSZ;Público;Longo Curso;1446650;9752034;2024-04-10 09:12:00;11/04/2024 13:30;11/04/2024 21:15;13/04/2024 05:30;Granel Líquido e Gasoso;Produtos Químicos Orgânicos;1;;28:18:00;1,18;15;3,17
2024;Santos;BRSSZ;Público;Longo Curso;1446530;9766906;2024-04-10 17:00:00;10/04/2024 19:55;11/04/2024 01:35;16/04/2024 10:10;Carga Geral;Pasta De Celulose;1;;2:55:00;0,12;15;3,17
2024;Santos;BRSSZ;Público;Longo Curso;1446589;9804875;2024-04-11 05:36:00;17/04/2024 17:45;17/04/2024 17:45;20/04/2024 08:12;Granel Líquido e Gasoso;Produtos Químicos Inorgânicos;1;;156:09:00;6,51;15;3,17
2024;Santos;BRSSZ;Público;Longo Curso;1446589;9804875;2024-04-11 05:36:00;17/04/2024 17:45;17/04/2024 17:45;20/04/2024 08:12;Granel Líquido e Gasoso;Produtos Químicos Orgânicos;1;;156:09:00;6,51;15;3,17
2024;Santos;BRSSZ;Público;Cabotagem;1446683;9391361;2024-04-11 16:24:00;21/04/2024 22:25;22/04/2024 02:20;23/04/2024 23:50;Granel Líquido e Gasoso;Petróleo E Derivados (Sem Óleo Bruto);1;;246:01:00;10,25;15;3,17
2024;Santos;BRSSZ;Público;Longo Curso;1446644;9484235;2024-04-12 02:24:00;15/04/2024 01:10;15/04/2024 01:10;19/04/2024 23:43;Carga Geral;Adubos (Fertilizantes);1;;70:46:00;2,95;15;3,17
2024;Santos;BRSSZ;Público;Longo Curso;1446559;9266267;2024-04-12 05:06:00;12/04/2024 12:40;12/04/2024 12:50;14/04/2024 12:00;Granel Líquido e Gasoso;Plásticos E Suas Obras;1;;7:34:00;0,32;15;3,17
2024;Santos;BRSSZ;Público;Longo Curso;1446559;9266267;2024-04-12 05:06:00;12/04/2024 12:40;12/04/2024 12:50;14/04/2024 12:00;Granel Líquido e Gasoso;Produtos Químicos Orgânicos;1;;7:34:00;0,32;15;3,17
2024;Santos;BRSSZ;Público;Longo Curso;1446661;9332078;2024-04-12 08:00:00;19/04/2024 04:20;19/04/2024 11:50;21/04/2024 18:18;Granel Líquido e Gasoso;Gás De Petróleo;1;;164:20:00;6,85;15;3,17
2024;Santos;BRSSZ;Público;Longo Curso;1446686;9681546;2024-04-12 10:06:00;23/04/2024 08:15;23/04/2024 13:01;27/04/2024 22:10;Granel Sólido;Resíduos Da Extração Do Óleo De Soja;1;;262:09:00;10,92;15;3,17
2024;Santos;BRSSZ;Público;Longo Curso;1446653;9491288;2024-04-12 16:55:00;14/04/2024 14:30;14/04/2024 21:20;16/04/2024 13:20;Granel Sólido;Soja;1;;45:35:00;1,9;15;3,17
2024;Santos;BRSSZ;Público;Longo Curso;1454698;9465174;2024-04-12 17:12:00;29/04/2024 19:40;29/04/2024 22:05;01/05/2024 00:07;Granel Sólido;Açúcar;1;;410:28:00;17,1;15;3,17
2024;Santos;BRSSZ;Público;Longo Curso;1446551;9266243;2024-04-12 18:00:00;13/04/2024 08:44;13/04/2024 08:44;15/04/2024 03:30;Granel Líquido e Gasoso;Gorduras E Óleos Animais Ou Vegetais;1;;14:44:00;0,61;15;3,17
2024;Santos;BRSSZ;Público;Cabotagem;1446689;9660358;2024-04-13 06:00:00;14/04/2024 07:22;14/04/2024 10:30;17/04/2024 00:30;Granel Líquido e Gasoso;Petróleo E Derivados (Sem Óleo Bruto);1;;25:22:00;1,06;15;3,17
2024;Santos;BRSSZ;Público;Longo Curso;1446520;9481439;2024-04-13 14:30:00;17/04/2024 09:05;17/04/2024 09:05;21/04/2024 03:50;Granel Sólido;Soja;1;;90:35:00;3,77;15;3,17
2024;Santos;BRSSZ;Público;Longo Curso;1446690;9591818;2024-04-14 01:30:00;16/04/2024 16:15;16/04/2024 19:28;19/04/2024 04:45;Granel Sólido;Soja;1;;62:45:00;2,61;15;3,17
2024;Santos;BRSSZ;Público;Longo Curso;1446685;9286619;2024-04-14 12:15:00;16/04/2024 09:50;16/04/2024 14:10;18/04/2024 23:40;Granel Sólido;Soja;1;;45:35:00;1,9;15;3,17
2024;Santos;BRSSZ;Público;Longo Curso;1446677;9340489;2024-04-14 12:20:00;14/04/2024 13:25;14/04/2024 13:25;16/04/2024 03:40;Granel Líquido e Gasoso;Gorduras E Óleos Animais Ou Vegetais;1;;1:05:00;0,05;15;3,17
2024;Santos;BRSSZ;Público;Longo Curso;1446665;9856921;2024-04-14 13:00:00;16/04/2024 19:30;17/04/2024 00:46;20/04/2024 10:05;Granel Sólido;Soja;1;;54:30:00;2,27;15;3,17
2024;Santos;BRSSZ;Público;Longo Curso;1446652;9481960;2024-04-14 18:30:00;17/04/2024 00:48;17/04/2024 07:00;18/04/2024 18:15;Granel Sólido;Adubos (Fertilizantes);1;;54:18:00;2,26;15;3,17
2024;Santos;BRSSZ;Público;Longo Curso;1446535;9284893;2024-04-15 06:06:00;17/04/2024 21:00;18/04/2024 12:51;21/04/2024 13:50;Granel Sólido;Soja;1;;62:54:00;2,62;16;1,94
2024;Santos;BRSSZ;Público;Longo Curso;1446564;9872195;2024-04-15 10:15:00;15/04/2024 11:45;15/04/2024 14:05;16/04/2024 12:15;Carga Geral;Pasta De Celulose;1;;1:30:00;0,06;16;1,94
2024;Santos;BRSSZ;Público;Longo Curso;1446538;9752034;2024-04-15 10:30:00;15/04/2024 11:30;15/04/2024 12:00;17/04/2024 16:15;Granel Líquido e Gasoso;Produtos Químicos Orgânicos;1;;1:00:00;0,04;16;1,94
2024;Santos;BRSSZ;Público;Longo Curso;1446538;9752034;2024-04-15 10:30:00;15/04/2024 11:30;15/04/2024 12:00;17/04/2024 16:15;Granel Líquido e Gasoso;Soda Cáustica;1;;1:00:00;0,04;16;1,94
2024;Santos;BRSSZ;Público;Longo Curso;1446651;9878357;2024-04-15 13:00:00;18/04/2024 14:29;18/04/2024 20:25;30/04/2024 23:50;Granel Sólido;Sal;1;;73:29:00;3,06;16;1,94
2024;Santos;BRSSZ;Público;Longo Curso;1446500;9214317;2024-04-16 04:43:00;16/04/2024 05:45;16/04/2024 05:45;20/04/2024 08:55;Granel Líquido e Gasoso;Produtos Diversos Da Indústria Química;1;;1:02:00;0,04;16;1,94
2024;Santos;BRSSZ;Público;Longo Curso;1446500;9214317;2024-04-16 04:43:00;16/04/2024 05:45;16/04/2024 05:45;20/04/2024 08:55;Granel Líquido e Gasoso;Plásticos E Suas Obras;1;;1:02:00;0,04;16;1,94
2024;Santos;BRSSZ;Público;Longo Curso;1446500;9214317;2024-04-16 04:43:00;16/04/2024 05:45;16/04/2024 05:45;20/04/2024 08:55;Granel Líquido e Gasoso;Produtos Químicos Orgânicos;1;;1:02:00;0,04;16;1,94
2024;Santos;BRSSZ;Público;Longo Curso;1446500;9214317;2024-04-16 04:43:00;16/04/2024 05:45;16/04/2024 05:45;20/04/2024 08:55;Granel Líquido e Gasoso;Combustíveis, Óleos E Produtos Minerais;1;;1:02:00;0,04;16;1,94
2024;Santos;BRSSZ;Público;Longo Curso;1446500;9214317;2024-04-16 04:43:00;16/04/2024 05:45;16/04/2024 05:45;20/04/2024 08:55;Granel Líquido e Gasoso;Petróleo E Derivados (Sem Óleo Bruto);1;;1:02:00;0,04;16;1,94
2024;Santos;BRSSZ;Público;Longo Curso;1446521;9663740;2024-04-16 04:59:00;16/04/2024 05:50;16/04/2024 05:50;18/04/2024 20:30;Granel Líquido e Gasoso;Preparações De Frutas;1;;0:51:00;0,04;16;1,94
2024;Santos;BRSSZ;Público;Cabotagem;1444176;9538141;2024-04-16 09:00:00;17/04/2024 20:40;18/04/2024 10:45;19/04/2024 04:40;Granel Líquido e Gasoso;Petróleo E Derivados (Sem Óleo Bruto);1;;35:40:00;1,49;16;1,94
2024;Santos;BRSSZ;Público;Longo Curso;1446588;9872195;2024-04-16 12:15:00;16/04/2024 12:40;16/04/2024 13:40;16/04/2024 21:35;Carga Geral;Pasta De Celulose;1;;0:25:00;0,02;16;1,94
2024;Santos;BRSSZ;Público;Cabotagem;1446671;9292773;2024-04-16 14:00:00;24/04/2024 02:20;24/04/2024 11:35;26/04/2024 00:32;Granel Líquido e Gasoso;Gás De Petróleo;1;;180:20:00;7,51;16;1,94
2024;Santos;BRSSZ;Público;Longo Curso;1446668;9335032;2024-04-16 14:18:00;20/04/2024 10:05;20/04/2024 10:05;22/04/2024 22:12;Granel Líquido e Gasoso;Soda Cáustica;1;;91:47:00;3,82;16;1,94
2024;Santos;BRSSZ;Público;Longo Curso;1446560;9266267;2024-04-16 15:00:00;16/04/2024 16:10;16/04/2024 16:30;17/04/2024 18:00;Granel Líquido e Gasoso;Produtos Químicos Orgânicos;1;;1:10:00;0,05;16;1,94
2024;Santos;BRSSZ;Público;Longo Curso;1446687;9692777;2024-04-16 15:00:00;16/04/2024 19:45;17/04/2024 09:35;22/04/2024 17:05;Granel Sólido;Trigo;1;;4:45:00;0,2;16;1,94
2024;Santos;BRSSZ;Público;Longo Curso;1446498;9872183;2024-04-17 14:00:00;17/04/2024 15:40;17/04/2024 19:00;21/04/2024 19:30;Carga Geral;Pasta De Celulose;1;;1:40:00;0,07;16;1,94
2024;Santos;BRSSZ;Público;Longo Curso;1454793;9728629;2024-04-18 10:00:00;03/05/2024 09:05;03/05/2024 09:05;05/05/2024 21:55;Granel Sólido;Resíduos Da Extração Do Óleo De Soja;1;;359:05:00;14,96;16;1,94
2024;Santos;BRSSZ;Público;Longo Curso;1446679;9953444;2024-04-19 01:30:00;21/04/2024 02:05;21/04/2024 07:00;23/04/2024 14:10;Granel Líquido e Gasoso;Óleo De Soja;1;;48:35:00;2,02;16;1,94
2024;Santos;BRSSZ;Público;Longo Curso;1446697;9708992;2024-04-19 14:00:00;22/04/2024 02:45;22/04/2024 05:13;23/04/2024 13:30;Granel Sólido;Soja;1;;60:45:00;2,53;16;1,94
2024;Santos;BRSSZ;Público;Cabotagem;1446552;9102928;2024-04-19 20:00:00;19/04/2024 21:10;19/04/2024 22:12;24/04/2024 16:20;Granel Líquido e Gasoso;Soda Cáustica;1;;1:10:00;0,05;16;1,94
2024;Santos;BRSSZ;Público;Longo Curso;1446695;9490466;2024-04-19 20:54:00;22/04/2024 21:50;23/04/2024 01:00;25/04/2024 02:12;Granel Sólido;Soja;1;;72:56:00;3,04;16;1,94
2024;Santos;BRSSZ;Público;Cabotagem;1446693;9295153;2024-04-19 21:50:00;19/04/2024 23:00;20/04/2024 08:28;25/04/2024 09:10;Granel Sólido;Sal;1;;1:10:00;0,05;16;1,94
2024;Santos;BRSSZ;Público;Longo Curso;1454798;9738935;2024-04-20 00:01:00;04/05/2024 06:10;04/05/2024 08:05;05/05/2024 21:07;Granel Sólido;Açúcar;1;;342:09:00;14,26;16;1,94
2024;Santos;BRSSZ;Público;Longo Curso;1446513;9214317;2024-04-20 08:55:00;20/04/2024 10:00;20/04/2024 10:20;24/04/2024 02:55;Granel Líquido e Gasoso;Produtos Químicos Orgânicos;1;;1:05:00;0,05;16;1,94
2024;Santos;BRSSZ;Público;Longo Curso;1446513;9214317;2024-04-20 08:55:00;20/04/2024 10:00;20/04/2024 10:20;24/04/2024 02:55;Granel Líquido e Gasoso;Petróleo E Derivados (Sem Óleo Bruto);1;;1:05:00;0,05;16;1,94
2024;Santos;BRSSZ;Público;Longo Curso;1446545;9826574;2024-04-20 09:36:00;23/04/2024 00:05;23/04/2024 08:40;25/04/2024 04:45;Granel Líquido e Gasoso;Etanol Combustível;1;;62:29:00;2,6;16;1,94
2024;Santos;BRSSZ;Público;Longo Curso;1446700;9640114;2024-04-20 19:30:00;23/04/2024 17:10;23/04/2024 17:10;24/04/2024 16:43;Granel Líquido e Gasoso;Produtos Diversos Da Indústria Química;1;;69:40:00;2,9;16;1,94
2024;Santos;BRSSZ;Público;Longo Curso;1446505;9796573;2024-04-21 00:12:00;21/04/2024 17:50;21/04/2024 17:50;24/04/2024 15:15;Granel Sólido;Soja;1;;17:38:00;0,73;16;1,94
2024;Santos;BRSSZ;Público;Longo Curso;1446546;9242089;2024-04-21 08:00:00;21/04/2024 08:55;21/04/2024 08:55;25/04/2024 15:10;Carga Geral;Ferro E Aço;1;;0:55:00;0,04;16;1,94
2024;Santos;BRSSZ;Público;Longo Curso;1446546;9242089;2024-04-21 08:00:00;21/04/2024 08:55;21/04/2024 08:55;25/04/2024 15:10;Granel Líquido e Gasoso;Preparações De Frutas;1;;0:55:00;0,04;16;1,94
2024;Santos;BRSSZ;Público;Longo Curso;1446628;9942861;2024-04-21 09:30:00;21/04/2024 11:00;21/04/2024 13:00;27/04/2024 10:00;Granel Sólido;Adubos (Fertilizantes);1;;1:30:00;0,06;16;1,94
2024;Santos;BRSSZ;Público;Longo Curso;1446593;9303651;2024-04-21 16:00:00;24/04/2024 21:19;24/04/2024 21:19;27/04/2024 11:13;Granel Líquido e Gasoso;Gorduras E Óleos Animais Ou Vegetais;1;;77:19:00;3,22;16;1,94
2024;Santos;BRSSZ;Público;Longo Curso;1446592;9319480;2024-04-22 00:20:00;25/04/2024 09:55;25/04/2024 09:55;29/04/2024 00:50;Granel Líquido e Gasoso;Etanol Combustível;1;;81:35:00;3,4;17;3,04
2024;Santos;BRSSZ;Público;Longo Curso;1454792;9697959;2024-04-22 04:30:00;28/04/2024 02:45;28/04/2024 05:20;01/05/2024 10:20;Granel Sólido;Soja;1;;142:15:00;5,93;17;3,04
2024;Santos;BRSSZ;Público;Longo Curso;1446692;9933250;2024-04-22 10:00:00;25/04/2024 15:00;25/04/2024 18:13;28/04/2024 03:15;Granel Sólido;Soja;1;;77:00:00;3,21;17;3,04
2024;Santos;BRSSZ;Público;Cabotagem;1446688;9271999;2024-04-22 10:30:00;24/04/2024 23:05;24/04/2024 23:05;26/04/2024 03:20;Granel Líquido e Gasoso;Produtos Químicos Orgânicos;1;;60:35:00;2,52;17;3,04
2024;Santos;BRSSZ;Público;Longo Curso;1446698;9780158;2024-04-22 12:00:00;23/04/2024 13:50;23/04/2024 17:13;25/04/2024 12:05;Granel Sólido;Soja;1;;25:50:00;1,08;17;3,04
2024;Santos;BRSSZ;Público;Longo Curso;1454794;9294472;2024-04-23 08:00:00;05/05/2024 22:05;06/05/2024 03:10;08/05/2024 08:11;Granel Sólido;Soja;1;;302:05:00;12,59;17;3,04
2024;Santos;BRSSZ;Público;Longo Curso;1454703;9947263;2024-04-23 14:00:00;10/05/2024 04:40;10/05/2024 07:48;12/05/2024 14:02;Granel Sólido;Soja;1;;398:40:00;16,61;17;3,04
2024;Santos;BRSSZ;Público;Cabotagem;1446655;9636694;2024-04-23 21:30:00;23/04/2024 22:40;24/04/2024 01:00;25/04/2024 00:08;Granel Líquido e Gasoso;Petróleo E Derivados (Sem Óleo Bruto);1;;1:10:00;0,05;17;3,04
2024;Santos;BRSSZ;Público;Longo Curso;1446516;9317860;2024-04-23 22:48:00;27/04/2024 12:25;27/04/2024 16:40;29/04/2024 22:10;Granel Líquido e Gasoso;Produtos Químicos Orgânicos;1;;85:37:00;3,57;17;3,04
2024;Santos;BRSSZ;Público;Longo Curso;1446516;9317860;2024-04-23 22:48:00;27/04/2024 12:25;27/04/2024 16:40;29/04/2024 22:10;Granel Líquido e Gasoso;Produtos Químicos Inorgânicos;1;;85:37:00;3,57;17;3,04
2024;Santos;BRSSZ;Público;Longo Curso;1446516;9317860;2024-04-23 22:48:00;27/04/2024 12:25;27/04/2024 16:40;29/04/2024 22:10;Granel Líquido e Gasoso;Produtos Diversos Da Indústria Química;1;;85:37:00;3,57;17;3,04
2024;Santos;BRSSZ;Público;Longo Curso;1446516;9317860;2024-04-23 22:48:00;27/04/2024 12:25;27/04/2024 16:40;29/04/2024 22:10;Granel Líquido e Gasoso;Plásticos E Suas Obras;1;;85:37:00;3,57;17;3,04
2024;Santos;BRSSZ;Público;Longo Curso;1446516;9317860;2024-04-23 22:48:00;27/04/2024 12:25;27/04/2024 16:40;29/04/2024 22:10;Granel Líquido e Gasoso;Etanol Combustível;1;;85:37:00;3,57;17;3,04
2024;Santos;BRSSZ;Público;Longo Curso;1454796;9687851;2024-04-24 06:00:00;01/05/2024 16:15;01/05/2024 16:42;04/05/2024 02:42;Granel Sólido;Soja;1;;178:15:00;7,43;17;3,04
2024;Santos;BRSSZ;Público;Cabotagem;1444179;9390020;2024-04-24 09:07:00;27/04/2024 09:50;27/04/2024 17:36;29/04/2024 01:00;Granel Líquido e Gasoso;Petróleo E Derivados (Sem Óleo Bruto);1;;72:43:00;3,03;17;3,04
2024;Santos;BRSSZ;Público;Longo Curso;1446701;9640114;2024-04-24 16:43:00;24/04/2024 17:15;24/04/2024 17:36;26/04/2024 08:25;Granel Líquido e Gasoso;Produtos Químicos Orgânicos;1;;0:32:00;0,02;17;3,04
2024;Santos;BRSSZ;Público;Longo Curso;1446553;9926049;2024-04-24 18:00:00;24/04/2024 21:45;24/04/2024 21:45;28/04/2024 19:45;Granel Sólido;Adubos (Fertilizantes);1;;3:45:00;0,16;17;3,04
2024;Santos;BRSSZ;Público;Longo Curso;1446694;9412737;2024-04-24 18:30:00;26/04/2024 09:55;26/04/2024 10:12;27/04/2024 08:10;Granel Líquido e Gasoso;Produtos Químicos Orgânicos;1;;39:25:00;1,64;17;3,04
2024;Santos;BRSSZ;Público;Longo Curso;1446706;9287170;2024-04-25 00:01:00;25/04/2024 19:45;25/04/2024 22:20;27/04/2024 23:40;Granel Sólido;Soja;1;;19:44:00;0,82;17;3,04
2024;Santos;BRSSZ;Público;Longo Curso;1446534;9355513;2024-04-25 05:00:00;25/04/2024 09:10;25/04/2024 09:10;29/04/2024 02:22;Granel Sólido;Produtos Químicos Inorgânicos;1;;4:10:00;0,17;17;3,04
2024;Santos;BRSSZ;Público;Longo Curso;1444178;9467548;2024-04-25 08:50:00;25/04/2024 09:50;25/04/2024 12:15;26/04/2024 09:00;Granel Sólido;Trigo;1;;1:00:00;0,04;17;3,04
2024;Santos;BRSSZ;Público;Longo Curso;1446554;9477531;2024-04-25 14:45:00;27/04/2024 10:20;27/04/2024 10:20;28/04/2024 20:55;Granel Líquido e Gasoso;Petróleo E Derivados (Sem Óleo Bruto);1;;43:35:00;1,82;17;3,04
2024;Santos;BRSSZ;Público;Longo Curso;1446554;9477531;2024-04-25 14:45:00;27/04/2024 10:20;27/04/2024 10:20;28/04/2024 20:55;Granel Líquido e Gasoso;Produtos Químicos Orgânicos;1;;43:35:00;1,82;17;3,04
2024;Santos;BRSSZ;Público;Longo Curso;1446506;9846495;2024-04-25 15:30:00;25/04/2024 16:10;25/04/2024 19:00;27/04/2024 04:15;Carga Geral;Pasta De Celulose;1;;0:40:00;0,03;17;3,04
2024;Santos;BRSSZ;Público;Longo Curso;1454684;9837640;2024-04-25 16:30:00;29/04/2024 00:50;29/04/2024 07:18;02/05/2024 20:50;Carga Geral;Pasta De Celulose;1;;80:20:00;3,35;17;3,04
2024;Santos;BRSSZ;Público;Longo Curso;1446684;9826574;2024-04-25 23:00:00;26/04/2024 00:05;26/04/2024 06:54;29/04/2024 02:10;Granel Líquido e Gasoso;Etanol Combustível;1;;1:05:00;0,05;17;3,04
2024;Santos;BRSSZ;Público;Longo Curso;1454686;9928932;2024-04-26 01:18:00;06/05/2024 06:31;06/05/2024 08:46;08/05/2024 10:10;Carga Geral;Pasta De Celulose;1;;245:13:00;10,22;17;3,04
2024;Santos;BRSSZ;Público;Longo Curso;1446514;9860403;2024-04-26 05:39:00;26/04/2024 06:40;26/04/2024 08:45;27/04/2024 18:15;Granel Sólido;Açúcar;1;;1:01:00;0,04;17;3,04
2024;Santos;BRSSZ;Público;Longo Curso;1454717;9592032;2024-04-26 06:20:00;02/05/2024 02:00;02/05/2024 05:43;04/05/2024 23:00;Granel Sólido;Soja;1;;139:40:00;5,82;17;3,04
2024;Santos;BRSSZ;Público;Longo Curso;1446707;9638159;2024-04-26 10:00:00;26/04/2024 11:05;26/04/2024 11:10;30/04/2024 05:19;Granel Líquido e Gasoso;Preparações De Frutas;1;;1:05:00;0,05;17;3,04
2024;Santos;BRSSZ;Público;Longo Curso;1454689;9861316;2024-04-26 14:00:00;02/05/2024 08:45;02/05/2024 08:45;05/05/2024 09:10;Granel Sólido;Soja;1;;138:45:00;5,78;17;3,04
2024;Santos;BRSSZ;Público;Longo Curso;1454690;9767027;2024-04-26 23:36:00;28/04/2024 19:45;28/04/2024 19:45;02/05/2024 05:22;Granel Sólido;Soja;1;;44:09:00;1,84;17;3,04
2024;Santos;BRSSZ;Público;Cabotagem;1454704;9753636;2024-04-27 06:30:00;29/04/2024 06:08;29/04/2024 06:50;03/05/2024 13:48;Granel Líquido e Gasoso;Combustíveis, Óleos E Produtos Minerais;1;;47:38:00;1,98;17;3,04
2024;Santos;BRSSZ;Público;Cabotagem;1454704;9753636;2024-04-27 06:30:00;29/04/2024 06:08;29/04/2024 06:50;03/05/2024 13:48;Granel Líquido e Gasoso;Etanol Combustível;1;;47:38:00;1,98;17;3,04
2024;Santos;BRSSZ;Público;Cabotagem;1454704;9753636;2024-04-27 06:30:00;29/04/2024 06:08;29/04/2024 06:50;03/05/2024 13:48;Granel Líquido e Gasoso;Petróleo E Derivados (Sem Óleo Bruto);1;;47:38:00;1,98;17;3,04
2024;Santos;BRSSZ;Público;Cabotagem;1454704;9753636;2024-04-27 06:30:00;29/04/2024 06:08;29/04/2024 06:50;03/05/2024 13:48;Granel Líquido e Gasoso;Produtos Químicos Orgânicos;1;;47:38:00;1,98;17;3,04
2024;Santos;BRSSZ;Público;Cabotagem;1454704;9753636;2024-04-27 06:30:00;29/04/2024 06:08;29/04/2024 06:50;03/05/2024 13:48;Granel Líquido e Gasoso;Soda Cáustica;1;;47:38:00;1,98;17;3,04
2024;Santos;BRSSZ;Público;Longo Curso;1454799;9936850;2024-04-27 07:30:00;04/05/2024 06:25;04/05/2024 07:00;07/05/2024 07:40;Granel Sólido;Soja;1;;166:55:00;6,95;17;3,04
2024;Santos;BRSSZ;Público;Longo Curso;1454787;9423750;2024-04-28 04:18:00;30/04/2024 01:25;30/04/2024 07:50;02/05/2024 05:47;Granel Líquido e Gasoso;Petróleo E Derivados (Sem Óleo Bruto);1;;45:07:00;1,88;17;3,04
2024;Santos;BRSSZ;Público;Longo Curso;1446705;9855599;2024-04-28 11:30:00;28/04/2024 19:40;28/04/2024 23:00;30/04/2024 20:15;Granel Sólido;Soja;1;;8:10:00;0,34;17;3,04
2024;Santos;BRSSZ;Público;Longo Curso;1454809;9168647;2024-04-28 18:00:00;29/04/2024 05:25;29/04/2024 05:25;02/05/2024 00:14;Granel Líquido e Gasoso;Etanol Combustível;1;;11:25:00;0,48;17;3,04
2024;Santos;BRSSZ;Público;Cabotagem;1454812;9402782;2024-04-28 19:00:00;29/04/2024 05:35;29/04/2024 09:48;01/05/2024 01:22;Granel Líquido e Gasoso;Petróleo E Derivados (Sem Óleo Bruto);1;;10:35:00;0,44;17;3,04
2024;Santos;BRSSZ;Público;Longo Curso;1454805;9790921;2024-04-28 20:30:00;04/05/2024 14:00;04/05/2024 16:40;06/05/2024 08:15;Granel Sólido;Açúcar;1;;137:30:00;5,73;17;3,04
2024;Santos;BRSSZ;Público;Longo Curso;1454810;9650626;2024-04-28 21:48:00;29/04/2024 12:10;29/04/2024 15:27;01/05/2024 17:05;Granel Sólido;Soja;1;;14:22:00;0,6;17;3,04
2024;Santos;BRSSZ;Público;Longo Curso;1454752;9853618;2024-04-29 11:18:00;08/05/2024 11:35;08/05/2024 13:00;13/05/2024 11:10;Granel Sólido;Soja;1;;216:17:00;9,01;18;3,91
2024;Santos;BRSSZ;Público;Longo Curso;1454752;9853618;2024-04-29 11:18:00;08/05/2024 11:35;08/05/2024 13:00;13/05/2024 11:10;Granel Sólido;Resíduos Da Extração Do Óleo De Soja;1;;216:17:00;9,01;18;3,91
2024;Santos;BRSSZ;Público;Longo Curso;1454781;9434498;2024-04-29 21:00:00;29/04/2024 22:00;30/04/2024 00:30;01/05/2024 00:50;Granel Sólido;Açúcar;1;;1:00:00;0,04;18;3,91
2024;Santos;BRSSZ;Público;Cabotagem;1454811;9660358;2024-04-30 02:24:00;01/05/2024 14:30;01/05/2024 17:18;04/05/2024 02:30;Granel Líquido e Gasoso;Petróleo E Derivados (Sem Óleo Bruto);1;;36:06:00;1,5;18;3,91
2024;Santos;BRSSZ;Público;Cabotagem;1454816;9448322;2024-04-30 08:00:00;04/05/2024 06:18;04/05/2024 10:48;05/05/2024 04:52;Granel Líquido e Gasoso;Petróleo E Derivados (Sem Óleo Bruto);1;;94:18:00;3,93;18;3,91
2024;Santos;BRSSZ;Público;Longo Curso;1454789;9618020;2024-04-30 10:30:00;01/05/2024 20:10;01/05/2024 22:30;03/05/2024 17:25;Granel Sólido;Soja;1;;33:40:00;1,4;18;3,91
2024;Santos;BRSSZ;Público;Longo Curso;1454797;9467548;2024-04-30 13:30:00;30/04/2024 14:31;30/04/2024 15:17;05/05/2024 01:13;Granel Sólido;Trigo;1;;1:01:00;0,04;18;3,91
2024;Santos;BRSSZ;Público;Cabotagem;1454836;9413523;2024-04-30 17:00:00;05/05/2024 03:50;05/05/2024 07:00;06/05/2024 12:50;Granel Líquido e Gasoso;Petróleo E Derivados (Sem Óleo Bruto);1;;106:50:00;4,45;18;3,91
2024;Santos;BRSSZ;Público;Longo Curso;1454710;9766918;2024-04-30 21:40:00;02/05/2024 23:00;03/05/2024 01:28;05/05/2024 12:10;Carga Geral;Pasta De Celulose;1;;49:20:00;2,06;18;3,91
2024;Santos;BRSSZ;Público;Longo Curso;1454806;9287170;2024-04-30 22:00:00;30/04/2024 23:20;01/05/2024 01:00;01/05/2024 11:10;Granel Sólido;Soja;1;;1:20:00;0,06;18;3,91
2024;Santos;BRSSZ;Público;Cabotagem;1454813;9310721;2024-04-30 22:40:00;01/05/2024 22:10;02/05/2024 08:05;04/05/2024 19:30;Granel Sólido;Sal;1;;23:30:00;0,98;18;3,91
2024;Santos;BRSSZ;Público;Longo Curso;1454795;9838060;2024-05-01 02:30:00;01/05/2024 21:15;01/05/2024 23:07;04/05/2024 18:45;Granel Sólido;Resíduos Da Extração Do Óleo De Soja;1;;18:45:00;0,78;18;3,91
2024;Santos;BRSSZ;Público;Longo Curso;1454814;9905629;2024-05-01 07:00:00;01/05/2024 21:15;02/05/2024 01:00;05/05/2024 02:33;Granel Sólido;Adubos (Fertilizantes);1;;14:15:00;0,59;18;3,91
2024;Santos;BRSSZ;Público;Longo Curso;1454859;9470820;2024-05-01 07:42:00;18/05/2024 12:20;18/05/2024 14:50;20/05/2024 02:18;Granel Sólido;Açúcar;1;;412:38:00;17,19;18;3,91
2024;Santos;BRSSZ;Público;Longo Curso;1454722;9168647;2024-05-02 00:14:00;02/05/2024 01:00;02/05/2024 01:00;07/05/2024 12:50;Granel Líquido e Gasoso;Etanol Combustível;1;;0:46:00;0,03;18;3,91
2024;Santos;BRSSZ;Público;Cabotagem;1454835;9492270;2024-05-02 02:00:00;16/05/2024 05:40;16/05/2024 10:00;18/05/2024 20:12;Granel Líquido e Gasoso;Petróleo E Derivados (Sem Óleo Bruto);1;;339:40:00;14,15;18;3,91
2024;Santos;BRSSZ;Público;Longo Curso;1454700;9632818;2024-05-02 03:54:00;02/05/2024 05:15;02/05/2024 05:15;08/05/2024 00:30;Granel Sólido;Adubos (Fertilizantes);1;;1:21:00;0,06;18;3,91
2024;Santos;BRSSZ;Público;Longo Curso;1454699;9969716;2024-05-02 05:36:00;08/05/2024 08:55;08/05/2024 14:19;10/05/2024 01:10;Granel Sólido;Açúcar;1;;147:19:00;6,14;18;3,91
2024;Santos;BRSSZ;Público;Longo Curso;1454830;9875197;2024-05-02 08:55:00;05/05/2024 05:50;05/05/2024 09:35;08/05/2024 13:45;Granel Sólido;Adubos (Fertilizantes);1;;68:55:00;2,87;18;3,91
2024;Santos;BRSSZ;Público;Longo Curso;1454738;9505998;2024-05-02 10:00:00;02/05/2024 14:28;02/05/2024 14:28;03/05/2024 23:38;Granel Líquido e Gasoso;Gorduras E Óleos Animais Ou Vegetais;1;;4:28:00;0,19;18;3,91
2024;Santos;BRSSZ;Público;Longo Curso;1454682;9620621;2024-05-02 11:00:00;02/05/2024 12:12;02/05/2024 14:15;03/05/2024 22:57;Granel Sólido;Açúcar;1;;1:12:00;0,05;18;3,91
2024;Santos;BRSSZ;Público;Longo Curso;1454833;9982196;2024-05-02 15:42:00;04/05/2024 22:20;05/05/2024 01:05;06/05/2024 08:10;Granel Sólido;Soja;1;;54:38:00;2,28;18;3,91
2024;Santos;BRSSZ;Público;Longo Curso;1454820;9960239;2024-05-02 18:00:00;06/05/2024 11:10;06/05/2024 13:59;07/05/2024 22:02;Granel Sólido;Soja;1;;89:10:00;3,72;18;3,91
2024;Santos;BRSSZ;Público;Longo Curso;1454718;9442471;2024-05-03 06:12:00;07/05/2024 15:45;07/05/2024 20:22;11/05/2024 22:15;Granel Sólido;Soja;1;;105:33:00;4,4;18;3,91
2024;Santos;BRSSZ;Público;Longo Curso;1454807;9332078;2024-05-03 11:25:00;06/05/2024 15:57;07/05/2024 01:50;08/05/2024 19:37;Granel Líquido e Gasoso;Gás De Petróleo;1;;76:32:00;3,19;18;3,91
2024;Santos;BRSSZ;Público;Longo Curso;1454832;9591466;2024-05-03 19:23:00;03/05/2024 20:30;03/05/2024 23:55;06/05/2024 16:15;Granel Sólido;Soja;1;;1:07:00;0,05;18;3,91
2024;Santos;BRSSZ;Público;Cabotagem;1454783;9431317;2024-05-04 02:00:00;07/05/2024 05:00;07/05/2024 13:00;08/05/2024 18:22;Granel Líquido e Gasoso;Petróleo E Derivados (Sem Óleo Bruto);1;;75:00:00;3,13;18;3,91
2024;Santos;BRSSZ;Público;Longo Curso;1454691;9336517;2024-05-04 12:00:00;08/05/2024 23:25;08/05/2024 23:25;14/05/2024 12:10;Granel Líquido e Gasoso;Petróleo E Derivados (Sem Óleo Bruto);1;;107:25:00;4,48;18;3,91
2024;Santos;BRSSZ;Público;Longo Curso;1454688;9316866;2024-05-04 14:02:00;12/05/2024 18:45;12/05/2024 20:50;16/05/2024 09:43;Granel Sólido;Açúcar;1;;196:43:00;8,2;18;3,91
2024;Santos;BRSSZ;Público;Cabotagem;1454827;9391361;2024-05-05 04:12:00;05/05/2024 08:52;05/05/2024 13:12;07/05/2024 00:35;Granel Líquido e Gasoso;Petróleo E Derivados (Sem Óleo Bruto);1;;4:40:00;0,19;18;3,91
2024;Santos;BRSSZ;Público;Longo Curso;1454857;9125229;2024-05-05 07:20:00;17/05/2024 09:35;17/05/2024 14:15;18/05/2024 09:05;Granel Sólido;Açúcar;1;;290:15:00;12,09;18;3,91
2024;Santos;BRSSZ;Público;Longo Curso;1454740;9491836;2024-05-05 08:00:00;05/05/2024 08:55;05/05/2024 08:57;08/05/2024 04:20;Granel Líquido e Gasoso;Preparações De Frutas;1;;0:55:00;0,04;18;3,91
2024;Santos;BRSSZ;Público;Longo Curso;1454742;9674775;2024-05-05 13:01:00;05/05/2024 14:10;05/05/2024 14:24;07/05/2024 05:52;Granel Líquido e Gasoso;Produtos Químicos Orgânicos;1;;1:09:00;0,05;18;3,91
2024;Santos;BRSSZ;Público;Longo Curso;1454762;9952490;2024-05-05 15:55:00;22/05/2024 09:00;22/05/2024 11:13;24/05/2024 02:30;Granel Sólido;Soja;1;;401:05:00;16,71;18;3,91
2024;Santos;BRSSZ;Público;Cabotagem;1454840;9403968;2024-05-06 07:00:00;07/05/2024 07:20;07/05/2024 07:45;08/05/2024 19:03;Granel Líquido e Gasoso;Soda Cáustica;1;;24:20:00;1,01;19;2,29
2024;Santos;BRSSZ;Público;Longo Curso;1454818;9834155;2024-05-06 09:00:00;07/05/2024 10:05;07/05/2024 10:36;10/05/2024 17:17;Granel Líquido e Gasoso;Produtos Químicos Orgânicos;1;;25:05:00;1,05;19;2,29
2024;Santos;BRSSZ;Público;Longo Curso;1454831;9635743;2024-05-06 23:00:00;13/05/2024 11:30;13/05/2024 13:52;19/05/2024 03:10;Granel Sólido;Resíduos Da Extração Do Óleo De Soja;1;;156:30:00;6,52;19;2,29
2024;Santos;BRSSZ;Público;Longo Curso;1454679;9928918;2024-05-07 04:00:00;16/05/2024 01:40;16/05/2024 07:00;27/05/2024 07:35;Carga Geral;Pasta De Celulose;1;;213:40:00;8,9;19;2,29
2024;Santos;BRSSZ;Público;Longo Curso;1454837;9674775;2024-05-07 05:52:00;07/05/2024 06:40;07/05/2024 10:45;11/05/2024 16:23;Granel Líquido e Gasoso;Petróleo E Derivados (Sem Óleo Bruto);1;;0:48:00;0,03;19;2,29
2024;Santos;BRSSZ;Público;Cabotagem;1454856;9547714;2024-05-07 09:12:00;10/05/2024 15:57;10/05/2024 20:36;12/05/2024 14:31;Granel Líquido e Gasoso;Petróleo E Derivados (Sem Óleo Bruto);1;;78:45:00;3,28;19;2,29
2024;Santos;BRSSZ;Público;Longo Curso;1454822;9853888;2024-05-07 09:36:00;09/05/2024 21:00;09/05/2024 21:00;13/05/2024 01:00;Granel Sólido;Resíduos Da Extração Do Óleo De Soja;1;;59:24:00;2,47;19;2,29
2024;Santos;BRSSZ;Público;Longo Curso;1454855;9593763;2024-05-07 12:00:00;08/05/2024 15:40;08/05/2024 17:49;10/05/2024 09:40;Granel Sólido;Soja;1;;27:40:00;1,15;19;2,29
2024;Santos;BRSSZ;Público;Cabotagem;1454834;9867798;2024-05-07 13:30:00;08/05/2024 20:52;09/05/2024 02:00;10/05/2024 12:22;Granel Líquido e Gasoso;Petróleo E Derivados (Sem Óleo Bruto);1;;31:22:00;1,31;19;2,29
2024;Santos;BRSSZ;Público;Cabotagem;1454862;9399935;2024-05-07 19:30:00;17/05/2024 05:04;17/05/2024 09:12;18/05/2024 17:48;Granel Líquido e Gasoso;Petróleo E Derivados (Sem Óleo Bruto);1;;225:34:00;9,4;19;2,29
2024;Santos;BRSSZ;Público;Longo Curso;1454719;9385075;2024-05-08 03:35:00;08/05/2024 04:40;08/05/2024 04:40;20/05/2024 01:23;Granel Sólido;Trigo;1;;1:05:00;0,05;19;2,29
2024;Santos;BRSSZ;Público;Longo Curso;1454881;9632818;2024-05-08 03:45:00;20/05/2024 05:50;20/05/2024 07:53;21/05/2024 22:09;Granel Sólido;Açúcar;1;;290:05:00;12,09;19;2,29
2024;Santos;BRSSZ;Público;Longo Curso;1454693;9969209;2024-05-08 07:00:00;08/05/2024 15:28;08/05/2024 15:28;11/05/2024 10:36;Granel Sólido;Soja;1;;8:28:00;0,35;19;2,29
2024;Santos;BRSSZ;Público;Longo Curso;1454712;9704740;2024-05-08 08:15:00;09/05/2024 02:50;09/05/2024 07:15;12/05/2024 12:40;Carga Geral;Pasta De Celulose;1;;18:35:00;0,77;19;2,29
2024;Santos;BRSSZ;Público;Longo Curso;1454685;9673783;2024-05-08 11:00:00;11/05/2024 13:05;11/05/2024 13:05;16/05/2024 20:05;Granel Sólido;Soja;1;;74:05:00;3,09;19;2,29
2024;Santos;BRSSZ;Público;Longo Curso;1454741;9875197;2024-05-08 13:45:00;08/05/2024 14:25;08/05/2024 19:00;11/05/2024 04:20;Granel Sólido;Adubos (Fertilizantes);1;;0:40:00;0,03;19;2,29
2024;Santos;BRSSZ;Público;Cabotagem;1454864;9413523;2024-05-08 17:30:00;14/05/2024 15:35;14/05/2024 19:00;16/05/2024 01:38;Granel Líquido e Gasoso;Petróleo E Derivados (Sem Óleo Bruto);1;;142:05:00;5,92;19;2,29
2024;Santos;BRSSZ;Público;Longo Curso;1454723;9589255;2024-05-09 00:55:00;12/05/2024 00:50;12/05/2024 05:46;17/05/2024 01:20;Granel Sólido;Soja;1;;71:55:00;3,0;19;2,29
2024;Santos;BRSSZ;Público;Longo Curso;1454683;9250579;2024-05-09 01:47:00;09/05/2024 02:50;09/05/2024 02:50;13/05/2024 08:35;Granel Sólido;Adubos (Fertilizantes);1;;1:03:00;0,04;19;2,29
2024;Santos;BRSSZ;Público;Longo Curso;1454755;9619854;2024-05-09 07:00:00;13/05/2024 04:00;13/05/2024 04:00;18/05/2024 18:45;Granel Sólido;Resíduos Da Extração Do Óleo De Soja;1;;93:00:00;3,88;19;2,29
2024;Santos;BRSSZ;Público;Longo Curso;1454743;9230995;2024-05-09 08:00:00;09/05/2024 09:30;09/05/2024 09:35;14/05/2024 10:15;Granel Líquido e Gasoso;Preparações De Frutas;1;;1:30:00;0,06;19;2,29
2024;Santos;BRSSZ;Público;Longo Curso;1454842;9751286;2024-05-09 08:23:00;09/05/2024 09:46;09/05/2024 09:47;15/05/2024 19:00;Granel Sólido;Fosfatos De Cálcio Naturais;1;;1:23:00;0,06;19;2,29
2024;Santos;BRSSZ;Público;Cabotagem;1454858;9489924;2024-05-09 08:42:00;12/05/2024 18:15;12/05/2024 21:00;14/05/2024 05:40;Granel Líquido e Gasoso;Petróleo E Derivados (Sem Óleo Bruto);1;;81:33:00;3,4;19;2,29
2024;Santos;BRSSZ;Público;Longo Curso;1454702;9636371;2024-05-09 09:00:00;16/05/2024 15:25;16/05/2024 17:00;18/05/2024 01:10;Granel Sólido;Açúcar;1;;174:25:00;7,27;19;2,29
2024;Santos;BRSSZ;Público;Longo Curso;1454849;9735452;2024-05-09 14:30:00;09/05/2024 15:10;09/05/2024 15:10;12/05/2024 04:39;Granel Líquido e Gasoso;Preparações De Frutas;1;;0:40:00;0,03;19;2,29
2024;Santos;BRSSZ;Público;Longo Curso;1454817;9628570;2024-05-10 07:30:00;10/05/2024 08:35;10/05/2024 09:00;17/05/2024 19:10;Granel Sólido;Adubos (Fertilizantes);1;;1:05:00;0,05;19;2,29
2024;Santos;BRSSZ;Público;Longo Curso;1454825;9214317;2024-05-10 09:00:00;10/05/2024 09:25;10/05/2024 09:40;12/05/2024 06:05;Granel Líquido e Gasoso;Petróleo E Derivados (Sem Óleo Bruto);1;;0:25:00;0,02;19;2,29
2024;Santos;BRSSZ;Público;Longo Curso;1454848;9483827;2024-05-11 00:00:00;11/05/2024 16:20;11/05/2024 18:50;13/05/2024 01:50;Granel Sólido;Soja;1;;16:20:00;0,68;19;2,29
2024;Santos;BRSSZ;Público;Longo Curso;1454757;9640138;2024-05-11 06:00:00;11/05/2024 09:10;11/05/2024 16:05;16/05/2024 20:45;Granel Líquido e Gasoso;Produtos Químicos Inorgânicos;1;;3:10:00;0,13;19;2,29
2024;Santos;BRSSZ;Público;Longo Curso;1454757;9640138;2024-05-11 06:00:00;11/05/2024 09:10;11/05/2024 16:05;16/05/2024 20:45;Granel Líquido e Gasoso;Petróleo E Derivados (Sem Óleo Bruto);1;;3:10:00;0,13;19;2,29
2024;Santos;BRSSZ;Público;Longo Curso;1454847;9577898;2024-05-11 13:30:00;12/05/2024 09:50;12/05/2024 11:43;20/05/2024 21:10;Granel Sólido;Trigo;1;;20:20:00;0,85;19;2,29
2024;Santos;BRSSZ;Público;Longo Curso;1454866;9649299;2024-05-11 18:42:00;12/05/2024 22:00;13/05/2024 01:20;16/05/2024 20:10;Granel Sólido;Soja;1;;27:18:00;1,14;19;2,29
2024;Santos;BRSSZ;Público;Cabotagem;1454841;9804899;2024-05-11 19:00:00;12/05/2024 09:10;12/05/2024 09:10;15/05/2024 07:50;Granel Líquido e Gasoso;Etanol Combustível;1;;14:10:00;0,59;19;2,29
2024;Santos;BRSSZ;Público;Longo Curso;1454829;9229087;2024-05-11 22:50:00;13/05/2024 01:25;13/05/2024 01:25;18/05/2024 04:49;Carga Geral;Adubos (Fertilizantes);1;;26:35:00;1,11;19;2,29
2024;Santos;BRSSZ;Público;Longo Curso;1454826;9214317;2024-05-12 06:05:00;12/05/2024 06:35;12/05/2024 23:40;13/05/2024 19:15;Granel Líquido e Gasoso;Produtos Químicos Orgânicos;1;;0:30:00;0,02;19;2,29
2024;Santos;BRSSZ;Público;Longo Curso;1454713;9296236;2024-05-12 06:18:00;16/05/2024 23:55;16/05/2024 23:55;21/05/2024 00:50;Granel Sólido;Soja;1;;113:37:00;4,73;19;2,29
2024;Santos;BRSSZ;Público;Longo Curso;1454765;9853096;2024-05-12 06:48:00;19/05/2024 09:20;19/05/2024 12:01;22/05/2024 02:00;Granel Sólido;Soja;1;;170:32:00;7,11;19;2,29
2024;Santos;BRSSZ;Público;Longo Curso;1454776;9852652;2024-05-12 09:00:00;12/05/2024 10:00;12/05/2024 12:20;13/05/2024 17:40;Granel Sólido;Açúcar;1;;1:00:00;0,04;19;2,29
2024;Santos;BRSSZ;Público;Longo Curso;1454763;9409534;2024-05-12 15:30:00;12/05/2024 18:35;12/05/2024 18:35;17/05/2024 22:45;Granel Sólido;Adubos (Fertilizantes);1;;3:05:00;0,13;19;2,29
2024;Santos;BRSSZ;Público;Longo Curso;1454746;9956903;2024-05-12 23:48:00;14/05/2024 00:37;14/05/2024 00:37;15/05/2024 16:00;Granel Líquido e Gasoso;Petróleo E Derivados (Sem Óleo Bruto);1;;24:49:00;1,03;19;2,29
2024;Santos;BRSSZ;Público;Longo Curso;1454746;9956903;2024-05-12 23:48:00;14/05/2024 00:37;14/05/2024 00:37;15/05/2024 16:00;Granel Líquido e Gasoso;Produtos Químicos Orgânicos;1;;24:49:00;1,03;19;2,29
2024;Santos;BRSSZ;Público;Longo Curso;1454748;9393010;2024-05-13 00:42:00;14/05/2024 03:15;14/05/2024 03:15;16/05/2024 09:00;Granel Líquido e Gasoso;Gorduras E Óleos Animais Ou Vegetais;1;;26:33:00;1,11;20;3,27
2024;Santos;BRSSZ;Público;Longo Curso;1454821;9292618;2024-05-13 03:27:00;13/05/2024 04:10;13/05/2024 07:00;17/05/2024 09:15;Granel Sólido;Resíduos Da Extração Do Óleo De Soja;1;;0:43:00;0,03;20;3,27
2024;Santos;BRSSZ;Público;Longo Curso;1454850;9529607;2024-05-13 08:00:00;17/05/2024 22:05;18/05/2024 01:00;24/05/2024 13:45;Granel Sólido;Adubos (Fertilizantes);1;;110:05:00;4,59;20;3,27
2024;Santos;BRSSZ;Público;Longo Curso;1454854;9952476;2024-05-13 09:25:00;17/05/2024 09:45;17/05/2024 12:11;19/05/2024 02:45;Granel Sólido;Soja;1;;96:20:00;4,01;20;3,27
2024;Santos;BRSSZ;Público;Cabotagem;1454875;9721906;2024-05-13 13:12:00;14/05/2024 19:40;15/05/2024 01:00;17/05/2024 01:25;Granel Líquido e Gasoso;Petróleo E Derivados (Sem Óleo Bruto);1;;30:28:00;1,27;20;3,27
2024;Santos;BRSSZ;Público;Longo Curso;1454867;9727168;2024-05-13 23:59:00;20/05/2024 04:55;20/05/2024 07:45;22/05/2024 04:04;Granel Sólido;Açúcar;1;;148:56:00;6,21;20;3,27
2024;Santos;BRSSZ;Público;Longo Curso;1454872;9467550;2024-05-14 09:30:00;22/05/2024 08:30;22/05/2024 10:20;23/05/2024 14:05;Granel Sólido;Açúcar;1;;191:00:00;7,96;20;3,27
2024;Santos;BRSSZ;Público;Cabotagem;1454622;9834349;2024-05-14 12:12:00;19/05/2024 01:38;19/05/2024 04:24;20/05/2024 05:23;Granel Líquido e Gasoso;Petróleo E Derivados (Sem Óleo Bruto);1;;109:26:00;4,56;20;3,27
2024;Santos;BRSSZ;Público;Longo Curso;1454726;9847889;2024-05-14 13:49:00;22/05/2024 08:30;22/05/2024 15:44;28/05/2024 19:35;Granel Sólido;Soja;1;;186:41:00;7,78;20;3,27
2024;Santos;BRSSZ;Público;Longo Curso;1454725;9777400;2024-05-14 15:00:00;15/05/2024 08:35;15/05/2024 09:06;17/05/2024 18:25;Granel Líquido e Gasoso;Produtos Químicos Orgânicos;1;;17:35:00;0,73;20;3,27
2024;Santos;BRSSZ;Público;Longo Curso;1454846;9635468;2024-05-14 22:52:00;14/05/2024 23:40;14/05/2024 23:40;17/05/2024 10:15;Granel Sólido;Adubos (Fertilizantes);1;;0:48:00;0,03;20;3,27
2024;Santos;BRSSZ;Público;Longo Curso;1454724;9442512;2024-05-15 08:00:00;17/05/2024 05:00;17/05/2024 08:45;22/05/2024 03:05;Granel Sólido;Soja;1;;45:00:00;1,88;20;3,27
2024;Santos;BRSSZ;Público;Longo Curso;1454845;9286633;2024-05-15 10:30:00;17/05/2024 00:01;17/05/2024 03:10;19/05/2024 03:20;Granel Sólido;Soja;1;;37:31:00;1,56;20;3,27
2024;Santos;BRSSZ;Público;Cabotagem;1454874;9391361;2024-05-15 11:48:00;19/05/2024 00:48;19/05/2024 09:48;21/05/2024 10:20;Granel Líquido e Gasoso;Petróleo E Derivados (Sem Óleo Bruto);1;;85:00:00;3,54;20;3,27
2024;Santos;BRSSZ;Público;Longo Curso;1454865;9674218;2024-05-15 18:05:00;18/05/2024 04:10;18/05/2024 07:00;19/05/2024 23:20;Granel Sólido;Açúcar;1;;58:05:00;2,42;20;3,27
2024;Santos;BRSSZ;Público;Longo Curso;1454893;9913999;2024-05-15 20:00:00;29/05/2024 17:05;29/05/2024 19:45;30/05/2024 23:50;Granel Sólido;Açúcar;1;;333:05:00;13,88;20;3,27
2024;Santos;BRSSZ;Público;Longo Curso;1454761;9200445;2024-05-15 23:30:00;16/05/2024 00:35;16/05/2024 00:36;18/05/2024 18:20;Granel Sólido;Adubos (Fertilizantes);1;;1:05:00;0,05;20;3,27
2024;Santos;BRSSZ;Público;Longo Curso;1454790;9333412;2024-05-15 23:30:00;16/05/2024 00:37;16/05/2024 11:00;19/05/2024 03:32;Granel Líquido e Gasoso;Petróleo E Derivados (Sem Óleo Bruto);1;;1:07:00;0,05;20;3,27
2024;Santos;BRSSZ;Público;Cabotagem;1454828;9292773;2024-05-16 01:48:00;21/05/2024 11:25;22/05/2024 07:48;24/05/2024 18:52;Granel Líquido e Gasoso;Gás De Petróleo;1;;129:37:00;5,4;20;3,27
2024;Santos;BRSSZ;Público;Cabotagem;1454869;9102928;2024-05-16 08:00:00;17/05/2024 23:30;17/05/2024 23:30;20/05/2024 16:05;Granel Líquido e Gasoso;Soda Cáustica;1;;39:30:00;1,65;20;3,27
2024;Santos;BRSSZ;Público;Longo Curso;1454764;9956903;2024-05-16 14:30:00;16/05/2024 15:30;16/05/2024 15:30;17/05/2024 10:30;Granel Líquido e Gasoso;Petróleo E Derivados (Sem Óleo Bruto);1;;1:00:00;0,04;20;3,27
2024;Santos;BRSSZ;Público;Longo Curso;1454764;9956903;2024-05-16 14:30:00;16/05/2024 15:30;16/05/2024 15:30;17/05/2024 10:30;Granel Líquido e Gasoso;Produtos Diversos Da Indústria Química;1;;1:00:00;0,04;20;3,27
2024;Santos;BRSSZ;Público;Longo Curso;1454886;9308168;2024-05-16 16:00:00;17/05/2024 15:00;17/05/2024 22:40;21/05/2024 15:35;Granel Líquido e Gasoso;Petróleo E Derivados (Sem Óleo Bruto);1;;23:00:00;0,96;20;3,27
2024;Santos;BRSSZ;Público;Longo Curso;1454871;9490674;2024-05-16 17:30:00;19/05/2024 09:05;19/05/2024 11:10;22/05/2024 02:10;Granel Sólido;Soja;1;;63:35:00;2,65;20;3,27
2024;Santos;BRSSZ;Público;Longo Curso;1454747;9976044;2024-05-16 21:35:00;16/05/2024 22:25;17/05/2024 01:00;19/05/2024 19:30;Carga Geral;Pasta De Celulose;1;;0:50:00;0,03;20;3,27
2024;Santos;BRSSZ;Público;Cabotagem;1454889;9416393;2024-05-16 22:42:00;20/05/2024 06:49;20/05/2024 15:00;22/05/2024 14:17;Granel Líquido e Gasoso;Petróleo E Derivados (Sem Óleo Bruto);1;;80:07:00;3,34;20;3,27
2024;Santos;BRSSZ;Público;Longo Curso;1454879;9374284;2024-05-17 11:24:00;17/05/2024 17:22;17/05/2024 19:00;22/05/2024 15:15;Granel Líquido e Gasoso;Óleo De Soja;1;;5:58:00;0,25;20;3,27
2024;Santos;BRSSZ;Público;Longo Curso;1466983;9324239;2024-05-17 11:54:00;01/06/2024 07:10;01/06/2024 12:34;03/06/2024 01:15;Granel Sólido;Soja;1;;355:16:00;14,8;20;3,27
2024;Santos;BRSSZ;Público;Longo Curso;1454706;9574858;2024-05-17 12:05:00;17/05/2024 12:36;17/05/2024 13:00;24/05/2024 18:51;Granel Sólido;Produtos Químicos Inorgânicos;1;;0:31:00;0,02;20;3,27
2024;Santos;BRSSZ;Público;Longo Curso;1454851;9775385;2024-05-17 15:00:00;25/05/2024 06:08;28/05/2024 01:00;31/05/2024 20:18;Granel Sólido;Adubos (Fertilizantes);1;;183:08:00;7,63;20;3,27
2024;Santos;BRSSZ;Público;Cabotagem;1454883;9542130;2024-05-18 01:30:00;19/05/2024 09:04;19/05/2024 09:30;20/05/2024 21:21;Granel Líquido e Gasoso;Soda Cáustica;1;;31:34:00;1,32;20;3,27
2024;Santos;BRSSZ;Público;Longo Curso;1454868;9934204;2024-05-18 06:25:00;23/05/2024 16:00;23/05/2024 18:10;26/05/2024 18:10;Granel Sólido;Soja;1;;129:35:00;5,4;20;3,27
2024;Santos;BRSSZ;Público;Longo Curso;1454895;9949651;2024-05-18 06:54:00;19/05/2024 01:00;19/05/2024 01:28;21/05/2024 21:50;Granel Sólido;Resíduos Da Extração Do Óleo De Soja;1;;18:06:00;0,75;20;3,27
2024;Santos;BRSSZ;Público;Longo Curso;1454898;9846110;2024-05-18 08:00:00;24/05/2024 12:05;24/05/2024 12:05;26/05/2024 15:15;Granel Sólido;Soja;1;;148:05:00;6,17;20;3,27
2024;Santos;BRSSZ;Público;Longo Curso;1454768;9792008;2024-05-18 14:00:00;22/05/2024 18:35;23/05/2024 11:40;24/05/2024 23:45;Granel Líquido e Gasoso;Petróleo E Derivados (Sem Óleo Bruto);1;;100:35:00;4,19;20;3,27
2024;Santos;BRSSZ;Público;Cabotagem;1454885;9070565;2024-05-18 14:40:00;18/05/2024 15:45;18/05/2024 20:45;29/05/2024 11:30;Granel Sólido;Sal;1;;1:05:00;0,05;20;3,27
2024;Santos;BRSSZ;Público;Longo Curso;1454824;9335032;2024-05-19 01:12:00;23/05/2024 13:45;23/05/2024 17:10;27/05/2024 18:10;Granel Líquido e Gasoso;Óleo De Soja;1;;108:33:00;4,52;20;3,27
2024;Santos;BRSSZ;Público;Longo Curso;1454887;9736353;2024-05-19 05:18:00;24/05/2024 17:40;24/05/2024 20:15;28/05/2024 22:39;Granel Sólido;Açúcar;1;;132:22:00;5,52;20;3,27
2024;Santos;BRSSZ;Público;Longo Curso;1454890;9817585;2024-05-19 18:18:00;20/05/2024 20:00;20/05/2024 20:00;22/05/2024 05:00;Granel Líquido e Gasoso;Produtos Químicos Orgânicos;1;;25:42:00;1,07;20;3,27
2024;Santos;BRSSZ;Público;Longo Curso;1454877;9956197;2024-05-20 01:46:00;20/05/2024 20:30;21/05/2024 03:49;22/05/2024 19:45;Granel Sólido;Soja;1;;18:44:00;0,78;21;4,01
2024;Santos;BRSSZ;Público;Longo Curso;1454770;9426867;2024-05-20 03:15:00;21/05/2024 00:20;21/05/2024 07:00;28/05/2024 20:10;Granel Sólido;Trigo;1;;21:05:00;0,88;21;4,01
2024;Santos;BRSSZ;Público;Longo Curso;1454769;9790646;2024-05-20 03:36:00;21/05/2024 00:10;21/05/2024 00:10;22/05/2024 04:20;Granel Líquido e Gasoso;Produtos Químicos Orgânicos;1;;20:34:00;0,86;21;4,01
2024;Santos;BRSSZ;Público;Longo Curso;1454900;9936795;2024-05-20 05:54:00;30/05/2024 16:40;30/05/2024 17:24;31/05/2024 15:14;Granel Sólido;Soja;1;;250:46:00;10,45;21;4,01
2024;Santos;BRSSZ;Público;Longo Curso;1454694;9231303;2024-05-20 07:00:00;21/05/2024 03:20;21/05/2024 03:20;24/05/2024 09:15;Granel Sólido;Soja;1;;20:20:00;0,85;21;4,01
2024;Santos;BRSSZ;Público;Longo Curso;1454672;9894480;2024-05-20 11:30:00;20/05/2024 19:35;20/05/2024 19:35;28/05/2024 19:20;Granel Sólido;Adubos (Fertilizantes);1;;8:05:00;0,34;21;4,01
2024;Santos;BRSSZ;Público;Longo Curso;1454888;9461233;2024-05-21 01:00:00;22/05/2024 02:15;22/05/2024 04:52;24/05/2024 14:15;Granel Sólido;Soja;1;;25:15:00;1,05;21;4,01
2024;Santos;BRSSZ;Público;Longo Curso;1457601;9394909;2024-05-21 02:59:00;21/05/2024 04:10;21/05/2024 04:10;28/05/2024 15:25;Granel Sólido;Adubos (Fertilizantes);1;;1:11:00;0,05;21;4,01
2024;Santos;BRSSZ;Público;Longo Curso;1454901;9877614;2024-05-21 08:45:00;22/05/2024 07:55;22/05/2024 08:30;25/05/2024 08:20;Granel Líquido e Gasoso;Etanol Combustível;1;;23:10:00;0,97;21;4,01
2024;Santos;BRSSZ;Público;Cabotagem;1454903;9399935;2024-05-21 10:18:00;24/05/2024 17:25;25/05/2024 01:00;25/05/2024 20:50;Granel Líquido e Gasoso;Petróleo E Derivados (Sem Óleo Bruto);1;;79:07:00;3,3;21;4,01
2024;Santos;BRSSZ;Público;Cabotagem;1466990;9539573;2024-05-21 12:30:00;30/05/2024 12:50;30/05/2024 22:54;01/06/2024 16:12;Granel Líquido e Gasoso;Petróleo E Derivados (Sem Óleo Bruto);1;;216:20:00;9,01;21;4,01
2024;Santos;BRSSZ;Público;Longo Curso;1466875;9767041;2024-05-22 02:30:00;27/05/2024 08:10;27/05/2024 08:10;02/06/2024 05:10;Granel Sólido;Adubos (Fertilizantes);1;;125:40:00;5,24;21;4,01
2024;Santos;BRSSZ;Público;Longo Curso;1454876;9790646;2024-05-22 04:20:00;22/05/2024 05:00;22/05/2024 13:00;23/05/2024 10:00;Granel Líquido e Gasoso;Produtos Químicos Orgânicos;1;;0:40:00;0,03;21;4,01
2024;Santos;BRSSZ;Público;Longo Curso;1454870;9790658;2024-05-22 11:00:00;22/05/2024 12:20;22/05/2024 12:20;24/05/2024 05:40;Granel Líquido e Gasoso;Produtos Químicos Orgânicos;1;;1:20:00;0,06;21;4,01
2024;Santos;BRSSZ;Público;Longo Curso;1466982;9828869;2024-05-22 13:00:00;31/05/2024 19:30;31/05/2024 20:00;02/06/2024 18:15;Granel Sólido;Soja;1;;222:30:00;9,27;21;4,01
2024;Santos;BRSSZ;Público;Cabotagem;1454623;9834349;2024-05-22 18:15:00;22/05/2024 19:40;23/05/2024 01:00;24/05/2024 12:51;Granel Líquido e Gasoso;Petróleo E Derivados (Sem Óleo Bruto);1;;1:25:00;0,06;21;4,01
2024;Santos;BRSSZ;Público;Longo Curso;1454707;9611254;2024-05-22 20:45:00;29/05/2024 14:45;29/05/2024 16:10;31/05/2024 10:42;Granel Sólido;Açúcar;1;;162:00:00;6,75;21;4,01
2024;Santos;BRSSZ;Público;Longo Curso;1454904;9801201;2024-05-22 21:44:00;22/05/2024 22:30;23/05/2024 00:50;25/05/2024 02:40;Granel Sólido;Soja;1;;0:46:00;0,03;21;4,01
2024;Santos;BRSSZ;Público;Longo Curso;1454905;9358412;2024-05-22 22:30:00;27/05/2024 00:45;27/05/2024 05:48;30/05/2024 09:20;Granel Líquido e Gasoso;Petróleo E Derivados (Sem Óleo Bruto);1;;98:15:00;4,09;21;4,01
2024;Santos;BRSSZ;Público;Longo Curso;1466948;9467548;2024-05-22 23:30:00;29/05/2024 03:30;29/05/2024 15:23;05/06/2024 23:40;Granel Sólido;Trigo;1;;148:00:00;6,17;21;4,01
2024;Santos;BRSSZ;Público;Longo Curso;1454677;9144354;2024-05-23 03:30:00;27/05/2024 04:26;27/05/2024 07:00;29/05/2024 11:19;Carga Geral;Pasta De Celulose;1;;96:56:00;4,04;21;4,01
2024;Santos;BRSSZ;Público;Longo Curso;1466871;9672870;2024-05-23 04:42:00;01/06/2024 06:25;01/06/2024 06:25;04/06/2024 17:45;Granel Sólido;Soja;1;;217:43:00;9,07;21;4,01
2024;Santos;BRSSZ;Público;Longo Curso;1466870;9622540;2024-05-23 05:18:00;26/05/2024 15:45;26/05/2024 15:45;01/06/2024 02:38;Granel Sólido;Soja;1;;82:27:00;3,44;21;4,01
2024;Santos;BRSSZ;Público;Longo Curso;1466977;9292759;2024-05-23 07:42:00;30/05/2024 21:19;31/05/2024 05:30;01/06/2024 10:11;Granel Líquido e Gasoso;Gás De Petróleo;1;;181:37:00;7,57;21;4,01
2024;Santos;BRSSZ;Público;Longo Curso;1466928;9589683;2024-05-23 11:30:00;31/05/2024 15:17;31/05/2024 17:00;03/06/2024 05:30;Granel Sólido;Soja;1;;195:47:00;8,16;21;4,01
2024;Santos;BRSSZ;Público;Longo Curso;1466993;9507960;2024-05-23 11:35:00;29/05/2024 13:30;29/05/2024 15:55;01/06/2024 01:40;Granel Sólido;Resíduos Da Extração Do Óleo De Soja;1;;145:55:00;6,08;21;4,01
2024;Santos;BRSSZ;Público;Longo Curso;1454891;9652583;2024-05-23 14:00:00;24/05/2024 08:45;24/05/2024 10:55;30/05/2024 12:05;Granel Sólido;Resíduos Da Extração Do Óleo De Soja;1;;18:45:00;0,78;21;4,01
2024;Santos;BRSSZ;Público;Longo Curso;1466882;9590967;2024-05-23 15:20:00;28/05/2024 18:00;28/05/2024 18:00;06/06/2024 17:50;Granel Sólido;Adubos (Fertilizantes);1;;122:40:00;5,11;21;4,01
2024;Santos;BRSSZ;Público;Longo Curso;1454624;9656400;2024-05-23 18:30:00;26/05/2024 21:10;26/05/2024 22:10;29/05/2024 16:00;Granel Sólido;Soja;1;;74:40:00;3,11;21;4,01
2024;Santos;BRSSZ;Público;Longo Curso;1466947;9326914;2024-05-23 18:45:00;27/05/2024 21:20;27/05/2024 21:20;01/06/2024 22:10;Granel Líquido e Gasoso;Biodiesel;1;;98:35:00;4,11;21;4,01
2024;Santos;BRSSZ;Público;Longo Curso;1466947;9326914;2024-05-23 18:45:00;27/05/2024 21:20;27/05/2024 21:20;01/06/2024 22:10;Granel Líquido e Gasoso;Etanol Combustível;1;;98:35:00;4,11;21;4,01
2024;Santos;BRSSZ;Público;Longo Curso;1454892;9412737;2024-05-24 00:24:00;25/05/2024 03:00;25/05/2024 07:40;27/05/2024 09:05;Granel Líquido e Gasoso;Combustíveis, Óleos E Produtos Minerais;1;;26:36:00;1,11;21;4,01
2024;Santos;BRSSZ;Público;Longo Curso;1466925;9725914;2024-05-24 04:00:00;24/05/2024 08:05;24/05/2024 08:05;01/06/2024 19:35;Granel Sólido;Adubos (Fertilizantes);1;;4:05:00;0,17;21;4,01
2024;Santos;BRSSZ;Público;Longo Curso;1454880;9628934;2024-05-24 06:30:00;25/05/2024 10:50;25/05/2024 20:50;29/05/2024 04:10;Granel Sólido;Soja;1;;28:20:00;1,18;21;4,01
2024;Santos;BRSSZ;Público;Longo Curso;1454779;9364825;2024-05-24 07:45:00;24/05/2024 08:40;24/05/2024 11:10;28/05/2024 03:40;Granel Sólido;Açúcar;1;;0:55:00;0,04;21;4,01
2024;Santos;BRSSZ;Público;Longo Curso;1466872;9376373;2024-05-24 20:42:00;04/06/2024 20:45;04/06/2024 20:45;07/06/2024 22:40;Granel Sólido;Soja;1;;264:03:00;11,0;21;4,01
2024;Santos;BRSSZ;Público;Longo Curso;1466994;9841172;2024-05-25 06:00:00;08/06/2024 08:30;08/06/2024 08:30;10/06/2024 08:10;Granel Sólido;Resíduos Da Extração Do Óleo De Soja;1;;338:30:00;14,1;21;4,01
2024;Santos;BRSSZ;Público;Cabotagem;1454896;9448322;2024-05-25 08:30:00;25/05/2024 22:25;26/05/2024 01:54;26/05/2024 21:50;Granel Líquido e Gasoso;Petróleo E Derivados (Sem Óleo Bruto);1;;13:55:00;0,58;21;4,01
2024;Santos;BRSSZ;Público;Longo Curso;1454773;9459539;2024-05-25 12:30:00;25/05/2024 14:25;25/05/2024 14:50;27/05/2024 04:30;Granel Líquido e Gasoso;Produtos Químicos Orgânicos;1;;1:55:00;0,08;21;4,01
2024;Santos;BRSSZ;Público;Cabotagem;1454618;9416836;2024-05-25 13:30:00;25/05/2024 14:59;26/05/2024 02:10;26/05/2024 21:21;Granel Líquido e Gasoso;Petróleo E Derivados (Sem Óleo Bruto);1;;1:29:00;0,06;21;4,01
2024;Santos;BRSSZ;Público;Longo Curso;1466996;9473183;2024-05-25 20:06:00;31/05/2024 19:50;01/06/2024 00:00;02/06/2024 18:10;Granel Sólido;Soja;1;;143:44:00;5,99;21;4,01
2024;Santos;BRSSZ;Público;Longo Curso;1466856;9650432;2024-05-25 20:48:00;09/06/2024 05:35;09/06/2024 05:35;18/06/2024 12:00;Carga Geral;Pasta De Celulose;1;;344:47:00;14,37;21;4,01
2024;Santos;BRSSZ;Público;Longo Curso;1466991;9883845;2024-05-26 20:00:00;03/06/2024 14:40;03/06/2024 16:50;07/06/2024 03:25;Granel Sólido;Soja;1;;186:40:00;7,78;21;4,01
2024;Santos;BRSSZ;Público;Longo Curso;1466908;9397559;2024-05-27 02:30:00;12/06/2024 13:40;12/06/2024 13:40;15/06/2024 13:00;Granel Líquido e Gasoso;Petróleo E Derivados (Sem Óleo Bruto);1;;395:10:00;16,47;22;4,5
2024;Santos;BRSSZ;Público;Cabotagem;1454628;9431317;2024-05-27 05:24:00;29/05/2024 09:05;29/05/2024 13:18;30/05/2024 17:30;Granel Líquido e Gasoso;Petróleo E Derivados (Sem Óleo Bruto);1;;51:41:00;2,15;22;4,5
2024;Santos;BRSSZ;Público;Longo Curso;1454749;9459539;2024-05-27 09:00:00;27/05/2024 10:30;27/05/2024 19:00;30/05/2024 20:20;Granel Líquido e Gasoso;Plásticos E Suas Obras;1;;1:30:00;0,06;22;4,5
2024;Santos;BRSSZ;Público;Longo Curso;1454749;9459539;2024-05-27 09:00:00;27/05/2024 10:30;27/05/2024 19:00;30/05/2024 20:20;Granel Líquido e Gasoso;Produtos Químicos Orgânicos;1;;1:30:00;0,06;22;4,5
2024;Santos;BRSSZ;Público;Longo Curso;1454619;9948267;2024-05-27 12:00:00;27/05/2024 17:37;27/05/2024 17:37;31/05/2024 08:41;Granel Sólido;Produtos Químicos Inorgânicos;1;;5:37:00;0,23;22;4,5
2024;Santos;BRSSZ;Público;Longo Curso;1454728;9595709;2024-05-27 13:00:00;28/05/2024 22:55;29/05/2024 03:30;31/05/2024 21:10;Granel Sólido;Soja;1;;33:55:00;1,41;22;4,5
2024;Santos;BRSSZ;Público;Longo Curso;1466927;9952165;2024-05-28 07:00:00;30/05/2024 21:50;31/05/2024 01:00;03/06/2024 03:15;Granel Líquido e Gasoso;Produtos Diversos Da Indústria Química;1;;62:50:00;2,62;22;4,5
2024;Santos;BRSSZ;Público;Longo Curso;1466927;9952165;2024-05-28 07:00:00;30/05/2024 21:50;31/05/2024 01:00;03/06/2024 03:15;Granel Líquido e Gasoso;Produtos Químicos Inorgânicos;1;;62:50:00;2,62;22;4,5
2024;Santos;BRSSZ;Público;Longo Curso;1466927;9952165;2024-05-28 07:00:00;30/05/2024 21:50;31/05/2024 01:00;03/06/2024 03:15;Granel Líquido e Gasoso;Produtos Químicos Orgânicos;1;;62:50:00;2,62;22;4,5
2024;Santos;BRSSZ;Público;Longo Curso;1467001;9663350;2024-05-28 07:30:00;03/06/2024 03:50;03/06/2024 06:02;06/06/2024 22:25;Granel Sólido;Soja;1;;140:20:00;5,85;22;4,5
2024;Santos;BRSSZ;Público;Cabotagem;1467014;9391361;2024-05-28 09:30:00;01/06/2024 19:17;02/06/2024 13:00;04/06/2024 02:30;Granel Líquido e Gasoso;Petróleo E Derivados (Sem Óleo Bruto);1;;105:47:00;4,41;22;4,5
2024;Santos;BRSSZ;Público;Longo Curso;1466866;9860594;2024-05-28 10:30:00;08/06/2024 01:35;08/06/2024 01:35;10/06/2024 17:30;Granel Sólido;Soja;1;;255:05:00;10,63;22;4,5
2024;Santos;BRSSZ;Público;Cabotagem;1454729;9753636;2024-05-28 11:00:00;28/05/2024 13:31;28/05/2024 13:31;30/05/2024 18:44;Granel Líquido e Gasoso;Combustíveis, Óleos E Produtos Minerais;1;;2:31:00;0,1;22;4,5
2024;Santos;BRSSZ;Público;Cabotagem;1454729;9753636;2024-05-28 11:00:00;28/05/2024 13:31;28/05/2024 13:31;30/05/2024 18:44;Granel Líquido e Gasoso;Etanol Combustível;1;;2:31:00;0,1;22;4,5
2024;Santos;BRSSZ;Público;Cabotagem;1454729;9753636;2024-05-28 11:00:00;28/05/2024 13:31;28/05/2024 13:31;30/05/2024 18:44;Granel Líquido e Gasoso;Petróleo E Derivados (Sem Óleo Bruto);1;;2:31:00;0,1;22;4,5
2024;Santos;BRSSZ;Público;Cabotagem;1454729;9753636;2024-05-28 11:00:00;28/05/2024 13:31;28/05/2024 13:31;30/05/2024 18:44;Granel Líquido e Gasoso;Produtos Químicos Orgânicos;1;;2:31:00;0,1;22;4,5
2024;Santos;BRSSZ;Público;Longo Curso;1466887;9425813;2024-05-28 14:45:00;11/06/2024 05:30;11/06/2024 09:05;13/06/2024 05:22;Granel Sólido;Soja;1;;326:45:00;13,61;22;4,5
2024;Santos;BRSSZ;Público;Longo Curso;1466886;9481960;2024-05-28 16:45:00;28/05/2024 23:25;28/05/2024 23:25;03/06/2024 21:10;Granel Sólido;Trigo;1;;6:40:00;0,28;22;4,5
2024;Santos;BRSSZ;Público;Longo Curso;1467009;9777400;2024-05-28 21:30:00;30/05/2024 21:15;30/05/2024 21:15;01/06/2024 23:00;Granel Líquido e Gasoso;Petróleo E Derivados (Sem Óleo Bruto);1;;47:45:00;1,99;22;4,5
2024;Santos;BRSSZ;Público;Longo Curso;1467133;9565637;2024-05-29 04:30:00;29/05/2024 09:39;29/05/2024 09:39;01/06/2024 20:00;Granel Líquido e Gasoso;Etanol Combustível;1;;5:09:00;0,21;22;4,5
2024;Santos;BRSSZ;Público;Longo Curso;1466936;9956915;2024-05-29 06:18:00;01/06/2024 21:40;01/06/2024 21:40;03/06/2024 11:19;Granel Líquido e Gasoso;Petróleo E Derivados (Sem Óleo Bruto);1;;87:22:00;3,64;22;4,5
2024;Santos;BRSSZ;Público;Longo Curso;1466936;9956915;2024-05-29 06:18:00;01/06/2024 21:40;01/06/2024 21:40;03/06/2024 11:19;Granel Líquido e Gasoso;Produtos Químicos Orgânicos;1;;87:22:00;3,64;22;4,5
2024;Santos;BRSSZ;Público;Cabotagem;1466979;9345893;2024-05-29 11:00:00;02/06/2024 01:15;02/06/2024 01:35;03/06/2024 20:00;Granel Líquido e Gasoso;Produtos Químicos Orgânicos;1;;86:15:00;3,59;22;4,5
2024;Santos;BRSSZ;Público;Longo Curso;1454727;9766932;2024-05-29 14:00:00;29/05/2024 14:40;29/05/2024 16:03;31/05/2024 02:55;Carga Geral;Pasta De Celulose;1;;0:40:00;0,03;22;4,5
2024;Santos;BRSSZ;Público;Longo Curso;1467005;9621417;2024-05-30 03:00:00;06/06/2024 22:45;07/06/2024 01:20;08/06/2024 19:00;Granel Sólido;Soja;1;;187:45:00;7,82;22;4,5
2024;Santos;BRSSZ;Público;Longo Curso;1466865;9941415;2024-05-30 10:00:00;10/06/2024 20:33;10/06/2024 20:33;14/06/2024 00:04;Granel Sólido;Soja;1;;274:33:00;11,44;22;4,5
2024;Santos;BRSSZ;Público;Longo Curso;1466861;9976410;2024-05-30 13:30:00;02/06/2024 22:35;03/06/2024 07:25;09/06/2024 02:26;Carga Geral;Pasta De Celulose;1;;81:05:00;3,38;22;4,5
2024;Santos;BRSSZ;Público;Longo Curso;1466896;9495923;2024-05-31 13:47:00;31/05/2024 14:16;31/05/2024 14:42;07/06/2024 13:47;Granel Sólido;Produtos Químicos Inorgânicos;1;;0:29:00;0,02;22;4,5
2024;Santos;BRSSZ;Público;Longo Curso;1467016;9972646;2024-05-31 21:30:00;17/06/2024 03:50;17/06/2024 06:15;18/06/2024 20:05;Granel Sólido;Açúcar;1;;390:20:00;16,26;22;4,5
2024;Santos;BRSSZ;Público;Longo Curso;1467017;9849552;2024-06-01 01:18:00;07/06/2024 09:30;07/06/2024 11:40;09/06/2024 20:40;Granel Sólido;Soja;1;;152:12:00;6,34;22;4,5
2024;Santos;BRSSZ;Público;Cabotagem;1467112;9416836;2024-06-01 11:00:00;01/06/2024 12:20;01/06/2024 18:42;03/06/2024 01:05;Granel Líquido e Gasoso;Petróleo E Derivados (Sem Óleo Bruto);1;;1:20:00;0,06;22;4,5
2024;Santos;BRSSZ;Público;Longo Curso;1466868;9843754;2024-06-01 11:30:00;14/06/2024 03:10;14/06/2024 03:10;18/06/2024 00:05;Granel Sólido;Soja;1;;303:40:00;12,65;22;4,5
2024;Santos;BRSSZ;Público;Longo Curso;1467034;9984479;2024-06-01 12:51:00;18/06/2024 06:35;18/06/2024 08:20;19/06/2024 08:45;Granel Sólido;Açúcar;1;;401:44:00;16,74;22;4,5
2024;Santos;BRSSZ;Público;Longo Curso;1466984;9326861;2024-06-01 14:00:00;18/06/2024 15:15;19/06/2024 01:12;22/06/2024 14:32;Granel Líquido e Gasoso;Petróleo E Derivados (Sem Óleo Bruto);1;;409:15:00;17,05;22;4,5
2024;Santos;BRSSZ;Público;Cabotagem;1467027;9849265;2024-06-01 17:00:00;04/06/2024 06:00;04/06/2024 10:00;06/06/2024 19:50;Granel Líquido e Gasoso;Petróleo E Derivados (Sem Óleo Bruto);1;;61:00:00;2,54;22;4,5
2024;Santos;BRSSZ;Público;Longo Curso;1466919;9847372;2024-06-01 17:30:00;02/06/2024 11:30;02/06/2024 14:40;07/06/2024 02:50;Granel Sólido;Soja;1;;18:00:00;0,75;22;4,5
2024;Santos;BRSSZ;Público;Longo Curso;1467018;9701310;2024-06-01 18:24:00;02/06/2024 20:55;02/06/2024 23:04;06/06/2024 01:25;Granel Sólido;Soja;1;;26:31:00;1,1;22;4,5
2024;Santos;BRSSZ;Público;Longo Curso;1467010;9777400;2024-06-01 23:00:00;01/06/2024 23:25;02/06/2024 12:30;03/06/2024 09:15;Granel Líquido e Gasoso;Produtos Químicos Orgânicos;1;;0:25:00;0,02;22;4,5
2024;Santos;BRSSZ;Público;Longo Curso;1466954;9461104;2024-06-02 00:50:00;07/06/2024 20:00;08/06/2024 01:00;11/06/2024 05:40;Granel Sólido;Resíduos Da Extração Do Óleo De Soja;1;;139:10:00;5,8;22;4,5
2024;Santos;BRSSZ;Público;Longo Curso;1466954;9461104;2024-06-02 00:50:00;07/06/2024 20:00;08/06/2024 01:00;11/06/2024 05:40;Granel Sólido;Soja;1;;139:10:00;5,8;22;4,5
2024;Santos;BRSSZ;Público;Longo Curso;1467129;9272709;2024-06-02 08:36:00;07/06/2024 19:10;07/06/2024 19:10;10/06/2024 06:40;Granel Líquido e Gasoso;Petróleo E Derivados (Sem Óleo Bruto);1;;130:34:00;5,44;22;4,5
2024;Santos;BRSSZ;Público;Longo Curso;1466876;9591155;2024-06-02 11:54:00;05/06/2024 19:30;05/06/2024 21:36;07/06/2024 14:23;Granel Sólido;Açúcar;1;;79:36:00;3,32;22;4,5
2024;Santos;BRSSZ;Público;Cabotagem;1467000;9492270;2024-06-02 12:00:00;03/06/2024 04:35;03/06/2024 09:36;05/06/2024 13:30;Granel Líquido e Gasoso;Petróleo E Derivados (Sem Óleo Bruto);1;;16:35:00;0,69;22;4,5
2024;Santos;BRSSZ;Público;Longo Curso;1467126;9520895;2024-06-02 15:00:00;07/06/2024 19:05;07/06/2024 20:43;10/06/2024 01:38;Granel Sólido;Açúcar;1;;124:05:00;5,17;22;4,5
2024;Santos;BRSSZ;Público;Longo Curso;1466999;9720043;2024-06-02 16:00:00;10/06/2024 06:00;10/06/2024 08:00;11/06/2024 16:20;Granel Sólido;Açúcar;1;;182:00:00;7,58;22;4,5
2024;Santos;BRSSZ;Público;Longo Curso;1466877;9374844;2024-06-02 20:36:00;07/06/2024 18:05;07/06/2024 18:05;13/06/2024 14:45;Granel Líquido e Gasoso;Petróleo E Derivados (Sem Óleo Bruto);1;;117:29:00;4,9;22;4,5
2024;Santos;BRSSZ;Público;Longo Curso;1466989;9656400;2024-06-02 22:00:00;02/06/2024 22:26;02/06/2024 23:00;03/06/2024 13:50;Granel Sólido;Soja;1;;0:26:00;0,02;22;4,5
2024;Santos;BRSSZ;Público;Longo Curso;1467006;9860415;2024-06-03 06:00:00;03/06/2024 09:10;03/06/2024 14:05;16/06/2024 04:55;Granel Sólido;Sal;1;;3:10:00;0,13;23;4,05
2024;Santos;BRSSZ;Público;Cabotagem;1467013;9489924;2024-06-03 06:20:00;07/06/2024 09:03;07/06/2024 15:54;09/06/2024 07:44;Granel Líquido e Gasoso;Petróleo E Derivados (Sem Óleo Bruto);1;;98:43:00;4,11;23;4,05
2024;Santos;BRSSZ;Público;Longo Curso;1467024;9770579;2024-06-03 06:40:00;19/06/2024 20:10;19/06/2024 22:50;21/06/2024 15:15;Granel Sólido;Açúcar;1;;397:30:00;16,56;23;4,05
2024;Santos;BRSSZ;Público;Longo Curso;1467134;9565637;2024-06-03 07:30:00;03/06/2024 08:44;04/06/2024 01:50;07/06/2024 12:24;Granel Líquido e Gasoso;Etanol Combustível;1;;1:14:00;0,05;23;4,05
2024;Santos;BRSSZ;Público;Longo Curso;1466874;9602411;2024-06-03 08:00:00;03/06/2024 09:04;03/06/2024 10:45;05/06/2024 13:18;Granel Sólido;Açúcar;1;;1:04:00;0,04;23;4,05
2024;Santos;BRSSZ;Público;Longo Curso;1467130;9582427;2024-06-03 09:00:00;06/06/2024 05:15;06/06/2024 10:00;08/06/2024 04:15;Granel Sólido;Trigo;1;;68:15:00;2,84;23;4,05
2024;Santos;BRSSZ;Público;Cabotagem;1467026;9657806;2024-06-03 12:00:00;05/06/2024 19:10;06/06/2024 01:06;07/06/2024 10:47;Granel Líquido e Gasoso;Petróleo E Derivados (Sem Óleo Bruto);1;;55:10:00;2,3;23;4,05
2024;Santos;BRSSZ;Público;Longo Curso;1466939;9071569;2024-06-03 20:24:00;03/06/2024 20:42;03/06/2024 22:24;05/06/2024 20:13;Carga Geral;Pasta De Celulose;1;;0:18:00;0,01;23;4,05
2024;Santos;BRSSZ;Público;Cabotagem;1467025;9542130;2024-06-04 08:15:00;04/06/2024 09:53;04/06/2024 10:18;06/06/2024 01:46;Granel Líquido e Gasoso;Soda Cáustica;1;;1:38:00;0,07;23;4,05
2024;Santos;BRSSZ;Público;Longo Curso;1466955;9905277;2024-06-04 10:10:00;11/06/2024 08:00;11/06/2024 10:36;14/06/2024 06:05;Granel Sólido;Resíduos Da Extração Do Óleo De Soja;1;;165:50:00;6,91;23;4,05
2024;Santos;BRSSZ;Público;Longo Curso;1467004;9272955;2024-06-04 10:30:00;21/06/2024 19:30;21/06/2024 22:40;23/06/2024 17:17;Granel Sólido;Açúcar;1;;417:00:00;17,38;23;4,05
2024;Santos;BRSSZ;Público;Longo Curso;1466857;9114244;2024-06-04 11:00:00;04/06/2024 12:15;04/06/2024 12:15;10/06/2024 11:15;Granel Líquido e Gasoso;Combustíveis, Óleos E Produtos Minerais;1;;1:15:00;0,05;23;4,05
2024;Santos;BRSSZ;Público;Longo Curso;1466857;9114244;2024-06-04 11:00:00;04/06/2024 12:15;04/06/2024 12:15;10/06/2024 11:15;Granel Líquido e Gasoso;Petróleo E Derivados (Sem Óleo Bruto);1;;1:15:00;0,05;23;4,05
2024;Santos;BRSSZ;Público;Longo Curso;1466857;9114244;2024-06-04 11:00:00;04/06/2024 12:15;04/06/2024 12:15;10/06/2024 11:15;Granel Líquido e Gasoso;Plásticos E Suas Obras;1;;1:15:00;0,05;23;4,05
2024;Santos;BRSSZ;Público;Longo Curso;1466857;9114244;2024-06-04 11:00:00;04/06/2024 12:15;04/06/2024 12:15;10/06/2024 11:15;Granel Líquido e Gasoso;Produtos Diversos Da Indústria Química;1;;1:15:00;0,05;23;4,05
2024;Santos;BRSSZ;Público;Longo Curso;1466857;9114244;2024-06-04 11:00:00;04/06/2024 12:15;04/06/2024 12:15;10/06/2024 11:15;Granel Líquido e Gasoso;Produtos Químicos Orgânicos;1;;1:15:00;0,05;23;4,05
2024;Santos;BRSSZ;Público;Longo Curso;1467033;9624653;2024-06-04 14:00:00;11/06/2024 22:42;12/06/2024 01:20;13/06/2024 18:40;Granel Sólido;Soja;1;;176:42:00;7,36;23;4,05
2024;Santos;BRSSZ;Público;Longo Curso;1466930;9725823;2024-06-04 15:12:00;10/06/2024 13:05;10/06/2024 13:05;12/06/2024 11:19;Granel Líquido e Gasoso;Gorduras E Óleos Animais Ou Vegetais;1;;141:53:00;5,91;23;4,05
2024;Santos;BRSSZ;Público;Longo Curso;1466900;9942005;2024-06-04 18:00:00;06/06/2024 19:25;06/06/2024 19:25;11/06/2024 19:15;Granel Sólido;Produtos Químicos Inorgânicos;1;;49:25:00;2,06;23;4,05
2024;Santos;BRSSZ;Público;Longo Curso;1466879;9913987;2024-06-04 18:18:00;07/06/2024 18:15;07/06/2024 18:15;14/06/2024 14:20;Granel Sólido;Produtos Químicos Inorgânicos;1;;71:57:00;3,0;23;4,05
2024;Santos;BRSSZ;Público;Longo Curso;1466958;9881158;2024-06-04 23:06:00;10/06/2024 06:24;10/06/2024 07:43;11/06/2024 02:27;Granel Sólido;Açúcar;1;;127:18:00;5,3;23;4,05
2024;Santos;BRSSZ;Público;Longo Curso;1466889;9018658;2024-06-05 06:00:00;05/06/2024 06:55;05/06/2024 07:00;08/06/2024 04:56;Granel Líquido e Gasoso;Preparações De Frutas;1;;0:55:00;0,04;23;4,05
2024;Santos;BRSSZ;Público;Longo Curso;1466957;9610705;2024-06-05 08:00:00;05/06/2024 22:45;06/06/2024 07:42;08/06/2024 14:45;Carga Geral;Fibras, Fios, Tecidos E Outros Artefatos;1;;14:45:00;0,61;23;4,05
2024;Santos;BRSSZ;Público;Longo Curso;1466957;9610705;2024-06-05 08:00:00;05/06/2024 22:45;06/06/2024 07:42;08/06/2024 14:45;Carga Geral;Açúcar;1;;14:45:00;0,61;23;4,05
2024;Santos;BRSSZ;Público;Cabotagem;1467041;9804899;2024-06-05 23:00:00;06/06/2024 00:10;06/06/2024 00:48;08/06/2024 14:50;Granel Líquido e Gasoso;Etanol Combustível;1;;1:10:00;0,05;23;4,05
2024;Santos;BRSSZ;Público;Longo Curso;1467021;9577757;2024-06-06 03:30:00;06/06/2024 06:10;06/06/2024 12:55;10/06/2024 06:43;Granel Sólido;Adubos (Fertilizantes);1;;2:40:00;0,11;23;4,05
2024;Santos;BRSSZ;Público;Longo Curso;1466970;9806354;2024-06-06 03:30:00;06/06/2024 04:50;06/06/2024 06:35;07/06/2024 10:30;Granel Sólido;Açúcar;1;;1:20:00;0,06;23;4,05
2024;Santos;BRSSZ;Público;Longo Curso;1466922;9579298;2024-06-06 05:30:00;07/06/2024 09:10;07/06/2024 15:19;10/06/2024 17:35;Granel Sólido;Soja;1;;27:40:00;1,15;23;4,05
2024;Santos;BRSSZ;Público;Longo Curso;1467048;9490650;2024-06-06 07:00:00;06/06/2024 09:20;06/06/2024 11:42;07/06/2024 19:30;Granel Sólido;Soja;1;;2:20:00;0,1;23;4,05
2024;Santos;BRSSZ;Público;Longo Curso;1467031;9717333;2024-06-06 08:00:00;08/06/2024 22:15;09/06/2024 01:08;10/06/2024 14:35;Granel Sólido;Soja;1;;62:15:00;2,59;23;4,05
2024;Santos;BRSSZ;Público;Longo Curso;1467043;9582116;2024-06-06 23:30:00;15/06/2024 09:00;15/06/2024 11:18;16/06/2024 22:00;Granel Sólido;Soja;1;;201:30:00;8,4;23;4,05
2024;Santos;BRSSZ;Público;Longo Curso;1467037;9588316;2024-06-07 08:00:00;13/06/2024 21:40;13/06/2024 23:50;15/06/2024 22:30;Granel Sólido;Soja;1;;157:40:00;6,57;23;4,05
2024;Santos;BRSSZ;Público;Longo Curso;1467003;9518153;2024-06-07 09:00:00;22/06/2024 23:25;23/06/2024 02:30;25/06/2024 01:25;Granel Sólido;Soja;1;;374:25:00;15,6;23;4,05
2024;Santos;BRSSZ;Público;Cabotagem;1467063;9413523;2024-06-07 09:48:00;09/06/2024 09:45;09/06/2024 13:00;11/06/2024 17:25;Granel Líquido e Gasoso;Petróleo E Derivados (Sem Óleo Bruto);1;;47:57:00;2,0;23;4,05
2024;Santos;BRSSZ;Público;Longo Curso;1466940;9477531;2024-06-07 10:25:00;12/06/2024 03:10;12/06/2024 03:10;13/06/2024 18:20;Granel Líquido e Gasoso;Gorduras E Óleos Animais Ou Vegetais;1;;112:45:00;4,7;23;4,05
2024;Santos;BRSSZ;Público;Longo Curso;1466975;9725574;2024-06-07 11:38:00;07/06/2024 12:15;07/06/2024 14:00;08/06/2024 04:50;Granel Sólido;Açúcar;1;;0:37:00;0,03;23;4,05
2024;Santos;BRSSZ;Público;Longo Curso;1466938;9186211;2024-06-07 12:30:00;07/06/2024 18:48;07/06/2024 20:45;09/06/2024 17:19;Carga Geral;Pasta De Celulose;1;;6:18:00;0,26;23;4,05
2024;Santos;BRSSZ;Público;Longo Curso;1466878;9583768;2024-06-07 12:42:00;18/06/2024 03:10;18/06/2024 03:10;21/06/2024 21:00;Granel Sólido;Soja;1;;254:28:00;10,6;23;4,05
2024;Santos;BRSSZ;Público;Longo Curso;1466959;9583158;2024-06-07 15:20:00;12/06/2024 08:15;12/06/2024 10:36;15/06/2024 08:40;Granel Sólido;Soja;1;;112:55:00;4,7;23;4,05
2024;Santos;BRSSZ;Público;Longo Curso;1466959;9583158;2024-06-07 15:20:00;12/06/2024 08:15;12/06/2024 10:36;15/06/2024 08:40;Granel Sólido;Resíduos Da Extração Do Óleo De Soja;1;;112:55:00;4,7;23;4,05
2024;Santos;BRSSZ;Público;Longo Curso;1467011;9544164;2024-06-07 21:45:00;10/06/2024 11:10;10/06/2024 19:00;12/06/2024 19:14;Granel Sólido;Adubos (Fertilizantes);1;;61:25:00;2,56;23;4,05
2024;Santos;BRSSZ;Público;Longo Curso;1467065;9700017;2024-06-08 02:30:00;23/06/2024 18:00;23/06/2024 19:00;24/06/2024 19:35;Granel Sólido;Açúcar;1;;375:30:00;15,65;23;4,05
2024;Santos;BRSSZ;Público;Longo Curso;1467020;9638159;2024-06-08 02:30:00;08/06/2024 08:25;08/06/2024 08:25;11/06/2024 17:05;Granel Líquido e Gasoso;Preparações De Frutas;1;;5:55:00;0,25;23;4,05
2024;Santos;BRSSZ;Público;Cabotagem;1467045;9102928;2024-06-08 03:00:00;08/06/2024 07:45;08/06/2024 07:45;09/06/2024 11:50;Granel Líquido e Gasoso;Soda Cáustica;1;;4:45:00;0,2;23;4,05
2024;Santos;BRSSZ;Público;Longo Curso;1466942;9881653;2024-06-08 03:21:00;08/06/2024 04:10;08/06/2024 07:00;09/06/2024 01:54;Carga Geral;Pasta De Celulose;1;;0:49:00;0,03;23;4,05
2024;Santos;BRSSZ;Público;Longo Curso;1467047;9721140;2024-06-08 05:00:00;11/06/2024 22:10;12/06/2024 08:42;14/06/2024 18:45;Granel Líquido e Gasoso;Gás De Petróleo;1;;89:10:00;3,72;23;4,05
2024;Santos;BRSSZ;Público;Longo Curso;1467028;9625944;2024-06-08 12:30:00;15/06/2024 08:20;15/06/2024 08:20;20/06/2024 02:30;Granel Sólido;Resíduos Da Extração Do Óleo De Soja;1;;163:50:00;6,83;23;4,05
2024;Santos;BRSSZ;Público;Longo Curso;1467030;9852925;2024-06-08 12:30:00;19/06/2024 11:45;19/06/2024 15:40;21/06/2024 16:45;Granel Sólido;Soja;1;;263:15:00;10,97;23;4,05
2024;Santos;BRSSZ;Público;Longo Curso;1466883;9316658;2024-06-08 16:15:00;13/06/2024 07:40;13/06/2024 11:42;15/06/2024 23:19;Granel Sólido;Açúcar;1;;111:25:00;4,64;23;4,05
2024;Santos;BRSSZ;Público;Longo Curso;1466932;9601091;2024-06-09 01:12:00;11/06/2024 14:10;11/06/2024 17:33;14/06/2024 09:45;Granel Sólido;Soja;1;;60:58:00;2,54;23;4,05
2024;Santos;BRSSZ;Público;Cabotagem;1467059;9447768;2024-06-09 02:54:00;14/06/2024 20:20;14/06/2024 23:30;15/06/2024 20:30;Granel Líquido e Gasoso;Petróleo E Derivados (Sem Óleo Bruto);1;;137:26:00;5,73;23;4,05
2024;Santos;BRSSZ;Público;Longo Curso;1466884;9625449;2024-06-09 11:12:00;14/06/2024 03:13;14/06/2024 03:13;21/06/2024 20:40;Granel Sólido;Produtos Químicos Inorgânicos;1;;112:01:00;4,67;23;4,05
2024;Santos;BRSSZ;Público;Longo Curso;1467061;9790646;2024-06-09 14:12:00;15/06/2024 03:00;15/06/2024 03:54;18/06/2024 12:00;Granel Líquido e Gasoso;Etanol Combustível;1;;132:48:00;5,53;23;4,05
2024;Santos;BRSSZ;Público;Cabotagem;1467064;9492270;2024-06-09 14:45:00;16/06/2024 03:10;16/06/2024 05:18;18/06/2024 18:55;Granel Líquido e Gasoso;Petróleo E Derivados (Sem Óleo Bruto);1;;156:25:00;6,52;23;4,05
2024;Santos;BRSSZ;Público;Longo Curso;1467015;9186211;2024-06-09 17:19:00;09/06/2024 18:52;09/06/2024 19:00;10/06/2024 20:41;Carga Geral;Pasta De Celulose;1;;1:33:00;0,06;23;4,05
2024;Santos;BRSSZ;Público;Longo Curso;1466891;9852779;2024-06-09 18:12:00;09/06/2024 18:30;09/06/2024 18:54;21/06/2024 20:07;Granel Sólido;Adubos (Fertilizantes);1;;0:18:00;0,01;23;4,05
2024;Santos;BRSSZ;Público;Longo Curso;1466960;9841213;2024-06-09 18:20:00;24/06/2024 19:55;24/06/2024 19:55;28/06/2024 10:45;Granel Sólido;Resíduos Da Extração Do Óleo De Soja;1;;361:35:00;15,07;23;4,05
2024;Santos;BRSSZ;Público;Longo Curso;1466961;9846122;2024-06-09 22:55:00;22/06/2024 17:20;22/06/2024 17:20;24/06/2024 19:15;Granel Sólido;Resíduos Da Extração Do Óleo De Soja;1;;306:25:00;12,77;23;4,05
2024;Santos;BRSSZ;Público;Longo Curso;1466894;9842528;2024-06-10 00:30:00;16/06/2024 05:13;16/06/2024 05:13;17/06/2024 14:00;Granel Sólido;Açúcar;1;;148:43:00;6,2;24;3,37
2024;Santos;BRSSZ;Público;Cabotagem;1467046;9877638;2024-06-10 07:00:00;10/06/2024 09:07;10/06/2024 09:07;12/06/2024 01:10;Granel Líquido e Gasoso;Soda Cáustica;1;;2:07:00;0,09;24;3,37
2024;Santos;BRSSZ;Público;Cabotagem;1466953;9379909;2024-06-10 10:36:00;13/06/2024 21:40;14/06/2024 07:00;15/06/2024 12:20;Granel Líquido e Gasoso;Produtos Diversos Da Indústria Química;1;;83:04:00;3,46;24;3,37
2024;Santos;BRSSZ;Público;Cabotagem;1466953;9379909;2024-06-10 10:36:00;13/06/2024 21:40;14/06/2024 07:00;15/06/2024 12:20;Granel Líquido e Gasoso;Produtos Químicos Orgânicos;1;;83:04:00;3,46;24;3,37
2024;Santos;BRSSZ;Público;Longo Curso;1466888;9114244;2024-06-10 11:15:00;10/06/2024 11:40;10/06/2024 12:15;12/06/2024 00:05;Granel Líquido e Gasoso;Produtos Químicos Orgânicos;1;;0:25:00;0,02;24;3,37
2024;Santos;BRSSZ;Público;Longo Curso;1466929;9777723;2024-06-10 20:36:00;14/06/2024 16:50;14/06/2024 16:50;17/06/2024 07:30;Granel Sólido;Produtos Químicos Inorgânicos;1;;92:14:00;3,84;24;3,37
2024;Santos;BRSSZ;Público;Longo Curso;1467008;9363493;2024-06-10 21:18:00;12/06/2024 02:10;12/06/2024 02:30;13/06/2024 11:35;Granel Líquido e Gasoso;Soda Cáustica;1;;28:52:00;1,2;24;3,37
2024;Santos;BRSSZ;Público;Longo Curso;1466933;9389227;2024-06-10 22:36:00;14/06/2024 21:35;15/06/2024 02:05;19/06/2024 13:55;Granel Sólido;Soja;1;;94:59:00;3,96;24;3,37
2024;Santos;BRSSZ;Público;Cabotagem;1466911;9753636;2024-06-10 23:15:00;11/06/2024 00:30;11/06/2024 01:10;15/06/2024 01:18;Granel Líquido e Gasoso;Produtos Químicos Orgânicos;1;;1:15:00;0,05;24;3,37
2024;Santos;BRSSZ;Público;Cabotagem;1466911;9753636;2024-06-10 23:15:00;11/06/2024 00:30;11/06/2024 01:10;15/06/2024 01:18;Granel Líquido e Gasoso;Petróleo E Derivados (Sem Óleo Bruto);1;;1:15:00;0,05;24;3,37
2024;Santos;BRSSZ;Público;Cabotagem;1466911;9753636;2024-06-10 23:15:00;11/06/2024 00:30;11/06/2024 01:10;15/06/2024 01:18;Granel Líquido e Gasoso;Etanol Combustível;1;;1:15:00;0,05;24;3,37
2024;Santos;BRSSZ;Público;Cabotagem;1466911;9753636;2024-06-10 23:15:00;11/06/2024 00:30;11/06/2024 01:10;15/06/2024 01:18;Granel Líquido e Gasoso;Combustíveis, Óleos E Produtos Minerais;1;;1:15:00;0,05;24;3,37
2024;Santos;BRSSZ;Público;Longo Curso;1466902;9976458;2024-06-11 00:05:00;11/06/2024 00:50;11/06/2024 07:00;12/06/2024 19:35;Carga Geral;Pasta De Celulose;1;;0:45:00;0,03;24;3,37
2024;Santos;BRSSZ;Público;Longo Curso;1467044;9568495;2024-06-11 16:24:00;15/06/2024 13:25;15/06/2024 17:25;18/06/2024 04:15;Granel Líquido e Gasoso;Produtos Químicos Orgânicos;1;;93:01:00;3,88;24;3,37
2024;Santos;BRSSZ;Público;Longo Curso;1466931;9486398;2024-06-11 19:55:00;11/06/2024 20:30;12/06/2024 01:00;14/06/2024 00:10;Granel Sólido;Adubos (Fertilizantes);1;;0:35:00;0,02;24;3,37
2024;Santos;BRSSZ;Público;Longo Curso;1467012;9861990;2024-06-11 21:30:00;11/06/2024 22:35;12/06/2024 01:50;13/06/2024 11:15;Granel Sólido;Açúcar;1;;1:05:00;0,05;24;3,37
2024;Santos;BRSSZ;Público;Longo Curso;1467131;9582427;2024-06-11 22:00:00;11/06/2024 22:46;12/06/2024 00:40;18/06/2024 07:45;Granel Sólido;Trigo;1;;0:46:00;0,03;24;3,37
2024;Santos;BRSSZ;Público;Longo Curso;1467023;9738210;2024-06-11 23:59:00;13/06/2024 14:35;13/06/2024 19:10;17/06/2024 14:43;Granel Sólido;Adubos (Fertilizantes);1;;38:36:00;1,61;24;3,37
2024;Santos;BRSSZ;Público;Longo Curso;1467051;9939565;2024-06-12 04:06:00;15/06/2024 14:40;15/06/2024 19:00;17/06/2024 15:00;Granel Líquido e Gasoso;Óleo De Soja;1;;82:34:00;3,44;24;3,37
2024;Santos;BRSSZ;Público;Longo Curso;1467058;9883675;2024-06-12 08:00:00;14/06/2024 13:10;14/06/2024 14:00;16/06/2024 17:12;Granel Sólido;Soja;1;;53:10:00;2,22;24;3,37
2024;Santos;BRSSZ;Público;Longo Curso;1467120;9972622;2024-06-12 11:06:00;27/06/2024 23:15;28/06/2024 01:30;29/06/2024 11:40;Granel Sólido;Açúcar;1;;372:09:00;15,51;24;3,37
2024;Santos;BRSSZ;Público;Longo Curso;1467128;9314832;2024-06-12 13:48:00;17/06/2024 18:00;17/06/2024 18:00;21/06/2024 21:00;Granel Líquido e Gasoso;Petróleo E Derivados (Sem Óleo Bruto);1;;124:12:00;5,18;24;3,37
2024;Santos;BRSSZ;Público;Longo Curso;1467074;9307982;2024-06-12 22:18:00;20/06/2024 19:55;21/06/2024 02:12;22/06/2024 19:05;Granel Líquido e Gasoso;Petróleo E Derivados (Sem Óleo Bruto);1;;189:37:00;7,9;24;3,37
2024;Santos;BRSSZ;Público;Longo Curso;1467053;9952165;2024-06-12 22:30:00;18/06/2024 06:35;18/06/2024 07:00;20/06/2024 00:40;Granel Líquido e Gasoso;Petróleo E Derivados (Sem Óleo Bruto);1;;128:05:00;5,34;24;3,37
2024;Santos;BRSSZ;Público;Longo Curso;1467127;9414474;2024-06-13 00:06:00;16/06/2024 09:12;16/06/2024 09:12;21/06/2024 22:15;Granel Sólido;Adubos (Fertilizantes);1;;81:06:00;3,38;24;3,37
2024;Santos;BRSSZ;Público;Cabotagem;1466964;9271999;2024-06-13 01:00:00;13/06/2024 14:10;13/06/2024 14:50;15/06/2024 20:55;Granel Líquido e Gasoso;Etanol Combustível;1;;13:10:00;0,55;24;3,37
2024;Santos;BRSSZ;Público;Cabotagem;1466964;9271999;2024-06-13 01:00:00;13/06/2024 14:10;13/06/2024 14:50;15/06/2024 20:55;Granel Líquido e Gasoso;Produtos Químicos Orgânicos;1;;13:10:00;0,55;24;3,37
2024;Santos;BRSSZ;Público;Longo Curso;1466923;9866782;2024-06-13 10:35:00;16/06/2024 03:25;16/06/2024 03:45;19/06/2024 03:45;Granel Líquido e Gasoso;Produtos Químicos Orgânicos;1;;64:50:00;2,7;24;3,37
2024;Santos;BRSSZ;Público;Longo Curso;1466965;9644524;2024-06-13 13:37:00;13/06/2024 13:55;13/06/2024 15:12;14/06/2024 03:07;Carga Geral;Pasta De Celulose;1;;0:18:00;0,01;24;3,37
2024;Santos;BRSSZ;Público;Longo Curso;1466916;9673824;2024-06-14 00:30:00;21/06/2024 08:25;21/06/2024 13:00;24/06/2024 02:55;Granel Sólido;Soja;1;;175:55:00;7,33;24;3,37
2024;Santos;BRSSZ;Público;Longo Curso;1467040;9502647;2024-06-14 03:06:00;16/06/2024 04:10;16/06/2024 07:00;18/06/2024 03:40;Granel Sólido;Soja;1;;49:04:00;2,04;24;3,37
2024;Santos;BRSSZ;Público;Longo Curso;1474035;9623738;2024-06-14 06:30:00;01/07/2024 15:40;01/07/2024 15:55;04/07/2024 13:05;Granel Sólido;Resíduos Da Extração Do Óleo De Soja;1;;417:10:00;17,38;24;3,37
2024;Santos;BRSSZ;Público;Longo Curso;1466901;9520613;2024-06-14 13:00:00;18/06/2024 18:29;18/06/2024 20:15;20/06/2024 03:17;Granel Sólido;Açúcar;1;;101:29:00;4,23;24;3,37
2024;Santos;BRSSZ;Público;Longo Curso;1467042;9597393;2024-06-14 15:00:00;17/06/2024 04:00;17/06/2024 06:42;18/06/2024 22:32;Granel Sólido;Soja;1;;61:00:00;2,54;24;3,37
2024;Santos;BRSSZ;Público;Longo Curso;1467116;9411135;2024-06-14 23:00:00;22/06/2024 22:55;23/06/2024 05:18;24/06/2024 20:45;Granel Líquido e Gasoso;Petróleo E Derivados (Sem Óleo Bruto);1;;191:55:00;8,0;24;3,37
2024;Santos;BRSSZ;Público;Cabotagem;1467113;9416836;2024-06-15 01:45:00;15/06/2024 03:05;15/06/2024 11:30;16/06/2024 17:54;Granel Líquido e Gasoso;Petróleo E Derivados (Sem Óleo Bruto);1;;1:20:00;0,06;24;3,37
2024;Santos;BRSSZ;Público;Longo Curso;1467057;9579262;2024-06-15 07:30:00;20/06/2024 15:45;20/06/2024 18:35;22/06/2024 13:45;Granel Sólido;Soja;1;;128:15:00;5,34;24;3,37
2024;Santos;BRSSZ;Público;Longo Curso;1466943;9739305;2024-06-15 10:55:00;18/06/2024 15:05;18/06/2024 15:05;19/06/2024 17:20;Granel Líquido e Gasoso;Produtos Químicos Orgânicos;1;;76:10:00;3,17;24;3,37
2024;Santos;BRSSZ;Público;Longo Curso;1466898;9644172;2024-06-15 13:12:00;22/06/2024 23:55;22/06/2024 23:55;24/06/2024 14:12;Granel Sólido;Açúcar;1;;178:43:00;7,45;24;3,37
2024;Santos;BRSSZ;Público;Longo Curso;1466862;9310721;2024-06-15 14:40:00;15/06/2024 17:05;15/06/2024 17:05;23/06/2024 00:20;Granel Sólido;Trigo;1;;2:25:00;0,1;24;3,37
2024;Santos;BRSSZ;Público;Longo Curso;1466966;9593907;2024-06-16 00:30:00;17/06/2024 09:10;17/06/2024 09:10;23/06/2024 12:14;Granel Sólido;Produtos Químicos Inorgânicos;1;;32:40:00;1,36;24;3,37
2024;Santos;BRSSZ;Público;Cabotagem;1467071;9070565;2024-06-16 06:00:00;16/06/2024 08:30;16/06/2024 14:15;20/06/2024 07:40;Granel Sólido;Sal;1;;2:30:00;0,1;24;3,37
2024;Santos;BRSSZ;Público;Longo Curso;1466934;9474228;2024-06-16 18:45:00;21/06/2024 23:45;21/06/2024 23:45;28/06/2024 20:48;Granel Sólido;Adubos (Fertilizantes);1;;125:00:00;5,21;24;3,37
2024;Santos;BRSSZ;Público;Longo Curso;1466978;9292759;2024-06-16 19:30:00;16/06/2024 20:50;17/06/2024 01:06;18/06/2024 10:41;Granel Líquido e Gasoso;Gás De Petróleo;1;;1:20:00;0,06;24;3,37
2024;Santos;BRSSZ;Público;Cabotagem;1474046;9413523;2024-06-16 21:18:00;29/06/2024 05:20;29/06/2024 09:12;01/07/2024 00:15;Granel Líquido e Gasoso;Petróleo E Derivados (Sem Óleo Bruto);1;;296:02:00;12,33;24;3,37
2024;Santos;BRSSZ;Público;Cabotagem;1467052;9391361;2024-06-17 11:00:00;18/06/2024 23:00;19/06/2024 03:12;20/06/2024 17:00;Granel Líquido e Gasoso;Petróleo E Derivados (Sem Óleo Bruto);1;;36:00:00;1,5;25;3,61
2024;Santos;BRSSZ;Público;Longo Curso;1467069;9474694;2024-06-17 12:00:00;25/06/2024 22:10;26/06/2024 04:35;28/06/2024 18:15;Granel Sólido;Soja;1;;202:10:00;8,42;25;3,61
2024;Santos;BRSSZ;Público;Longo Curso;1467076;9483499;2024-06-18 00:12:00;23/06/2024 21:20;24/06/2024 00:50;26/06/2024 16:10;Granel Sólido;Soja;1;;141:08:00;5,88;25;3,61
2024;Santos;BRSSZ;Público;Cabotagem;1467117;9555307;2024-06-18 06:30:00;19/06/2024 05:08;19/06/2024 14:25;20/06/2024 08:30;Granel Líquido e Gasoso;Petróleo E Derivados (Sem Óleo Bruto);1;;22:38:00;0,94;25;3,61
2024;Santos;BRSSZ;Público;Longo Curso;1467111;9350343;2024-06-18 18:00:00;24/06/2024 11:00;24/06/2024 14:11;29/06/2024 01:12;Granel Sólido;Soja;1;;137:00:00;5,71;25;3,61
2024;Santos;BRSSZ;Público;Longo Curso;1474051;9729324;2024-06-18 21:00:00;29/06/2024 15:35;30/06/2024 01:00;02/07/2024 07:50;Granel Sólido;Soja;1;;258:35:00;10,77;25;3,61
2024;Santos;BRSSZ;Público;Longo Curso;1467136;9989948;2024-06-19 00:42:00;26/06/2024 19:40;26/06/2024 21:43;30/06/2024 16:15;Granel Sólido;Resíduos Da Extração Do Óleo De Soja;1;;186:58:00;7,79;25;3,61
2024;Santos;BRSSZ;Público;Cabotagem;1467119;9431317;2024-06-19 11:18:00;28/06/2024 23:10;29/06/2024 07:24;30/06/2024 23:54;Granel Líquido e Gasoso;Petróleo E Derivados (Sem Óleo Bruto);1;;227:52:00;9,49;25;3,61
2024;Santos;BRSSZ;Público;Longo Curso;1474043;9899208;2024-06-19 13:00:00;29/06/2024 14:50;29/06/2024 14:50;01/07/2024 20:50;Granel Sólido;Açúcar;1;;241:50:00;10,08;25;3,61
2024;Santos;BRSSZ;Público;Longo Curso;1473934;9837298;2024-06-19 16:42:00;28/06/2024 10:10;28/06/2024 10:10;02/07/2024 08:30;Granel Sólido;Soja;1;;209:28:00;8,73;25;3,61
2024;Santos;BRSSZ;Público;Longo Curso;1467062;9790646;2024-06-19 17:15:00;19/06/2024 18:30;19/06/2024 19:00;21/06/2024 05:45;Granel Líquido e Gasoso;Petróleo E Derivados (Sem Óleo Bruto);1;;1:15:00;0,05;25;3,61
2024;Santos;BRSSZ;Público;Longo Curso;1466904;9735452;2024-06-19 23:12:00;20/06/2024 00:20;20/06/2024 00:33;24/06/2024 07:40;Granel Líquido e Gasoso;Preparações De Frutas;1;;1:08:00;0,05;25;3,61
2024;Santos;BRSSZ;Público;Longo Curso;1466910;9739305;2024-06-20 02:00:00;20/06/2024 02:50;20/06/2024 02:50;21/06/2024 11:45;Granel Líquido e Gasoso;Combustíveis, Óleos E Produtos Minerais;1;;0:50:00;0,03;25;3,61
2024;Santos;BRSSZ;Público;Longo Curso;1466910;9739305;2024-06-20 02:00:00;20/06/2024 02:50;20/06/2024 02:50;21/06/2024 11:45;Granel Líquido e Gasoso;Petróleo E Derivados (Sem Óleo Bruto);1;;0:50:00;0,03;25;3,61
2024;Santos;BRSSZ;Público;Longo Curso;1466910;9739305;2024-06-20 02:00:00;20/06/2024 02:50;20/06/2024 02:50;21/06/2024 11:45;Granel Líquido e Gasoso;Produtos Químicos Orgânicos;1;;0:50:00;0,03;25;3,61
2024;Santos;BRSSZ;Público;Longo Curso;1466913;9595278;2024-06-20 06:18:00;20/06/2024 07:45;20/06/2024 09:51;22/06/2024 18:17;Granel Sólido;Soja;1;;1:27:00;0,06;25;3,61
2024;Santos;BRSSZ;Público;Cabotagem;1467072;9070565;2024-06-20 07:40:00;20/06/2024 08:15;20/06/2024 11:35;22/06/2024 11:15;Granel Sólido;Sal;1;;0:35:00;0,02;25;3,61
2024;Santos;BRSSZ;Público;Longo Curso;1466863;9663740;2024-06-20 07:43:00;20/06/2024 09:46;20/06/2024 09:50;23/06/2024 10:38;Granel Líquido e Gasoso;Preparações De Frutas;1;;2:03:00;0,09;25;3,61
2024;Santos;BRSSZ;Público;Longo Curso;1467056;9929390;2024-06-20 09:30:00;22/06/2024 13:55;22/06/2024 16:14;23/06/2024 20:55;Granel Sólido;Resíduos Da Extração Do Óleo De Soja;1;;52:25:00;2,18;25;3,61
2024;Santos;BRSSZ;Público;Cabotagem;1467079;9547673;2024-06-21 13:40:00;25/06/2024 01:17;25/06/2024 08:36;27/06/2024 08:15;Granel Líquido e Gasoso;Petróleo E Derivados (Sem Óleo Bruto);1;;83:37:00;3,48;25;3,61
2024;Santos;BRSSZ;Público;Longo Curso;1466917;9766906;2024-06-22 05:00:00;22/06/2024 11:40;22/06/2024 13:17;24/06/2024 13:45;Carga Geral;Pasta De Celulose;1;;6:40:00;0,28;25;3,61
2024;Santos;BRSSZ;Público;Longo Curso;1466968;9874985;2024-06-22 06:30:00;25/06/2024 00:55;25/06/2024 02:38;27/06/2024 05:55;Granel Sólido;Açúcar;1;;66:25:00;2,77;25;3,61
2024;Santos;BRSSZ;Público;Longo Curso;1474066;9491666;2024-06-22 15:00:00;26/06/2024 18:55;27/06/2024 02:10;02/07/2024 05:56;Carga Geral;Açúcar;1;;99:55:00;4,16;25;3,61
2024;Santos;BRSSZ;Público;Cabotagem;1467060;9447768;2024-06-22 16:00:00;22/06/2024 17:25;22/06/2024 22:12;24/06/2024 20:24;Granel Líquido e Gasoso;Petróleo E Derivados (Sem Óleo Bruto);1;;1:25:00;0,06;25;3,61
2024;Santos;BRSSZ;Público;Longo Curso;1473952;9770634;2024-06-22 19:20:00;29/06/2024 15:26;29/06/2024 16:45;02/07/2024 11:36;Granel Sólido;Soja;1;;164:06:00;6,84;25;3,61
2024;Santos;BRSSZ;Público;Longo Curso;1473963;9674397;2024-06-23 08:00:00;24/06/2024 10:55;24/06/2024 10:55;01/07/2024 00:15;Granel Sólido;Adubos (Fertilizantes);1;;26:55:00;1,12;25;3,61
2024;Santos;BRSSZ;Público;Longo Curso;1474050;9586356;2024-06-23 08:30:00;30/06/2024 22:55;01/07/2024 01:57;02/07/2024 14:15;Granel Sólido;Soja;1;;182:25:00;7,6;25;3,61
2024;Santos;BRSSZ;Público;Longo Curso;1474047;9514315;2024-06-23 11:30:00;05/07/2024 00:35;05/07/2024 03:10;06/07/2024 15:35;Granel Sólido;Açúcar;1;;277:05:00;11,55;25;3,61
2024;Santos;BRSSZ;Público;Cabotagem;1467075;9797266;2024-06-23 14:00:00;26/06/2024 09:45;26/06/2024 17:00;29/06/2024 01:50;Granel Líquido e Gasoso;Petróleo E Derivados (Sem Óleo Bruto);1;;67:45:00;2,82;25;3,61
2024;Santos;BRSSZ;Público;Longo Curso;1473987;9642227;2024-06-23 17:18:00;24/06/2024 11:27;24/06/2024 13:00;05/07/2024 00:47;Granel Sólido;Trigo;1;;18:09:00;0,76;25;3,61
2024;Santos;BRSSZ;Público;Longo Curso;1466905;9434539;2024-06-23 21:00:00;25/06/2024 11:30;25/06/2024 11:30;28/06/2024 00:37;Carga Geral;Pasta De Celulose;1;;38:30:00;1,6;25;3,61
2024;Santos;BRSSZ;Público;Longo Curso;1467050;9330898;2024-06-23 23:06:00;24/06/2024 11:50;24/06/2024 15:10;29/06/2024 08:10;Granel Sólido;Resíduos Da Extração Do Óleo De Soja;1;;12:44:00;0,53;25;3,61
2024;Santos;BRSSZ;Público;Longo Curso;1466962;9459539;2024-06-24 00:25:00;24/06/2024 01:56;24/06/2024 08:40;26/06/2024 05:44;Granel Líquido e Gasoso;Etanol Combustível;1;;1:31:00;0,06;26;3,03
2024;Santos;BRSSZ;Público;Cabotagem;1467077;9345893;2024-06-24 04:30:00;24/06/2024 07:25;24/06/2024 07:50;26/06/2024 15:05;Granel Líquido e Gasoso;Etanol Combustível;1;;2:55:00;0,12;26;3,03
2024;Santos;BRSSZ;Público;Longo Curso;1473958;9466908;2024-06-24 05:30:00;26/06/2024 15:50;26/06/2024 15:50;02/07/2024 02:15;Granel Sólido;Adubos (Fertilizantes);1;;58:20:00;2,43;26;3,03
2024;Santos;BRSSZ;Público;Longo Curso;1474056;9304112;2024-06-24 11:00:00;24/06/2024 17:10;26/06/2024 07:00;02/07/2024 21:50;Granel Sólido;Adubos (Fertilizantes);1;;6:10:00;0,26;26;3,03
2024;Santos;BRSSZ;Público;Longo Curso;1466892;9813113;2024-06-24 11:18:00;27/06/2024 12:00;27/06/2024 13:45;29/06/2024 11:15;Granel Sólido;Açúcar;1;;72:42:00;3,03;26;3,03
2024;Santos;BRSSZ;Público;Cabotagem;1466924;9753636;2024-06-24 14:00:00;24/06/2024 16:48;24/06/2024 17:20;27/06/2024 12:25;Granel Líquido e Gasoso;Combustíveis, Óleos E Produtos Minerais;1;;2:48:00;0,12;26;3,03
2024;Santos;BRSSZ;Público;Cabotagem;1466924;9753636;2024-06-24 14:00:00;24/06/2024 16:48;24/06/2024 17:20;27/06/2024 12:25;Granel Líquido e Gasoso;Etanol Combustível;1;;2:48:00;0,12;26;3,03
2024;Santos;BRSSZ;Público;Cabotagem;1466924;9753636;2024-06-24 14:00:00;24/06/2024 16:48;24/06/2024 17:20;27/06/2024 12:25;Granel Líquido e Gasoso;Produtos Químicos Orgânicos;1;;2:48:00;0,12;26;3,03
2024;Santos;BRSSZ;Público;Longo Curso;1474063;9523512;2024-06-24 15:00:00;28/06/2024 14:55;28/06/2024 14:55;01/07/2024 11:10;Granel Sólido;Resíduos Da Extração Do Óleo De Soja;1;;95:55:00;4,0;26;3,03
2024;Santos;BRSSZ;Público;Longo Curso;1474065;9522934;2024-06-24 16:25:00;06/07/2024 22:30;07/07/2024 00:50;11/07/2024 05:52;Granel Sólido;Açúcar;1;;294:05:00;12,25;26;3,03
2024;Santos;BRSSZ;Público;Cabotagem;1467115;9829409;2024-06-24 22:45:00;25/06/2024 00:01;25/06/2024 03:12;26/06/2024 06:24;Granel Líquido e Gasoso;Petróleo E Derivados (Sem Óleo Bruto);1;;1:16:00;0,05;26;3,03
2024;Santos;BRSSZ;Público;Longo Curso;1473964;9591557;2024-06-25 11:18:00;30/06/2024 05:35;30/06/2024 15:15;03/07/2024 02:40;Granel Sólido;Soja;1;;114:17:00;4,76;26;3,03
2024;Santos;BRSSZ;Público;Cabotagem;1474062;9849265;2024-06-25 18:30:00;12/07/2024 07:55;12/07/2024 11:36;13/07/2024 19:25;Granel Líquido e Gasoso;Petróleo E Derivados (Sem Óleo Bruto);1;;397:25:00;16,56;26;3,03
2024;Santos;BRSSZ;Público;Longo Curso;1466969;9514327;2024-06-25 20:00:00;25/06/2024 21:05;26/06/2024 04:35;27/06/2024 22:10;Granel Sólido;Açúcar;1;;1:05:00;0,05;26;3,03
2024;Santos;BRSSZ;Público;Longo Curso;1473926;9934929;2024-06-26 05:30:00;02/07/2024 19:40;02/07/2024 19:40;05/07/2024 20:15;Granel Sólido;Soja;1;;158:10:00;6,59;26;3,03
2024;Santos;BRSSZ;Público;Longo Curso;1467080;9367554;2024-06-26 07:00:00;26/06/2024 10:15;26/06/2024 13:00;27/06/2024 13:15;Granel Líquido e Gasoso;Combustíveis, Óleos E Produtos Minerais;1;;3:15:00;0,14;26;3,03
2024;Santos;BRSSZ;Público;Longo Curso;1473924;9143207;2024-06-26 12:00:00;26/06/2024 13:30;26/06/2024 13:30;01/07/2024 08:50;Granel Líquido e Gasoso;Combustíveis, Óleos E Produtos Minerais;1;;1:30:00;0,06;26;3,03
2024;Santos;BRSSZ;Público;Longo Curso;1473924;9143207;2024-06-26 12:00:00;26/06/2024 13:30;26/06/2024 13:30;01/07/2024 08:50;Granel Líquido e Gasoso;Petróleo E Derivados (Sem Óleo Bruto);1;;1:30:00;0,06;26;3,03
2024;Santos;BRSSZ;Público;Longo Curso;1473924;9143207;2024-06-26 12:00:00;26/06/2024 13:30;26/06/2024 13:30;01/07/2024 08:50;Granel Líquido e Gasoso;Plásticos E Suas Obras;1;;1:30:00;0,06;26;3,03
2024;Santos;BRSSZ;Público;Longo Curso;1473924;9143207;2024-06-26 12:00:00;26/06/2024 13:30;26/06/2024 13:30;01/07/2024 08:50;Granel Líquido e Gasoso;Produtos Diversos Da Indústria Química;1;;1:30:00;0,06;26;3,03
2024;Santos;BRSSZ;Público;Longo Curso;1473924;9143207;2024-06-26 12:00:00;26/06/2024 13:30;26/06/2024 13:30;01/07/2024 08:50;Granel Líquido e Gasoso;Produtos Químicos Orgânicos;1;;1:30:00;0,06;26;3,03
2024;Santos;BRSSZ;Público;Longo Curso;1473924;9143207;2024-06-26 12:00:00;26/06/2024 13:30;26/06/2024 13:30;01/07/2024 08:50;Granel Líquido e Gasoso;Sabões, Ceras, Velas E Massas;1;;1:30:00;0,06;26;3,03
2024;Santos;BRSSZ;Público;Longo Curso;1466869;9953303;2024-06-26 14:00:00;26/06/2024 14:45;26/06/2024 14:45;29/06/2024 10:40;Granel Sólido;Produtos Químicos Inorgânicos;1;;0:45:00;0,03;26;3,03
2024;Santos;BRSSZ;Público;Longo Curso;1474049;9758480;2024-06-26 15:36:00;01/07/2024 11:40;01/07/2024 14:45;03/07/2024 09:35;Granel Sólido;Soja;1;;116:04:00;4,84;26;3,03
2024;Santos;BRSSZ;Público;Longo Curso;1474054;9523158;2024-06-26 17:00:00;03/07/2024 13:15;03/07/2024 16:10;06/07/2024 19:50;Granel Sólido;Soja;1;;164:15:00;6,84;26;3,03
2024;Santos;BRSSZ;Público;Cabotagem;1467082;9877638;2024-06-26 17:00:00;26/06/2024 19:05;26/06/2024 19:05;28/06/2024 16:37;Granel Líquido e Gasoso;Soda Cáustica;1;;2:05:00;0,09;26;3,03
2024;Santos;BRSSZ;Público;Longo Curso;1473962;9566617;2024-06-27 02:20:00;27/06/2024 02:55;27/06/2024 03:18;04/07/2024 16:45;Granel Sólido;Produtos Químicos Inorgânicos;1;;0:35:00;0,02;26;3,03
2024;Santos;BRSSZ;Público;Longo Curso;1474058;9820673;2024-06-27 09:00:00;02/07/2024 21:40;03/07/2024 00:32;05/07/2024 00:15;Granel Sólido;Soja;1;;132:40:00;5,53;26;3,03
2024;Santos;BRSSZ;Público;Longo Curso;1473939;9470507;2024-06-27 09:30:00;02/07/2024 18:40;02/07/2024 20:50;05/07/2024 13:49;Granel Sólido;Açúcar;1;;129:10:00;5,38;26;3,03
2024;Santos;BRSSZ;Público;Cabotagem;1467118;9555307;2024-06-27 10:30:00;27/06/2024 11:48;27/06/2024 15:30;28/06/2024 20:30;Granel Líquido e Gasoso;Petróleo E Derivados (Sem Óleo Bruto);1;;1:18:00;0,05;26;3,03
2024;Santos;BRSSZ;Público;Longo Curso;1467081;9367554;2024-06-27 13:15:00;27/06/2024 13:50;27/06/2024 14:06;30/06/2024 02:00;Granel Líquido e Gasoso;Etanol Combustível;1;;0:35:00;0,02;26;3,03
2024;Santos;BRSSZ;Público;Longo Curso;1474080;9301914;2024-06-27 13:30:00;02/07/2024 05:35;02/07/2024 12:30;03/07/2024 02:15;Granel Líquido e Gasoso;Petróleo E Derivados (Sem Óleo Bruto);1;;112:05:00;4,67;26;3,03
2024;Santos;BRSSZ;Público;Longo Curso;1474082;9567154;2024-06-27 17:24:00;14/07/2024 21:20;14/07/2024 21:20;17/07/2024 09:10;Granel Sólido;Resíduos Da Extração Do Óleo De Soja;1;;411:56:00;17,16;26;3,03
2024;Santos;BRSSZ;Público;Longo Curso;1474064;9731834;2024-06-27 22:30:00;02/07/2024 20:45;02/07/2024 23:04;04/07/2024 17:40;Granel Sólido;Soja;1;;118:15:00;4,93;26;3,03
2024;Santos;BRSSZ;Público;Longo Curso;1473972;9274329;2024-06-28 02:55:00;28/06/2024 04:10;28/06/2024 04:10;02/07/2024 02:55;Granel Líquido e Gasoso;Plásticos E Suas Obras;1;;1:15:00;0,05;26;3,03
2024;Santos;BRSSZ;Público;Longo Curso;1473972;9274329;2024-06-28 02:55:00;28/06/2024 04:10;28/06/2024 04:10;02/07/2024 02:55;Granel Líquido e Gasoso;Produtos Químicos Orgânicos;1;;1:15:00;0,05;26;3,03
2024;Santos;BRSSZ;Público;Longo Curso;1473959;9762895;2024-06-28 06:12:00;29/06/2024 00:25;29/06/2024 00:25;11/07/2024 06:25;Granel Sólido;Adubos (Fertilizantes);1;;18:13:00;0,76;26;3,03
2024;Santos;BRSSZ;Público;Longo Curso;1473974;9414474;2024-06-28 11:30:00;08/07/2024 09:55;08/07/2024 09:55;11/07/2024 06:57;Granel Sólido;Açúcar;1;;238:25:00;9,93;26;3,03
2024;Santos;BRSSZ;Público;Longo Curso;1474060;9292759;2024-06-28 13:18:00;01/07/2024 06:10;01/07/2024 13:30;02/07/2024 21:45;Granel Líquido e Gasoso;Gás De Petróleo;1;;64:52:00;2,7;26;3,03
2024;Santos;BRSSZ;Público;Longo Curso;1474053;9736963;2024-06-28 14:00:00;01/07/2024 05:05;01/07/2024 05:05;04/07/2024 08:00;Granel Sólido;Adubos (Fertilizantes);1;;63:05:00;2,63;26;3,03
2024;Santos;BRSSZ;Público;Longo Curso;1473981;9919333;2024-06-28 18:30:00;01/07/2024 10:45;01/07/2024 10:45;03/07/2024 14:50;Granel Líquido e Gasoso;Gorduras E Óleos Animais Ou Vegetais;1;;64:15:00;2,68;26;3,03
2024;Santos;BRSSZ;Público;Longo Curso;1473981;9919333;2024-06-28 18:30:00;01/07/2024 10:45;01/07/2024 10:45;03/07/2024 14:50;Granel Líquido e Gasoso;Óleo De Soja;1;;64:15:00;2,68;26;3,03
2024;Santos;BRSSZ;Público;Longo Curso;1474007;9235141;2024-06-29 07:30:00;29/06/2024 14:29;29/06/2024 14:29;04/07/2024 09:15;Carga Geral;Pasta De Celulose;1;;6:59:00;0,29;26;3,03
2024;Santos;BRSSZ;Público;Longo Curso;1474076;9966855;2024-06-29 09:42:00;14/07/2024 04:00;14/07/2024 07:00;16/07/2024 12:50;Granel Sólido;Milho;1;;354:18:00;14,76;26;3,03
2024;Santos;BRSSZ;Público;Longo Curso;1473911;9473717;2024-06-29 11:00:00;03/07/2024 06:30;03/07/2024 06:30;07/07/2024 20:10;Granel Líquido e Gasoso;Petróleo E Derivados (Sem Óleo Bruto);1;;91:30:00;3,81;26;3,03
2024;Santos;BRSSZ;Público;Longo Curso;1473917;9872169;2024-06-29 22:48:00;05/07/2024 22:40;05/07/2024 22:40;14/07/2024 09:30;Carga Geral;Pasta De Celulose;1;;143:52:00;5,99;26;3,03
2024;Santos;BRSSZ;Público;Longo Curso;1473992;9976070;2024-06-30 01:03:00;30/06/2024 01:50;30/06/2024 07:35;01/07/2024 07:40;Carga Geral;Pasta De Celulose;1;;0:47:00;0,03;26;3,03
2024;Santos;BRSSZ;Público;Longo Curso;1473916;9976434;2024-06-30 03:30:00;01/07/2024 08:20;01/07/2024 08:21;06/07/2024 19:30;Carga Geral;Pasta De Celulose;1;;28:50:00;1,2;26;3,03
2024;Santos;BRSSZ;Público;Cabotagem;1474003;9102928;2024-06-30 03:57:00;30/06/2024 05:00;30/06/2024 05:40;02/07/2024 02:15;Granel Líquido e Gasoso;Produtos Químicos Orgânicos;1;;1:03:00;0,04;26;3,03
2024;Santos;BRSSZ;Público;Cabotagem;1474003;9102928;2024-06-30 03:57:00;30/06/2024 05:00;30/06/2024 05:40;02/07/2024 02:15;Granel Líquido e Gasoso;Soda Cáustica;1;;1:03:00;0,04;26;3,03
2024;Santos;BRSSZ;Público;Longo Curso;1474006;9835965;2024-06-30 14:00:00;06/07/2024 19:00;07/07/2024 00:40;11/07/2024 17:30;Granel Sólido;Açúcar;1;;149:00:00;6,21;26;3,03
2024;Santos;BRSSZ;Público;Longo Curso;1473965;9977971;2024-06-30 15:12:00;05/07/2024 16:40;05/07/2024 19:00;08/07/2024 05:43;Granel Sólido;Açúcar;1;;121:28:00;5,06;26;3,03
2024;Santos;BRSSZ;Público;Longo Curso;1473938;9114244;2024-06-30 18:18:00;03/07/2024 16:55;03/07/2024 16:55;06/07/2024 00:35;Granel Líquido e Gasoso;Gorduras E Óleos Animais Ou Vegetais;1;;70:37:00;2,94;26;3,03
2024;Santos;BRSSZ;Público;Longo Curso;1474002;9400916;2024-06-30 22:10:00;02/07/2024 05:00;02/07/2024 12:35;11/07/2024 18:24;Granel Sólido;Adubos (Fertilizantes);1;;30:50:00;1,28;26;3,03
2024;Santos;BRSSZ;Público;Cabotagem;1474084;9492270;2024-07-01 03:37:00;01/07/2024 05:20;01/07/2024 08:30;06/07/2024 09:40;Granel Líquido e Gasoso;Petróleo E Derivados (Sem Óleo Bruto);1;;1:43:00;0,07;27;4,36
2024;Santos;BRSSZ;Público;Longo Curso;1474097;9227194;2024-07-01 03:45:00;17/07/2024 18:00;17/07/2024 19:00;19/07/2024 23:40;Granel Sólido;Açúcar;1;;398:15:00;16,59;27;4,36
2024;Santos;BRSSZ;Público;Longo Curso;1474075;9498248;2024-07-01 06:45:00;11/07/2024 11:45;11/07/2024 14:15;12/07/2024 17:01;Granel Sólido;Açúcar;1;;245:00:00;10,21;27;4,36
2024;Santos;BRSSZ;Público;Longo Curso;1474098;9708930;2024-07-01 07:48:00;16/07/2024 07:20;16/07/2024 10:00;17/07/2024 13:10;Granel Sólido;Açúcar;1;;359:32:00;14,98;27;4,36
2024;Santos;BRSSZ;Público;Longo Curso;1473990;9230995;2024-07-01 08:00:00;01/07/2024 09:50;01/07/2024 09:54;04/07/2024 08:40;Granel Líquido e Gasoso;Preparações De Frutas;1;;1:50:00;0,08;27;4,36
2024;Santos;BRSSZ;Público;Longo Curso;1473955;9143207;2024-07-01 08:50:00;01/07/2024 09:40;01/07/2024 09:58;05/07/2024 11:10;Granel Líquido e Gasoso;Etanol Combustível;1;;0:50:00;0,03;27;4,36
2024;Santos;BRSSZ;Público;Longo Curso;1473955;9143207;2024-07-01 08:50:00;01/07/2024 09:40;01/07/2024 09:58;05/07/2024 11:10;Granel Líquido e Gasoso;Petróleo E Derivados (Sem Óleo Bruto);1;;0:50:00;0,03;27;4,36
2024;Santos;BRSSZ;Público;Longo Curso;1473955;9143207;2024-07-01 08:50:00;01/07/2024 09:40;01/07/2024 09:58;05/07/2024 11:10;Granel Líquido e Gasoso;Produtos Químicos Orgânicos;1;;0:50:00;0,03;27;4,36
2024;Santos;BRSSZ;Público;Longo Curso;1474093;9152234;2024-07-01 12:00:00;11/07/2024 22:10;11/07/2024 22:10;14/07/2024 22:14;Granel Sólido;Açúcar;1;;250:10:00;10,42;27;4,36
2024;Santos;BRSSZ;Público;Longo Curso;1474005;9777369;2024-07-01 13:00:00;06/07/2024 02:40;06/07/2024 07:00;08/07/2024 02:40;Granel Líquido e Gasoso;Produtos Químicos Inorgânicos;1;;109:40:00;4,57;27;4,36
2024;Santos;BRSSZ;Público;Longo Curso;1474005;9777369;2024-07-01 13:00:00;06/07/2024 02:40;06/07/2024 07:00;08/07/2024 02:40;Granel Líquido e Gasoso;Produtos Diversos Da Indústria Química;1;;109:40:00;4,57;27;4,36
2024;Santos;BRSSZ;Público;Longo Curso;1474031;9932359;2024-07-01 21:00:00;01/07/2024 21:55;01/07/2024 23:40;02/07/2024 22:59;Granel Sólido;Açúcar;1;;0:55:00;0,04;27;4,36
2024;Santos;BRSSZ;Público;Longo Curso;1473980;9274329;2024-07-02 02:55:00;02/07/2024 03:31;02/07/2024 03:50;03/07/2024 10:45;Granel Líquido e Gasoso;Produtos Químicos Orgânicos;1;;0:36:00;0,03;27;4,36
2024;Santos;BRSSZ;Público;Longo Curso;1474071;9849382;2024-07-02 17:00:00;04/07/2024 06:50;04/07/2024 13:42;06/07/2024 23:20;Granel Líquido e Gasoso;Petróleo E Derivados (Sem Óleo Bruto);1;;37:50:00;1,58;27;4,36
2024;Santos;BRSSZ;Público;Longo Curso;1474019;9860881;2024-07-02 19:48:00;18/07/2024 20:00;18/07/2024 22:06;20/07/2024 12:40;Granel Sólido;Milho;1;;384:12:00;16,01;27;4,36
2024;Santos;BRSSZ;Público;Longo Curso;1474069;9288813;2024-07-02 21:48:00;03/07/2024 13:05;03/07/2024 17:12;05/07/2024 10:40;Granel Líquido e Gasoso;Soda Cáustica;1;;15:17:00;0,64;27;4,36
2024;Santos;BRSSZ;Público;Cabotagem;1474034;9555307;2024-07-03 00:45:00;03/07/2024 02:05;03/07/2024 05:24;04/07/2024 03:14;Granel Líquido e Gasoso;Petróleo E Derivados (Sem Óleo Bruto);1;;1:20:00;0,06;27;4,36
2024;Santos;BRSSZ;Público;Longo Curso;1474074;9660530;2024-07-03 04:00:00;11/07/2024 14:05;11/07/2024 14:05;14/07/2024 23:20;Granel Sólido;Resíduos Da Extração Do Óleo De Soja;1;;202:05:00;8,42;27;4,36
2024;Santos;BRSSZ;Público;Longo Curso;1474059;9853905;2024-07-03 19:18:00;07/07/2024 15:30;07/07/2024 15:30;14/07/2024 17:20;Granel Sólido;Resíduos Da Extração Do Óleo De Soja;1;;92:12:00;3,84;27;4,36
2024;Santos;BRSSZ;Público;Longo Curso;1473973;9536923;2024-07-03 19:36:00;07/07/2024 23:20;07/07/2024 23:20;13/07/2024 02:46;Granel Líquido e Gasoso;Etanol Combustível;1;;99:44:00;4,16;27;4,36
2024;Santos;BRSSZ;Público;Cabotagem;1474101;9411135;2024-07-03 22:00:00;08/07/2024 18:42;08/07/2024 23:06;10/07/2024 14:10;Granel Líquido e Gasoso;Petróleo E Derivados (Sem Óleo Bruto);1;;116:42:00;4,86;27;4,36
2024;Santos;BRSSZ;Público;Longo Curso;1474039;9802229;2024-07-03 22:40:00;04/07/2024 00:05;04/07/2024 02:05;04/07/2024 21:55;Granel Sólido;Açúcar;1;;1:25:00;0,06;27;4,36
2024;Santos;BRSSZ;Público;Longo Curso;1474073;9792022;2024-07-04 06:00:00;04/07/2024 07:20;04/07/2024 07:36;06/07/2024 19:45;Granel Sólido;Adubos (Fertilizantes);1;;1:20:00;0,06;27;4,36
2024;Santos;BRSSZ;Público;Longo Curso;1473979;9938822;2024-07-04 06:00:00;04/07/2024 07:00;04/07/2024 10:41;11/07/2024 06:10;Granel Sólido;Soja;1;;1:00:00;0,04;27;4,36
2024;Santos;BRSSZ;Público;Longo Curso;1474057;9598787;2024-07-04 08:00:00;19/07/2024 21:00;19/07/2024 21:00;21/07/2024 15:50;Granel Sólido;Resíduos Da Extração Do Óleo De Soja;1;;373:00:00;15,54;27;4,36
2024;Santos;BRSSZ;Público;Longo Curso;1474008;9235141;2024-07-04 09:15:00;04/07/2024 09:35;04/07/2024 14:00;05/07/2024 17:47;Carga Geral;Pasta De Celulose;1;;0:20:00;0,01;27;4,36
2024;Santos;BRSSZ;Público;Longo Curso;1473931;9747302;2024-07-04 13:00:00;18/07/2024 18:48;18/07/2024 20:13;20/07/2024 13:14;Granel Sólido;Açúcar;1;;341:48:00;14,24;27;4,36
2024;Santos;BRSSZ;Público;Longo Curso;1474072;9919967;2024-07-05 02:00:00;05/07/2024 02:40;05/07/2024 04:47;11/07/2024 11:20;Granel Sólido;Soja;1;;0:40:00;0,03;27;4,36
2024;Santos;BRSSZ;Público;Longo Curso;1474013;9228071;2024-07-05 02:00:00;13/07/2024 09:27;15/07/2024 07:00;19/07/2024 18:47;Granel Sólido;Adubos (Fertilizantes);1;;199:27:00;8,31;27;4,36
2024;Santos;BRSSZ;Público;Longo Curso;1474103;9659799;2024-07-05 07:30:00;05/07/2024 13:30;05/07/2024 19:00;18/07/2024 23:40;Granel Sólido;Trigo;1;;6:00:00;0,25;27;4,36
2024;Santos;BRSSZ;Público;Longo Curso;1474100;9877638;2024-07-05 12:02:00;05/07/2024 13:05;05/07/2024 13:05;08/07/2024 05:45;Granel Líquido e Gasoso;Etanol Combustível;1;;1:03:00;0,04;27;4,36
2024;Santos;BRSSZ;Público;Longo Curso;1473994;9640097;2024-07-05 12:18:00;05/07/2024 20:40;05/07/2024 20:40;07/07/2024 00:58;Granel Líquido e Gasoso;Adubos (Fertilizantes);1;;8:22:00;0,35;27;4,36
2024;Santos;BRSSZ;Público;Longo Curso;1473994;9640097;2024-07-05 12:18:00;05/07/2024 20:40;05/07/2024 20:40;07/07/2024 00:58;Granel Líquido e Gasoso;Produtos Químicos Inorgânicos;1;;8:22:00;0,35;27;4,36
2024;Santos;BRSSZ;Público;Longo Curso;1473994;9640097;2024-07-05 12:18:00;05/07/2024 20:40;05/07/2024 20:40;07/07/2024 00:58;Granel Líquido e Gasoso;Produtos Químicos Orgânicos;1;;8:22:00;0,35;27;4,36
2024;Santos;BRSSZ;Público;Longo Curso;1474119;9877664;2024-07-05 12:48:00;09/07/2024 06:00;09/07/2024 06:00;11/07/2024 14:15;Granel Líquido e Gasoso;Etanol Combustível;1;;89:12:00;3,72;27;4,36
2024;Santos;BRSSZ;Público;Longo Curso;1474104;9597202;2024-07-05 13:45:00;11/07/2024 11:15;11/07/2024 13:50;14/07/2024 00:45;Granel Sólido;Milho;1;;141:30:00;5,9;27;4,36
2024;Santos;BRSSZ;Público;Longo Curso;1474102;9749398;2024-07-05 23:36:00;07/07/2024 03:55;07/07/2024 04:24;09/07/2024 03:15;Granel Líquido e Gasoso;Produtos Químicos Orgânicos;1;;28:19:00;1,18;27;4,36
2024;Santos;BRSSZ;Público;Longo Curso;1474070;9958896;2024-07-06 00:48:00;07/07/2024 15:20;07/07/2024 19:00;19/07/2024 15:39;Granel Sólido;Sal;1;;38:32:00;1,61;27;4,36
2024;Santos;BRSSZ;Público;Longo Curso;1474009;9497878;2024-07-06 01:45:00;19/07/2024 21:38;20/07/2024 01:30;23/07/2024 10:10;Granel Sólido;Adubos (Fertilizantes);1;;331:53:00;13,83;27;4,36
2024;Santos;BRSSZ;Público;Longo Curso;1473943;9595711;2024-07-06 07:00:00;19/07/2024 03:27;19/07/2024 03:27;23/07/2024 00:06;Granel Sólido;Soja;1;;308:27:00;12,85;27;4,36
2024;Santos;BRSSZ;Público;Longo Curso;1473971;9929326;2024-07-06 08:54:00;20/07/2024 16:10;20/07/2024 19:10;22/07/2024 16:06;Granel Sólido;Açúcar;1;;343:16:00;14,3;27;4,36
2024;Santos;BRSSZ;Público;Longo Curso;1474088;9650810;2024-07-06 14:00:00;06/07/2024 18:50;06/07/2024 22:45;15/07/2024 18:55;Granel Sólido;Adubos (Fertilizantes);1;;4:50:00;0,2;27;4,36
2024;Santos;BRSSZ;Público;Longo Curso;1473930;9343871;2024-07-06 23:31:00;22/07/2024 22:35;22/07/2024 22:35;25/07/2024 03:48;Granel Sólido;Açúcar;1;;383:04:00;15,96;27;4,36
2024;Santos;BRSSZ;Público;Cabotagem;1474118;9577898;2024-07-07 04:59:00;07/07/2024 06:15;07/07/2024 17:45;12/07/2024 15:30;Granel Sólido;Sal;1;;1:16:00;0,05;27;4,36
2024;Santos;BRSSZ;Público;Longo Curso;1473915;9539987;2024-07-07 08:00:00;14/07/2024 13:05;14/07/2024 13:05;23/07/2024 09:15;Carga Geral;Pasta De Celulose;1;;173:05:00;7,21;27;4,36
2024;Santos;BRSSZ;Público;Longo Curso;1474016;9942689;2024-07-07 09:12:00;08/07/2024 05:58;08/07/2024 05:58;09/07/2024 17:15;Granel Líquido e Gasoso;Produtos Diversos Da Indústria Química;1;;20:46:00;0,87;27;4,36
2024;Santos;BRSSZ;Público;Longo Curso;1474016;9942689;2024-07-07 09:12:00;08/07/2024 05:58;08/07/2024 05:58;09/07/2024 17:15;Granel Líquido e Gasoso;Petróleo E Derivados (Sem Óleo Bruto);1;;20:46:00;0,87;27;4,36
2024;Santos;BRSSZ;Público;Cabotagem;1473967;9753636;2024-07-07 15:00:00;08/07/2024 09:15;08/07/2024 09:50;11/07/2024 06:18;Granel Líquido e Gasoso;Combustíveis, Óleos E Produtos Minerais;1;;18:15:00;0,76;27;4,36
2024;Santos;BRSSZ;Público;Cabotagem;1473967;9753636;2024-07-07 15:00:00;08/07/2024 09:15;08/07/2024 09:50;11/07/2024 06:18;Granel Líquido e Gasoso;Etanol Combustível;1;;18:15:00;0,76;27;4,36
2024;Santos;BRSSZ;Público;Cabotagem;1473967;9753636;2024-07-07 15:00:00;08/07/2024 09:15;08/07/2024 09:50;11/07/2024 06:18;Granel Líquido e Gasoso;Petróleo E Derivados (Sem Óleo Bruto);1;;18:15:00;0,76;27;4,36
2024;Santos;BRSSZ;Público;Cabotagem;1473967;9753636;2024-07-07 15:00:00;08/07/2024 09:15;08/07/2024 09:50;11/07/2024 06:18;Granel Líquido e Gasoso;Produtos Químicos Orgânicos;1;;18:15:00;0,76;27;4,36
2024;Santos;BRSSZ;Público;Longo Curso;1473989;9883493;2024-07-08 06:15:00;09/07/2024 20:40;09/07/2024 20:40;11/07/2024 07:10;Granel Líquido e Gasoso;Combustíveis, Óleos E Produtos Minerais;1;;38:25:00;1,6;28;4,13
2024;Santos;BRSSZ;Público;Longo Curso;1473989;9883493;2024-07-08 06:15:00;09/07/2024 20:40;09/07/2024 20:40;11/07/2024 07:10;Granel Líquido e Gasoso;Petróleo E Derivados (Sem Óleo Bruto);1;;38:25:00;1,6;28;4,13
2024;Santos;BRSSZ;Público;Longo Curso;1473989;9883493;2024-07-08 06:15:00;09/07/2024 20:40;09/07/2024 20:40;11/07/2024 07:10;Granel Líquido e Gasoso;Produtos Diversos Da Indústria Química;1;;38:25:00;1,6;28;4,13
2024;Santos;BRSSZ;Público;Longo Curso;1474113;9375941;2024-07-08 07:30:00;10/07/2024 16:50;10/07/2024 20:07;14/07/2024 17:40;Granel Sólido;Milho;1;;57:20:00;2,39;28;4,13
2024;Santos;BRSSZ;Público;Longo Curso;1473966;9618616;2024-07-08 09:15:00;11/07/2024 22:00;11/07/2024 22:00;20/07/2024 22:40;Granel Sólido;Adubos (Fertilizantes);1;;84:45:00;3,53;28;4,13
2024;Santos;BRSSZ;Público;Longo Curso;1473944;9283679;2024-07-08 11:24:00;22/07/2024 16:20;22/07/2024 16:20;29/07/2024 06:35;Granel Líquido e Gasoso;Petróleo E Derivados (Sem Óleo Bruto);1;;340:56:00;14,21;28;4,13
2024;Santos;BRSSZ;Público;Longo Curso;1474015;9577769;2024-07-08 15:00:00;08/07/2024 18:44;08/07/2024 18:44;18/07/2024 23:23;Granel Sólido;Adubos (Fertilizantes);1;;3:44:00;0,16;28;4,13
2024;Santos;BRSSZ;Público;Longo Curso;1474446;9497050;2024-07-08 15:24:00;10/07/2024 00:55;10/07/2024 00:55;15/07/2024 06:07;Granel Sólido;Soja;1;;33:31:00;1,4;28;4,13
2024;Santos;BRSSZ;Público;Cabotagem;1474129;9555307;2024-07-08 21:30:00;18/07/2024 17:30;18/07/2024 23:00;20/07/2024 13:15;Granel Líquido e Gasoso;Petróleo E Derivados (Sem Óleo Bruto);1;;236:00:00;9,83;28;4,13
2024;Santos;BRSSZ;Público;Cabotagem;1474124;9403968;2024-07-09 13:40:00;12/07/2024 12:55;12/07/2024 12:55;14/07/2024 01:13;Granel Líquido e Gasoso;Soda Cáustica;1;;71:15:00;2,97;28;4,13
2024;Santos;BRSSZ;Público;Longo Curso;1473922;9574004;2024-07-09 16:54:00;11/07/2024 10:46;11/07/2024 10:46;19/07/2024 23:46;Granel Sólido;Adubos (Fertilizantes);1;;41:52:00;1,74;28;4,13
2024;Santos;BRSSZ;Público;Cabotagem;1474116;9102928;2024-07-09 18:25:00;13/07/2024 14:05;13/07/2024 14:40;14/07/2024 23:05;Granel Líquido e Gasoso;Soda Cáustica;1;;91:40:00;3,82;28;4,13
2024;Santos;BRSSZ;Público;Cabotagem;1474110;9391361;2024-07-10 01:28:00;10/07/2024 02:55;10/07/2024 08:42;11/07/2024 22:35;Granel Líquido e Gasoso;Petróleo E Derivados (Sem Óleo Bruto);1;;1:27:00;0,06;28;4,13
2024;Santos;BRSSZ;Público;Cabotagem;1474132;9492270;2024-07-10 03:10:00;13/07/2024 14:22;13/07/2024 16:54;17/07/2024 18:40;Granel Líquido e Gasoso;Petróleo E Derivados (Sem Óleo Bruto);1;;83:12:00;3,47;28;4,13
2024;Santos;BRSSZ;Público;Longo Curso;1474018;9696450;2024-07-10 07:45:00;14/07/2024 21:30;15/07/2024 01:24;17/07/2024 12:35;Granel Sólido;Milho;1;;109:45:00;4,57;28;4,13
2024;Santos;BRSSZ;Público;Longo Curso;1474018;9696450;2024-07-10 07:45:00;14/07/2024 21:30;15/07/2024 01:24;17/07/2024 12:35;Granel Sólido;Resíduos Da Extração Do Óleo De Soja;1;;109:45:00;4,57;28;4,13
2024;Santos;BRSSZ;Público;Longo Curso;1473995;9420710;2024-07-10 08:00:00;11/07/2024 10:30;12/07/2024 03:45;14/07/2024 13:20;Granel Líquido e Gasoso;Etanol Combustível;1;;26:30:00;1,1;28;4,13
2024;Santos;BRSSZ;Público;Longo Curso;1473937;9884617;2024-07-10 10:54:00;11/07/2024 14:05;11/07/2024 16:45;18/07/2024 12:25;Granel Sólido;Soja;1;;27:11:00;1,13;28;4,13
2024;Santos;BRSSZ;Público;Longo Curso;1474037;9938810;2024-07-11 01:48:00;23/07/2024 16:43;23/07/2024 19:57;26/07/2024 16:47;Granel Sólido;Adubos (Fertilizantes);1;;302:55:00;12,62;28;4,13
2024;Santos;BRSSZ;Público;Cabotagem;1474125;9636694;2024-07-11 03:12:00;13/07/2024 20:50;13/07/2024 23:24;15/07/2024 04:35;Granel Líquido e Gasoso;Petróleo E Derivados (Sem Óleo Bruto);1;;65:38:00;2,73;28;4,13
2024;Santos;BRSSZ;Público;Longo Curso;1474010;9640097;2024-07-11 09:30:00;11/07/2024 10:35;11/07/2024 13:00;12/07/2024 08:45;Granel Líquido e Gasoso;Produtos Químicos Orgânicos;1;;1:05:00;0,05;28;4,13
2024;Santos;BRSSZ;Público;Longo Curso;1474134;9544011;2024-07-11 09:40:00;23/07/2024 08:45;23/07/2024 11:56;24/07/2024 20:55;Granel Sólido;Milho;1;;287:05:00;11,96;28;4,13
2024;Santos;BRSSZ;Público;Longo Curso;1474122;9418444;2024-07-11 12:36:00;17/07/2024 18:40;17/07/2024 21:28;19/07/2024 21:15;Granel Sólido;Milho;1;;150:04:00;6,25;28;4,13
2024;Santos;BRSSZ;Público;Longo Curso;1474017;9942689;2024-07-11 16:00:00;11/07/2024 17:05;11/07/2024 17:25;13/07/2024 12:50;Granel Líquido e Gasoso;Produtos Químicos Orgânicos;1;;1:05:00;0,05;28;4,13
2024;Santos;BRSSZ;Público;Longo Curso;1473941;9926477;2024-07-12 01:28:00;18/07/2024 17:45;18/07/2024 17:45;21/07/2024 11:15;Granel Sólido;Adubos (Fertilizantes);1;;160:17:00;6,68;28;4,13
2024;Santos;BRSSZ;Público;Longo Curso;1474091;9568500;2024-07-12 04:18:00;13/07/2024 06:35;13/07/2024 10:40;17/07/2024 06:40;Granel Líquido e Gasoso;Produtos Químicos Orgânicos;1;;26:17:00;1,1;28;4,13
2024;Santos;BRSSZ;Público;Longo Curso;1474123;9398656;2024-07-12 06:30:00;15/07/2024 04:55;15/07/2024 07:00;18/07/2024 11:45;Granel Sólido;Soja;1;;70:25:00;2,93;28;4,13
2024;Santos;BRSSZ;Público;Longo Curso;1473948;9224025;2024-07-12 08:15:00;15/07/2024 12:05;15/07/2024 14:34;18/07/2024 12:26;Granel Sólido;Soja;1;;75:50:00;3,16;28;4,13
2024;Santos;BRSSZ;Público;Longo Curso;1473927;9834387;2024-07-12 14:00:00;15/07/2024 11:05;15/07/2024 11:05;18/07/2024 23:18;Granel Sólido;Soja;1;;69:05:00;2,88;28;4,13
2024;Santos;BRSSZ;Público;Longo Curso;1474022;9491836;2024-07-12 14:00:00;12/07/2024 15:25;12/07/2024 15:25;15/07/2024 15:27;Granel Líquido e Gasoso;Preparações De Frutas;1;;1:25:00;0,06;28;4,13
2024;Santos;BRSSZ;Público;Longo Curso;1474117;9418468;2024-07-13 07:00:00;20/07/2024 03:25;20/07/2024 05:35;23/07/2024 02:58;Granel Sólido;Soja;1;;164:25:00;6,85;28;4,13
2024;Santos;BRSSZ;Público;Longo Curso;1473932;9941427;2024-07-13 18:45:00;23/07/2024 02:50;23/07/2024 02:50;28/07/2024 04:50;Granel Sólido;Soja;1;;224:05:00;9,34;28;4,13
2024;Santos;BRSSZ;Público;Longo Curso;1484607;9323883;2024-07-14 01:30:00;29/07/2024 16:50;29/07/2024 16:55;01/08/2024 23:15;Granel Sólido;Resíduos Da Extração Do Óleo De Soja;1;;375:20:00;15,64;28;4,13
2024;Santos;BRSSZ;Público;Longo Curso;1474012;9766918;2024-07-14 09:00:00;14/07/2024 12:05;14/07/2024 13:40;15/07/2024 20:05;Carga Geral;Pasta De Celulose;1;;3:05:00;0,13;28;4,13
2024;Santos;BRSSZ;Público;Longo Curso;1474105;9420710;2024-07-14 13:20:00;14/07/2024 13:59;14/07/2024 14:30;16/07/2024 21:36;Granel Líquido e Gasoso;Etanol Combustível;1;;0:39:00;0,03;28;4,13
2024;Santos;BRSSZ;Público;Cabotagem;1474133;9413523;2024-07-14 16:30:00;22/07/2024 16:16;22/07/2024 20:12;27/07/2024 12:25;Granel Líquido e Gasoso;Petróleo E Derivados (Sem Óleo Bruto);1;;191:46:00;7,99;28;4,13
2024;Santos;BRSSZ;Público;Longo Curso;1474135;9401128;2024-07-14 18:00:00;17/07/2024 09:45;17/07/2024 13:00;19/07/2024 14:40;Granel Líquido e Gasoso;Óleo De Soja;1;;63:45:00;2,66;28;4,13
2024;Santos;BRSSZ;Público;Longo Curso;1473998;9364447;2024-07-15 02:45:00;15/07/2024 04:05;15/07/2024 06:45;16/07/2024 05:00;Granel Sólido;Açúcar;1;;1:20:00;0,06;29;2,46
2024;Santos;BRSSZ;Público;Longo Curso;1474092;9586693;2024-07-15 03:30:00;19/07/2024 18:50;19/07/2024 18:50;22/07/2024 15:50;Granel Sólido;Adubos (Fertilizantes);1;;111:20:00;4,64;29;2,46
2024;Santos;BRSSZ;Público;Longo Curso;1474138;9883493;2024-07-15 03:40:00;15/07/2024 04:40;15/07/2024 04:58;16/07/2024 20:05;Granel Líquido e Gasoso;Petróleo E Derivados (Sem Óleo Bruto);1;;1:00:00;0,04;29;2,46
2024;Santos;BRSSZ;Público;Longo Curso;1474086;9836440;2024-07-15 04:51:00;15/07/2024 06:10;15/07/2024 16:12;18/07/2024 13:13;Granel Líquido e Gasoso;Petróleo E Derivados (Sem Óleo Bruto);1;;1:19:00;0,05;29;2,46
2024;Santos;BRSSZ;Público;Longo Curso;1474130;9780146;2024-07-15 08:06:00;17/07/2024 18:40;17/07/2024 21:12;20/07/2024 00:15;Granel Sólido;Milho;1;;58:34:00;2,44;29;2,46
2024;Santos;BRSSZ;Público;Longo Curso;1473982;9928877;2024-07-15 17:00:00;15/07/2024 22:40;15/07/2024 23:00;17/07/2024 01:08;Carga Geral;Pasta De Celulose;1;;5:40:00;0,24;29;2,46
2024;Santos;BRSSZ;Público;Longo Curso;1473968;9322956;2024-07-15 18:00:00;16/07/2024 21:00;16/07/2024 21:00;21/07/2024 09:50;Granel Líquido e Gasoso;Petróleo E Derivados (Sem Óleo Bruto);1;;27:00:00;1,13;29;2,46
2024;Santos;BRSSZ;Público;Longo Curso;1474112;9748265;2024-07-15 22:30:00;15/07/2024 23:10;15/07/2024 23:35;18/07/2024 11:55;Granel Sólido;Adubos (Fertilizantes);1;;0:40:00;0,03;29;2,46
2024;Santos;BRSSZ;Público;Longo Curso;1474024;9610092;2024-07-15 23:59:00;21/07/2024 02:18;21/07/2024 02:18;25/07/2024 01:15;Granel Sólido;Adubos (Fertilizantes);1;;122:19:00;5,1;29;2,46
2024;Santos;BRSSZ;Público;Longo Curso;1474090;9791963;2024-07-16 04:42:00;19/07/2024 03:55;19/07/2024 09:48;24/07/2024 02:26;Granel Sólido;Trigo;1;;71:13:00;2,97;29;2,46
2024;Santos;BRSSZ;Público;Longo Curso;1473949;9472701;2024-07-16 05:36:00;16/07/2024 17:00;16/07/2024 17:18;23/07/2024 09:21;Granel Sólido;Trigo;1;;11:24:00;0,48;29;2,46
2024;Santos;BRSSZ;Público;Longo Curso;1473983;9955923;2024-07-16 07:12:00;26/07/2024 13:10;26/07/2024 17:02;29/07/2024 10:16;Granel Sólido;Soja;1;;245:58:00;10,25;29;2,46
2024;Santos;BRSSZ;Público;Longo Curso;1474014;9595369;2024-07-16 07:50:00;19/07/2024 03:31;19/07/2024 03:31;25/07/2024 08:13;Granel Sólido;Adubos (Fertilizantes);1;;67:41:00;2,82;29;2,46
2024;Santos;BRSSZ;Público;Longo Curso;1484490;9619799;2024-07-16 10:00:00;28/07/2024 16:20;28/07/2024 16:20;05/08/2024 03:05;Granel Sólido;Soja;1;;294:20:00;12,26;29;2,46
2024;Santos;BRSSZ;Público;Longo Curso;1474137;9621390;2024-07-16 19:30:00;21/07/2024 10:20;21/07/2024 12:25;23/07/2024 06:02;Granel Sólido;Milho;1;;110:50:00;4,62;29;2,46
2024;Santos;BRSSZ;Público;Cabotagem;1474149;9849265;2024-07-17 00:59:00;20/07/2024 16:25;20/07/2024 16:25;22/07/2024 02:52;Granel Líquido e Gasoso;Petróleo E Derivados (Sem Óleo Bruto);1;;87:26:00;3,64;29;2,46
2024;Santos;BRSSZ;Público;Longo Curso;1474128;9738791;2024-07-17 18:00:00;21/07/2024 18:25;21/07/2024 18:25;23/07/2024 10:30;Granel Sólido;Resíduos Da Extração Do Óleo De Soja;1;;96:25:00;4,02;29;2,46
2024;Santos;BRSSZ;Público;Longo Curso;1474061;9292759;2024-07-17 21:00:00;17/07/2024 22:20;18/07/2024 05:00;19/07/2024 11:51;Granel Líquido e Gasoso;Gás De Petróleo;1;;1:20:00;0,06;29;2,46
2024;Santos;BRSSZ;Público;Longo Curso;1474106;9866770;2024-07-18 02:24:00;18/07/2024 17:55;19/07/2024 05:15;20/07/2024 13:50;Granel Líquido e Gasoso;Petróleo E Derivados (Sem Óleo Bruto);1;;15:31:00;0,65;29;2,46
2024;Santos;BRSSZ;Público;Longo Curso;1484500;9452555;2024-07-18 11:12:00;23/07/2024 13:00;23/07/2024 13:00;02/08/2024 09:16;Granel Sólido;Adubos (Fertilizantes);1;;121:48:00;5,07;29;2,46
2024;Santos;BRSSZ;Público;Longo Curso;1473970;9293959;2024-07-18 12:00:00;19/07/2024 17:45;19/07/2024 17:45;22/07/2024 10:40;Granel Líquido e Gasoso;Petróleo E Derivados (Sem Óleo Bruto);1;;29:45:00;1,24;29;2,46
2024;Santos;BRSSZ;Público;Cabotagem;1474447;9457713;2024-07-18 12:30:00;18/07/2024 19:42;19/07/2024 04:05;20/07/2024 21:00;Granel Líquido e Gasoso;Petróleo E Derivados (Sem Óleo Bruto);1;;7:12:00;0,3;29;2,46
2024;Santos;BRSSZ;Público;Longo Curso;1473976;9304265;2024-07-18 13:00:00;22/07/2024 15:40;22/07/2024 20:17;25/07/2024 07:43;Granel Sólido;Milho;1;;98:40:00;4,11;29;2,46
2024;Santos;BRSSZ;Público;Longo Curso;1473945;9976422;2024-07-18 21:45:00;18/07/2024 23:20;18/07/2024 23:30;21/07/2024 00:00;Carga Geral;Pasta De Celulose;1;;1:35:00;0,07;29;2,46
2024;Santos;BRSSZ;Público;Longo Curso;1473975;9601338;2024-07-19 01:13:00;26/07/2024 08:30;26/07/2024 13:00;30/07/2024 11:50;Granel Sólido;Milho;1;;175:17:00;7,3;29;2,46
2024;Santos;BRSSZ;Público;Cabotagem;1474126;9636694;2024-07-19 11:30:00;19/07/2024 12:56;19/07/2024 16:12;20/07/2024 22:55;Granel Líquido e Gasoso;Petróleo E Derivados (Sem Óleo Bruto);1;;1:26:00;0,06;29;2,46
2024;Santos;BRSSZ;Público;Longo Curso;1484484;9525625;2024-07-19 17:36:00;01/08/2024 14:22;01/08/2024 16:17;04/08/2024 04:13;Granel Sólido;Açúcar;1;;308:46:00;12,87;29;2,46
2024;Santos;BRSSZ;Público;Longo Curso;1474141;9958896;2024-07-19 18:06:00;22/07/2024 02:45;22/07/2024 02:45;25/07/2024 08:45;Granel Sólido;Resíduos Da Extração Do Óleo De Soja;1;;56:39:00;2,36;29;2,46
2024;Santos;BRSSZ;Público;Longo Curso;1474121;9965837;2024-07-20 15:30:00;20/07/2024 16:20;20/07/2024 17:59;21/07/2024 23:40;Granel Sólido;Soja;1;;0:50:00;0,03;29;2,46
2024;Santos;BRSSZ;Público;Cabotagem;1473977;9753636;2024-07-20 16:30:00;20/07/2024 22:33;20/07/2024 22:33;23/07/2024 09:25;Granel Líquido e Gasoso;Combustíveis, Óleos E Produtos Minerais;1;;6:03:00;0,25;29;2,46
2024;Santos;BRSSZ;Público;Cabotagem;1473977;9753636;2024-07-20 16:30:00;20/07/2024 22:33;20/07/2024 22:33;23/07/2024 09:25;Granel Líquido e Gasoso;Etanol Combustível;1;;6:03:00;0,25;29;2,46
2024;Santos;BRSSZ;Público;Cabotagem;1473977;9753636;2024-07-20 16:30:00;20/07/2024 22:33;20/07/2024 22:33;23/07/2024 09:25;Granel Líquido e Gasoso;Petróleo E Derivados (Sem Óleo Bruto);1;;6:03:00;0,25;29;2,46
2024;Santos;BRSSZ;Público;Cabotagem;1473977;9753636;2024-07-20 16:30:00;20/07/2024 22:33;20/07/2024 22:33;23/07/2024 09:25;Granel Líquido e Gasoso;Produtos Químicos Orgânicos;1;;6:03:00;0,25;29;2,46
2024;Santos;BRSSZ;Público;Longo Curso;1474081;9853917;2024-07-20 19:00:00;26/07/2024 01:50;26/07/2024 01:50;29/07/2024 11:15;Granel Sólido;Resíduos Da Extração Do Óleo De Soja;1;;126:50:00;5,28;29;2,46
2024;Santos;BRSSZ;Público;Cabotagem;1474127;9797266;2024-07-21 00:42:00;21/07/2024 02:05;22/07/2024 04:36;23/07/2024 16:49;Granel Líquido e Gasoso;Petróleo E Derivados (Sem Óleo Bruto);1;;1:23:00;0,06;29;2,46
2024;Santos;BRSSZ;Público;Longo Curso;1474030;9242089;2024-07-21 01:16:00;21/07/2024 02:14;21/07/2024 02:14;24/07/2024 12:22;Granel Líquido e Gasoso;Preparações De Frutas;1;;0:58:00;0,04;29;2,46
2024;Santos;BRSSZ;Público;Longo Curso;1474147;9274317;2024-07-21 01:46:00;21/07/2024 03:10;21/07/2024 07:00;22/07/2024 08:00;Granel Líquido e Gasoso;Produtos Químicos Orgânicos;1;;1:24:00;0,06;29;2,46
2024;Santos;BRSSZ;Público;Cabotagem;1473985;9397559;2024-07-21 03:00:00;21/07/2024 11:40;21/07/2024 11:40;23/07/2024 17:00;Granel Líquido e Gasoso;Petróleo E Derivados (Sem Óleo Bruto);1;;8:40:00;0,36;29;2,46
2024;Santos;BRSSZ;Público;Longo Curso;1474067;9512214;2024-07-21 22:30:00;21/07/2024 23:45;22/07/2024 02:10;22/07/2024 18:15;Granel Sólido;Açúcar;1;;1:15:00;0,05;29;2,46
2024;Santos;BRSSZ;Público;Longo Curso;1474151;9595151;2024-07-22 06:30:00;23/07/2024 22:10;23/07/2024 22:10;29/07/2024 23:40;Granel Sólido;Adubos (Fertilizantes);1;;39:40:00;1,65;30;3,82
2024;Santos;BRSSZ;Público;Cabotagem;1484605;9431317;2024-07-22 08:00:00;31/07/2024 20:20;01/08/2024 02:12;02/08/2024 08:27;Granel Líquido e Gasoso;Petróleo E Derivados (Sem Óleo Bruto);1;;228:20:00;9,51;30;3,82
2024;Santos;BRSSZ;Público;Longo Curso;1474028;9413901;2024-07-22 11:24:00;22/07/2024 12:45;22/07/2024 12:45;27/07/2024 20:45;Granel Sólido;Adubos (Fertilizantes);1;;1:21:00;0,06;30;3,82
2024;Santos;BRSSZ;Público;Longo Curso;1473997;9484895;2024-07-22 12:55:00;22/07/2024 14:10;22/07/2024 14:10;27/07/2024 23:20;Granel Líquido e Gasoso;Etanol Combustível;1;;1:15:00;0,05;30;3,82
2024;Santos;BRSSZ;Público;Longo Curso;1474154;9586693;2024-07-22 17:42:00;25/07/2024 13:40;25/07/2024 16:03;27/07/2024 20:20;Granel Sólido;Resíduos Da Extração Do Óleo De Soja;1;;67:58:00;2,83;30;3,82
2024;Santos;BRSSZ;Público;Longo Curso;1474136;9650626;2024-07-23 00:00:00;27/07/2024 00:35;27/07/2024 03:20;29/07/2024 07:13;Granel Sólido;Milho;1;;96:35:00;4,02;30;3,82
2024;Santos;BRSSZ;Público;Cabotagem;1474448;9332078;2024-07-23 12:30:00;23/07/2024 20:35;24/07/2024 03:36;25/07/2024 01:00;Granel Líquido e Gasoso;Gás De Petróleo;1;;8:05:00;0,34;30;3,82
2024;Santos;BRSSZ;Público;Longo Curso;1474146;9544097;2024-07-23 13:48:00;25/07/2024 11:55;25/07/2024 13:00;26/07/2024 23:52;Granel Sólido;Milho;1;;46:07:00;1,92;30;3,82
2024;Santos;BRSSZ;Público;Longo Curso;1474148;9274317;2024-07-23 15:00:00;23/07/2024 16:15;23/07/2024 16:27;24/07/2024 21:13;Granel Líquido e Gasoso;Produtos Químicos Orgânicos;1;;1:15:00;0,05;30;3,82
2024;Santos;BRSSZ;Público;Longo Curso;1484505;9642227;2024-07-23 17:18:00;31/07/2024 01:50;31/07/2024 04:12;01/08/2024 10:20;Granel Sólido;Açúcar;1;;176:32:00;7,36;30;3,82
2024;Santos;BRSSZ;Público;Cabotagem;1484635;9425540;2024-07-23 19:06:00;08/08/2024 05:05;08/08/2024 14:24;09/08/2024 18:30;Granel Líquido e Gasoso;Petróleo E Derivados (Sem Óleo Bruto);1;;369:59:00;15,42;30;3,82
2024;Santos;BRSSZ;Público;Longo Curso;1474021;9488097;2024-07-23 19:54:00;23/07/2024 21:10;23/07/2024 21:10;31/07/2024 19:35;Granel Sólido;Adubos (Fertilizantes);1;;1:16:00;0,05;30;3,82
2024;Santos;BRSSZ;Público;Longo Curso;1474055;9317860;2024-07-23 23:50:00;28/07/2024 16:20;29/07/2024 01:00;29/07/2024 16:20;Granel Líquido e Gasoso;Produtos Químicos Orgânicos;1;;112:30:00;4,69;30;3,82
2024;Santos;BRSSZ;Público;Cabotagem;1484602;9416836;2024-07-24 10:20:00;02/08/2024 11:42;02/08/2024 16:10;04/08/2024 11:32;Granel Líquido e Gasoso;Petróleo E Derivados (Sem Óleo Bruto);1;;217:22:00;9,06;30;3,82
2024;Santos;BRSSZ;Público;Cabotagem;1474029;9102928;2024-07-24 10:35:00;25/07/2024 00:10;25/07/2024 00:45;28/07/2024 12:15;Granel Líquido e Gasoso;Produtos Químicos Orgânicos;1;;13:35:00;0,57;30;3,82
2024;Santos;BRSSZ;Público;Cabotagem;1474029;9102928;2024-07-24 10:35:00;25/07/2024 00:10;25/07/2024 00:45;28/07/2024 12:15;Granel Líquido e Gasoso;Soda Cáustica;1;;13:35:00;0,57;30;3,82
2024;Santos;BRSSZ;Público;Longo Curso;1484614;9823390;2024-07-24 11:41:00;29/07/2024 22:08;30/07/2024 07:00;01/08/2024 20:38;Granel Líquido e Gasoso;Etanol Combustível;1;;130:27:00;5,44;30;3,82
2024;Santos;BRSSZ;Público;Longo Curso;1474027;9491288;2024-07-24 14:00:00;25/07/2024 06:50;25/07/2024 09:10;26/07/2024 21:00;Granel Sólido;Milho;1;;16:50:00;0,7;30;3,82
2024;Santos;BRSSZ;Público;Longo Curso;1473978;9018658;2024-07-24 19:00:00;24/07/2024 20:15;24/07/2024 20:45;27/07/2024 22:06;Granel Líquido e Gasoso;Preparações De Frutas;1;;1:15:00;0,05;30;3,82
2024;Santos;BRSSZ;Público;Longo Curso;1473928;9881641;2024-07-24 22:31:00;24/07/2024 23:15;24/07/2024 23:42;29/07/2024 07:55;Carga Geral;Pasta De Celulose;1;;0:44:00;0,03;30;3,82
2024;Santos;BRSSZ;Público;Longo Curso;1474144;9638159;2024-07-25 05:00:00;25/07/2024 06:58;25/07/2024 07:08;28/07/2024 04:40;Granel Líquido e Gasoso;Preparações De Frutas;1;;1:58:00;0,08;30;3,82
2024;Santos;BRSSZ;Público;Longo Curso;1474045;9333424;2024-07-25 05:30:00;25/07/2024 07:00;25/07/2024 17:15;30/07/2024 01:47;Granel Líquido e Gasoso;Petróleo E Derivados (Sem Óleo Bruto);1;;1:30:00;0,06;30;3,82
2024;Santos;BRSSZ;Público;Longo Curso;1484547;9597587;2024-07-25 08:00:00;29/07/2024 15:30;29/07/2024 15:30;04/08/2024 05:50;Granel Sólido;Trigo;1;;103:30:00;4,31;30;3,82
2024;Santos;BRSSZ;Público;Longo Curso;1484488;9463750;2024-07-25 08:30:00;04/08/2024 10:12;04/08/2024 13:08;06/08/2024 12:20;Granel Sólido;Açúcar;1;;241:42:00;10,07;30;3,82
2024;Santos;BRSSZ;Público;Longo Curso;1474143;9607112;2024-07-25 13:00:00;27/07/2024 20:40;28/07/2024 00:29;29/07/2024 23:45;Granel Sólido;Milho;1;;55:40:00;2,32;30;3,82
2024;Santos;BRSSZ;Público;Longo Curso;1484567;9451288;2024-07-25 15:00:00;04/08/2024 01:55;04/08/2024 01:55;08/08/2024 18:40;Granel Líquido e Gasoso;Etanol Combustível;1;;226:55:00;9,45;30;3,82
2024;Santos;BRSSZ;Público;Longo Curso;1484519;9646429;2024-07-25 15:42:00;27/07/2024 22:17;27/07/2024 22:17;03/08/2024 16:24;Granel Sólido;Adubos (Fertilizantes);1;;54:35:00;2,27;30;3,82
2024;Santos;BRSSZ;Público;Cabotagem;1474155;9411135;2024-07-25 18:30:00;27/07/2024 19:40;27/07/2024 22:48;29/07/2024 07:50;Granel Líquido e Gasoso;Petróleo E Derivados (Sem Óleo Bruto);1;;49:10:00;2,05;30;3,82
2024;Santos;BRSSZ;Público;Longo Curso;1484608;9502611;2024-07-25 22:30:00;02/08/2024 02:50;02/08/2024 02:50;05/08/2024 04:22;Granel Sólido;Resíduos Da Extração Do Óleo De Soja;1;;172:20:00;7,18;30;3,82
2024;Santos;BRSSZ;Público;Longo Curso;1484623;9937567;2024-07-26 05:12:00;30/07/2024 06:15;31/07/2024 01:11;02/08/2024 04:46;Granel Sólido;Milho;1;;97:03:00;4,04;30;3,82
2024;Santos;BRSSZ;Público;Longo Curso;1484604;9596844;2024-07-26 07:30:00;01/08/2024 06:00;01/08/2024 14:25;03/08/2024 12:38;Granel Líquido e Gasoso;Gás De Petróleo;1;;142:30:00;5,94;30;3,82
2024;Santos;BRSSZ;Público;Cabotagem;1484617;9492270;2024-07-26 08:22:00;29/07/2024 14:00;29/07/2024 17:48;01/08/2024 02:27;Granel Líquido e Gasoso;Petróleo E Derivados (Sem Óleo Bruto);1;;77:38:00;3,23;30;3,82
2024;Santos;BRSSZ;Público;Longo Curso;1474068;9523146;2024-07-26 08:30:00;26/07/2024 09:15;26/07/2024 11:20;27/07/2024 04:45;Granel Sólido;Açúcar;1;;0:45:00;0,03;30;3,82
2024;Santos;BRSSZ;Público;Longo Curso;1484648;9790672;2024-07-26 18:00:00;02/08/2024 02:50;02/08/2024 07:00;03/08/2024 13:10;Granel Líquido e Gasoso;Gorduras E Óleos Animais Ou Vegetais;1;;152:50:00;6,37;30;3,82
2024;Santos;BRSSZ;Público;Longo Curso;1484627;9317846;2024-07-27 08:30:00;02/08/2024 18:33;02/08/2024 18:33;04/08/2024 16:00;Granel Líquido e Gasoso;Etanol Combustível;1;;154:03:00;6,42;30;3,82
2024;Santos;BRSSZ;Público;Longo Curso;1484644;9591181;2024-07-28 03:24:00;01/08/2024 01:40;01/08/2024 04:45;03/08/2024 15:34;Granel Sólido;Milho;1;;94:16:00;3,93;30;3,82
2024;Santos;BRSSZ;Público;Longo Curso;1484568;9880013;2024-07-28 03:36:00;29/07/2024 17:45;29/07/2024 17:45;09/08/2024 11:40;Granel Sólido;Adubos (Fertilizantes);1;;38:09:00;1,59;30;3,82
2024;Santos;BRSSZ;Público;Longo Curso;1484549;9308168;2024-07-28 05:30:00;04/08/2024 14:20;04/08/2024 14:20;08/08/2024 01:48;Granel Líquido e Gasoso;Petróleo E Derivados (Sem Óleo Bruto);1;;176:50:00;7,37;30;3,82
2024;Santos;BRSSZ;Público;Longo Curso;1484528;9233284;2024-07-28 07:30:00;30/07/2024 14:50;31/07/2024 03:29;03/08/2024 14:15;Granel Sólido;Milho;1;;55:20:00;2,31;30;3,82
2024;Santos;BRSSZ;Público;Longo Curso;1484657;9314167;2024-07-28 10:00:00;10/08/2024 00:35;10/08/2024 10:35;13/08/2024 18:35;Granel Líquido e Gasoso;Petróleo E Derivados (Sem Óleo Bruto);1;;302:35:00;12,61;30;3,82
2024;Santos;BRSSZ;Público;Longo Curso;1484515;9828223;2024-07-28 20:23:00;29/07/2024 14:05;29/07/2024 14:05;02/08/2024 15:54;Granel Líquido e Gasoso;Produtos Químicos Orgânicos;1;;17:42:00;0,74;30;3,82
2024;Santos;BRSSZ;Público;Longo Curso;1474156;9450894;2024-07-29 00:30:00;29/07/2024 18:15;29/07/2024 19:00;31/07/2024 21:40;Granel Sólido;Milho;1;;17:45:00;0,74;31;4,87
2024;Santos;BRSSZ;Público;Longo Curso;1484511;9689823;2024-07-29 05:30:00;06/08/2024 20:37;06/08/2024 22:30;09/08/2024 09:07;Granel Sólido;Soja;1;;207:07:00;8,63;31;4,87
2024;Santos;BRSSZ;Público;Longo Curso;1484642;9631187;2024-07-29 07:30:00;06/08/2024 21:00;06/08/2024 21:00;08/08/2024 09:15;Granel Sólido;Resíduos Da Extração Do Óleo De Soja;1;;205:30:00;8,56;31;4,87
2024;Santos;BRSSZ;Público;Cabotagem;1474153;9403968;2024-07-29 14:00:00;29/07/2024 14:59;29/07/2024 14:59;30/07/2024 16:11;Granel Líquido e Gasoso;Soda Cáustica;1;;0:59:00;0,04;31;4,87
2024;Santos;BRSSZ;Público;Longo Curso;1484652;9274329;2024-07-30 00:42:00;30/07/2024 19:10;31/07/2024 10:00;02/08/2024 14:15;Granel Líquido e Gasoso;Etanol Combustível;1;;18:28:00;0,77;31;4,87
2024;Santos;BRSSZ;Público;Cabotagem;1474023;9797266;2024-07-30 04:00:00;30/07/2024 05:34;30/07/2024 11:18;31/07/2024 16:45;Granel Líquido e Gasoso;Petróleo E Derivados (Sem Óleo Bruto);1;;1:34:00;0,07;31;4,87
2024;Santos;BRSSZ;Público;Longo Curso;1484481;9474644;2024-07-30 08:00:00;09/08/2024 12:10;09/08/2024 13:00;12/08/2024 18:04;Granel Sólido;Açúcar;1;;244:10:00;10,17;31;4,87
2024;Santos;BRSSZ;Público;Longo Curso;1484630;9470064;2024-07-30 09:00:00;04/08/2024 02:30;04/08/2024 06:45;06/08/2024 13:25;Granel Sólido;Milho;1;;113:30:00;4,73;31;4,87
2024;Santos;BRSSZ;Público;Longo Curso;1484521;9574030;2024-07-30 09:45:00;02/08/2024 18:45;02/08/2024 18:45;11/08/2024 17:25;Granel Sólido;Adubos (Fertilizantes);1;;81:00:00;3,38;31;4,87
2024;Santos;BRSSZ;Público;Longo Curso;1484618;9909998;2024-07-30 11:36:00;04/08/2024 04:15;04/08/2024 06:31;06/08/2024 12:10;Granel Sólido;Milho;1;;112:39:00;4,69;31;4,87
2024;Santos;BRSSZ;Público;Longo Curso;1484611;9324215;2024-07-30 13:20:00;30/07/2024 19:50;30/07/2024 19:50;04/08/2024 05:50;Granel Líquido e Gasoso;Etanol Combustível;1;;6:30:00;0,27;31;4,87
2024;Santos;BRSSZ;Público;Longo Curso;1484572;9274317;2024-07-30 17:00:00;07/08/2024 17:35;07/08/2024 17:35;10/08/2024 07:50;Granel Líquido e Gasoso;Gorduras E Óleos Animais Ou Vegetais;1;;192:35:00;8,02;31;4,87
2024;Santos;BRSSZ;Público;Longo Curso;1484624;9927005;2024-07-30 21:09:00;30/07/2024 22:10;31/07/2024 07:00;05/08/2024 13:35;Granel Sólido;Trigo;1;;1:01:00;0,04;31;4,87
2024;Santos;BRSSZ;Público;Longo Curso;1484506;9427902;2024-07-30 22:30:00;15/08/2024 22:15;15/08/2024 22:15;18/08/2024 14:20;Granel Sólido;Milho;1;;383:45:00;15,99;31;4,87
2024;Santos;BRSSZ;Público;Longo Curso;1484489;9881677;2024-07-31 03:18:00;01/08/2024 01:40;01/08/2024 01:40;04/08/2024 05:50;Carga Geral;Pasta De Celulose;1;;22:22:00;0,93;31;4,87
2024;Santos;BRSSZ;Público;Longo Curso;1484570;9748071;2024-07-31 05:50:00;02/08/2024 07:10;02/08/2024 09:29;03/08/2024 15:50;Granel Sólido;Resíduos Da Extração Do Óleo De Soja;1;;49:20:00;2,06;31;4,87
2024;Santos;BRSSZ;Público;Longo Curso;1484570;9748071;2024-07-31 05:50:00;02/08/2024 07:10;02/08/2024 09:29;03/08/2024 15:50;Granel Sólido;Milho;1;;49:20:00;2,06;31;4,87
2024;Santos;BRSSZ;Público;Longo Curso;1484629;9858345;2024-07-31 06:45:00;07/08/2024 09:30;07/08/2024 10:00;08/08/2024 23:15;Granel Sólido;Milho;1;;170:45:00;7,11;31;4,87
2024;Santos;BRSSZ;Público;Cabotagem;1484653;9233454;2024-07-31 09:00:00;31/07/2024 10:15;31/07/2024 13:47;05/08/2024 11:45;Granel Sólido;Sal;1;;1:15:00;0,05;31;4,87
2024;Santos;BRSSZ;Público;Longo Curso;1484609;9669873;2024-07-31 15:55:00;04/08/2024 01:10;04/08/2024 01:30;05/08/2024 11:45;Granel Líquido e Gasoso;Soda Cáustica;1;;81:15:00;3,39;31;4,87
2024;Santos;BRSSZ;Público;Longo Curso;1484616;9518115;2024-07-31 16:30:00;11/08/2024 14:40;11/08/2024 17:00;14/08/2024 20:45;Granel Sólido;Milho;1;;262:10:00;10,92;31;4,87
2024;Santos;BRSSZ;Público;Longo Curso;1484531;9664952;2024-07-31 16:30:00;04/08/2024 22:25;05/08/2024 03:11;07/08/2024 18:45;Granel Sólido;Milho;1;;101:55:00;4,25;31;4,87
2024;Santos;BRSSZ;Público;Longo Curso;1484655;9111357;2024-07-31 22:30:00;12/08/2024 23:20;13/08/2024 01:30;13/08/2024 19:05;Granel Sólido;Açúcar;1;;288:50:00;12,03;31;4,87
2024;Santos;BRSSZ;Público;Longo Curso;1484566;9311256;2024-07-31 23:45:00;08/08/2024 22:05;08/08/2024 22:05;11/08/2024 17:41;Granel Líquido e Gasoso;Produtos Químicos Orgânicos;1;;190:20:00;7,93;31;4,87
2024;Santos;BRSSZ;Público;Longo Curso;1484566;9311256;2024-07-31 23:45:00;08/08/2024 22:05;08/08/2024 22:05;11/08/2024 17:41;Granel Líquido e Gasoso;Petróleo E Derivados (Sem Óleo Bruto);1;;190:20:00;7,93;31;4,87
2024;Santos;BRSSZ;Público;Longo Curso;1484565;9718002;2024-08-01 01:00:00;01/08/2024 01:55;01/08/2024 03:45;03/08/2024 16:30;Granel Sólido;Milho;1;;0:55:00;0,04;31;4,87
2024;Santos;BRSSZ;Público;Longo Curso;1484565;9718002;2024-08-01 01:00:00;01/08/2024 01:55;01/08/2024 03:45;03/08/2024 16:30;Granel Sólido;Soja;1;;0:55:00;0,04;31;4,87
2024;Santos;BRSSZ;Público;Longo Curso;1484649;9218789;2024-08-01 14:15:00;18/08/2024 17:15;18/08/2024 20:10;21/08/2024 02:55;Granel Sólido;Açúcar;1;;411:00:00;17,13;31;4,87
2024;Santos;BRSSZ;Público;Longo Curso;1484509;9748277;2024-08-01 14:30:00;01/08/2024 16:05;01/08/2024 16:05;07/08/2024 19:25;Granel Sólido;Adubos (Fertilizantes);1;;1:35:00;0,07;31;4,87
2024;Santos;BRSSZ;Público;Longo Curso;1484598;9947275;2024-08-01 19:00:00;01/08/2024 20:00;01/08/2024 22:00;02/08/2024 15:10;Granel Sólido;Açúcar;1;;1:00:00;0,04;31;4,87
2024;Santos;BRSSZ;Público;Longo Curso;1484613;9292618;2024-08-01 21:30:00;06/08/2024 19:30;06/08/2024 22:25;08/08/2024 11:40;Granel Sólido;Milho;1;;118:00:00;4,92;31;4,87
2024;Santos;BRSSZ;Público;Longo Curso;1484865;9923205;2024-08-02 10:00:00;05/08/2024 19:25;06/08/2024 01:00;12/08/2024 14:20;Granel Sólido;Adubos (Fertilizantes);1;;81:25:00;3,39;31;4,87
2024;Santos;BRSSZ;Público;Longo Curso;1484633;9952127;2024-08-02 11:00:00;04/08/2024 14:10;04/08/2024 14:10;05/08/2024 12:40;Granel Líquido e Gasoso;Petróleo E Derivados (Sem Óleo Bruto);1;;51:10:00;2,13;31;4,87
2024;Santos;BRSSZ;Público;Longo Curso;1484596;9231004;2024-08-02 16:15:00;02/08/2024 17:05;02/08/2024 21:00;04/08/2024 04:25;Granel Sólido;Açúcar;1;;0:50:00;0,03;31;4,87
2024;Santos;BRSSZ;Público;Cabotagem;1484638;9325843;2024-08-02 17:00:00;11/08/2024 14:35;11/08/2024 14:35;14/08/2024 10:45;Granel Líquido e Gasoso;Soda Cáustica;1;;213:35:00;8,9;31;4,87
2024;Santos;BRSSZ;Público;Longo Curso;1484542;9538177;2024-08-03 02:12:00;11/08/2024 21:09;11/08/2024 21:09;13/08/2024 17:40;Granel Líquido e Gasoso;Gorduras E Óleos Animais Ou Vegetais;1;;210:57:00;8,79;31;4,87
2024;Santos;BRSSZ;Público;Longo Curso;1484542;9538177;2024-08-03 02:12:00;11/08/2024 21:09;11/08/2024 21:09;13/08/2024 17:40;Granel Líquido e Gasoso;Óleo De Palma;1;;210:57:00;8,79;31;4,87
2024;Santos;BRSSZ;Público;Longo Curso;1484574;9582465;2024-08-03 09:12:00;08/08/2024 11:40;08/08/2024 11:40;14/08/2024 13:10;Granel Sólido;Resíduos Da Extração Do Óleo De Soja;1;;122:28:00;5,1;31;4,87
2024;Santos;BRSSZ;Público;Longo Curso;1484702;9423621;2024-08-03 09:42:00;14/08/2024 03:35;14/08/2024 14:15;16/08/2024 16:41;Granel Líquido e Gasoso;Produtos Químicos Inorgânicos;1;;257:53:00;10,75;31;4,87
2024;Santos;BRSSZ;Público;Longo Curso;1484492;9595670;2024-08-03 17:42:00;18/08/2024 17:20;18/08/2024 17:20;22/08/2024 04:15;Granel Sólido;Milho;1;;359:38:00;14,98;31;4,87
2024;Santos;BRSSZ;Público;Cabotagem;1484673;9331402;2024-08-03 19:50:00;09/08/2024 15:00;09/08/2024 15:00;12/08/2024 19:05;Granel Líquido e Gasoso;Etanol Combustível;1;;139:10:00;5,8;31;4,87
2024;Santos;BRSSZ;Público;Cabotagem;1484600;9457713;2024-08-04 02:30:00;04/08/2024 04:24;04/08/2024 08:36;06/08/2024 12:50;Granel Líquido e Gasoso;Petróleo E Derivados (Sem Óleo Bruto);1;;1:54:00;0,08;31;4,87
2024;Santos;BRSSZ;Público;Longo Curso;1484571;9731731;2024-08-04 05:30:00;14/08/2024 13:40;14/08/2024 13:40;19/08/2024 12:34;Granel Líquido e Gasoso;Etanol Combustível;1;;248:10:00;10,34;31;4,87
2024;Santos;BRSSZ;Público;Longo Curso;1484666;9836426;2024-08-04 05:48:00;05/08/2024 19:25;05/08/2024 21:43;07/08/2024 19:30;Granel Sólido;Milho;1;;37:37:00;1,57;31;4,87
2024;Santos;BRSSZ;Público;Longo Curso;1484559;9511428;2024-08-04 09:15:00;04/08/2024 10:05;04/08/2024 13:00;06/08/2024 14:45;Granel Sólido;Açúcar;1;;0:50:00;0,03;31;4,87
2024;Santos;BRSSZ;Público;Cabotagem;1484674;9492270;2024-08-04 09:57:00;06/08/2024 18:26;06/08/2024 22:30;08/08/2024 12:20;Granel Líquido e Gasoso;Petróleo E Derivados (Sem Óleo Bruto);1;;56:29:00;2,35;31;4,87
2024;Santos;BRSSZ;Público;Longo Curso;1484516;9828223;2024-08-04 17:45:00;04/08/2024 19:00;04/08/2024 19:00;07/08/2024 11:10;Granel Líquido e Gasoso;Produtos Químicos Orgânicos;1;;1:15:00;0,05;31;4,87
2024;Santos;BRSSZ;Público;Longo Curso;1484533;9717163;2024-08-04 18:50:00;12/08/2024 10:45;12/08/2024 17:51;15/08/2024 13:25;Granel Sólido;Milho;1;;183:55:00;7,66;31;4,87
2024;Santos;BRSSZ;Público;Cabotagem;1484669;9102928;2024-08-04 20:40:00;05/08/2024 17:15;05/08/2024 17:15;07/08/2024 19:25;Granel Líquido e Gasoso;Soda Cáustica;1;;20:35:00;0,86;31;4,87
2024;Santos;BRSSZ;Público;Cabotagem;1484667;9424039;2024-08-05 00:01:00;05/08/2024 18:58;05/08/2024 19:00;07/08/2024 10:42;Granel Líquido e Gasoso;Soda Cáustica;1;;18:57:00;0,79;32;4,25
2024;Santos;BRSSZ;Público;Longo Curso;1484640;9698214;2024-08-05 06:45:00;12/08/2024 23:45;13/08/2024 01:35;14/08/2024 10:20;Granel Sólido;Açúcar;1;;185:00:00;7,71;32;4,25
2024;Santos;BRSSZ;Público;Cabotagem;1484645;9829681;2024-08-05 10:16:00;07/08/2024 23:10;07/08/2024 23:10;09/08/2024 12:25;Granel Líquido e Gasoso;Etanol Combustível;1;;60:54:00;2,54;32;4,25
2024;Santos;BRSSZ;Público;Longo Curso;1484577;9757979;2024-08-05 11:30:00;17/08/2024 09:00;17/08/2024 09:00;18/08/2024 16:44;Granel Líquido e Gasoso;Gorduras E Óleos Animais Ou Vegetais;1;;285:30:00;11,9;32;4,25
2024;Santos;BRSSZ;Público;Longo Curso;1484675;9619878;2024-08-05 11:50:00;13/08/2024 00:15;13/08/2024 02:18;15/08/2024 19:12;Granel Sólido;Adubos (Fertilizantes);1;;180:25:00;7,52;32;4,25
2024;Santos;BRSSZ;Público;Longo Curso;1484660;9855501;2024-08-05 14:41:00;09/08/2024 02:55;09/08/2024 03:00;11/08/2024 09:40;Granel Sólido;Milho;1;;84:14:00;3,51;32;4,25
2024;Santos;BRSSZ;Público;Longo Curso;1484499;9497050;2024-08-05 17:30:00;05/08/2024 17:30;05/08/2024 17:30;06/08/2024 12:10;Granel Sólido;Soja;1;;0:00:00;0,0;32;4,25
2024;Santos;BRSSZ;Público;Cabotagem;1484626;9391361;2024-08-05 20:12:00;08/08/2024 17:55;08/08/2024 23:00;10/08/2024 11:42;Granel Líquido e Gasoso;Petróleo E Derivados (Sem Óleo Bruto);1;;69:43:00;2,9;32;4,25
2024;Santos;BRSSZ;Público;Longo Curso;1484661;9343857;2024-08-05 20:45:00;14/08/2024 15:00;14/08/2024 15:00;17/08/2024 15:35;Granel Sólido;Resíduos Da Extração Do Óleo De Soja;1;;210:15:00;8,76;32;4,25
2024;Santos;BRSSZ;Público;Longo Curso;1484599;9949326;2024-08-06 18:00:00;06/08/2024 19:10;06/08/2024 21:00;07/08/2024 14:20;Granel Sólido;Açúcar;1;;1:10:00;0,05;32;4,25
2024;Santos;BRSSZ;Público;Cabotagem;1484544;9358955;2024-08-06 23:00:00;08/08/2024 00:30;08/08/2024 00:54;10/08/2024 04:45;Granel Líquido e Gasoso;Petróleo E Derivados (Sem Óleo Bruto);1;;25:30:00;1,06;32;4,25
2024;Santos;BRSSZ;Público;Cabotagem;1484522;9753636;2024-08-07 02:20:00;10/08/2024 06:03;10/08/2024 06:40;14/08/2024 16:02;Granel Líquido e Gasoso;Soda Cáustica;1;;75:43:00;3,15;32;4,25
2024;Santos;BRSSZ;Público;Cabotagem;1484522;9753636;2024-08-07 02:20:00;10/08/2024 06:03;10/08/2024 06:40;14/08/2024 16:02;Granel Líquido e Gasoso;Produtos Químicos Orgânicos;1;;75:43:00;3,15;32;4,25
2024;Santos;BRSSZ;Público;Cabotagem;1484522;9753636;2024-08-07 02:20:00;10/08/2024 06:03;10/08/2024 06:40;14/08/2024 16:02;Granel Líquido e Gasoso;Combustíveis, Óleos E Produtos Minerais;1;;75:43:00;3,15;32;4,25
2024;Santos;BRSSZ;Público;Cabotagem;1484522;9753636;2024-08-07 02:20:00;10/08/2024 06:03;10/08/2024 06:40;14/08/2024 16:02;Granel Líquido e Gasoso;Etanol Combustível;1;;75:43:00;3,15;32;4,25
2024;Santos;BRSSZ;Público;Cabotagem;1484522;9753636;2024-08-07 02:20:00;10/08/2024 06:03;10/08/2024 06:40;14/08/2024 16:02;Granel Líquido e Gasoso;Petróleo E Derivados (Sem Óleo Bruto);1;;75:43:00;3,15;32;4,25
2024;Santos;BRSSZ;Público;Longo Curso;1484678;9713911;2024-08-07 07:24:00;08/08/2024 01:15;08/08/2024 03:35;11/08/2024 03:05;Granel Sólido;Milho;1;;17:51:00;0,74;32;4,25
2024;Santos;BRSSZ;Público;Longo Curso;1484679;9951783;2024-08-07 11:00:00;11/08/2024 05:15;11/08/2024 07:55;12/08/2024 13:45;Granel Sólido;Milho;1;;90:15:00;3,76;32;4,25
2024;Santos;BRSSZ;Público;Longo Curso;1484689;9866770;2024-08-07 11:00:00;12/08/2024 23:17;12/08/2024 23:17;14/08/2024 06:00;Granel Líquido e Gasoso;Gorduras E Óleos Animais Ou Vegetais;1;;132:17:00;5,51;32;4,25
2024;Santos;BRSSZ;Público;Longo Curso;1484512;9266267;2024-08-07 15:30:00;14/08/2024 09:46;14/08/2024 09:46;15/08/2024 22:29;Granel Líquido e Gasoso;Produtos Químicos Orgânicos;1;;162:16:00;6,76;32;4,25
2024;Santos;BRSSZ;Público;Longo Curso;1484532;9553062;2024-08-07 16:00:00;17/08/2024 20:20;18/08/2024 00:35;21/08/2024 02:25;Granel Sólido;Milho;1;;244:20:00;10,18;32;4,25
2024;Santos;BRSSZ;Público;Longo Curso;1484625;9292759;2024-08-07 18:12:00;10/08/2024 14:45;10/08/2024 22:54;12/08/2024 02:48;Granel Líquido e Gasoso;Gás De Petróleo;1;;68:33:00;2,86;32;4,25
2024;Santos;BRSSZ;Público;Longo Curso;1484583;9335056;2024-08-07 19:00:00;22/08/2024 02:45;22/08/2024 02:45;26/08/2024 13:40;Granel Líquido e Gasoso;Petróleo E Derivados (Sem Óleo Bruto);1;;343:45:00;14,32;32;4,25
2024;Santos;BRSSZ;Público;Longo Curso;1484529;9286619;2024-08-07 22:30:00;07/08/2024 23:30;08/08/2024 10:01;12/08/2024 07:00;Granel Sólido;Milho;1;;1:00:00;0,04;32;4,25
2024;Santos;BRSSZ;Público;Longo Curso;1484575;9664964;2024-08-08 08:00:00;18/08/2024 10:50;18/08/2024 13:10;20/08/2024 17:05;Granel Sólido;Milho;1;;242:50:00;10,12;32;4,25
2024;Santos;BRSSZ;Público;Longo Curso;1484744;9724764;2024-08-08 10:35:00;09/08/2024 23:46;10/08/2024 08:00;24/08/2024 17:00;Granel Sólido;Sal;1;;37:11:00;1,55;32;4,25
2024;Santos;BRSSZ;Público;Cabotagem;1484685;9255828;2024-08-08 11:00:00;14/08/2024 20:33;14/08/2024 20:33;17/08/2024 05:06;Granel Líquido e Gasoso;Etanol Combustível;1;;153:33:00;6,4;32;4,25
2024;Santos;BRSSZ;Público;Longo Curso;1484580;9681493;2024-08-08 13:30:00;14/08/2024 06:21;14/08/2024 07:00;20/08/2024 18:40;Granel Sólido;Trigo;1;;136:51:00;5,7;32;4,25
2024;Santos;BRSSZ;Público;Longo Curso;1484477;9471642;2024-08-08 15:00:00;23/08/2024 03:00;23/08/2024 07:00;27/08/2024 12:57;Granel Sólido;Açúcar;1;;348:00:00;14,5;32;4,25
2024;Santos;BRSSZ;Público;Longo Curso;1484578;9735452;2024-08-09 02:46:00;09/08/2024 03:35;09/08/2024 03:48;14/08/2024 00:01;Granel Líquido e Gasoso;Preparações De Frutas;1;;0:49:00;0,03;32;4,25
2024;Santos;BRSSZ;Público;Longo Curso;1484670;9792008;2024-08-09 09:00:00;16/08/2024 00:40;16/08/2024 01:05;17/08/2024 15:40;Granel Líquido e Gasoso;Produtos Químicos Orgânicos;1;;159:40:00;6,65;32;4,25
2024;Santos;BRSSZ;Público;Longo Curso;1484569;9880013;2024-08-09 11:40:00;09/08/2024 12:00;09/08/2024 13:00;14/08/2024 17:56;Granel Sólido;Adubos (Fertilizantes);1;;0:20:00;0,01;32;4,25
2024;Santos;BRSSZ;Público;Longo Curso;1484681;9498274;2024-08-09 14:42:00;17/08/2024 12:42;17/08/2024 15:35;20/08/2024 09:43;Granel Sólido;Adubos (Fertilizantes);1;;190:00:00;7,92;32;4,25
2024;Santos;BRSSZ;Público;Cabotagem;1484687;9413523;2024-08-09 21:18:00;12/08/2024 06:05;12/08/2024 09:36;14/08/2024 17:25;Granel Líquido e Gasoso;Petróleo E Derivados (Sem Óleo Bruto);1;;56:47:00;2,37;32;4,25
2024;Santos;BRSSZ;Público;Longo Curso;1484517;9655822;2024-08-10 06:48:00;17/08/2024 14:20;17/08/2024 16:25;20/08/2024 09:15;Granel Sólido;Soja;1;;175:32:00;7,31;32;4,25
2024;Santos;BRSSZ;Público;Longo Curso;1484510;9663740;2024-08-10 07:53:00;10/08/2024 10:42;10/08/2024 10:52;13/08/2024 18:39;Granel Líquido e Gasoso;Preparações De Frutas;1;;2:49:00;0,12;32;4,25
2024;Santos;BRSSZ;Público;Longo Curso;1484634;9952127;2024-08-10 09:30:00;10/08/2024 10:45;10/08/2024 10:45;11/08/2024 10:25;Granel Líquido e Gasoso;Produtos Diversos Da Indústria Química;1;;1:15:00;0,05;32;4,25
2024;Santos;BRSSZ;Público;Longo Curso;1484550;9658953;2024-08-11 00:27:00;11/08/2024 00:57;11/08/2024 02:23;11/08/2024 21:40;Carga Geral;Pasta De Celulose;1;;0:30:00;0,02;32;4,25
2024;Santos;BRSSZ;Público;Longo Curso;1484680;9976408;2024-08-11 04:12:00;11/08/2024 21:05;12/08/2024 07:00;13/08/2024 07:50;Carga Geral;Pasta De Celulose;1;;16:53:00;0,7;32;4,25
2024;Santos;BRSSZ;Público;Longo Curso;1484688;9790816;2024-08-11 05:00:00;15/08/2024 03:45;15/08/2024 06:10;16/08/2024 18:40;Granel Sólido;Milho;1;;94:45:00;3,95;32;4,25
2024;Santos;BRSSZ;Público;Longo Curso;1484535;9517549;2024-08-11 09:00:00;11/08/2024 13:55;11/08/2024 13:55;16/08/2024 14:50;Granel Sólido;Adubos (Fertilizantes);1;;4:55:00;0,2;32;4,25
2024;Santos;BRSSZ;Público;Longo Curso;1484601;9885910;2024-08-12 01:15:00;12/08/2024 02:15;12/08/2024 04:05;12/08/2024 18:45;Granel Sólido;Açúcar;1;;1:00:00;0,04;33;3,29
2024;Santos;BRSSZ;Público;Longo Curso;1484581;9696400;2024-08-12 02:00:00;12/08/2024 16:40;12/08/2024 19:10;15/08/2024 04:10;Granel Sólido;Milho;1;;14:40:00;0,61;33;3,29
2024;Santos;BRSSZ;Público;Longo Curso;1484581;9696400;2024-08-12 02:00:00;12/08/2024 16:40;12/08/2024 19:10;15/08/2024 04:10;Granel Sólido;Resíduos Da Extração Do Óleo De Soja;1;;14:40:00;0,61;33;3,29
2024;Santos;BRSSZ;Público;Longo Curso;1484683;9949273;2024-08-12 07:00:00;17/08/2024 16:00;17/08/2024 16:00;20/08/2024 07:40;Granel Sólido;Resíduos Da Extração Do Óleo De Soja;1;;129:00:00;5,38;33;3,29
2024;Santos;BRSSZ;Público;Longo Curso;1484579;9773143;2024-08-12 11:20:00;17/08/2024 12:00;17/08/2024 12:00;20/08/2024 08:15;Granel Líquido e Gasoso;Produtos Químicos Orgânicos;1;;120:40:00;5,03;33;3,29
2024;Santos;BRSSZ;Público;Longo Curso;1484504;9638070;2024-08-12 17:00:00;14/08/2024 04:10;14/08/2024 04:10;21/08/2024 03:30;Granel Sólido;Adubos (Fertilizantes);1;;35:10:00;1,47;33;3,29
2024;Santos;BRSSZ;Público;Longo Curso;1484699;9400887;2024-08-13 10:00:00;14/08/2024 05:57;14/08/2024 07:47;14/08/2024 22:10;Carga Geral;Açúcar;1;;19:57:00;0,83;33;3,29
2024;Santos;BRSSZ;Público;Longo Curso;1484665;9689548;2024-08-13 12:00:00;17/08/2024 09:40;17/08/2024 23:54;20/08/2024 09:45;Granel Líquido e Gasoso;Gás De Petróleo;1;;93:40:00;3,9;33;3,29
2024;Santos;BRSSZ;Público;Longo Curso;1484631;9820972;2024-08-13 21:00:00;13/08/2024 22:05;14/08/2024 00:00;14/08/2024 21:20;Granel Sólido;Açúcar;1;;1:05:00;0,05;33;3,29
2024;Santos;BRSSZ;Público;Cabotagem;1484584;9492270;2024-08-14 06:55:00;17/08/2024 22:58;18/08/2024 00:50;21/08/2024 02:53;Granel Líquido e Gasoso;Petróleo E Derivados (Sem Óleo Bruto);1;;88:03:00;3,67;33;3,29
2024;Santos;BRSSZ;Público;Longo Curso;1484507;9623647;2024-08-14 09:56:00;14/08/2024 11:00;14/08/2024 13:00;15/08/2024 18:20;Granel Sólido;Açúcar;1;;1:04:00;0,04;33;3,29
2024;Santos;BRSSZ;Público;Cabotagem;1484636;9425540;2024-08-14 13:30:00;14/08/2024 14:55;14/08/2024 19:54;16/08/2024 15:38;Granel Líquido e Gasoso;Petróleo E Derivados (Sem Óleo Bruto);1;;1:25:00;0,06;33;3,29
2024;Santos;BRSSZ;Público;Longo Curso;1484518;9214317;2024-08-14 20:55:00;17/08/2024 16:20;17/08/2024 16:20;21/08/2024 18:45;Granel Líquido e Gasoso;Produtos Químicos Orgânicos;1;;67:25:00;2,81;33;3,29
2024;Santos;BRSSZ;Público;Cabotagem;1484586;9411135;2024-08-15 02:25:00;15/08/2024 03:45;15/08/2024 06:30;16/08/2024 18:25;Granel Líquido e Gasoso;Petróleo E Derivados (Sem Óleo Bruto);1;;1:20:00;0,06;33;3,29
2024;Santos;BRSSZ;Público;Longo Curso;1484697;9976082;2024-08-15 03:02:00;15/08/2024 03:45;15/08/2024 03:45;15/08/2024 17:00;Carga Geral;Pasta De Celulose;1;;0:43:00;0,03;33;3,29
2024;Santos;BRSSZ;Público;Longo Curso;1484497;9230995;2024-08-15 08:00:00;15/08/2024 12:25;15/08/2024 12:30;18/08/2024 21:06;Granel Líquido e Gasoso;Preparações De Frutas;1;;4:25:00;0,18;33;3,29
2024;Santos;BRSSZ;Público;Longo Curso;1484508;9603996;2024-08-15 09:00:00;28/08/2024 22:00;29/08/2024 04:15;31/08/2024 12:30;Granel Sólido;Soja;1;;325:00:00;13,54;33;3,29
2024;Santos;BRSSZ;Público;Longo Curso;1484692;9934917;2024-08-15 11:06:00;23/08/2024 04:15;23/08/2024 07:59;26/08/2024 13:05;Granel Sólido;Milho;1;;185:09:00;7,71;33;3,29
2024;Santos;BRSSZ;Público;Longo Curso;1484695;9748813;2024-08-15 14:00:00;20/08/2024 21:40;21/08/2024 00:15;22/08/2024 14:10;Granel Sólido;Milho;1;;127:40:00;5,32;33;3,29
2024;Santos;BRSSZ;Público;Longo Curso;1484520;9842516;2024-08-15 21:00:00;15/08/2024 22:50;15/08/2024 23:18;16/08/2024 16:30;Granel Sólido;Açúcar;1;;1:50:00;0,08;33;3,29
2024;Santos;BRSSZ;Público;Longo Curso;1484552;9393450;2024-08-15 23:50:00;16/08/2024 22:20;16/08/2024 22:20;21/08/2024 14:00;Granel Sólido;Adubos (Fertilizantes);1;;22:30:00;0,94;33;3,29
2024;Santos;BRSSZ;Público;Cabotagem;1484704;9660657;2024-08-16 08:50:00;16/08/2024 22:20;17/08/2024 01:00;17/08/2024 21:35;Granel Líquido e Gasoso;Petróleo E Derivados (Sem Óleo Bruto);1;;13:30:00;0,56;33;3,29
2024;Santos;BRSSZ;Público;Longo Curso;1484582;9758416;2024-08-16 11:06:00;23/08/2024 01:40;23/08/2024 04:20;26/08/2024 19:00;Granel Sólido;Milho;1;;158:34:00;6,61;33;3,29
2024;Santos;BRSSZ;Público;Longo Curso;1484534;9510357;2024-08-16 13:48:00;21/08/2024 09:05;21/08/2024 12:25;27/08/2024 03:25;Granel Sólido;Milho;1;;115:17:00;4,8;33;3,29
2024;Santos;BRSSZ;Público;Longo Curso;1484706;9371775;2024-08-16 15:17:00;20/08/2024 14:39;20/08/2024 14:39;24/08/2024 14:07;Granel Líquido e Gasoso;Produtos Químicos Orgânicos;1;;95:22:00;3,97;33;3,29
2024;Santos;BRSSZ;Público;Longo Curso;1484498;9900203;2024-08-16 19:42:00;23/08/2024 03:50;23/08/2024 03:50;28/08/2024 04:30;Granel Sólido;Milho;1;;152:08:00;6,34;33;3,29
2024;Santos;BRSSZ;Público;Longo Curso;1484691;9597800;2024-08-16 23:00:00;17/08/2024 11:00;17/08/2024 15:10;18/08/2024 09:45;Granel Sólido;Soja;1;;12:00:00;0,5;33;3,29
2024;Santos;BRSSZ;Público;Longo Curso;1484622;9711133;2024-08-17 11:30:00;17/08/2024 12:20;17/08/2024 14:20;18/08/2024 14:20;Granel Sólido;Açúcar;1;;0:50:00;0,03;33;3,29
2024;Santos;BRSSZ;Público;Cabotagem;1484717;9413523;2024-08-17 18:18:00;25/08/2024 21:00;26/08/2024 01:00;27/08/2024 16:50;Granel Líquido e Gasoso;Petróleo E Derivados (Sem Óleo Bruto);1;;194:42:00;8,11;33;3,29
2024;Santos;BRSSZ;Público;Longo Curso;1484701;9916214;2024-08-17 19:15:00;23/08/2024 13:40;23/08/2024 13:40;27/08/2024 05:50;Granel Sólido;Resíduos Da Extração Do Óleo De Soja;1;;138:25:00;5,77;33;3,29
2024;Santos;BRSSZ;Público;Longo Curso;1484553;9908322;2024-08-17 22:00:00;21/08/2024 20:15;21/08/2024 20:15;23/08/2024 17:00;Granel Líquido e Gasoso;Produtos Químicos Orgânicos;1;;94:15:00;3,93;33;3,29
2024;Santos;BRSSZ;Público;Longo Curso;1484555;9671072;2024-08-18 07:00:00;20/08/2024 16:10;21/08/2024 08:19;29/08/2024 21:45;Carga Geral;Açúcar;1;;57:10:00;2,38;33;3,29
2024;Santos;BRSSZ;Público;Longo Curso;1494707;9568495;2024-08-18 14:00:00;30/08/2024 15:05;30/08/2024 21:24;01/09/2024 09:50;Granel Líquido e Gasoso;Produtos Químicos Orgânicos;1;;289:05:00;12,05;33;3,29
2024;Santos;BRSSZ;Público;Longo Curso;1484707;9617430;2024-08-18 16:45:00;27/08/2024 09:30;27/08/2024 09:30;29/08/2024 21:00;Granel Sólido;Resíduos Da Extração Do Óleo De Soja;1;;208:45:00;8,7;33;3,29
2024;Santos;BRSSZ;Público;Longo Curso;1484539;9866770;2024-08-18 18:00:00;18/08/2024 19:55;18/08/2024 19:55;21/08/2024 20:53;Granel Líquido e Gasoso;Gorduras E Óleos Animais Ou Vegetais;1;;1:55:00;0,08;33;3,29
2024;Santos;BRSSZ;Público;Longo Curso;1484708;9893814;2024-08-18 22:30:00;21/08/2024 01:28;21/08/2024 07:00;23/08/2024 15:10;Granel Sólido;Adubos (Fertilizantes);1;;50:58:00;2,12;33;3,29
2024;Santos;BRSSZ;Público;Longo Curso;1494712;9311206;2024-08-19 01:18:00;03/09/2024 20:40;04/09/2024 00:10;08/09/2024 01:45;Granel Sólido;Milho;1;;379:22:00;15,81;34;4,4
2024;Santos;BRSSZ;Público;Longo Curso;1484541;9591478;2024-08-19 09:00:00;27/08/2024 10:00;27/08/2024 13:52;31/08/2024 16:25;Granel Sólido;Milho;1;;193:00:00;8,04;34;4,4
2024;Santos;BRSSZ;Público;Longo Curso;1484513;9266267;2024-08-19 17:00:00;19/08/2024 17:50;19/08/2024 17:50;23/08/2024 17:10;Granel Líquido e Gasoso;Plásticos E Suas Obras;1;;0:50:00;0,03;34;4,4
2024;Santos;BRSSZ;Público;Longo Curso;1484513;9266267;2024-08-19 17:00:00;19/08/2024 17:50;19/08/2024 17:50;23/08/2024 17:10;Granel Líquido e Gasoso;Produtos Químicos Orgânicos;1;;0:50:00;0,03;34;4,4
2024;Santos;BRSSZ;Público;Longo Curso;1484713;9836476;2024-08-19 18:12:00;28/08/2024 00:15;28/08/2024 02:50;29/08/2024 20:10;Granel Sólido;Milho;1;;198:03:00;8,25;34;4,4
2024;Santos;BRSSZ;Público;Longo Curso;1484710;9266188;2024-08-19 19:00:00;27/08/2024 16:30;27/08/2024 20:05;28/08/2024 18:39;Granel Sólido;Açúcar;1;;189:30:00;7,9;34;4,4
2024;Santos;BRSSZ;Público;Longo Curso;1484479;9976056;2024-08-19 23:00:00;20/08/2024 16:15;20/08/2024 16:15;26/08/2024 23:25;Carga Geral;Pasta De Celulose;1;;17:15:00;0,72;34;4,4
2024;Santos;BRSSZ;Público;Longo Curso;1484743;9481960;2024-08-20 04:20:00;20/08/2024 14:25;20/08/2024 14:25;28/08/2024 12:20;Granel Sólido;Adubos (Fertilizantes);1;;10:05:00;0,42;34;4,4
2024;Santos;BRSSZ;Público;Longo Curso;1494621;9388027;2024-08-20 07:30:00;29/08/2024 20:30;29/08/2024 20:30;01/09/2024 07:30;Granel Líquido e Gasoso;Petróleo E Derivados (Sem Óleo Bruto);1;;229:00:00;9,54;34;4,4
2024;Santos;BRSSZ;Público;Longo Curso;1484556;9459539;2024-08-20 08:50:00;23/08/2024 17:20;23/08/2024 17:20;24/08/2024 19:30;Granel Líquido e Gasoso;Produtos Químicos Orgânicos;1;;80:30:00;3,35;34;4,4
2024;Santos;BRSSZ;Público;Longo Curso;1484705;9693408;2024-08-20 09:00:00;20/08/2024 21:55;21/08/2024 00:02;22/08/2024 18:30;Granel Sólido;Milho;1;;12:55:00;0,54;34;4,4
2024;Santos;BRSSZ;Público;Longo Curso;1484862;9713959;2024-08-20 09:18:00;20/08/2024 21:25;21/08/2024 01:00;23/08/2024 05:30;Granel Sólido;Milho;1;;12:07:00;0,5;34;4,4
2024;Santos;BRSSZ;Público;Cabotagem;1484718;9555307;2024-08-20 13:00:00;20/08/2024 16:20;20/08/2024 21:00;22/08/2024 13:45;Granel Líquido e Gasoso;Petróleo E Derivados (Sem Óleo Bruto);1;;3:20:00;0,14;34;4,4
2024;Santos;BRSSZ;Público;Longo Curso;1484501;9404429;2024-08-20 13:00:00;21/08/2024 06:15;21/08/2024 06:15;24/08/2024 17:05;Granel Sólido;Adubos (Fertilizantes);1;;17:15:00;0,72;34;4,4
2024;Santos;BRSSZ;Público;Longo Curso;1484742;9577898;2024-08-21 04:53:00;21/08/2024 05:50;21/08/2024 05:50;29/08/2024 13:35;Granel Sólido;Trigo;1;;0:57:00;0,04;34;4,4
2024;Santos;BRSSZ;Público;Longo Curso;1484590;9580039;2024-08-21 12:46:00;21/08/2024 20:30;22/08/2024 11:09;29/08/2024 00:50;Granel Sólido;Trigo;1;;7:44:00;0,32;34;4,4
2024;Santos;BRSSZ;Público;Longo Curso;1484558;9766932;2024-08-21 16:30:00;27/08/2024 02:55;27/08/2024 02:55;28/08/2024 14:15;Carga Geral;Pasta De Celulose;1;;130:25:00;5,43;34;4,4
2024;Santos;BRSSZ;Público;Longo Curso;1494588;9520895;2024-08-21 20:48:00;01/09/2024 15:30;01/09/2024 19:00;04/09/2024 17:50;Granel Sólido;Açúcar;1;;258:42:00;10,78;34;4,4
2024;Santos;BRSSZ;Público;Longo Curso;1484585;9576806;2024-08-22 06:30:00;23/08/2024 14:50;23/08/2024 15:00;26/08/2024 20:10;Granel Sólido;Milho;1;;32:20:00;1,35;34;4,4
2024;Santos;BRSSZ;Público;Longo Curso;1484585;9576806;2024-08-22 06:30:00;23/08/2024 14:50;23/08/2024 15:00;26/08/2024 20:10;Granel Sólido;Resíduos Da Extração Do Óleo De Soja;1;;32:20:00;1,35;34;4,4
2024;Santos;BRSSZ;Público;Longo Curso;1494708;9739317;2024-08-22 10:00:00;01/09/2024 10:48;01/09/2024 13:00;02/09/2024 07:45;Granel Líquido e Gasoso;Produtos Químicos Orgânicos;1;;240:48:00;10,03;34;4,4
2024;Santos;BRSSZ;Público;Longo Curso;1494616;9634830;2024-08-22 11:45:00;29/08/2024 07:45;29/08/2024 07:45;01/09/2024 11:05;Granel Sólido;Milho;1;;164:00:00;6,83;34;4,4
2024;Santos;BRSSZ;Público;Longo Curso;1494665;9876919;2024-08-22 12:18:00;04/09/2024 23:48;05/09/2024 01:56;05/09/2024 19:50;Granel Sólido;Açúcar;1;;323:30:00;13,48;34;4,4
2024;Santos;BRSSZ;Público;Longo Curso;1494949;9758026;2024-08-22 13:42:00;02/09/2024 11:30;02/09/2024 19:00;05/09/2024 23:45;Granel Líquido e Gasoso;Etanol Combustível;1;;261:48:00;10,91;34;4,4
2024;Santos;BRSSZ;Público;Longo Curso;1494709;9503782;2024-08-22 16:12:00;03/09/2024 20:25;03/09/2024 20:25;07/09/2024 22:10;Granel Sólido;Resíduos Da Extração Do Óleo De Soja;1;;292:13:00;12,18;34;4,4
2024;Santos;BRSSZ;Público;Cabotagem;1484716;9391361;2024-08-22 23:37:00;23/08/2024 01:08;23/08/2024 04:18;24/08/2024 06:42;Granel Líquido e Gasoso;Petróleo E Derivados (Sem Óleo Bruto);1;;1:31:00;0,06;34;4,4
2024;Santos;BRSSZ;Público;Longo Curso;1484650;9228071;2024-08-23 12:10:00;23/08/2024 12:55;23/08/2024 15:00;26/08/2024 19:05;Granel Sólido;Açúcar;1;;0:45:00;0,03;34;4,4
2024;Santos;BRSSZ;Público;Longo Curso;1484588;9893814;2024-08-23 15:10:00;23/08/2024 15:57;23/08/2024 16:07;26/08/2024 18:53;Granel Sólido;Adubos (Fertilizantes);1;;0:47:00;0,03;34;4,4
2024;Santos;BRSSZ;Público;Longo Curso;1484551;9792008;2024-08-23 17:00:00;23/08/2024 18:10;23/08/2024 19:00;25/08/2024 05:37;Granel Líquido e Gasoso;Produtos Diversos Da Indústria Química;1;;1:10:00;0,05;34;4,4
2024;Santos;BRSSZ;Público;Longo Curso;1484551;9792008;2024-08-23 17:00:00;23/08/2024 18:10;23/08/2024 19:00;25/08/2024 05:37;Granel Líquido e Gasoso;Produtos Químicos Orgânicos;1;;1:10:00;0,05;34;4,4
2024;Santos;BRSSZ;Público;Cabotagem;1484715;9457713;2024-08-23 18:30:00;29/08/2024 03:35;29/08/2024 05:36;30/08/2024 16:00;Granel Líquido e Gasoso;Petróleo E Derivados (Sem Óleo Bruto);1;;129:05:00;5,38;34;4,4
2024;Santos;BRSSZ;Público;Cabotagem;1484745;9865776;2024-08-23 21:21:00;24/08/2024 14:40;25/08/2024 04:20;26/08/2024 17:00;Granel Líquido e Gasoso;Petróleo E Derivados (Sem Óleo Bruto);1;;17:19:00;0,72;34;4,4
2024;Santos;BRSSZ;Público;Cabotagem;1484694;9431317;2024-08-24 05:12:00;27/08/2024 20:56;28/08/2024 01:12;28/08/2024 22:20;Granel Líquido e Gasoso;Petróleo E Derivados (Sem Óleo Bruto);1;;87:44:00;3,66;34;4,4
2024;Santos;BRSSZ;Público;Longo Curso;1494726;9703265;2024-08-24 15:00:00;03/09/2024 00:27;03/09/2024 03:13;05/09/2024 00:10;Granel Sólido;Adubos (Fertilizantes);1;;225:27:00;9,39;34;4,4
2024;Santos;BRSSZ;Público;Longo Curso;1494613;9404429;2024-08-24 17:05:00;24/08/2024 17:50;24/08/2024 19:00;03/09/2024 01:25;Granel Sólido;Adubos (Fertilizantes);1;;0:45:00;0,03;34;4,4
2024;Santos;BRSSZ;Público;Cabotagem;1484724;9576832;2024-08-24 17:30:00;24/08/2024 20:00;25/08/2024 02:36;25/08/2024 17:55;Granel Líquido e Gasoso;Petróleo E Derivados (Sem Óleo Bruto);1;;2:30:00;0,1;34;4,4
2024;Santos;BRSSZ;Público;Longo Curso;1484714;9624500;2024-08-24 18:30:00;28/08/2024 15:10;28/08/2024 15:10;30/08/2024 16:10;Granel Sólido;Adubos (Fertilizantes);1;;92:40:00;3,86;34;4,4
2024;Santos;BRSSZ;Público;Longo Curso;1494711;9460514;2024-08-24 19:00:00;07/09/2024 14:05;07/09/2024 19:00;09/09/2024 15:43;Granel Sólido;Açúcar;1;;331:05:00;13,8;34;4,4
2024;Santos;BRSSZ;Público;Longo Curso;1494722;9592886;2024-08-24 22:06:00;04/09/2024 16:35;04/09/2024 19:35;08/09/2024 11:25;Granel Sólido;Resíduos Da Extração Do Óleo De Soja;1;;258:29:00;10,77;34;4,4
2024;Santos;BRSSZ;Público;Longo Curso;1494721;9479321;2024-08-24 23:42:00;08/09/2024 16:45;08/09/2024 19:00;11/09/2024 01:38;Granel Sólido;Milho;1;;353:03:00;14,71;34;4,4
2024;Santos;BRSSZ;Público;Longo Curso;1484720;9971458;2024-08-25 05:42:00;26/08/2024 16:30;26/08/2024 19:05;28/08/2024 00:01;Granel Sólido;Milho;1;;34:48:00;1,45;34;4,4
2024;Santos;BRSSZ;Público;Longo Curso;1484545;9773143;2024-08-25 07:30:00;25/08/2024 08:45;25/08/2024 08:45;26/08/2024 11:10;Granel Líquido e Gasoso;Combustíveis, Óleos E Produtos Minerais;1;;1:15:00;0,05;34;4,4
2024;Santos;BRSSZ;Público;Longo Curso;1484545;9773143;2024-08-25 07:30:00;25/08/2024 08:45;25/08/2024 08:45;26/08/2024 11:10;Granel Líquido e Gasoso;Produtos Químicos Orgânicos;1;;1:15:00;0,05;34;4,4
2024;Santos;BRSSZ;Público;Longo Curso;1484594;9828223;2024-08-25 13:00:00;25/08/2024 14:00;25/08/2024 14:00;28/08/2024 23:35;Granel Líquido e Gasoso;Petróleo E Derivados (Sem Óleo Bruto);1;;1:00:00;0,04;34;4,4
2024;Santos;BRSSZ;Público;Longo Curso;1484594;9828223;2024-08-25 13:00:00;25/08/2024 14:00;25/08/2024 14:00;28/08/2024 23:35;Granel Líquido e Gasoso;Produtos Químicos Orgânicos;1;;1:00:00;0,04;34;4,4
2024;Santos;BRSSZ;Público;Longo Curso;1494612;9883132;2024-08-25 13:10:00;10/09/2024 16:20;10/09/2024 19:00;12/09/2024 13:46;Granel Sólido;Açúcar;1;;387:10:00;16,13;34;4,4
2024;Santos;BRSSZ;Público;Longo Curso;1494705;9543342;2024-08-25 18:35:00;28/08/2024 23:07;29/08/2024 01:00;04/09/2024 04:01;Granel Sólido;Adubos (Fertilizantes);1;;76:32:00;3,19;34;4,4
2024;Santos;BRSSZ;Público;Longo Curso;1484746;9725859;2024-08-25 21:06:00;29/08/2024 06:24;29/08/2024 13:35;30/08/2024 04:45;Granel Líquido e Gasoso;Petróleo E Derivados (Sem Óleo Bruto);1;;81:18:00;3,39;34;4,4
2024;Santos;BRSSZ;Público;Cabotagem;1484723;9186235;2024-08-25 23:38:00;26/08/2024 00:45;26/08/2024 08:17;30/08/2024 15:05;Granel Sólido;Sal;1;;1:07:00;0,05;34;4,4
2024;Santos;BRSSZ;Público;Cabotagem;1494719;9368194;2024-08-26 02:48:00;01/09/2024 20:00;02/09/2024 03:00;03/09/2024 15:15;Granel Líquido e Gasoso;Gás De Petróleo;1;;161:12:00;6,72;35;1,76
2024;Santos;BRSSZ;Público;Cabotagem;1494706;9609457;2024-08-26 04:00:00;30/08/2024 20:45;30/08/2024 21:12;02/09/2024 11:45;Granel Sólido;Sal;1;;112:45:00;4,7;35;1,76
2024;Santos;BRSSZ;Público;Longo Curso;1494723;9853929;2024-08-26 08:30:00;29/08/2024 23:55;29/08/2024 23:55;02/09/2024 11:20;Granel Sólido;Resíduos Da Extração Do Óleo De Soja;1;;87:25:00;3,64;35;1,76
2024;Santos;BRSSZ;Público;Longo Curso;1484592;9491836;2024-08-26 09:30:00;26/08/2024 10:50;26/08/2024 10:52;29/08/2024 16:12;Granel Líquido e Gasoso;Preparações De Frutas;1;;1:20:00;0,06;35;1,76
2024;Santos;BRSSZ;Público;Longo Curso;1484480;9724623;2024-08-26 13:02:00;26/08/2024 13:03;26/08/2024 13:03;30/08/2024 09:50;Granel Líquido e Gasoso;Petróleo E Derivados (Sem Óleo Bruto);1;;0:01:00;0,0;35;1,76
2024;Santos;BRSSZ;Público;Longo Curso;1484493;9214317;2024-08-26 15:30:00;26/08/2024 16:45;26/08/2024 16:45;30/08/2024 04:45;Granel Líquido e Gasoso;Combustíveis, Óleos E Produtos Minerais;1;;1:15:00;0,05;35;1,76
2024;Santos;BRSSZ;Público;Longo Curso;1484493;9214317;2024-08-26 15:30:00;26/08/2024 16:45;26/08/2024 16:45;30/08/2024 04:45;Granel Líquido e Gasoso;Petróleo E Derivados (Sem Óleo Bruto);1;;1:15:00;0,05;35;1,76
2024;Santos;BRSSZ;Público;Longo Curso;1484493;9214317;2024-08-26 15:30:00;26/08/2024 16:45;26/08/2024 16:45;30/08/2024 04:45;Granel Líquido e Gasoso;Plásticos E Suas Obras;1;;1:15:00;0,05;35;1,76
2024;Santos;BRSSZ;Público;Longo Curso;1484493;9214317;2024-08-26 15:30:00;26/08/2024 16:45;26/08/2024 16:45;30/08/2024 04:45;Granel Líquido e Gasoso;Produtos Diversos Da Indústria Química;1;;1:15:00;0,05;35;1,76
2024;Santos;BRSSZ;Público;Longo Curso;1484493;9214317;2024-08-26 15:30:00;26/08/2024 16:45;26/08/2024 16:45;30/08/2024 04:45;Granel Líquido e Gasoso;Produtos Químicos Orgânicos;1;;1:15:00;0,05;35;1,76
2024;Santos;BRSSZ;Público;Longo Curso;1484719;9684134;2024-08-26 18:06:00;28/08/2024 04:35;28/08/2024 08:01;30/08/2024 06:50;Granel Sólido;Resíduos Da Extração Do Óleo De Soja;1;;34:29:00;1,44;35;1,76
2024;Santos;BRSSZ;Público;Longo Curso;1484589;9893814;2024-08-26 18:53:00;26/08/2024 19:55;27/08/2024 01:00;30/08/2024 15:30;Granel Sólido;Adubos (Fertilizantes);1;;1:02:00;0,04;35;1,76
2024;Santos;BRSSZ;Público;Longo Curso;1484662;9514327;2024-08-26 22:00:00;26/08/2024 22:50;27/08/2024 01:00;28/08/2024 05:10;Granel Sólido;Açúcar;1;;0:50:00;0,03;35;1,76
2024;Santos;BRSSZ;Público;Longo Curso;1484646;9698874;2024-08-26 22:30:00;26/08/2024 23:40;27/08/2024 01:40;27/08/2024 20:35;Granel Sólido;Açúcar;1;;1:10:00;0,05;35;1,76
2024;Santos;BRSSZ;Público;Longo Curso;1484546;9574860;2024-08-26 23:00:00;27/08/2024 02:55;27/08/2024 07:15;28/08/2024 21:30;Carga Geral;Pasta De Celulose;1;;3:55:00;0,16;35;1,76
2024;Santos;BRSSZ;Público;Longo Curso;1494611;9610224;2024-08-27 17:00:00;29/08/2024 15:50;29/08/2024 15:50;08/09/2024 11:20;Granel Sólido;Trigo;1;;46:50:00;1,95;35;1,76
2024;Santos;BRSSZ;Público;Longo Curso;1484537;9434527;2024-08-28 03:06:00;28/08/2024 04:25;28/08/2024 04:25;30/08/2024 20:45;Granel Sólido;Produtos Químicos Inorgânicos;1;;1:19:00;0,05;35;1,76
2024;Santos;BRSSZ;Público;Longo Curso;1484632;9583196;2024-08-28 07:30:00;28/08/2024 08:24;28/08/2024 10:25;29/08/2024 02:55;Granel Sólido;Açúcar;1;;0:54:00;0,04;35;1,76
2024;Santos;BRSSZ;Público;Cabotagem;1494728;9492270;2024-08-28 08:00:00;30/08/2024 20:10;30/08/2024 22:30;01/09/2024 16:48;Granel Líquido e Gasoso;Petróleo E Derivados (Sem Óleo Bruto);1;;60:10:00;2,51;35;1,76
2024;Santos;BRSSZ;Público;Longo Curso;1494638;9890240;2024-08-29 06:30:00;02/09/2024 00:05;02/09/2024 00:05;03/09/2024 08:15;Granel Sólido;Adubos (Fertilizantes);1;;89:35:00;3,73;35;1,76
2024;Santos;BRSSZ;Público;Longo Curso;1494735;9900083;2024-08-29 07:00:00;29/08/2024 21:35;30/08/2024 01:15;01/09/2024 16:05;Granel Sólido;Milho;1;;14:35:00;0,61;35;1,76
2024;Santos;BRSSZ;Público;Longo Curso;1494727;9840506;2024-08-29 11:48:00;01/09/2024 20:40;01/09/2024 23:27;04/09/2024 03:50;Granel Sólido;Milho;1;;80:52:00;3,37;35;1,76
2024;Santos;BRSSZ;Público;Longo Curso;1494629;9379961;2024-08-29 12:54:00;07/09/2024 01:35;07/09/2024 01:35;10/09/2024 05:20;Granel Líquido e Gasoso;Petróleo E Derivados (Sem Óleo Bruto);1;;204:41:00;8,53;35;1,76
2024;Santos;BRSSZ;Público;Longo Curso;1494703;9577898;2024-08-29 13:35:00;29/08/2024 14:15;29/08/2024 19:00;01/09/2024 12:05;Granel Sólido;Trigo;1;;0:40:00;0,03;35;1,76
2024;Santos;BRSSZ;Público;Longo Curso;1494989;9561344;2024-08-29 14:06:00;02/09/2024 01:10;02/09/2024 01:10;10/09/2024 07:40;Granel Sólido;Adubos (Fertilizantes);1;;83:04:00;3,46;35;1,76
2024;Santos;BRSSZ;Público;Longo Curso;1484593;9989209;2024-08-29 18:00:00;29/08/2024 20:05;29/08/2024 20:05;31/08/2024 20:55;Granel Líquido e Gasoso;Produtos Químicos Orgânicos;1;;2:05:00;0,09;35;1,76
2024;Santos;BRSSZ;Público;Longo Curso;1484593;9989209;2024-08-29 18:00:00;29/08/2024 20:05;29/08/2024 20:05;31/08/2024 20:55;Granel Líquido e Gasoso;Etanol Combustível;1;;2:05:00;0,09;35;1,76
2024;Santos;BRSSZ;Público;Longo Curso;1494733;9574030;2024-08-30 02:00:00;04/09/2024 16:20;04/09/2024 19:00;05/09/2024 18:00;Granel Sólido;Trigo;1;;134:20:00;5,6;35;1,76
2024;Santos;BRSSZ;Público;Longo Curso;1494606;9837640;2024-08-30 03:24:00;30/08/2024 04:15;30/08/2024 04:15;01/09/2024 03:15;Carga Geral;Pasta De Celulose;1;;0:51:00;0,04;35;1,76
2024;Santos;BRSSZ;Público;Longo Curso;1494627;9610705;2024-08-30 03:54:00;30/08/2024 04:45;30/08/2024 07:00;03/09/2024 01:45;Carga Geral;Açúcar;1;;0:51:00;0,04;35;1,76
2024;Santos;BRSSZ;Público;Longo Curso;1494627;9610705;2024-08-30 03:54:00;30/08/2024 04:45;30/08/2024 07:00;03/09/2024 01:45;Carga Geral;Fibras, Fios, Tecidos E Outros Artefatos;1;;0:51:00;0,04;35;1,76
2024;Santos;BRSSZ;Público;Cabotagem;1494640;9360415;2024-08-30 04:57:00;30/08/2024 06:10;30/08/2024 06:36;02/09/2024 07:40;Granel Líquido e Gasoso;Petróleo E Derivados (Sem Óleo Bruto);1;;1:13:00;0,05;35;1,76
2024;Santos;BRSSZ;Público;Longo Curso;1484696;9908322;2024-08-30 05:00:00;30/08/2024 06:15;30/08/2024 13:00;31/08/2024 09:40;Granel Líquido e Gasoso;Produtos Químicos Orgânicos;1;;1:15:00;0,05;35;1,76
2024;Santos;BRSSZ;Público;Longo Curso;1494598;9452555;2024-08-30 08:18:00;12/09/2024 16:30;12/09/2024 19:00;14/09/2024 01:49;Granel Sólido;Açúcar;1;;320:12:00;13,34;35;1,76
2024;Santos;BRSSZ;Público;Longo Curso;1494655;9709221;2024-08-30 09:48:00;31/08/2024 07:40;31/08/2024 07:40;07/09/2024 17:05;Granel Sólido;Adubos (Fertilizantes);1;;21:52:00;0,91;35;1,76
2024;Santos;BRSSZ;Público;Longo Curso;1494617;9846495;2024-08-30 13:30:00;30/08/2024 20:35;30/08/2024 20:35;01/09/2024 23:40;Carga Geral;Pasta De Celulose;1;;7:05:00;0,3;35;1,76
2024;Santos;BRSSZ;Público;Longo Curso;1494715;9624500;2024-08-30 16:10:00;30/08/2024 17:15;30/08/2024 19:00;01/09/2024 20:30;Granel Sólido;Adubos (Fertilizantes);1;;1:05:00;0,05;35;1,76
2024;Santos;BRSSZ;Público;Longo Curso;1494608;9864198;2024-08-30 17:00:00;01/09/2024 16:10;01/09/2024 16:10;04/09/2024 18:10;Granel Sólido;Milho;1;;47:10:00;1,97;35;1,76
2024;Santos;BRSSZ;Público;Longo Curso;1494702;9197284;2024-08-31 00:40:00;01/09/2024 00:05;01/09/2024 00:05;02/09/2024 08:40;Granel Líquido e Gasoso;Soda Cáustica;1;;23:25:00;0,98;35;1,76
2024;Santos;BRSSZ;Público;Longo Curso;1494744;9790658;2024-08-31 04:00:00;02/09/2024 11:20;02/09/2024 11:20;03/09/2024 21:05;Granel Líquido e Gasoso;Gorduras E Óleos Animais Ou Vegetais;1;;55:20:00;2,31;35;1,76
2024;Santos;BRSSZ;Público;Longo Curso;1494648;9459539;2024-08-31 11:00:00;31/08/2024 12:30;31/08/2024 15:50;02/09/2024 15:45;Granel Líquido e Gasoso;Plásticos E Suas Obras;1;;1:30:00;0,06;35;1,76
2024;Santos;BRSSZ;Público;Longo Curso;1494648;9459539;2024-08-31 11:00:00;31/08/2024 12:30;31/08/2024 15:50;02/09/2024 15:45;Granel Líquido e Gasoso;Produtos Químicos Orgânicos;1;;1:30:00;0,06;35;1,76
2024;Santos;BRSSZ;Público;Longo Curso;1494698;9872353;2024-08-31 12:00:00;31/08/2024 14:00;31/08/2024 16:22;01/09/2024 12:45;Granel Sólido;Açúcar;1;;2:00:00;0,08;35;1,76
2024;Santos;BRSSZ;Público;Longo Curso;1494686;9189770;2024-08-31 15:15:00;31/08/2024 16:10;31/08/2024 17:30;01/09/2024 16:30;Granel Sólido;Açúcar;1;;0:55:00;0,04;35;1,76
2024;Santos;BRSSZ;Público;Longo Curso;1494673;9613836;2024-08-31 17:00:00;01/09/2024 05:25;01/09/2024 05:25;01/09/2024 22:08;Carga Geral;Pasta De Celulose;1;;12:25:00;0,52;35;1,76
2024;Santos;BRSSZ;Público;Longo Curso;1494731;9659775;2024-08-31 18:30:00;11/09/2024 01:10;11/09/2024 01:10;13/09/2024 11:10;Granel Sólido;Resíduos Da Extração Do Óleo De Soja;1;;246:40:00;10,28;35;1,76
2024;Santos;BRSSZ;Público;Longo Curso;1494729;9288459;2024-08-31 20:18:00;31/08/2024 21:00;31/08/2024 23:33;02/09/2024 06:05;Granel Sólido;Milho;1;;0:42:00;0,03;35;1,76
2024;Santos;BRSSZ;Público;Longo Curso;1494618;9442536;2024-09-01 07:00:00;11/09/2024 05:05;11/09/2024 05:05;14/09/2024 00:25;Granel Sólido;Milho;1;;238:05:00;9,92;35;1,76
2024;Santos;BRSSZ;Público;Cabotagem;1494720;9555307;2024-09-01 08:30:00;01/09/2024 08:55;01/09/2024 13:00;03/09/2024 08:30;Granel Líquido e Gasoso;Petróleo E Derivados (Sem Óleo Bruto);1;;0:25:00;0,02;35;1,76
2024;Santos;BRSSZ;Público;Longo Curso;1494725;9489417;2024-09-01 17:15:00;03/09/2024 04:00;03/09/2024 04:00;10/09/2024 02:20;Granel Sólido;Adubos (Fertilizantes);1;;34:45:00;1,45;35;1,76
2024;Santos;BRSSZ;Público;Longo Curso;1494628;9846495;2024-09-01 23:40:00;02/09/2024 00:10;02/09/2024 01:00;03/09/2024 14:40;Carga Geral;Pasta De Celulose;1;;0:30:00;0,02;35;1,76
2024;Santos;BRSSZ;Público;Longo Curso;1494657;9704738;2024-09-02 02:50:00;03/09/2024 19:25;03/09/2024 20:42;04/09/2024 17:45;Carga Geral;Pasta De Celulose;1;;40:35:00;1,69;36;3,18
2024;Santos;BRSSZ;Público;Longo Curso;1494718;9777400;2024-09-02 06:00:00;02/09/2024 11:40;02/09/2024 11:40;03/09/2024 15:05;Granel Líquido e Gasoso;Produtos Químicos Orgânicos;1;;5:40:00;0,24;36;3,18
2024;Santos;BRSSZ;Público;Longo Curso;1494740;9836490;2024-09-02 13:30:00;11/09/2024 04:40;11/09/2024 07:00;13/09/2024 15:10;Granel Sólido;Milho;1;;207:10:00;8,63;36;3,18
2024;Santos;BRSSZ;Público;Longo Curso;1494649;9452139;2024-09-02 14:30:00;03/09/2024 10:27;03/09/2024 10:27;10/09/2024 02:40;Carga Geral;Adubos (Fertilizantes);1;;19:57:00;0,83;36;3,18
2024;Santos;BRSSZ;Público;Longo Curso;1494649;9452139;2024-09-02 14:30:00;03/09/2024 10:27;03/09/2024 10:27;10/09/2024 02:40;Granel Sólido;Adubos (Fertilizantes);1;;19:57:00;0,83;36;3,18
2024;Santos;BRSSZ;Público;Longo Curso;1494748;9598220;2024-09-02 17:20:00;13/09/2024 18:25;13/09/2024 18:25;18/09/2024 20:45;Granel Sólido;Resíduos Da Extração Do Óleo De Soja;1;;265:05:00;11,05;36;3,18
2024;Santos;BRSSZ;Público;Longo Curso;1494667;9828223;2024-09-02 19:30:00;02/09/2024 21:00;03/09/2024 02:30;04/09/2024 04:20;Granel Líquido e Gasoso;Etanol Combustível;1;;1:30:00;0,06;36;3,18
2024;Santos;BRSSZ;Público;Longo Curso;1494667;9828223;2024-09-02 19:30:00;02/09/2024 21:00;03/09/2024 02:30;04/09/2024 04:20;Granel Líquido e Gasoso;Produtos Químicos Orgânicos;1;;1:30:00;0,06;36;3,18
2024;Santos;BRSSZ;Público;Longo Curso;1494615;9760134;2024-09-02 21:22:00;14/09/2024 07:05;14/09/2024 07:05;19/09/2024 21:35;Granel Sólido;Milho;1;;273:43:00;11,4;36;3,18
2024;Santos;BRSSZ;Público;Cabotagem;1494756;9391361;2024-09-03 00:12:00;03/09/2024 09:48;03/09/2024 14:06;05/09/2024 04:18;Granel Líquido e Gasoso;Petróleo E Derivados (Sem Óleo Bruto);1;;9:36:00;0,4;36;3,18
2024;Santos;BRSSZ;Público;Cabotagem;1494743;9403968;2024-09-03 01:50:00;03/09/2024 19:10;03/09/2024 19:10;05/09/2024 03:46;Granel Líquido e Gasoso;Soda Cáustica;1;;17:20:00;0,72;36;3,18
2024;Santos;BRSSZ;Público;Longo Curso;1494730;9610731;2024-09-03 06:36:00;05/09/2024 06:36;05/09/2024 08:15;10/09/2024 01:40;Granel Sólido;Adubos (Fertilizantes);1;;48:00:00;2,0;36;3,18
2024;Santos;BRSSZ;Público;Longo Curso;1494671;9242089;2024-09-03 07:00:00;03/09/2024 08:25;03/09/2024 08:26;07/09/2024 05:12;Granel Líquido e Gasoso;Preparações De Frutas;1;;1:25:00;0,06;36;3,18
2024;Santos;BRSSZ;Público;Longo Curso;1494639;9890240;2024-09-03 08:15:00;03/09/2024 09:25;03/09/2024 09:30;11/09/2024 10:05;Granel Sólido;Adubos (Fertilizantes);1;;1:10:00;0,05;36;3,18
2024;Santos;BRSSZ;Público;Cabotagem;1494699;9448322;2024-09-03 11:00:00;07/09/2024 05:25;07/09/2024 17:54;09/09/2024 17:10;Granel Líquido e Gasoso;Petróleo E Derivados (Sem Óleo Bruto);1;;90:25:00;3,77;36;3,18
2024;Santos;BRSSZ;Público;Longo Curso;1494668;9952165;2024-09-03 13:30:00;04/09/2024 02:20;04/09/2024 02:20;05/09/2024 13:00;Granel Líquido e Gasoso;Produtos Químicos Orgânicos;1;;12:50:00;0,53;36;3,18
2024;Santos;BRSSZ;Público;Cabotagem;1494755;9413523;2024-09-04 00:18:00;04/09/2024 01:45;04/09/2024 04:00;07/09/2024 04:20;Granel Líquido e Gasoso;Petróleo E Derivados (Sem Óleo Bruto);1;;1:27:00;0,06;36;3,18
2024;Santos;BRSSZ;Público;Longo Curso;1494747;9442744;2024-09-04 00:45:00;08/09/2024 17:50;08/09/2024 20:53;10/09/2024 21:45;Granel Sólido;Milho;1;;113:05:00;4,71;36;3,18
2024;Santos;BRSSZ;Público;Longo Curso;1494749;9734989;2024-09-04 02:31:00;04/09/2024 03:10;04/09/2024 06:06;05/09/2024 19:30;Granel Sólido;Milho;1;;0:39:00;0,03;36;3,18
2024;Santos;BRSSZ;Público;Longo Curso;1494760;9331529;2024-09-04 03:00:00;10/09/2024 20:00;10/09/2024 22:09;21/09/2024 02:10;Granel Sólido;Adubos (Fertilizantes);1;;161:00:00;6,71;36;3,18
2024;Santos;BRSSZ;Público;Cabotagem;1494763;9660657;2024-09-04 06:18:00;10/09/2024 11:35;10/09/2024 20:12;12/09/2024 07:49;Granel Líquido e Gasoso;Petróleo E Derivados (Sem Óleo Bruto);1;;149:17:00;6,22;36;3,18
2024;Santos;BRSSZ;Público;Longo Curso;1494664;9577757;2024-09-04 09:00:00;10/09/2024 21:40;10/09/2024 21:40;20/09/2024 18:03;Granel Sólido;Adubos (Fertilizantes);1;;156:40:00;6,53;36;3,18
2024;Santos;BRSSZ;Público;Longo Curso;1494772;9611254;2024-09-04 13:45:00;11/09/2024 18:45;11/09/2024 21:40;17/09/2024 12:40;Granel Sólido;Milho;1;;173:00:00;7,21;36;3,18
2024;Santos;BRSSZ;Público;Longo Curso;1494717;9388027;2024-09-04 15:00:00;04/09/2024 16:20;04/09/2024 19:00;07/09/2024 04:00;Granel Líquido e Gasoso;Petróleo E Derivados (Sem Óleo Bruto);1;;1:20:00;0,06;36;3,18
2024;Santos;BRSSZ;Público;Longo Curso;1494750;9705421;2024-09-04 17:18:00;11/09/2024 20:15;11/09/2024 23:00;13/09/2024 10:20;Granel Sólido;Milho;1;;170:57:00;7,12;36;3,18
2024;Santos;BRSSZ;Público;Cabotagem;1494767;9492270;2024-09-04 18:18:00;11/09/2024 19:42;12/09/2024 15:36;14/09/2024 00:50;Granel Líquido e Gasoso;Petróleo E Derivados (Sem Óleo Bruto);1;;169:24:00;7,06;36;3,18
2024;Santos;BRSSZ;Público;Longo Curso;1494593;9766918;2024-09-05 02:00:00;05/09/2024 02:50;05/09/2024 03:11;13/09/2024 03:40;Carga Geral;Pasta De Celulose;1;;0:50:00;0,03;36;3,18
2024;Santos;BRSSZ;Público;Cabotagem;1494704;9865776;2024-09-05 07:00:00;05/09/2024 07:23;05/09/2024 13:00;06/09/2024 22:10;Granel Líquido e Gasoso;Petróleo E Derivados (Sem Óleo Bruto);1;;0:23:00;0,02;36;3,18
2024;Santos;BRSSZ;Público;Longo Curso;1494771;9956410;2024-09-05 10:36:00;10/09/2024 13:00;10/09/2024 19:00;13/09/2024 08:25;Granel Líquido e Gasoso;Petróleo E Derivados (Sem Óleo Bruto);1;;122:24:00;5,1;36;3,18
2024;Santos;BRSSZ;Público;Longo Curso;1494738;9638159;2024-09-05 14:00:00;05/09/2024 22:50;05/09/2024 23:00;09/09/2024 16:40;Granel Líquido e Gasoso;Preparações De Frutas;1;;8:50:00;0,37;36;3,18
2024;Santos;BRSSZ;Público;Longo Curso;1494770;9773179;2024-09-05 19:30:00;13/09/2024 00:40;13/09/2024 00:40;15/09/2024 22:32;Granel Líquido e Gasoso;Etanol Combustível;1;;173:10:00;7,22;36;3,18
2024;Santos;BRSSZ;Público;Longo Curso;1494716;9803340;2024-09-05 21:30:00;05/09/2024 22:55;06/09/2024 01:00;07/09/2024 11:00;Granel Sólido;Soja;1;;1:25:00;0,06;36;3,18
2024;Santos;BRSSZ;Público;Longo Curso;1494737;9936264;2024-09-05 22:06:00;05/09/2024 22:50;06/09/2024 23:17;08/09/2024 04:10;Granel Sólido;Resíduos Da Extração Do Óleo De Soja;1;;0:44:00;0,03;36;3,18
2024;Santos;BRSSZ;Público;Cabotagem;1494766;9431317;2024-09-06 01:00:00;10/09/2024 11:55;10/09/2024 18:12;11/09/2024 17:50;Granel Líquido e Gasoso;Petróleo E Derivados (Sem Óleo Bruto);1;;106:55:00;4,45;36;3,18
2024;Santos;BRSSZ;Público;Longo Curso;1494724;9725859;2024-09-06 01:30:00;06/09/2024 03:04;06/09/2024 14:06;08/09/2024 12:12;Granel Líquido e Gasoso;Petróleo E Derivados (Sem Óleo Bruto);1;;1:34:00;0,07;36;3,18
2024;Santos;BRSSZ;Público;Longo Curso;1494659;9829681;2024-09-06 05:24:00;13/09/2024 13:45;13/09/2024 13:45;15/09/2024 02:45;Granel Líquido e Gasoso;Gorduras E Óleos Animais Ou Vegetais;1;;176:21:00;7,35;36;3,18
2024;Santos;BRSSZ;Público;Longo Curso;1494609;9959424;2024-09-06 05:48:00;07/09/2024 21:00;07/09/2024 21:00;11/09/2024 01:50;Granel Sólido;Milho;1;;39:12:00;1,63;36;3,18
2024;Santos;BRSSZ;Público;Longo Curso;1494745;9610248;2024-09-06 07:45:00;10/09/2024 20:42;11/09/2024 01:00;17/09/2024 16:36;Granel Sólido;Trigo;1;;108:57:00;4,54;36;3,18
2024;Santos;BRSSZ;Público;Longo Curso;1494757;9980423;2024-09-06 08:30:00;21/09/2024 20:30;22/09/2024 00:30;23/09/2024 15:20;Granel Sólido;Milho;1;;372:00:00;15,5;36;3,18
2024;Santos;BRSSZ;Público;Longo Curso;1494773;9739317;2024-09-06 12:00:00;06/09/2024 13:52;06/09/2024 13:52;07/09/2024 21:18;Granel Líquido e Gasoso;Gorduras E Óleos Animais Ou Vegetais;1;;1:52:00;0,08;36;3,18
2024;Santos;BRSSZ;Público;Longo Curso;1494739;9593751;2024-09-06 21:40:00;08/09/2024 01:20;08/09/2024 01:20;10/09/2024 21:35;Granel Sólido;Resíduos Da Extração Do Óleo De Soja;1;;27:40:00;1,15;36;3,18
2024;Santos;BRSSZ;Público;Longo Curso;1494624;9688635;2024-09-06 22:00:00;19/09/2024 20:15;20/09/2024 01:30;21/09/2024 17:12;Granel Sólido;Açúcar;1;;310:15:00;12,93;36;3,18
2024;Santos;BRSSZ;Público;Longo Curso;1494641;9790658;2024-09-07 04:30:00;07/09/2024 05:50;07/09/2024 05:50;10/09/2024 04:05;Granel Líquido e Gasoso;Gorduras E Óleos Animais Ou Vegetais;1;;1:20:00;0,06;36;3,18
2024;Santos;BRSSZ;Público;Longo Curso;1494758;9847877;2024-09-07 06:48:00;08/09/2024 04:30;08/09/2024 06:30;10/09/2024 07:40;Granel Sólido;Milho;1;;21:42:00;0,9;36;3,18
2024;Santos;BRSSZ;Público;Cabotagem;1494678;9271999;2024-09-07 08:10:00;07/09/2024 09:10;07/09/2024 09:40;10/09/2024 07:50;Granel Líquido e Gasoso;Soda Cáustica;1;;1:00:00;0,04;36;3,18
2024;Santos;BRSSZ;Público;Cabotagem;1494678;9271999;2024-09-07 08:10:00;07/09/2024 09:10;07/09/2024 09:40;10/09/2024 07:50;Granel Líquido e Gasoso;Produtos Químicos Orgânicos;1;;1:00:00;0,04;36;3,18
2024;Santos;BRSSZ;Público;Longo Curso;1494676;9330630;2024-09-07 09:45:00;23/09/2024 15:55;23/09/2024 18:15;25/09/2024 12:20;Granel Sólido;Açúcar;1;;390:10:00;16,26;36;3,18
2024;Santos;BRSSZ;Público;Longo Curso;1494633;9609524;2024-09-07 15:00:00;07/09/2024 20:50;08/09/2024 01:49;10/09/2024 21:50;Granel Sólido;Milho;1;;5:50:00;0,24;36;3,18
2024;Santos;BRSSZ;Público;Cabotagem;1494746;9255799;2024-09-07 23:23:00;08/09/2024 00:25;08/09/2024 01:00;10/09/2024 05:19;Granel Líquido e Gasoso;Etanol Combustível;1;;1:02:00;0,04;36;3,18
2024;Santos;BRSSZ;Público;Longo Curso;1494663;9303106;2024-09-07 23:30:00;08/09/2024 00:30;08/09/2024 02:45;09/09/2024 16:30;Granel Sólido;Açúcar;1;;1:00:00;0,04;36;3,18
2024;Santos;BRSSZ;Público;Longo Curso;1494634;9200421;2024-09-08 00:01:00;08/09/2024 01:10;08/09/2024 01:10;11/09/2024 02:00;Granel Sólido;Produtos Químicos Inorgânicos;1;;1:09:00;0,05;36;3,18
2024;Santos;BRSSZ;Público;Longo Curso;1494603;9244257;2024-09-08 10:06:00;10/09/2024 18:40;10/09/2024 18:40;20/09/2024 21:44;Granel Sólido;Adubos (Fertilizantes);1;;56:34:00;2,36;36;3,18
2024;Santos;BRSSZ;Público;Longo Curso;1494650;9777400;2024-09-08 14:30:00;08/09/2024 16:00;08/09/2024 16:00;10/09/2024 03:20;Granel Líquido e Gasoso;Produtos Químicos Orgânicos;1;;1:30:00;0,06;36;3,18
2024;Santos;BRSSZ;Público;Longo Curso;1494666;9949223;2024-09-09 01:00:00;13/09/2024 19:30;13/09/2024 19:30;19/09/2024 14:50;Granel Sólido;Resíduos Da Extração Do Óleo De Soja;1;;114:30:00;4,77;37;4,23
2024;Santos;BRSSZ;Público;Longo Curso;1494666;9949223;2024-09-09 01:00:00;13/09/2024 19:30;13/09/2024 19:30;19/09/2024 14:50;Granel Sólido;Milho;1;;114:30:00;4,77;37;4,23
2024;Santos;BRSSZ;Público;Longo Curso;1494625;9784362;2024-09-09 06:18:00;14/09/2024 06:55;14/09/2024 10:00;19/09/2024 16:12;Granel Sólido;Açúcar;1;;120:37:00;5,03;37;4,23
2024;Santos;BRSSZ;Público;Longo Curso;1494625;9784362;2024-09-09 06:18:00;14/09/2024 06:55;14/09/2024 10:00;19/09/2024 16:12;Granel Sólido;Milho;1;;120:37:00;5,03;37;4,23
2024;Santos;BRSSZ;Público;Longo Curso;1494775;9593842;2024-09-09 20:20:00;13/09/2024 17:25;13/09/2024 21:00;17/09/2024 17:25;Granel Sólido;Milho;1;;93:05:00;3,88;37;4,23
2024;Santos;BRSSZ;Público;Longo Curso;1494956;9296731;2024-09-09 23:36:00;12/09/2024 02:37;12/09/2024 02:37;15/09/2024 02:18;Granel Líquido e Gasoso;Etanol Combustível;1;;51:01:00;2,13;37;4,23
2024;Santos;BRSSZ;Público;Longo Curso;1494774;9834155;2024-09-10 02:48:00;10/09/2024 13:15;10/09/2024 13:15;13/09/2024 08:20;Granel Líquido e Gasoso;Produtos Químicos Orgânicos;1;;10:27:00;0,44;37;4,23
2024;Santos;BRSSZ;Público;Longo Curso;1494652;9723942;2024-09-10 03:06:00;10/09/2024 03:18;10/09/2024 03:20;16/09/2024 13:54;Granel Sólido;Adubos (Fertilizantes);1;;0:12:00;0,01;37;4,23
2024;Santos;BRSSZ;Público;Longo Curso;1494644;9274305;2024-09-10 03:18:00;17/09/2024 22:10;18/09/2024 01:00;20/09/2024 11:10;Granel Líquido e Gasoso;Petróleo E Derivados (Sem Óleo Bruto);1;;186:52:00;7,79;37;4,23
2024;Santos;BRSSZ;Público;Longo Curso;1494644;9274305;2024-09-10 03:18:00;17/09/2024 22:10;18/09/2024 01:00;20/09/2024 11:10;Granel Líquido e Gasoso;Produtos Químicos Orgânicos;1;;186:52:00;7,79;37;4,23
2024;Santos;BRSSZ;Público;Longo Curso;1494662;9559676;2024-09-10 10:00:00;11/09/2024 11:00;11/09/2024 11:00;21/09/2024 02:10;Granel Sólido;Adubos (Fertilizantes);1;;25:00:00;1,04;37;4,23
2024;Santos;BRSSZ;Público;Longo Curso;1494653;9952165;2024-09-10 11:00:00;10/09/2024 12:10;10/09/2024 16:00;12/09/2024 20:40;Granel Líquido e Gasoso;Plásticos E Suas Obras;1;;1:10:00;0,05;37;4,23
2024;Santos;BRSSZ;Público;Longo Curso;1494653;9952165;2024-09-10 11:00:00;10/09/2024 12:10;10/09/2024 16:00;12/09/2024 20:40;Granel Líquido e Gasoso;Produtos Diversos Da Indústria Química;1;;1:10:00;0,05;37;4,23
2024;Santos;BRSSZ;Público;Longo Curso;1494653;9952165;2024-09-10 11:00:00;10/09/2024 12:10;10/09/2024 16:00;12/09/2024 20:40;Granel Líquido e Gasoso;Produtos Químicos Orgânicos;1;;1:10:00;0,05;37;4,23
2024;Santos;BRSSZ;Público;Apoio Marítimo;1494692;9928889;2024-09-10 17:00:00;10/09/2024 18:05;10/09/2024 20:10;11/09/2024 20:50;Granel Sólido;Açúcar;1;;1:05:00;0,05;37;4,23
2024;Santos;BRSSZ;Público;Longo Curso;1494635;9824980;2024-09-11 06:24:00;11/09/2024 12:30;11/09/2024 15:00;14/09/2024 18:05;Carga Geral;Pasta De Celulose;1;;6:06:00;0,25;37;4,23
2024;Santos;BRSSZ;Público;Longo Curso;1494958;9949285;2024-09-11 08:00:00;25/09/2024 22:55;26/09/2024 01:00;28/09/2024 15:50;Granel Sólido;Resíduos Da Extração Do Óleo De Soja;1;;350:55:00;14,62;37;4,23
2024;Santos;BRSSZ;Público;Longo Curso;1494632;9554183;2024-09-11 09:48:00;13/09/2024 08:10;13/09/2024 14:35;19/09/2024 14:30;Granel Sólido;Milho;1;;46:22:00;1,93;37;4,23
2024;Santos;BRSSZ;Público;Longo Curso;1494679;9607095;2024-09-11 10:00:00;14/09/2024 19:20;14/09/2024 21:17;17/09/2024 13:43;Carga Geral;Pasta De Celulose;1;;81:20:00;3,39;37;4,23
2024;Santos;BRSSZ;Público;Longo Curso;1502532;9877884;2024-09-11 22:48:00;28/09/2024 19:10;28/09/2024 19:10;01/10/2024 23:10;Granel Sólido;Resíduos Da Extração Do Óleo De Soja;1;;404:22:00;16,85;37;4,23
2024;Santos;BRSSZ;Público;Longo Curso;1494685;9291779;2024-09-11 23:00:00;12/09/2024 00:01;12/09/2024 01:47;13/09/2024 00:40;Granel Sólido;Açúcar;1;;1:01:00;0,04;37;4,23
2024;Santos;BRSSZ;Público;Cabotagem;1494741;9369887;2024-09-12 03:30:00;12/09/2024 09:05;12/09/2024 14:24;14/09/2024 01:55;Granel Líquido e Gasoso;Petróleo E Derivados (Sem Óleo Bruto);1;;5:35:00;0,23;37;4,23
2024;Santos;BRSSZ;Público;Longo Curso;1504913;9828302;2024-09-12 08:00:00;28/09/2024 09:40;28/09/2024 09:40;01/10/2024 12:55;Granel Sólido;Milho;1;;385:40:00;16,07;37;4,23
2024;Santos;BRSSZ;Público;Longo Curso;1494787;9781700;2024-09-12 09:30:00;23/09/2024 20:00;23/09/2024 22:00;25/09/2024 23:30;Granel Sólido;Milho;1;;274:30:00;11,44;37;4,23
2024;Santos;BRSSZ;Público;Longo Curso;1494782;9840491;2024-09-12 12:00:00;19/09/2024 21:20;19/09/2024 23:30;21/09/2024 21:25;Granel Sólido;Milho;1;;177:20:00;7,39;37;4,23
2024;Santos;BRSSZ;Público;Longo Curso;1494950;9568500;2024-09-12 13:00:00;20/09/2024 15:30;20/09/2024 19:25;22/09/2024 23:10;Granel Líquido e Gasoso;Produtos Químicos Orgânicos;1;;194:30:00;8,1;37;4,23
2024;Santos;BRSSZ;Público;Longo Curso;1494636;9599016;2024-09-12 15:30:00;12/09/2024 21:05;12/09/2024 21:05;19/09/2024 22:35;Granel Sólido;Adubos (Fertilizantes);1;;5:35:00;0,23;37;4,23
2024;Santos;BRSSZ;Público;Cabotagem;1494779;9660358;2024-09-12 20:00:00;17/09/2024 22:00;18/09/2024 01:18;21/09/2024 21:49;Granel Líquido e Gasoso;Petróleo E Derivados (Sem Óleo Bruto);1;;122:00:00;5,08;37;4,23
2024;Santos;BRSSZ;Público;Longo Curso;1494943;9737591;2024-09-13 00:01:00;25/09/2024 18:00;25/09/2024 20:40;27/09/2024 14:10;Granel Sólido;Milho;1;;305:59:00;12,75;37;4,23
2024;Santos;BRSSZ;Público;Longo Curso;1494601;9337236;2024-09-13 11:30:00;16/09/2024 22:10;16/09/2024 22:15;17/09/2024 22:10;Carga Conteinerizada;Contêineres;1;;82:40:00;3,44;37;4,23
2024;Santos;BRSSZ;Público;Longo Curso;1494601;9337236;2024-09-13 11:30:00;16/09/2024 22:10;16/09/2024 22:15;17/09/2024 22:10;Carga Geral;Ferro E Aço;1;;82:40:00;3,44;37;4,23
2024;Santos;BRSSZ;Público;Longo Curso;1494654;9829746;2024-09-13 13:30:00;18/09/2024 03:20;18/09/2024 03:20;23/09/2024 16:40;Granel Líquido e Gasoso;Etanol Combustível;1;;109:50:00;4,58;37;4,23
2024;Santos;BRSSZ;Público;Longo Curso;1494594;9520821;2024-09-13 19:00:00;21/09/2024 21:30;21/09/2024 23:50;24/09/2024 05:30;Granel Sólido;Açúcar;1;;194:30:00;8,1;37;4,23
2024;Santos;BRSSZ;Público;Longo Curso;1494966;9774575;2024-09-13 19:54:00;20/09/2024 02:20;20/09/2024 02:48;23/09/2024 00:01;Granel Líquido e Gasoso;Etanol Combustível;1;;150:26:00;6,27;37;4,23
2024;Santos;BRSSZ;Público;Longo Curso;1494961;9292759;2024-09-13 23:30:00;14/09/2024 06:15;14/09/2024 17:12;16/09/2024 10:14;Granel Líquido e Gasoso;Gás De Petróleo;1;;6:45:00;0,28;37;4,23
2024;Santos;BRSSZ;Público;Cabotagem;1494783;9539573;2024-09-13 23:36:00;14/09/2024 11:15;14/09/2024 19:00;16/09/2024 10:54;Granel Líquido e Gasoso;Petróleo E Derivados (Sem Óleo Bruto);1;;11:39:00;0,49;37;4,23
2024;Santos;BRSSZ;Público;Longo Curso;1494683;9632947;2024-09-13 23:48:00;19/09/2024 20:30;19/09/2024 22:50;23/09/2024 16:30;Granel Sólido;Resíduos Da Extração Do Óleo De Soja;1;;140:42:00;5,86;37;4,23
2024;Santos;BRSSZ;Público;Longo Curso;1494683;9632947;2024-09-13 23:48:00;19/09/2024 20:30;19/09/2024 22:50;23/09/2024 16:30;Granel Sólido;Soja;1;;140:42:00;5,86;37;4,23
2024;Santos;BRSSZ;Público;Longo Curso;1494780;9493913;2024-09-14 00:50:00;19/09/2024 19:35;19/09/2024 23:20;21/09/2024 13:30;Granel Sólido;Milho;1;;138:45:00;5,78;37;4,23
2024;Santos;BRSSZ;Público;Cabotagem;1494630;9753636;2024-09-14 04:00:00;14/09/2024 06:50;14/09/2024 07:00;18/09/2024 10:18;Granel Líquido e Gasoso;Combustíveis, Óleos E Produtos Minerais;1;;2:50:00;0,12;37;4,23
2024;Santos;BRSSZ;Público;Cabotagem;1494630;9753636;2024-09-14 04:00:00;14/09/2024 06:50;14/09/2024 07:00;18/09/2024 10:18;Granel Líquido e Gasoso;Etanol Combustível;1;;2:50:00;0,12;37;4,23
2024;Santos;BRSSZ;Público;Cabotagem;1494630;9753636;2024-09-14 04:00:00;14/09/2024 06:50;14/09/2024 07:00;18/09/2024 10:18;Granel Líquido e Gasoso;Petróleo E Derivados (Sem Óleo Bruto);1;;2:50:00;0,12;37;4,23
2024;Santos;BRSSZ;Público;Cabotagem;1494630;9753636;2024-09-14 04:00:00;14/09/2024 06:50;14/09/2024 07:00;18/09/2024 10:18;Granel Líquido e Gasoso;Produtos Químicos Orgânicos;1;;2:50:00;0,12;37;4,23
2024;Santos;BRSSZ;Público;Cabotagem;1494630;9753636;2024-09-14 04:00:00;14/09/2024 06:50;14/09/2024 07:00;18/09/2024 10:18;Granel Líquido e Gasoso;Soda Cáustica;1;;2:50:00;0,12;37;4,23
2024;Santos;BRSSZ;Público;Longo Curso;1494921;9897925;2024-09-14 10:30:00;24/09/2024 09:15;24/09/2024 11:06;26/09/2024 11:15;Granel Sólido;Açúcar;1;;238:45:00;9,95;37;4,23
2024;Santos;BRSSZ;Público;Longo Curso;1494923;9143219;2024-09-15 04:34:00;15/09/2024 05:45;15/09/2024 05:45;19/09/2024 23:02;Granel Líquido e Gasoso;Produtos Químicos Orgânicos;1;;1:11:00;0,05;37;4,23
2024;Santos;BRSSZ;Público;Longo Curso;1494661;9739317;2024-09-15 05:45:00;15/09/2024 07:19;15/09/2024 07:19;17/09/2024 20:46;Granel Líquido e Gasoso;Gorduras E Óleos Animais Ou Vegetais;1;;1:34:00;0,07;37;4,23
2024;Santos;BRSSZ;Público;Cabotagem;1494959;9407378;2024-09-15 16:00:00;18/09/2024 11:10;19/09/2024 06:40;20/09/2024 03:30;Granel Líquido e Gasoso;Petróleo E Derivados (Sem Óleo Bruto);1;;67:10:00;2,8;37;4,23
2024;Santos;BRSSZ;Público;Cabotagem;1494785;9555307;2024-09-15 20:00:00;16/09/2024 14:15;16/09/2024 17:18;17/09/2024 20:20;Granel Líquido e Gasoso;Petróleo E Derivados (Sem Óleo Bruto);1;;18:15:00;0,76;37;4,23
2024;Santos;BRSSZ;Público;Longo Curso;1494945;9825532;2024-09-15 21:20:00;27/09/2024 17:10;27/09/2024 19:30;29/09/2024 12:15;Granel Sólido;Milho;1;;283:50:00;11,83;37;4,23
2024;Santos;BRSSZ;Público;Longo Curso;1494941;9296731;2024-09-15 22:15:00;15/09/2024 23:50;15/09/2024 23:50;17/09/2024 22:37;Granel Líquido e Gasoso;Etanol Combustível;1;;1:35:00;0,07;37;4,23
2024;Santos;BRSSZ;Público;Longo Curso;1494769;9197284;2024-09-15 23:45:00;24/09/2024 10:50;24/09/2024 19:00;25/09/2024 23:45;Granel Líquido e Gasoso;Óleo De Soja;1;;203:05:00;8,46;37;4,23
2024;Santos;BRSSZ;Público;Cabotagem;1494789;9448322;2024-09-16 00:01:00;20/09/2024 14:08;20/09/2024 18:00;21/09/2024 22:23;Granel Líquido e Gasoso;Petróleo E Derivados (Sem Óleo Bruto);1;;110:07:00;4,59;38;4,22
2024;Santos;BRSSZ;Público;Longo Curso;1494645;9505998;2024-09-16 08:00:00;20/09/2024 06:55;20/09/2024 07:00;22/09/2024 13:01;Granel Líquido e Gasoso;Produtos Químicos Orgânicos;1;;94:55:00;3,95;38;4,22
2024;Santos;BRSSZ;Público;Longo Curso;1494645;9505998;2024-09-16 08:00:00;20/09/2024 06:55;20/09/2024 07:00;22/09/2024 13:01;Granel Líquido e Gasoso;Adubos (Fertilizantes);1;;94:55:00;3,95;38;4,22
2024;Santos;BRSSZ;Público;Longo Curso;1494645;9505998;2024-09-16 08:00:00;20/09/2024 06:55;20/09/2024 07:00;22/09/2024 13:01;Granel Líquido e Gasoso;Petróleo E Derivados (Sem Óleo Bruto);1;;94:55:00;3,95;38;4,22
2024;Santos;BRSSZ;Público;Longo Curso;1494938;9311012;2024-09-16 15:45:00;22/09/2024 15:40;22/09/2024 15:40;23/09/2024 21:00;Granel Líquido e Gasoso;Produtos Químicos Orgânicos;1;;143:55:00;6,0;38;4,22
2024;Santos;BRSSZ;Público;Longo Curso;1494682;9630248;2024-09-16 18:00:00;17/09/2024 15:35;17/09/2024 17:05;19/09/2024 15:40;Granel Sólido;Resíduos Da Extração Do Óleo De Soja;1;;21:35:00;0,9;38;4,22
2024;Santos;BRSSZ;Público;Longo Curso;1494682;9630248;2024-09-16 18:00:00;17/09/2024 15:35;17/09/2024 17:05;19/09/2024 15:40;Granel Sólido;Soja;1;;21:35:00;0,9;38;4,22
2024;Santos;BRSSZ;Público;Longo Curso;1494619;9881665;2024-09-16 20:00:00;17/09/2024 16:30;17/09/2024 22:25;19/09/2024 10:45;Carga Geral;Pasta De Celulose;1;;20:30:00;0,85;38;4,22
2024;Santos;BRSSZ;Público;Longo Curso;1494602;9621780;2024-09-16 20:45:00;16/09/2024 23:10;17/09/2024 01:00;23/09/2024 12:30;Granel Sólido;Adubos (Fertilizantes);1;;2:25:00;0,1;38;4,22
2024;Santos;BRSSZ;Público;Longo Curso;1494924;9266906;2024-09-16 22:30:00;21/09/2024 01:24;21/09/2024 01:24;24/09/2024 18:00;Granel Sólido;Adubos (Fertilizantes);1;;98:54:00;4,12;38;4,22
2024;Santos;BRSSZ;Público;Cabotagem;1494778;9391361;2024-09-17 01:26:00;17/09/2024 02:48;17/09/2024 08:54;18/09/2024 12:24;Granel Líquido e Gasoso;Petróleo E Derivados (Sem Óleo Bruto);1;;1:22:00;0,06;38;4,22
2024;Santos;BRSSZ;Público;Longo Curso;1502490;9437517;2024-09-17 09:30:00;21/09/2024 01:45;21/09/2024 01:45;01/10/2024 00:15;Granel Sólido;Adubos (Fertilizantes);1;;88:15:00;3,68;38;4,22
2024;Santos;BRSSZ;Público;Longo Curso;1494599;9706542;2024-09-17 10:24:00;20/09/2024 02:45;20/09/2024 02:45;23/09/2024 01:40;Granel Sólido;Milho;1;;64:21:00;2,68;38;4,22
2024;Santos;BRSSZ;Público;Longo Curso;1502556;9752151;2024-09-17 13:30:00;01/10/2024 13:10;01/10/2024 15:50;05/10/2024 03:10;Granel Sólido;Milho;1;;335:40:00;13,99;38;4,22
2024;Santos;BRSSZ;Público;Longo Curso;1494734;9574030;2024-09-17 17:00:00;17/09/2024 17:30;17/09/2024 19:00;22/09/2024 16:10;Granel Sólido;Trigo;1;;0:30:00;0,02;38;4,22
2024;Santos;BRSSZ;Público;Longo Curso;1494788;9751315;2024-09-18 06:30:00;21/09/2024 05:05;21/09/2024 05:05;23/09/2024 23:10;Granel Sólido;Adubos (Fertilizantes);1;;70:35:00;2,94;38;4,22
2024;Santos;BRSSZ;Público;Longo Curso;1494937;9315769;2024-09-18 10:00:00;26/09/2024 04:46;26/09/2024 04:46;29/09/2024 18:52;Granel Líquido e Gasoso;Petróleo E Derivados (Sem Óleo Bruto);1;;186:46:00;7,78;38;4,22
2024;Santos;BRSSZ;Público;Longo Curso;1494781;9853113;2024-09-19 00:42:00;22/09/2024 02:25;22/09/2024 02:25;25/09/2024 18:55;Granel Sólido;Resíduos Da Extração Do Óleo De Soja;1;;73:43:00;3,07;38;4,22
2024;Santos;BRSSZ;Público;Longo Curso;1502500;9485899;2024-09-19 05:20:00;24/09/2024 21:00;24/09/2024 21:00;02/10/2024 23:15;Granel Sólido;Adubos (Fertilizantes);1;;135:40:00;5,65;38;4,22
2024;Santos;BRSSZ;Público;Longo Curso;1494963;9746176;2024-09-19 06:00:00;23/09/2024 01:05;23/09/2024 06:05;26/09/2024 17:40;Granel Líquido e Gasoso;Petróleo E Derivados (Sem Óleo Bruto);1;;91:05:00;3,8;38;4,22
2024;Santos;BRSSZ;Público;Longo Curso;1502494;9952177;2024-09-19 12:00:00;29/09/2024 09:10;29/09/2024 14:05;01/10/2024 14:25;Granel Líquido e Gasoso;Plásticos E Suas Obras;1;;237:10:00;9,88;38;4,22
2024;Santos;BRSSZ;Público;Longo Curso;1502494;9952177;2024-09-19 12:00:00;29/09/2024 09:10;29/09/2024 14:05;01/10/2024 14:25;Granel Líquido e Gasoso;Produtos Químicos Orgânicos;1;;237:10:00;9,88;38;4,22
2024;Santos;BRSSZ;Público;Longo Curso;1494610;9928932;2024-09-19 12:45:00;19/09/2024 19:25;19/09/2024 19:25;22/09/2024 12:00;Carga Geral;Pasta De Celulose;1;;6:40:00;0,28;38;4,22
2024;Santos;BRSSZ;Público;Longo Curso;1494589;9976472;2024-09-20 06:30:00;23/09/2024 01:36;23/09/2024 01:36;26/09/2024 11:55;Carga Geral;Pasta De Celulose;1;;67:06:00;2,8;38;4,22
2024;Santos;BRSSZ;Público;Cabotagem;1494972;9070565;2024-09-20 07:50:00;24/09/2024 11:05;25/09/2024 02:32;29/09/2024 02:50;Granel Sólido;Sal;1;;99:15:00;4,14;38;4,22
2024;Santos;BRSSZ;Público;Longo Curso;1494990;9714692;2024-09-21 03:56:00;21/09/2024 04:50;21/09/2024 09:11;24/09/2024 04:07;Granel Sólido;Adubos (Fertilizantes);1;;0:54:00;0,04;38;4,22
2024;Santos;BRSSZ;Público;Longo Curso;1502549;9714692;2024-09-21 03:56:00;30/09/2024 09:15;30/09/2024 11:06;04/10/2024 02:35;Granel Sólido;Resíduos Da Extração Do Óleo De Soja;1;;221:19:00;9,22;38;4,22
2024;Santos;BRSSZ;Público;Longo Curso;1494930;9268980;2024-09-21 16:00:00;23/09/2024 14:50;23/09/2024 20:13;26/09/2024 14:15;Granel Sólido;Milho;1;;46:50:00;1,95;38;4,22
2024;Santos;BRSSZ;Público;Longo Curso;1502459;9313503;2024-09-21 22:30:00;06/10/2024 00:35;06/10/2024 02:45;07/10/2024 22:57;Granel Sólido;Açúcar;1;;338:05:00;14,09;38;4,22
2024;Santos;BRSSZ;Público;Longo Curso;1494967;9952153;2024-09-22 00:01:00;25/09/2024 07:45;25/09/2024 08:00;26/09/2024 01:15;Granel Líquido e Gasoso;Produtos Químicos Orgânicos;1;;79:44:00;3,32;38;4,22
2024;Santos;BRSSZ;Público;Cabotagem;1494784;9539573;2024-09-22 00:15:00;22/09/2024 01:40;22/09/2024 04:42;24/09/2024 06:15;Granel Líquido e Gasoso;Petróleo E Derivados (Sem Óleo Bruto);1;;1:25:00;0,06;38;4,22
2024;Santos;BRSSZ;Público;Cabotagem;1494971;9431317;2024-09-22 01:30:00;22/09/2024 02:54;22/09/2024 04:06;25/09/2024 19:28;Granel Líquido e Gasoso;Petróleo E Derivados (Sem Óleo Bruto);1;;1:24:00;0,06;38;4,22
2024;Santos;BRSSZ;Público;Longo Curso;1502471;9622174;2024-09-22 07:30:00;30/09/2024 21:40;01/10/2024 01:32;06/10/2024 16:30;Granel Sólido;Milho;1;;206:10:00;8,59;38;4,22
2024;Santos;BRSSZ;Público;Longo Curso;1502557;9865348;2024-09-22 09:10:00;02/10/2024 15:50;02/10/2024 15:50;08/10/2024 18:35;Granel Sólido;Milho;1;;246:40:00;10,28;38;4,22
2024;Santos;BRSSZ;Público;Longo Curso;1494710;9602411;2024-09-22 18:30:00;22/09/2024 19:30;22/09/2024 21:40;23/09/2024 16:30;Granel Sólido;Açúcar;1;;1:00:00;0,04;38;4,22
2024;Santos;BRSSZ;Público;Longo Curso;1494947;9774575;2024-09-23 00:01:00;23/09/2024 00:28;23/09/2024 05:30;26/09/2024 12:45;Granel Líquido e Gasoso;Etanol Combustível;1;;0:27:00;0,02;39;2,82
2024;Santos;BRSSZ;Público;Longo Curso;1494970;9969209;2024-09-23 02:24:00;26/09/2024 04:15;26/09/2024 07:00;30/09/2024 06:00;Granel Sólido;Milho;1;;73:51:00;3,08;39;2,82
2024;Santos;BRSSZ;Público;Longo Curso;1502451;9949467;2024-09-23 11:42:00;01/10/2024 03:50;01/10/2024 06:05;02/10/2024 07:51;Granel Sólido;Açúcar;1;;184:08:00;7,67;39;2,82
2024;Santos;BRSSZ;Público;Longo Curso;1494964;9401518;2024-09-23 13:05:00;23/09/2024 13:45;23/09/2024 16:17;26/09/2024 08:20;Granel Sólido;Milho;1;;0:40:00;0,03;39;2,82
2024;Santos;BRSSZ;Público;Longo Curso;1494939;9230995;2024-09-23 14:00:00;23/09/2024 15:10;23/09/2024 15:15;26/09/2024 16:33;Granel Líquido e Gasoso;Preparações De Frutas;1;;1:10:00;0,05;39;2,82
2024;Santos;BRSSZ;Público;Longo Curso;1494942;9296731;2024-09-23 18:15:00;23/09/2024 19:30;23/09/2024 19:30;28/09/2024 20:38;Granel Líquido e Gasoso;Etanol Combustível;1;;1:15:00;0,05;39;2,82
2024;Santos;BRSSZ;Público;Longo Curso;1494696;9642368;2024-09-23 18:45:00;23/09/2024 19:40;23/09/2024 21:40;24/09/2024 14:50;Granel Sólido;Açúcar;1;;0:55:00;0,04;39;2,82
2024;Santos;BRSSZ;Público;Cabotagem;1494960;9407378;2024-09-23 23:00:00;24/09/2024 00:10;24/09/2024 16:25;25/09/2024 06:00;Granel Líquido e Gasoso;Petróleo E Derivados (Sem Óleo Bruto);1;;1:10:00;0,05;39;2,82
2024;Santos;BRSSZ;Público;Cabotagem;1502510;9492270;2024-09-24 09:45:00;02/10/2024 22:28;03/10/2024 01:20;04/10/2024 03:50;Granel Líquido e Gasoso;Petróleo E Derivados (Sem Óleo Bruto);1;;204:43:00;8,53;39;2,82
2024;Santos;BRSSZ;Público;Longo Curso;1494969;9374533;2024-09-24 10:00:00;26/09/2024 20:15;26/09/2024 20:15;28/09/2024 20:15;Granel Líquido e Gasoso;Produtos Químicos Orgânicos;1;;58:15:00;2,43;39;2,82
2024;Santos;BRSSZ;Público;Longo Curso;1494927;9525613;2024-09-24 16:15:00;24/09/2024 18:15;24/09/2024 18:15;28/09/2024 06:40;Granel Sólido;Milho;1;;2:00:00;0,08;39;2,82
2024;Santos;BRSSZ;Público;Longo Curso;1494948;9687136;2024-09-24 19:48:00;24/09/2024 20:40;25/09/2024 09:36;28/09/2024 02:00;Granel Sólido;Trigo;1;;0:52:00;0,04;39;2,82
2024;Santos;BRSSZ;Público;Longo Curso;1502543;9369887;2024-09-24 20:30:00;02/10/2024 02:48;02/10/2024 06:36;03/10/2024 09:25;Granel Líquido e Gasoso;Petróleo E Derivados (Sem Óleo Bruto);1;;174:18:00;7,26;39;2,82
2024;Santos;BRSSZ;Público;Longo Curso;1502505;9396488;2024-09-24 21:00:00;01/10/2024 21:00;02/10/2024 00:15;04/10/2024 16:10;Granel Líquido e Gasoso;Petróleo E Derivados (Sem Óleo Bruto);1;;168:00:00;7,0;39;2,82
2024;Santos;BRSSZ;Público;Longo Curso;1502468;9758727;2024-09-24 23:30:00;08/10/2024 01:38;08/10/2024 03:50;12/10/2024 13:12;Granel Sólido;Milho;1;;314:08:00;13,09;39;2,82
2024;Santos;BRSSZ;Público;Cabotagem;1494975;9660657;2024-09-25 01:00:00;25/09/2024 22:00;26/09/2024 01:00;27/09/2024 08:18;Granel Líquido e Gasoso;Petróleo E Derivados (Sem Óleo Bruto);1;;21:00:00;0,88;39;2,82
2024;Santos;BRSSZ;Público;Longo Curso;1502508;9956915;2024-09-25 03:00:00;04/10/2024 12:05;04/10/2024 12:05;05/10/2024 11:38;Granel Líquido e Gasoso;Petróleo E Derivados (Sem Óleo Bruto);1;;225:05:00;9,38;39;2,82
2024;Santos;BRSSZ;Público;Longo Curso;1502508;9956915;2024-09-25 03:00:00;04/10/2024 12:05;04/10/2024 12:05;05/10/2024 11:38;Granel Líquido e Gasoso;Produtos Diversos Da Indústria Química;1;;225:05:00;9,38;39;2,82
2024;Santos;BRSSZ;Público;Longo Curso;1502480;9379909;2024-09-25 03:18:00;04/10/2024 17:10;04/10/2024 17:10;07/10/2024 20:55;Granel Líquido e Gasoso;Produtos Diversos Da Indústria Química;1;;229:52:00;9,58;39;2,82
2024;Santos;BRSSZ;Público;Longo Curso;1502480;9379909;2024-09-25 03:18:00;04/10/2024 17:10;04/10/2024 17:10;07/10/2024 20:55;Granel Líquido e Gasoso;Plásticos E Suas Obras;1;;229:52:00;9,58;39;2,82
2024;Santos;BRSSZ;Público;Longo Curso;1502480;9379909;2024-09-25 03:18:00;04/10/2024 17:10;04/10/2024 17:10;07/10/2024 20:55;Granel Líquido e Gasoso;Combustíveis, Óleos E Produtos Minerais;1;;229:52:00;9,58;39;2,82
2024;Santos;BRSSZ;Público;Longo Curso;1502480;9379909;2024-09-25 03:18:00;04/10/2024 17:10;04/10/2024 17:10;07/10/2024 20:55;Granel Líquido e Gasoso;Etanol Combustível;1;;229:52:00;9,58;39;2,82
2024;Santos;BRSSZ;Público;Cabotagem;1494976;9416836;2024-09-25 05:30:00;27/09/2024 13:30;27/09/2024 18:24;29/09/2024 00:50;Granel Líquido e Gasoso;Petróleo E Derivados (Sem Óleo Bruto);1;;56:00:00;2,33;39;2,82
2024;Santos;BRSSZ;Público;Longo Curso;1494922;9107318;2024-09-25 08:45:00;25/09/2024 09:47;25/09/2024 13:15;29/09/2024 08:40;Carga Geral;Pasta De Celulose;1;;1:02:00;0,04;39;2,82
2024;Santos;BRSSZ;Público;Longo Curso;1494962;9937294;2024-09-25 10:45:00;26/09/2024 21:22;26/09/2024 21:22;27/09/2024 21:20;Granel Sólido;Açúcar;1;;34:37:00;1,44;39;2,82
2024;Santos;BRSSZ;Público;Longo Curso;1502542;9958896;2024-09-25 11:18:00;25/09/2024 16:40;26/09/2024 08:00;04/10/2024 19:15;Granel Sólido;Sal;1;;5:22:00;0,22;39;2,82
2024;Santos;BRSSZ;Público;Cabotagem;1502554;9461855;2024-09-25 18:00:00;29/09/2024 07:05;29/09/2024 15:18;01/10/2024 22:25;Granel Líquido e Gasoso;Petróleo E Derivados (Sem Óleo Bruto);1;;85:05:00;3,55;39;2,82
2024;Santos;BRSSZ;Público;Longo Curso;1502470;9729025;2024-09-26 08:54:00;26/09/2024 21:36;26/09/2024 21:36;12/10/2024 22:14;Granel Sólido;Adubos (Fertilizantes);1;;12:42:00;0,53;39;2,82
2024;Santos;BRSSZ;Público;Longo Curso;1494931;9865245;2024-09-26 13:12:00;26/09/2024 20:43;26/09/2024 20:43;29/09/2024 15:36;Granel Sólido;Produtos Químicos Inorgânicos;1;;7:31:00;0,31;39;2,82
2024;Santos;BRSSZ;Público;Longo Curso;1494940;9976068;2024-09-26 15:45:00;26/09/2024 16:55;26/09/2024 19:00;27/09/2024 08:35;Carga Geral;Pasta De Celulose;1;;1:10:00;0,05;39;2,82
2024;Santos;BRSSZ;Público;Longo Curso;1494919;9143219;2024-09-26 19:00:00;26/09/2024 20:05;26/09/2024 20:05;29/09/2024 07:40;Granel Líquido e Gasoso;Combustíveis, Óleos E Produtos Minerais;1;;1:05:00;0,05;39;2,82
2024;Santos;BRSSZ;Público;Longo Curso;1494919;9143219;2024-09-26 19:00:00;26/09/2024 20:05;26/09/2024 20:05;29/09/2024 07:40;Granel Líquido e Gasoso;Petróleo E Derivados (Sem Óleo Bruto);1;;1:05:00;0,05;39;2,82
2024;Santos;BRSSZ;Público;Longo Curso;1494919;9143219;2024-09-26 19:00:00;26/09/2024 20:05;26/09/2024 20:05;29/09/2024 07:40;Granel Líquido e Gasoso;Plásticos E Suas Obras;1;;1:05:00;0,05;39;2,82
2024;Santos;BRSSZ;Público;Longo Curso;1494919;9143219;2024-09-26 19:00:00;26/09/2024 20:05;26/09/2024 20:05;29/09/2024 07:40;Granel Líquido e Gasoso;Produtos Diversos Da Indústria Química;1;;1:05:00;0,05;39;2,82
2024;Santos;BRSSZ;Público;Longo Curso;1494919;9143219;2024-09-26 19:00:00;26/09/2024 20:05;26/09/2024 20:05;29/09/2024 07:40;Granel Líquido e Gasoso;Produtos Químicos Orgânicos;1;;1:05:00;0,05;39;2,82
2024;Santos;BRSSZ;Público;Longo Curso;1494952;9542465;2024-09-26 19:45:00;26/09/2024 21:05;27/09/2024 00:25;28/09/2024 01:14;Granel Sólido;Açúcar;1;;1:20:00;0,06;39;2,82
2024;Santos;BRSSZ;Público;Longo Curso;1502569;9518086;2024-09-26 21:40:00;05/10/2024 09:05;05/10/2024 11:30;07/10/2024 01:00;Granel Sólido;Milho;1;;203:25:00;8,48;39;2,82
2024;Santos;BRSSZ;Público;Longo Curso;1502562;9452543;2024-09-27 16:42:00;09/10/2024 12:35;09/10/2024 15:15;12/10/2024 04:40;Granel Sólido;Milho;1;;283:53:00;11,83;39;2,82
2024;Santos;BRSSZ;Público;Cabotagem;1494977;9255799;2024-09-27 20:30:00;27/09/2024 21:35;27/09/2024 21:54;29/09/2024 06:38;Granel Líquido e Gasoso;Etanol Combustível;1;;1:05:00;0,05;39;2,82
2024;Santos;BRSSZ;Público;Longo Curso;1502476;9548823;2024-09-28 01:42:00;29/09/2024 18:45;29/09/2024 18:45;02/10/2024 19:30;Granel Sólido;Produtos Químicos Inorgânicos;1;;41:03:00;1,71;39;2,82
2024;Santos;BRSSZ;Público;Longo Curso;1494953;9575163;2024-09-28 04:30:00;28/09/2024 05:20;28/09/2024 07:40;29/09/2024 09:10;Granel Sólido;Açúcar;1;;0:50:00;0,03;39;2,82
2024;Santos;BRSSZ;Público;Cabotagem;1494955;9255828;2024-09-28 05:00:00;28/09/2024 20:42;28/09/2024 21:00;30/09/2024 17:39;Granel Líquido e Gasoso;Etanol Combustível;1;;15:42:00;0,65;39;2,82
2024;Santos;BRSSZ;Público;Longo Curso;1502552;9735452;2024-09-28 05:30:00;28/09/2024 06:15;28/09/2024 06:20;01/10/2024 16:10;Granel Líquido e Gasoso;Preparações De Frutas;1;;0:45:00;0,03;39;2,82
2024;Santos;BRSSZ;Público;Longo Curso;1502455;9650432;2024-09-28 14:00:00;01/10/2024 04:55;01/10/2024 04:55;04/10/2024 08:00;Carga Geral;Pasta De Celulose;1;;62:55:00;2,62;39;2,82
2024;Santos;BRSSZ;Público;Longo Curso;1502482;9635743;2024-09-28 14:15:00;01/10/2024 04:15;01/10/2024 04:20;12/10/2024 17:37;Granel Sólido;Adubos (Fertilizantes);1;;62:00:00;2,58;39;2,82
2024;Santos;BRSSZ;Público;Longo Curso;1502548;9412634;2024-09-28 19:10:00;02/10/2024 11:05;02/10/2024 12:50;05/10/2024 21:45;Granel Sólido;Açúcar;1;;87:55:00;3,66;39;2,82
2024;Santos;BRSSZ;Público;Longo Curso;1502477;9311012;2024-09-28 22:30:00;28/09/2024 23:54;28/09/2024 23:54;01/10/2024 06:41;Granel Líquido e Gasoso;Produtos Químicos Orgânicos;1;;1:24:00;0,06;39;2,82
2024;Santos;BRSSZ;Público;Longo Curso;1502477;9311012;2024-09-28 22:30:00;28/09/2024 23:54;28/09/2024 23:54;01/10/2024 06:41;Granel Líquido e Gasoso;Plásticos E Suas Obras;1;;1:24:00;0,06;39;2,82
2024;Santos;BRSSZ;Público;Cabotagem;1502563;9448322;2024-09-28 23:30:00;04/10/2024 07:20;04/10/2024 10:24;05/10/2024 05:15;Granel Líquido e Gasoso;Petróleo E Derivados (Sem Óleo Bruto);1;;127:50:00;5,33;39;2,82
2024;Santos;BRSSZ;Público;Longo Curso;1494932;9928918;2024-09-29 01:15:00;29/09/2024 01:55;29/09/2024 03:12;30/09/2024 22:10;Carga Geral;Pasta De Celulose;1;;0:40:00;0,03;39;2,82
2024;Santos;BRSSZ;Público;Longo Curso;1494946;9266906;2024-09-29 05:00:00;29/09/2024 05:20;29/09/2024 08:29;30/09/2024 17:07;Granel Sólido;Adubos (Fertilizantes);1;;0:20:00;0,01;39;2,82
2024;Santos;BRSSZ;Público;Longo Curso;1502574;9937270;2024-09-29 14:50:00;03/10/2024 22:25;03/10/2024 22:25;06/10/2024 09:10;Granel Sólido;Adubos (Fertilizantes);1;;103:35:00;4,32;39;2,82
2024;Santos;BRSSZ;Público;Cabotagem;1502469;9753636;2024-09-29 16:30:00;29/09/2024 19:00;29/09/2024 19:00;03/10/2024 05:20;Granel Líquido e Gasoso;Soda Cáustica;1;;2:30:00;0,1;39;2,82
2024;Santos;BRSSZ;Público;Cabotagem;1502469;9753636;2024-09-29 16:30:00;29/09/2024 19:00;29/09/2024 19:00;03/10/2024 05:20;Granel Líquido e Gasoso;Produtos Químicos Orgânicos;1;;2:30:00;0,1;39;2,82
2024;Santos;BRSSZ;Público;Cabotagem;1502469;9753636;2024-09-29 16:30:00;29/09/2024 19:00;29/09/2024 19:00;03/10/2024 05:20;Granel Líquido e Gasoso;Petróleo E Derivados (Sem Óleo Bruto);1;;2:30:00;0,1;39;2,82
2024;Santos;BRSSZ;Público;Cabotagem;1502469;9753636;2024-09-29 16:30:00;29/09/2024 19:00;29/09/2024 19:00;03/10/2024 05:20;Granel Líquido e Gasoso;Etanol Combustível;1;;2:30:00;0,1;39;2,82
2024;Santos;BRSSZ;Público;Cabotagem;1502469;9753636;2024-09-29 16:30:00;29/09/2024 19:00;29/09/2024 19:00;03/10/2024 05:20;Granel Líquido e Gasoso;Combustíveis, Óleos E Produtos Minerais;1;;2:30:00;0,1;39;2,82
2024;Santos;BRSSZ;Público;Longo Curso;1502462;9616838;2024-09-29 18:48:00;30/09/2024 08:29;30/09/2024 10:20;02/10/2024 08:30;Carga Geral;Pasta De Celulose;1;;13:41:00;0,57;39;2,82
2024;Santos;BRSSZ;Público;Longo Curso;1502572;9573854;2024-09-29 19:12:00;10/10/2024 05:51;10/10/2024 10:40;14/10/2024 08:09;Granel Sólido;Adubos (Fertilizantes);1;;250:39:00;10,44;39;2,82
2024;Santos;BRSSZ;Público;Cabotagem;1502535;9407378;2024-09-29 20:30:00;29/09/2024 21:56;30/09/2024 04:24;01/10/2024 09:00;Granel Líquido e Gasoso;Petróleo E Derivados (Sem Óleo Bruto);1;;1:26:00;0,06;39;2,82
2024;Santos;BRSSZ;Público;Longo Curso;1502546;9545077;2024-09-30 05:36:00;03/10/2024 02:20;03/10/2024 02:20;13/10/2024 07:20;Granel Sólido;Adubos (Fertilizantes);1;;68:44:00;2,86;40;4,39
2024;Santos;BRSSZ;Público;Longo Curso;1502553;9552886;2024-09-30 06:54:00;02/10/2024 22:22;02/10/2024 22:22;07/10/2024 15:16;Granel Sólido;Produtos Químicos Inorgânicos;1;;63:28:00;2,64;40;4,39
2024;Santos;BRSSZ;Público;Longo Curso;1502567;9565637;2024-09-30 11:00:00;01/10/2024 21:40;01/10/2024 21:40;05/10/2024 12:20;Granel Líquido e Gasoso;Etanol Combustível;1;;34:40:00;1,44;40;4,39
2024;Santos;BRSSZ;Público;Longo Curso;1502495;9749295;2024-09-30 20:25:00;06/10/2024 12:55;06/10/2024 12:55;09/10/2024 18:10;Granel Sólido;Resíduos Da Extração Do Óleo De Soja;1;;136:30:00;5,69;40;4,39
2024;Santos;BRSSZ;Público;Longo Curso;1502551;9682928;2024-09-30 21:01:00;30/09/2024 22:00;01/10/2024 01:00;07/10/2024 00:55;Granel Sólido;Adubos (Fertilizantes);1;;0:59:00;0,04;40;4,39
2024;Santos;BRSSZ;Público;Longo Curso;1502580;9607162;2024-10-01 00:01:00;15/10/2024 04:11;15/10/2024 06:35;17/10/2024 04:50;Granel Sólido;Milho;1;;340:10:00;14,17;40;4,39
2024;Santos;BRSSZ;Público;Longo Curso;1502514;9546239;2024-10-01 05:36:00;12/10/2024 22:15;12/10/2024 22:15;22/10/2024 20:10;Granel Sólido;Adubos (Fertilizantes);1;;280:39:00;11,69;40;4,39
2024;Santos;BRSSZ;Público;Longo Curso;1502571;9514315;2024-10-01 07:00:00;14/10/2024 22:50;15/10/2024 01:30;16/10/2024 04:50;Granel Sólido;Açúcar;1;;327:50:00;13,66;40;4,39
2024;Santos;BRSSZ;Público;Longo Curso;1502558;9470076;2024-10-01 07:30:00;12/10/2024 07:30;12/10/2024 12:40;15/10/2024 00:50;Granel Sólido;Milho;1;;264:00:00;11,0;40;4,39
2024;Santos;BRSSZ;Público;Longo Curso;1502472;9325611;2024-10-01 09:00:00;05/10/2024 09:30;05/10/2024 09:30;08/10/2024 22:20;Granel Líquido e Gasoso;Petróleo E Derivados (Sem Óleo Bruto);1;;96:30:00;4,02;40;4,39
2024;Santos;BRSSZ;Público;Longo Curso;1502536;9292759;2024-10-01 11:00:00;01/10/2024 12:30;01/10/2024 21:18;02/10/2024 19:15;Granel Líquido e Gasoso;Gás De Petróleo;1;;1:30:00;0,06;40;4,39
2024;Santos;BRSSZ;Público;Longo Curso;1502533;9330329;2024-10-01 11:30:00;01/10/2024 12:40;01/10/2024 14:40;02/10/2024 03:00;Granel Sólido;Açúcar;1;;1:10:00;0,05;40;4,39
2024;Santos;BRSSZ;Público;Longo Curso;1502493;9952153;2024-10-01 12:00:00;01/10/2024 13:05;01/10/2024 17:20;04/10/2024 10:35;Granel Líquido e Gasoso;Petróleo E Derivados (Sem Óleo Bruto);1;;1:05:00;0,05;40;4,39
2024;Santos;BRSSZ;Público;Longo Curso;1502493;9952153;2024-10-01 12:00:00;01/10/2024 13:05;01/10/2024 17:20;04/10/2024 10:35;Granel Líquido e Gasoso;Produtos Diversos Da Indústria Química;1;;1:05:00;0,05;40;4,39
2024;Santos;BRSSZ;Público;Longo Curso;1502493;9952153;2024-10-01 12:00:00;01/10/2024 13:05;01/10/2024 17:20;04/10/2024 10:35;Granel Líquido e Gasoso;Produtos Químicos Inorgânicos;1;;1:05:00;0,05;40;4,39
2024;Santos;BRSSZ;Público;Longo Curso;1502492;9687136;2024-10-01 19:45:00;01/10/2024 20:43;01/10/2024 22:17;07/10/2024 16:30;Granel Sólido;Trigo;1;;0:58:00;0,04;40;4,39
2024;Santos;BRSSZ;Público;Cabotagem;1502583;9424039;2024-10-01 21:00:00;03/10/2024 18:21;03/10/2024 18:21;05/10/2024 18:30;Granel Líquido e Gasoso;Soda Cáustica;1;;45:21:00;1,89;40;4,39
2024;Santos;BRSSZ;Público;Longo Curso;1502568;9687124;2024-10-02 01:00:00;02/10/2024 02:40;02/10/2024 02:40;06/10/2024 12:30;Granel Sólido;Resíduos Da Extração Do Óleo De Soja;1;;1:40:00;0,07;40;4,39
2024;Santos;BRSSZ;Público;Longo Curso;1502478;9274329;2024-10-02 04:20:00;09/10/2024 07:40;09/10/2024 07:40;12/10/2024 23:17;Granel Líquido e Gasoso;Etanol Combustível;1;;171:20:00;7,14;40;4,39
2024;Santos;BRSSZ;Público;Longo Curso;1502448;9894624;2024-10-02 06:36:00;15/10/2024 16:55;15/10/2024 19:00;16/10/2024 14:33;Granel Sólido;Açúcar;1;;322:19:00;13,43;40;4,39
2024;Santos;BRSSZ;Público;Cabotagem;1502573;9660358;2024-10-02 07:00:00;03/10/2024 12:45;03/10/2024 17:24;07/10/2024 15:30;Granel Líquido e Gasoso;Petróleo E Derivados (Sem Óleo Bruto);1;;29:45:00;1,24;40;4,39
2024;Santos;BRSSZ;Público;Longo Curso;1502481;9707651;2024-10-02 07:24:00;08/10/2024 17:20;08/10/2024 21:08;12/10/2024 14:15;Granel Sólido;Milho;1;;153:56:00;6,41;40;4,39
2024;Santos;BRSSZ;Público;Longo Curso;1502537;9114244;2024-10-02 10:30:00;05/10/2024 13:42;05/10/2024 19:35;07/10/2024 04:50;Granel Líquido e Gasoso;Soda Cáustica;1;;75:12:00;3,13;40;4,39
2024;Santos;BRSSZ;Público;Longo Curso;1502587;9392420;2024-10-02 11:18:00;02/10/2024 23:20;04/10/2024 05:32;06/10/2024 12:40;Granel Sólido;Milho;1;;12:02:00;0,5;40;4,39
2024;Santos;BRSSZ;Público;Longo Curso;1502577;9591143;2024-10-03 01:12:00;15/10/2024 08:55;15/10/2024 08:55;17/10/2024 14:15;Granel Sólido;Resíduos Da Extração Do Óleo De Soja;1;;295:43:00;12,32;40;4,39
2024;Santos;BRSSZ;Público;Longo Curso;1502461;9587441;2024-10-03 16:00:00;08/10/2024 22:05;08/10/2024 22:05;13/10/2024 00:20;Granel Sólido;Milho;1;;126:05:00;5,25;40;4,39
2024;Santos;BRSSZ;Público;Longo Curso;1502503;9725524;2024-10-03 18:00:00;13/10/2024 10:35;13/10/2024 10:35;23/10/2024 16:40;Granel Sólido;Adubos (Fertilizantes);1;;232:35:00;9,69;40;4,39
2024;Santos;BRSSZ;Público;Longo Curso;1502590;9671096;2024-10-04 02:24:00;07/10/2024 03:33;07/10/2024 09:38;10/10/2024 01:50;Granel Sólido;Adubos (Fertilizantes);1;;73:09:00;3,05;40;4,39
2024;Santos;BRSSZ;Público;Longo Curso;1502444;9663740;2024-10-04 07:30:00;04/10/2024 08:21;04/10/2024 08:28;06/10/2024 23:01;Granel Líquido e Gasoso;Preparações De Frutas;1;;0:51:00;0,04;40;4,39
2024;Santos;BRSSZ;Público;Longo Curso;1502433;9976410;2024-10-04 08:15:00;04/10/2024 09:20;04/10/2024 09:54;10/10/2024 08:45;Carga Geral;Pasta De Celulose;1;;1:05:00;0,05;40;4,39
2024;Santos;BRSSZ;Público;Longo Curso;1502581;9965461;2024-10-04 12:13:00;11/10/2024 08:00;11/10/2024 13:00;16/10/2024 01:05;Granel Sólido;Resíduos Da Extração Do Óleo De Soja;1;;163:47:00;6,82;40;4,39
2024;Santos;BRSSZ;Público;Longo Curso;1504875;9796547;2024-10-04 13:48:00;13/10/2024 03:43;13/10/2024 03:43;29/10/2024 14:09;Granel Sólido;Adubos (Fertilizantes);1;;205:55:00;8,58;40;4,39
2024;Santos;BRSSZ;Público;Longo Curso;1502597;9767041;2024-10-04 14:30:00;17/10/2024 07:50;17/10/2024 10:20;18/10/2024 13:45;Granel Sólido;Açúcar;1;;305:20:00;12,72;40;4,39
2024;Santos;BRSSZ;Público;Cabotagem;1502511;9271999;2024-10-04 18:00:00;05/10/2024 19:35;05/10/2024 19:35;08/10/2024 18:55;Granel Líquido e Gasoso;Produtos Químicos Orgânicos;1;;25:35:00;1,07;40;4,39
2024;Santos;BRSSZ;Público;Cabotagem;1502511;9271999;2024-10-04 18:00:00;05/10/2024 19:35;05/10/2024 19:35;08/10/2024 18:55;Granel Líquido e Gasoso;Soda Cáustica;1;;25:35:00;1,07;40;4,39
2024;Santos;BRSSZ;Público;Longo Curso;1502435;9650432;2024-10-04 19:00:00;04/10/2024 19:50;05/10/2024 02:30;15/10/2024 00:20;Carga Geral;Pasta De Celulose;1;;0:50:00;0,03;40;4,39
2024;Santos;BRSSZ;Público;Cabotagem;1502565;9391361;2024-10-04 21:12:00;07/10/2024 19:50;08/10/2024 01:00;09/10/2024 09:20;Granel Líquido e Gasoso;Petróleo E Derivados (Sem Óleo Bruto);1;;70:38:00;2,94;40;4,39
2024;Santos;BRSSZ;Público;Longo Curso;1502465;9275141;2024-10-05 01:00:00;13/10/2024 03:50;13/10/2024 03:50;17/10/2024 04:05;Granel Sólido;Milho;1;;194:50:00;8,12;40;4,39
2024;Santos;BRSSZ;Público;Longo Curso;1504907;9613848;2024-10-05 03:30:00;10/10/2024 11:40;10/10/2024 11:40;11/10/2024 04:30;Carga Geral;Pasta De Celulose;1;;128:10:00;5,34;40;4,39
2024;Santos;BRSSZ;Público;Longo Curso;1502473;9642045;2024-10-05 05:32:00;07/10/2024 19:50;07/10/2024 19:50;12/10/2024 22:14;Granel Sólido;Produtos Químicos Inorgânicos;1;;62:18:00;2,6;40;4,39
2024;Santos;BRSSZ;Público;Longo Curso;1502513;9565637;2024-10-05 12:20:00;05/10/2024 12:55;05/10/2024 12:55;09/10/2024 05:00;Granel Líquido e Gasoso;Etanol Combustível;1;;0:35:00;0,02;40;4,39
2024;Santos;BRSSZ;Público;Cabotagem;1502600;9431317;2024-10-05 12:30:00;09/10/2024 12:30;09/10/2024 16:30;10/10/2024 12:40;Granel Líquido e Gasoso;Petróleo E Derivados (Sem Óleo Bruto);1;;96:00:00;4,0;40;4,39
2024;Santos;BRSSZ;Público;Cabotagem;1502564;9547702;2024-10-06 02:42:00;12/10/2024 18:15;12/10/2024 19:30;15/10/2024 11:58;Granel Líquido e Gasoso;Petróleo E Derivados (Sem Óleo Bruto);1;;159:33:00;6,65;40;4,39
2024;Santos;BRSSZ;Público;Longo Curso;1502594;9725823;2024-10-06 07:00:00;07/10/2024 08:40;07/10/2024 17:48;09/10/2024 08:15;Granel Líquido e Gasoso;Produtos Químicos Orgânicos;1;;25:40:00;1,07;40;4,39
2024;Santos;BRSSZ;Público;Longo Curso;1502446;9838541;2024-10-06 09:15:00;15/10/2024 03:50;15/10/2024 03:50;24/10/2024 12:53;Granel Sólido;Adubos (Fertilizantes);1;;210:35:00;8,77;40;4,39
2024;Santos;BRSSZ;Público;Longo Curso;1502579;9324239;2024-10-06 09:18:00;06/10/2024 19:40;06/10/2024 19:40;10/10/2024 05:10;Granel Sólido;Milho;1;;10:22:00;0,43;40;4,39
2024;Santos;BRSSZ;Público;Longo Curso;1502593;9945526;2024-10-06 10:30:00;16/10/2024 03:20;16/10/2024 03:20;23/10/2024 17:25;Granel Sólido;Adubos (Fertilizantes);1;;232:50:00;9,7;40;4,39
2024;Santos;BRSSZ;Público;Longo Curso;1502432;9343871;2024-10-06 11:00:00;12/10/2024 18:09;12/10/2024 19:55;15/10/2024 13:44;Granel Sólido;Açúcar;1;;151:09:00;6,3;40;4,39
2024;Santos;BRSSZ;Público;Longo Curso;1502485;9866782;2024-10-06 16:00:00;08/10/2024 21:10;08/10/2024 21:10;10/10/2024 16:40;Granel Líquido e Gasoso;Produtos Químicos Orgânicos;1;;53:10:00;2,22;40;4,39
2024;Santos;BRSSZ;Público;Longo Curso;1502447;9321172;2024-10-06 18:00:00;14/10/2024 18:00;14/10/2024 18:00;21/10/2024 06:00;Granel Líquido e Gasoso;Petróleo E Derivados (Sem Óleo Bruto);1;;192:00:00;8,0;40;4,39
2024;Santos;BRSSZ;Público;Longo Curso;1502540;9929390;2024-10-06 18:30:00;06/10/2024 19:40;06/10/2024 21:00;07/10/2024 16:40;Granel Sólido;Açúcar;1;;1:10:00;0,05;40;4,39
2024;Santos;BRSSZ;Público;Longo Curso;1502464;9406128;2024-10-06 20:21:00;06/10/2024 21:21;06/10/2024 21:21;15/10/2024 22:34;Granel Sólido;Trigo;1;;1:00:00;0,04;40;4,39
2024;Santos;BRSSZ;Público;Cabotagem;1502605;9436343;2024-10-07 06:00:00;17/10/2024 03:25;17/10/2024 09:12;19/10/2024 03:40;Granel Líquido e Gasoso;Petróleo E Derivados (Sem Óleo Bruto);1;;237:25:00;9,89;41;4,6
2024;Santos;BRSSZ;Público;Longo Curso;1502430;9279719;2024-10-07 21:15:00;07/10/2024 22:50;07/10/2024 22:50;11/10/2024 06:32;Granel Líquido e Gasoso;Petróleo E Derivados (Sem Óleo Bruto);1;;1:35:00;0,07;41;4,6
2024;Santos;BRSSZ;Público;Longo Curso;1502442;9979242;2024-10-08 06:30:00;18/10/2024 15:30;18/10/2024 20:35;22/10/2024 06:15;Granel Sólido;Açúcar;1;;249:00:00;10,38;41;4,6
2024;Santos;BRSSZ;Público;Longo Curso;1502458;9491836;2024-10-08 07:30:00;08/10/2024 09:20;08/10/2024 09:22;11/10/2024 12:32;Granel Líquido e Gasoso;Preparações De Frutas;1;;1:50:00;0,08;41;4,6
2024;Santos;BRSSZ;Público;Longo Curso;1502609;9621895;2024-10-08 07:36:00;19/10/2024 00:00;21/10/2024 01:07;25/10/2024 17:55;Granel Sólido;Adubos (Fertilizantes);1;;256:24:00;10,68;41;4,6
2024;Santos;BRSSZ;Público;Longo Curso;1502486;9928920;2024-10-08 09:30:00;08/10/2024 12:35;08/10/2024 14:52;11/10/2024 20:45;Carga Geral;Pasta De Celulose;1;;3:05:00;0,13;41;4,6
2024;Santos;BRSSZ;Público;Cabotagem;1502608;9492270;2024-10-08 12:00:00;20/10/2024 18:05;20/10/2024 21:40;22/10/2024 21:15;Granel Líquido e Gasoso;Petróleo E Derivados (Sem Óleo Bruto);1;;294:05:00;12,25;41;4,6
2024;Santos;BRSSZ;Público;Longo Curso;1502601;9489194;2024-10-08 16:00:00;11/10/2024 12:50;11/10/2024 13:24;14/10/2024 10:48;Granel Líquido e Gasoso;Petróleo E Derivados (Sem Óleo Bruto);1;;68:50:00;2,87;41;4,6
2024;Santos;BRSSZ;Público;Cabotagem;1502602;9317418;2024-10-08 18:30:00;14/10/2024 10:55;15/10/2024 01:00;19/10/2024 18:50;Granel Sólido;Sal;1;;136:25:00;5,68;41;4,6
2024;Santos;BRSSZ;Público;Longo Curso;1502525;9292773;2024-10-09 00:01:00;09/10/2024 01:15;09/10/2024 12:06;11/10/2024 01:00;Granel Líquido e Gasoso;Gás De Petróleo;1;;1:14:00;0,05;41;4,6
2024;Santos;BRSSZ;Público;Longo Curso;1502592;9272204;2024-10-09 09:00:00;15/10/2024 11:20;15/10/2024 13:00;20/10/2024 08:15;Granel Líquido e Gasoso;Óleo De Soja;1;;146:20:00;6,1;41;4,6
2024;Santos;BRSSZ;Público;Longo Curso;1504915;9945514;2024-10-09 19:00:00;23/10/2024 16:30;23/10/2024 16:30;29/10/2024 17:15;Granel Sólido;Adubos (Fertilizantes);1;;333:30:00;13,9;41;4,6
2024;Santos;BRSSZ;Público;Longo Curso;1513574;9706334;2024-10-09 21:00:00;22/10/2024 21:15;22/10/2024 21:15;01/11/2024 15:55;Granel Sólido;Adubos (Fertilizantes);1;;312:15:00;13,01;41;4,6
2024;Santos;BRSSZ;Público;Longo Curso;1502578;9853888;2024-10-09 21:03:00;09/10/2024 22:25;09/10/2024 22:25;15/10/2024 00:20;Granel Sólido;Resíduos Da Extração Do Óleo De Soja;1;;1:22:00;0,06;41;4,6
2024;Santos;BRSSZ;Público;Longo Curso;1502595;9612246;2024-10-10 05:00:00;10/10/2024 09:00;10/10/2024 13:00;20/10/2024 02:53;Granel Sólido;Trigo;1;;4:00:00;0,17;41;4,6
2024;Santos;BRSSZ;Público;Longo Curso;1504902;9267209;2024-10-10 11:12:00;11/10/2024 22:29;11/10/2024 22:30;14/10/2024 02:58;Granel Sólido;Adubos (Fertilizantes);1;;35:17:00;1,47;41;4,6
2024;Santos;BRSSZ;Público;Longo Curso;1502436;9800427;2024-10-10 14:12:00;16/10/2024 15:22;16/10/2024 19:00;18/10/2024 14:14;Granel Sólido;Açúcar;1;;145:10:00;6,05;41;4,6
2024;Santos;BRSSZ;Público;Longo Curso;1502606;9114244;2024-10-10 15:00:00;10/10/2024 16:10;10/10/2024 16:10;13/10/2024 00:10;Granel Líquido e Gasoso;Gorduras E Óleos Animais Ou Vegetais;1;;1:10:00;0,05;41;4,6
2024;Santos;BRSSZ;Público;Cabotagem;1502526;9489900;2024-10-10 21:39:00;10/10/2024 23:05;11/10/2024 02:42;12/10/2024 14:23;Granel Líquido e Gasoso;Petróleo E Derivados (Sem Óleo Bruto);1;;1:26:00;0,06;41;4,6
2024;Santos;BRSSZ;Público;Longo Curso;1502599;9378395;2024-10-11 03:48:00;22/10/2024 11:25;22/10/2024 14:05;24/10/2024 21:20;Granel Sólido;Milho;1;;271:37:00;11,32;41;4,6
2024;Santos;BRSSZ;Público;Longo Curso;1504920;9760158;2024-10-11 15:00:00;28/10/2024 00:50;28/10/2024 04:35;30/10/2024 05:10;Granel Sólido;Adubos (Fertilizantes);1;;393:50:00;16,41;41;4,6
2024;Santos;BRSSZ;Público;Longo Curso;1502619;9493638;2024-10-11 16:00:00;14/10/2024 00:50;14/10/2024 09:57;15/10/2024 22:25;Granel Sólido;Milho;1;;56:50:00;2,37;41;4,6
2024;Santos;BRSSZ;Público;Longo Curso;1502479;9913224;2024-10-12 03:00:00;14/10/2024 05:35;14/10/2024 07:00;15/10/2024 23:59;Carga Geral;Pasta De Celulose;1;;50:35:00;2,11;41;4,6
2024;Santos;BRSSZ;Público;Longo Curso;1502497;9180396;2024-10-12 12:50:00;13/10/2024 03:20;13/10/2024 03:20;15/10/2024 18:35;Granel Sólido;Adubos (Fertilizantes);1;;14:30:00;0,6;41;4,6
2024;Santos;BRSSZ;Público;Longo Curso;1504919;9423932;2024-10-12 18:30:00;24/10/2024 03:18;24/10/2024 03:18;27/10/2024 02:30;Granel Sólido;Adubos (Fertilizantes);1;;272:48:00;11,37;41;4,6
2024;Santos;BRSSZ;Público;Longo Curso;1502518;9114244;2024-10-13 00:10:00;13/10/2024 00:50;13/10/2024 00:50;15/10/2024 09:25;Granel Líquido e Gasoso;Gorduras E Óleos Animais Ou Vegetais;1;;0:40:00;0,03;41;4,6
2024;Santos;BRSSZ;Público;Cabotagem;1504922;9448322;2024-10-13 10:12:00;22/10/2024 20:24;23/10/2024 04:24;24/10/2024 06:14;Granel Líquido e Gasoso;Petróleo E Derivados (Sem Óleo Bruto);1;;226:12:00;9,42;41;4,6
2024;Santos;BRSSZ;Público;Cabotagem;1502467;9753636;2024-10-13 15:00:00;13/10/2024 17:36;13/10/2024 17:36;17/10/2024 13:58;Granel Líquido e Gasoso;Soda Cáustica;1;;2:36:00;0,11;41;4,6
2024;Santos;BRSSZ;Público;Cabotagem;1502467;9753636;2024-10-13 15:00:00;13/10/2024 17:36;13/10/2024 17:36;17/10/2024 13:58;Granel Líquido e Gasoso;Produtos Químicos Orgânicos;1;;2:36:00;0,11;41;4,6
2024;Santos;BRSSZ;Público;Cabotagem;1502467;9753636;2024-10-13 15:00:00;13/10/2024 17:36;13/10/2024 17:36;17/10/2024 13:58;Granel Líquido e Gasoso;Etanol Combustível;1;;2:36:00;0,11;41;4,6
2024;Santos;BRSSZ;Público;Cabotagem;1502467;9753636;2024-10-13 15:00:00;13/10/2024 17:36;13/10/2024 17:36;17/10/2024 13:58;Granel Líquido e Gasoso;Combustíveis, Óleos E Produtos Minerais;1;;2:36:00;0,11;41;4,6
2024;Santos;BRSSZ;Público;Cabotagem;1502467;9753636;2024-10-13 15:00:00;13/10/2024 17:36;13/10/2024 17:36;17/10/2024 13:58;Granel Líquido e Gasoso;Petróleo E Derivados (Sem Óleo Bruto);1;;2:36:00;0,11;41;4,6
2024;Santos;BRSSZ;Público;Longo Curso;1502487;9725902;2024-10-14 07:00:00;15/10/2024 22:50;15/10/2024 22:50;23/10/2024 15:15;Granel Sólido;Adubos (Fertilizantes);1;;39:50:00;1,66;42;3,72
2024;Santos;BRSSZ;Público;Longo Curso;1502439;9047764;2024-10-14 08:50:00;14/10/2024 17:25;14/10/2024 17:25;18/10/2024 19:07;Granel Líquido e Gasoso;Combustíveis, Óleos E Produtos Minerais;1;;8:35:00;0,36;42;3,72
2024;Santos;BRSSZ;Público;Longo Curso;1502439;9047764;2024-10-14 08:50:00;14/10/2024 17:25;14/10/2024 17:25;18/10/2024 19:07;Granel Líquido e Gasoso;Petróleo E Derivados (Sem Óleo Bruto);1;;8:35:00;0,36;42;3,72
2024;Santos;BRSSZ;Público;Longo Curso;1502439;9047764;2024-10-14 08:50:00;14/10/2024 17:25;14/10/2024 17:25;18/10/2024 19:07;Granel Líquido e Gasoso;Plásticos E Suas Obras;1;;8:35:00;0,36;42;3,72
2024;Santos;BRSSZ;Público;Longo Curso;1502439;9047764;2024-10-14 08:50:00;14/10/2024 17:25;14/10/2024 17:25;18/10/2024 19:07;Granel Líquido e Gasoso;Produtos Diversos Da Indústria Química;1;;8:35:00;0,36;42;3,72
2024;Santos;BRSSZ;Público;Longo Curso;1502439;9047764;2024-10-14 08:50:00;14/10/2024 17:25;14/10/2024 17:25;18/10/2024 19:07;Granel Líquido e Gasoso;Produtos Químicos Orgânicos;1;;8:35:00;0,36;42;3,72
2024;Santos;BRSSZ;Público;Longo Curso;1504921;9697155;2024-10-14 09:30:00;27/10/2024 18:35;27/10/2024 19:00;29/10/2024 06:20;Granel Sólido;Açúcar;1;;321:05:00;13,38;42;3,72
2024;Santos;BRSSZ;Público;Cabotagem;1502521;9255828;2024-10-14 10:00:00;14/10/2024 15:46;14/10/2024 15:46;16/10/2024 06:40;Granel Líquido e Gasoso;Etanol Combustível;1;;5:46:00;0,24;42;3,72
2024;Santos;BRSSZ;Público;Cabotagem;1502616;9865752;2024-10-14 14:00:00;15/10/2024 17:02;15/10/2024 20:12;17/10/2024 00:25;Granel Líquido e Gasoso;Petróleo E Derivados (Sem Óleo Bruto);1;;27:02:00;1,13;42;3,72
2024;Santos;BRSSZ;Público;Cabotagem;1502614;9489912;2024-10-14 16:42:00;19/10/2024 08:25;19/10/2024 14:42;20/10/2024 14:25;Granel Líquido e Gasoso;Petróleo E Derivados (Sem Óleo Bruto);1;;111:43:00;4,65;42;3,72
2024;Santos;BRSSZ;Público;Longo Curso;1502475;9286865;2024-10-14 20:29:00;17/10/2024 09:00;17/10/2024 13:57;22/10/2024 16:10;Granel Sólido;Milho;1;;60:31:00;2,52;42;3,72
2024;Santos;BRSSZ;Público;Longo Curso;1502610;9724192;2024-10-14 21:10:00;16/10/2024 03:40;16/10/2024 07:00;21/10/2024 20:40;Granel Sólido;Resíduos Da Extração Do Óleo De Soja;1;;30:30:00;1,27;42;3,72
2024;Santos;BRSSZ;Público;Longo Curso;1502456;9996018;2024-10-14 22:00:00;14/10/2024 22:55;15/10/2024 07:15;17/10/2024 19:10;Carga Geral;Pasta De Celulose;1;;0:55:00;0,04;42;3,72
2024;Santos;BRSSZ;Público;Longo Curso;1513542;9514406;2024-10-15 04:40:00;31/10/2024 15:55;31/10/2024 16:00;05/11/2024 22:00;Granel Sólido;Adubos (Fertilizantes);1;;395:15:00;16,47;42;3,72
2024;Santos;BRSSZ;Público;Longo Curso;1502623;9983657;2024-10-15 11:00:00;16/10/2024 00:10;16/10/2024 03:05;21/10/2024 08:40;Granel Sólido;Milho;1;;13:10:00;0,55;42;3,72
2024;Santos;BRSSZ;Público;Longo Curso;1513541;9477828;2024-10-16 03:30:00;01/11/2024 07:02;01/11/2024 07:05;06/11/2024 16:40;Granel Sólido;Adubos (Fertilizantes);1;;387:32:00;16,15;42;3,72
2024;Santos;BRSSZ;Público;Longo Curso;1502539;9710036;2024-10-16 08:00:00;16/10/2024 09:00;16/10/2024 10:45;16/10/2024 23:10;Granel Sólido;Açúcar;1;;1:00:00;0,04;42;3,72
2024;Santos;BRSSZ;Público;Cabotagem;1502617;9271999;2024-10-16 13:00:00;16/10/2024 15:06;16/10/2024 15:30;18/10/2024 22:40;Granel Líquido e Gasoso;Soda Cáustica;1;;2:06:00;0,09;42;3,72
2024;Santos;BRSSZ;Público;Longo Curso;1504886;9953444;2024-10-16 17:00:00;20/10/2024 11:55;20/10/2024 11:55;25/10/2024 17:37;Granel Líquido e Gasoso;Petróleo E Derivados (Sem Óleo Bruto);1;;90:55:00;3,79;42;3,72
2024;Santos;BRSSZ;Público;Longo Curso;1504904;9728124;2024-10-16 23:00:00;23/10/2024 01:55;23/10/2024 01:55;29/10/2024 15:10;Granel Sólido;Milho;1;;146:55:00;6,12;42;3,72
2024;Santos;BRSSZ;Público;Longo Curso;1504904;9728124;2024-10-16 23:00:00;23/10/2024 01:55;23/10/2024 01:55;29/10/2024 15:10;Granel Sólido;Resíduos Da Extração Do Óleo De Soja;1;;146:55:00;6,12;42;3,72
2024;Santos;BRSSZ;Público;Longo Curso;1504904;9728124;2024-10-16 23:00:00;23/10/2024 01:55;23/10/2024 01:55;29/10/2024 15:10;Granel Sólido;Soja;1;;146:55:00;6,12;42;3,72
2024;Santos;BRSSZ;Público;Longo Curso;1502434;9976446;2024-10-17 00:12:00;17/10/2024 21:00;18/10/2024 01:00;25/10/2024 02:25;Carga Geral;Pasta De Celulose;1;;20:48:00;0,87;42;3,72
2024;Santos;BRSSZ;Público;Longo Curso;1502586;9523196;2024-10-17 03:00:00;17/10/2024 04:05;17/10/2024 05:25;19/10/2024 02:50;Granel Sólido;Açúcar;1;;1:05:00;0,05;42;3,72
2024;Santos;BRSSZ;Público;Cabotagem;1502613;9447768;2024-10-17 06:30:00;21/10/2024 09:15;21/10/2024 19:42;22/10/2024 16:24;Granel Líquido e Gasoso;Petróleo E Derivados (Sem Óleo Bruto);1;;98:45:00;4,11;42;3,72
2024;Santos;BRSSZ;Público;Longo Curso;1502474;9919929;2024-10-17 15:18:00;22/10/2024 13:30;22/10/2024 15:00;26/10/2024 03:37;Granel Sólido;Milho;1;;118:12:00;4,93;42;3,72
2024;Santos;BRSSZ;Público;Cabotagem;1504926;9431317;2024-10-17 21:18:00;24/10/2024 09:50;24/10/2024 17:18;26/10/2024 14:15;Granel Líquido e Gasoso;Petróleo E Derivados (Sem Óleo Bruto);1;;156:32:00;6,52;42;3,72
2024;Santos;BRSSZ;Público;Longo Curso;1504889;9641340;2024-10-18 01:30:00;29/10/2024 20:20;29/10/2024 21:50;30/10/2024 22:03;Granel Sólido;Açúcar;1;;282:50:00;11,78;42;3,72
2024;Santos;BRSSZ;Público;Longo Curso;1504905;9310707;2024-10-18 02:42:00;26/10/2024 00:17;26/10/2024 00:17;30/10/2024 05:05;Granel Líquido e Gasoso;Petróleo E Derivados (Sem Óleo Bruto);1;;189:35:00;7,9;42;3,72
2024;Santos;BRSSZ;Público;Longo Curso;1502463;9311141;2024-10-18 13:24:00;21/10/2024 02:55;21/10/2024 02:55;25/10/2024 20:00;Granel Sólido;Milho;1;;61:31:00;2,56;42;3,72
2024;Santos;BRSSZ;Público;Longo Curso;1502453;9047764;2024-10-18 19:07:00;18/10/2024 19:50;18/10/2024 19:50;20/10/2024 17:35;Granel Líquido e Gasoso;Produtos Químicos Orgânicos;1;;0:43:00;0,03;42;3,72
2024;Santos;BRSSZ;Público;Longo Curso;1502615;9707857;2024-10-18 21:20:00;18/10/2024 22:32;18/10/2024 22:32;22/10/2024 01:55;Granel Líquido e Gasoso;Soda Cáustica;1;;1:12:00;0,05;42;3,72
2024;Santos;BRSSZ;Público;Cabotagem;1502628;9391361;2024-10-18 23:30:00;23/10/2024 01:45;23/10/2024 02:48;25/10/2024 03:30;Granel Líquido e Gasoso;Petróleo E Derivados (Sem Óleo Bruto);1;;98:15:00;4,09;42;3,72
2024;Santos;BRSSZ;Público;Longo Curso;1504898;9747417;2024-10-19 02:00:00;25/10/2024 01:45;25/10/2024 17:11;30/10/2024 03:15;Granel Sólido;Milho;1;;143:45:00;5,99;42;3,72
2024;Santos;BRSSZ;Público;Longo Curso;1502611;9621780;2024-10-19 03:48:00;21/10/2024 13:45;21/10/2024 17:13;23/10/2024 22:15;Granel Sólido;Resíduos Da Extração Do Óleo De Soja;1;;57:57:00;2,41;42;3,72
2024;Santos;BRSSZ;Público;Cabotagem;1504911;9413523;2024-10-19 05:36:00;26/10/2024 17:20;26/10/2024 20:54;30/10/2024 03:22;Granel Líquido e Gasoso;Petróleo E Derivados (Sem Óleo Bruto);1;;179:44:00;7,49;42;3,72
2024;Santos;BRSSZ;Público;Longo Curso;1502559;9250177;2024-10-19 08:30:00;19/10/2024 09:30;19/10/2024 11:20;21/10/2024 16:15;Granel Sólido;Açúcar;1;;1:00:00;0,04;42;3,72
2024;Santos;BRSSZ;Público;Longo Curso;1504923;9478822;2024-10-19 08:45:00;22/10/2024 12:10;22/10/2024 13:00;29/10/2024 02:45;Granel Sólido;Resíduos Da Extração Do Óleo De Soja;1;;75:25:00;3,14;42;3,72
2024;Santos;BRSSZ;Público;Cabotagem;1502629;9255799;2024-10-19 10:30:00;19/10/2024 12:02;19/10/2024 12:02;20/10/2024 22:54;Granel Líquido e Gasoso;Etanol Combustível;1;;1:32:00;0,06;42;3,72
2024;Santos;BRSSZ;Público;Longo Curso;1502523;9412945;2024-10-20 04:30:00;20/10/2024 05:30;21/10/2024 01:20;25/10/2024 05:00;Granel Sólido;Trigo;1;;1:00:00;0,04;42;3,72
2024;Santos;BRSSZ;Público;Longo Curso;1513577;9796951;2024-10-20 17:15:00;28/10/2024 20:45;29/10/2024 01:30;01/11/2024 16:26;Granel Sólido;Sal;1;;195:30:00;8,15;42;3,72
2024;Santos;BRSSZ;Público;Longo Curso;1513496;9854739;2024-10-21 14:48:00;30/10/2024 10:25;30/10/2024 10:25;05/11/2024 01:00;Granel Líquido e Gasoso;Petróleo E Derivados (Sem Óleo Bruto);1;;211:37:00;8,82;43;2,64
2024;Santos;BRSSZ;Público;Longo Curso;1504899;9989194;2024-10-21 16:12:00;22/10/2024 03:05;22/10/2024 07:55;24/10/2024 23:05;Granel Líquido e Gasoso;Combustíveis, Óleos E Produtos Minerais;1;;10:53:00;0,45;43;2,64
2024;Santos;BRSSZ;Público;Longo Curso;1504899;9989194;2024-10-21 16:12:00;22/10/2024 03:05;22/10/2024 07:55;24/10/2024 23:05;Granel Líquido e Gasoso;Produtos Diversos Da Indústria Química;1;;10:53:00;0,45;43;2,64
2024;Santos;BRSSZ;Público;Longo Curso;1504899;9989194;2024-10-21 16:12:00;22/10/2024 03:05;22/10/2024 07:55;24/10/2024 23:05;Granel Líquido e Gasoso;Produtos Químicos Inorgânicos;1;;10:53:00;0,45;43;2,64
2024;Santos;BRSSZ;Público;Longo Curso;1504899;9989194;2024-10-21 16:12:00;22/10/2024 03:05;22/10/2024 07:55;24/10/2024 23:05;Granel Líquido e Gasoso;Produtos Químicos Orgânicos;1;;10:53:00;0,45;43;2,64
2024;Santos;BRSSZ;Público;Longo Curso;1502584;9227194;2024-10-21 18:15:00;21/10/2024 19:30;21/10/2024 22:00;22/10/2024 15:45;Granel Sólido;Açúcar;1;;1:15:00;0,05;43;2,64
2024;Santos;BRSSZ;Público;Longo Curso;1513582;9861081;2024-10-21 20:00:00;01/11/2024 07:10;01/11/2024 09:35;03/11/2024 02:05;Granel Sólido;Milho;1;;251:10:00;10,47;43;2,64
2024;Santos;BRSSZ;Público;Longo Curso;1504900;9973535;2024-10-21 20:12:00;23/10/2024 09:05;23/10/2024 09:05;29/10/2024 23:10;Granel Sólido;Adubos (Fertilizantes);1;;36:53:00;1,54;43;2,64
2024;Santos;BRSSZ;Público;Longo Curso;1504924;9617959;2024-10-22 07:00:00;28/10/2024 08:50;28/10/2024 13:00;29/10/2024 21:45;Granel Líquido e Gasoso;Petróleo E Derivados (Sem Óleo Bruto);1;;145:50:00;6,08;43;2,64
2024;Santos;BRSSZ;Público;Cabotagem;1504927;9865764;2024-10-22 10:00:00;26/10/2024 22:00;27/10/2024 02:00;28/10/2024 05:48;Granel Líquido e Gasoso;Petróleo E Derivados (Sem Óleo Bruto);1;;108:00:00;4,5;43;2,64
2024;Santos;BRSSZ;Público;Longo Curso;1502515;9527441;2024-10-22 19:00:00;22/10/2024 19:55;22/10/2024 22:30;25/10/2024 12:20;Granel Sólido;Açúcar;1;;0:55:00;0,04;43;2,64
2024;Santos;BRSSZ;Público;Longo Curso;1513581;9478200;2024-10-23 05:24:00;28/10/2024 20:45;29/10/2024 00:15;01/11/2024 04:20;Granel Sólido;Milho;1;;135:21:00;5,64;43;2,64
2024;Santos;BRSSZ;Público;Longo Curso;1504894;9511167;2024-10-23 18:00:00;23/10/2024 18:40;23/10/2024 18:40;26/10/2024 04:00;Granel Líquido e Gasoso;Produtos Químicos Orgânicos;1;;0:40:00;0,03;43;2,64
2024;Santos;BRSSZ;Público;Longo Curso;1513512;9959785;2024-10-24 05:00:00;01/11/2024 03:49;01/11/2024 06:00;05/11/2024 12:40;Granel Sólido;Milho;1;;190:49:00;7,95;43;2,64
2024;Santos;BRSSZ;Público;Longo Curso;1513551;9790921;2024-10-24 10:06:00;06/11/2024 14:00;06/11/2024 16:25;11/11/2024 12:35;Granel Sólido;Açúcar;1;;315:54:00;13,16;43;2,64
2024;Santos;BRSSZ;Público;Longo Curso;1504918;9292759;2024-10-24 12:00:00;25/10/2024 05:15;25/10/2024 20:24;26/10/2024 18:15;Granel Líquido e Gasoso;Gás De Petróleo;1;;17:15:00;0,72;43;2,64
2024;Santos;BRSSZ;Público;Longo Curso;1513534;9267209;2024-10-24 13:15:00;24/10/2024 13:42;24/10/2024 19:00;01/11/2024 03:44;Granel Sólido;Adubos (Fertilizantes);1;;0:27:00;0,02;43;2,64
2024;Santos;BRSSZ;Público;Longo Curso;1513488;9591181;2024-10-24 13:30:00;29/10/2024 03:10;29/10/2024 03:10;01/11/2024 09:45;Granel Sólido;Milho;1;;109:40:00;4,57;43;2,64
2024;Santos;BRSSZ;Público;Longo Curso;1502627;9568495;2024-10-24 16:00:00;25/10/2024 02:00;25/10/2024 05:42;27/10/2024 06:25;Granel Líquido e Gasoso;Produtos Químicos Orgânicos;1;;10:00:00;0,42;43;2,64
2024;Santos;BRSSZ;Público;Longo Curso;1502620;9638159;2024-10-24 20:36:00;25/10/2024 06:20;25/10/2024 06:25;28/10/2024 09:10;Granel Líquido e Gasoso;Preparações De Frutas;1;;9:44:00;0,41;43;2,64
2024;Santos;BRSSZ;Público;Longo Curso;1504928;9989194;2024-10-24 23:05:00;24/10/2024 23:40;24/10/2024 23:40;26/10/2024 13:30;Granel Líquido e Gasoso;Etanol Combustível;1;;0:35:00;0,02;43;2,64
2024;Santos;BRSSZ;Público;Longo Curso;1504887;9144354;2024-10-25 02:00:00;25/10/2024 05:50;25/10/2024 05:50;28/10/2024 04:10;Granel Sólido;Produtos Químicos Inorgânicos;1;;3:50:00;0,16;43;2,64
2024;Santos;BRSSZ;Público;Longo Curso;1504906;9737565;2024-10-25 04:00:00;26/10/2024 09:05;26/10/2024 09:30;28/10/2024 01:20;Granel Líquido e Gasoso;Petróleo E Derivados (Sem Óleo Bruto);1;;29:05:00;1,21;43;2,64
2024;Santos;BRSSZ;Público;Longo Curso;1504906;9737565;2024-10-25 04:00:00;26/10/2024 09:05;26/10/2024 09:30;28/10/2024 01:20;Granel Líquido e Gasoso;Produtos Químicos Orgânicos;1;;29:05:00;1,21;43;2,64
2024;Santos;BRSSZ;Público;Longo Curso;1502488;9872195;2024-10-25 04:00:00;25/10/2024 05:20;25/10/2024 05:45;26/10/2024 03:10;Carga Geral;Pasta De Celulose;1;;1:20:00;0,06;43;2,64
2024;Santos;BRSSZ;Público;Longo Curso;1504912;9922299;2024-10-25 05:00:00;29/10/2024 06:25;29/10/2024 06:25;31/10/2024 15:30;Granel Sólido;Resíduos Da Extração Do Óleo De Soja;1;;97:25:00;4,06;43;2,64
2024;Santos;BRSSZ;Público;Longo Curso;1504878;9242089;2024-10-25 06:00:00;25/10/2024 06:20;25/10/2024 06:25;28/10/2024 20:12;Granel Líquido e Gasoso;Preparações De Frutas;1;;0:20:00;0,01;43;2,64
2024;Santos;BRSSZ;Público;Cabotagem;1504930;9255828;2024-10-25 08:30:00;26/10/2024 17:53;26/10/2024 17:53;28/10/2024 02:42;Granel Líquido e Gasoso;Etanol Combustível;1;;33:23:00;1,39;43;2,64
2024;Santos;BRSSZ;Público;Longo Curso;1513593;9576753;2024-10-25 18:10:00;30/10/2024 12:03;30/10/2024 16:08;01/11/2024 17:40;Granel Líquido e Gasoso;Gorduras E Óleos Animais Ou Vegetais;1;;113:53:00;4,75;43;2,64
2024;Santos;BRSSZ;Público;Longo Curso;1502519;9180396;2024-10-26 00:30:00;26/10/2024 01:51;26/10/2024 03:55;27/10/2024 21:14;Granel Sólido;Adubos (Fertilizantes);1;;1:21:00;0,06;43;2,64
2024;Santos;BRSSZ;Público;Longo Curso;1504931;9828297;2024-10-26 04:00:00;26/10/2024 23:55;27/10/2024 06:44;31/10/2024 17:15;Granel Sólido;Resíduos Da Extração Do Óleo De Soja;1;;19:55:00;0,83;43;2,64
2024;Santos;BRSSZ;Público;Longo Curso;1513497;9442512;2024-10-26 05:30:00;07/11/2024 05:30;07/11/2024 07:00;12/11/2024 09:44;Granel Sólido;Milho;1;;288:00:00;12,0;43;2,64
2024;Santos;BRSSZ;Público;Longo Curso;1504881;9539987;2024-10-26 12:30:00;26/10/2024 12:55;26/10/2024 13:00;30/10/2024 14:05;Carga Geral;Pasta De Celulose;1;;0:25:00;0,02;43;2,64
2024;Santos;BRSSZ;Público;Longo Curso;1513483;9799630;2024-10-26 17:30:00;05/11/2024 22:40;05/11/2024 22:40;14/11/2024 20:40;Granel Sólido;Adubos (Fertilizantes);1;;245:10:00;10,22;43;2,64
2024;Santos;BRSSZ;Público;Longo Curso;1504885;9825013;2024-10-27 04:09:00;27/10/2024 05:00;27/10/2024 08:01;29/10/2024 13:50;Carga Geral;Pasta De Celulose;1;;0:51:00;0,04;43;2,64
2024;Santos;BRSSZ;Público;Longo Curso;1513586;9865893;2024-10-27 05:24:00;03/11/2024 07:35;03/11/2024 08:55;06/11/2024 10:45;Granel Sólido;Milho;1;;170:11:00;7,09;43;2,64
2024;Santos;BRSSZ;Público;Cabotagem;1504892;9753636;2024-10-27 06:30:00;28/10/2024 04:02;28/10/2024 04:40;30/10/2024 10:07;Granel Líquido e Gasoso;Combustíveis, Óleos E Produtos Minerais;1;;21:32:00;0,9;43;2,64
2024;Santos;BRSSZ;Público;Cabotagem;1504892;9753636;2024-10-27 06:30:00;28/10/2024 04:02;28/10/2024 04:40;30/10/2024 10:07;Granel Líquido e Gasoso;Etanol Combustível;1;;21:32:00;0,9;43;2,64
2024;Santos;BRSSZ;Público;Cabotagem;1504892;9753636;2024-10-27 06:30:00;28/10/2024 04:02;28/10/2024 04:40;30/10/2024 10:07;Granel Líquido e Gasoso;Petróleo E Derivados (Sem Óleo Bruto);1;;21:32:00;0,9;43;2,64
2024;Santos;BRSSZ;Público;Cabotagem;1504892;9753636;2024-10-27 06:30:00;28/10/2024 04:02;28/10/2024 04:40;30/10/2024 10:07;Granel Líquido e Gasoso;Produtos Químicos Orgânicos;1;;21:32:00;0,9;43;2,64
2024;Santos;BRSSZ;Público;Cabotagem;1504892;9753636;2024-10-27 06:30:00;28/10/2024 04:02;28/10/2024 04:40;30/10/2024 10:07;Granel Líquido e Gasoso;Soda Cáustica;1;;21:32:00;0,9;43;2,64
2024;Santos;BRSSZ;Público;Longo Curso;1504891;9511167;2024-10-27 08:30:00;27/10/2024 09:40;27/10/2024 09:40;30/10/2024 15:00;Granel Líquido e Gasoso;Plásticos E Suas Obras;1;;1:10:00;0,05;43;2,64
2024;Santos;BRSSZ;Público;Longo Curso;1504891;9511167;2024-10-27 08:30:00;27/10/2024 09:40;27/10/2024 09:40;30/10/2024 15:00;Granel Líquido e Gasoso;Produtos Químicos Orgânicos;1;;1:10:00;0,05;43;2,64
2024;Santos;BRSSZ;Público;Cabotagem;1504914;9849265;2024-10-27 15:00:00;29/10/2024 22:42;30/10/2024 01:54;31/10/2024 04:00;Granel Líquido e Gasoso;Petróleo E Derivados (Sem Óleo Bruto);1;;55:42:00;2,32;43;2,64
2024;Santos;BRSSZ;Público;Longo Curso;1513477;9496343;2024-10-28 09:00:00;28/10/2024 09:50;28/10/2024 09:50;11/11/2024 21:30;Granel Sólido;Trigo;1;;0:50:00;0,03;44;2,64
2024;Santos;BRSSZ;Público;Longo Curso;1513564;9700146;2024-10-28 11:18:00;11/11/2024 21:50;12/11/2024 01:00;14/11/2024 23:15;Granel Sólido;Milho;1;;346:32:00;14,44;44;2,64
2024;Santos;BRSSZ;Público;Longo Curso;1513564;9700146;2024-10-28 11:18:00;11/11/2024 21:50;12/11/2024 01:00;14/11/2024 23:15;Granel Sólido;Resíduos Da Extração Do Óleo De Soja;1;;346:32:00;14,44;44;2,64
2024;Santos;BRSSZ;Público;Longo Curso;1513503;9614311;2024-10-29 00:28:00;05/11/2024 16:33;05/11/2024 16:43;06/11/2024 01:37;Granel Sólido;Açúcar;1;;184:05:00;7,67;44;2,64
2024;Santos;BRSSZ;Público;Longo Curso;1513575;9423932;2024-10-29 02:00:00;29/10/2024 02:50;29/10/2024 13:00;14/11/2024 13:30;Granel Sólido;Adubos (Fertilizantes);1;;0:50:00;0,03;44;2,64
2024;Santos;BRSSZ;Público;Longo Curso;1504916;9350343;2024-10-29 08:00:00;29/10/2024 08:55;29/10/2024 11:00;30/10/2024 14:10;Granel Sólido;Açúcar;1;;0:55:00;0,04;44;2,64
2024;Santos;BRSSZ;Público;Longo Curso;1513584;9829722;2024-10-29 14:00:00;29/10/2024 19:35;29/10/2024 19:35;01/11/2024 09:55;Granel Líquido e Gasoso;Produtos Químicos Orgânicos;1;;5:35:00;0,23;44;2,64
2024;Santos;BRSSZ;Público;Longo Curso;1513557;9605865;2024-10-29 15:00:00;31/10/2024 19:45;31/10/2024 23:30;09/11/2024 18:26;Granel Sólido;Adubos (Fertilizantes);1;;52:45:00;2,2;44;2,64
2024;Santos;BRSSZ;Público;Longo Curso;1504888;9423566;2024-10-29 20:59:00;29/10/2024 21:45;30/10/2024 01:25;31/10/2024 21:01;Carga Geral;Pasta De Celulose;1;;0:46:00;0,03;44;2,64
2024;Santos;BRSSZ;Público;Longo Curso;1513526;9633252;2024-10-30 02:30:00;04/11/2024 19:15;05/11/2024 01:51;11/11/2024 12:35;Granel Sólido;Milho;1;;136:45:00;5,7;44;2,64
2024;Santos;BRSSZ;Público;Longo Curso;1513500;9872169;2024-10-30 03:36:00;31/10/2024 23:40;01/11/2024 08:01;04/11/2024 20:45;Carga Geral;Pasta De Celulose;1;;44:04:00;1,84;44;2,64
2024;Santos;BRSSZ;Público;Longo Curso;1513519;9386926;2024-10-30 04:35:00;30/10/2024 09:28;30/10/2024 09:28;02/11/2024 09:12;Granel Sólido;Produtos Químicos Inorgânicos;1;;4:53:00;0,2;44;2,64
2024;Santos;BRSSZ;Público;Cabotagem;1513606;9492270;2024-10-30 08:00:00;30/10/2024 09:30;30/10/2024 15:12;03/11/2024 18:20;Granel Líquido e Gasoso;Petróleo E Derivados (Sem Óleo Bruto);1;;1:30:00;0,06;44;2,64
2024;Santos;BRSSZ;Público;Longo Curso;1513594;9942689;2024-10-30 15:30:00;31/10/2024 23:50;31/10/2024 23:50;02/11/2024 12:53;Granel Líquido e Gasoso;Produtos Diversos Da Indústria Química;1;;32:20:00;1,35;44;2,64
2024;Santos;BRSSZ;Público;Longo Curso;1504929;9989194;2024-10-30 16:30:00;30/10/2024 17:45;30/10/2024 20:45;31/10/2024 21:20;Granel Líquido e Gasoso;Petróleo E Derivados (Sem Óleo Bruto);1;;1:15:00;0,05;44;2,64
2024;Santos;BRSSZ;Público;Longo Curso;1513479;9976434;2024-10-30 22:50:00;30/10/2024 23:10;31/10/2024 01:15;01/11/2024 12:35;Carga Geral;Pasta De Celulose;1;;0:20:00;0,01;44;2,64
2024;Santos;BRSSZ;Público;Cabotagem;1513605;9448322;2024-10-30 23:30:00;31/10/2024 14:08;31/10/2024 15:48;01/11/2024 11:15;Granel Líquido e Gasoso;Petróleo E Derivados (Sem Óleo Bruto);1;;14:38:00;0,61;44;2,64
2024;Santos;BRSSZ;Público;Longo Curso;1513604;9277565;2024-10-31 01:00:00;31/10/2024 20:00;31/10/2024 22:54;04/11/2024 19:20;Granel Sólido;Milho;1;;19:00:00;0,79;44;2,64
2024;Santos;BRSSZ;Público;Longo Curso;1513476;9404431;2024-10-31 01:48:00;06/11/2024 19:15;06/11/2024 19:15;24/11/2024 18:06;Granel Sólido;Adubos (Fertilizantes);1;;161:27:00;6,73;44;2,64
2024;Santos;BRSSZ;Público;Longo Curso;1513555;9317456;2024-10-31 06:48:00;14/11/2024 23:25;15/11/2024 02:55;19/11/2024 16:45;Granel Sólido;Adubos (Fertilizantes);1;;352:37:00;14,69;44;2,64
2024;Santos;BRSSZ;Público;Longo Curso;1513513;9748423;2024-10-31 08:00:00;01/11/2024 03:10;01/11/2024 07:01;04/11/2024 03:52;Granel Sólido;Milho;1;;19:10:00;0,8;44;2,64
2024;Santos;BRSSZ;Público;Cabotagem;1513601;9255799;2024-10-31 14:18:00;01/11/2024 12:08;01/11/2024 12:08;02/11/2024 12:05;Granel Líquido e Gasoso;Etanol Combustível;1;;21:50:00;0,91;44;2,64
2024;Santos;BRSSZ;Público;Cabotagem;1513609;9447768;2024-10-31 21:00:00;01/11/2024 12:55;01/11/2024 15:00;03/11/2024 10:15;Granel Líquido e Gasoso;Petróleo E Derivados (Sem Óleo Bruto);1;;15:55:00;0,66;44;2,64
2024;Santos;BRSSZ;Público;Cabotagem;1513602;9547714;2024-10-31 23:00:00;07/11/2024 23:00;08/11/2024 01:30;10/11/2024 16:48;Granel Líquido e Gasoso;Petróleo E Derivados (Sem Óleo Bruto);1;;168:00:00;7,0;44;2,64
2024;Santos;BRSSZ;Público;Longo Curso;1513573;9861990;2024-11-01 02:30:00;01/11/2024 03:35;01/11/2024 05:20;01/11/2024 17:10;Granel Sólido;Açúcar;1;;1:05:00;0,05;44;2,64
2024;Santos;BRSSZ;Público;Longo Curso;1513580;9941996;2024-11-01 04:00:00;06/11/2024 23:15;06/11/2024 23:15;14/11/2024 18:35;Granel Sólido;Adubos (Fertilizantes);1;;139:15:00;5,8;44;2,64
2024;Santos;BRSSZ;Público;Longo Curso;1513595;9860879;2024-11-01 06:00:00;01/11/2024 15:50;01/11/2024 15:50;04/11/2024 23:40;Granel Sólido;Resíduos Da Extração Do Óleo De Soja;1;;9:50:00;0,41;44;2,64
2024;Santos;BRSSZ;Público;Longo Curso;1513599;9484895;2024-11-01 11:00:00;01/11/2024 21:27;01/11/2024 21:27;04/11/2024 04:41;Granel Líquido e Gasoso;Etanol Combustível;1;;10:27:00;0,44;44;2,64
2024;Santos;BRSSZ;Público;Longo Curso;1513529;9609433;2024-11-01 11:30:00;05/11/2024 10:15;05/11/2024 10:15;10/11/2024 15:40;Granel Sólido;Milho;1;;94:45:00;3,95;44;2,64
2024;Santos;BRSSZ;Público;Longo Curso;1513529;9609433;2024-11-01 11:30:00;05/11/2024 10:15;05/11/2024 10:15;10/11/2024 15:40;Granel Sólido;Resíduos Da Extração Do Óleo De Soja;1;;94:45:00;3,95;44;2,64
2024;Santos;BRSSZ;Público;Longo Curso;1513473;9539987;2024-11-01 14:30:00;01/11/2024 15:40;01/11/2024 19:20;09/11/2024 06:55;Carga Geral;Pasta De Celulose;1;;1:10:00;0,05;44;2,64
2024;Santos;BRSSZ;Público;Longo Curso;1513578;9796951;2024-11-01 16:26:00;01/11/2024 16:50;01/11/2024 19:35;06/11/2024 21:24;Granel Sólido;Sal;1;;0:24:00;0,02;44;2,64
2024;Santos;BRSSZ;Público;Longo Curso;1513583;9528562;2024-11-01 21:15:00;01/11/2024 22:30;02/11/2024 01:15;03/11/2024 02:50;Granel Sólido;Açúcar;1;;1:15:00;0,05;44;2,64
2024;Santos;BRSSZ;Público;Longo Curso;1513553;9182978;2024-11-01 23:24:00;07/11/2024 05:30;07/11/2024 13:58;09/11/2024 14:12;Carga Geral;Pasta De Celulose;1;;126:06:00;5,25;44;2,64
2024;Santos;BRSSZ;Público;Longo Curso;1513600;9908346;2024-11-02 07:42:00;02/11/2024 13:00;02/11/2024 13:00;05/11/2024 04:47;Granel Líquido e Gasoso;Soda Cáustica;1;;5:18:00;0,22;44;2,64
2024;Santos;BRSSZ;Público;Longo Curso;1513552;9102071;2024-11-02 13:12:00;05/11/2024 06:38;05/11/2024 06:38;11/11/2024 08:15;Granel Líquido e Gasoso;Etanol Combustível;1;;65:26:00;2,73;44;2,64
2024;Santos;BRSSZ;Público;Cabotagem;1513619;9431317;2024-11-03 00:01:00;03/11/2024 12:24;03/11/2024 15:00;04/11/2024 14:50;Granel Líquido e Gasoso;Petróleo E Derivados (Sem Óleo Bruto);1;;12:23:00;0,52;44;2,64
2024;Santos;BRSSZ;Público;Longo Curso;1513546;9783966;2024-11-03 06:00:00;03/11/2024 06:50;03/11/2024 07:00;06/11/2024 05:15;Granel Sólido;Açúcar;1;;0:50:00;0,03;44;2,64
2024;Santos;BRSSZ;Público;Cabotagem;1513549;9345893;2024-11-03 12:00:00;04/11/2024 06:25;04/11/2024 06:50;07/11/2024 01:27;Granel Líquido e Gasoso;Produtos Químicos Orgânicos;1;;18:25:00;0,77;44;2,64
2024;Santos;BRSSZ;Público;Cabotagem;1513549;9345893;2024-11-03 12:00:00;04/11/2024 06:25;04/11/2024 06:50;07/11/2024 01:27;Granel Líquido e Gasoso;Soda Cáustica;1;;18:25:00;0,77;44;2,64
2024;Santos;BRSSZ;Público;Longo Curso;1513556;9186780;2024-11-03 14:00:00;03/11/2024 16:00;03/11/2024 16:00;10/11/2024 10:11;Granel Sólido;Produtos Químicos Inorgânicos;1;;2:00:00;0,08;44;2,64
2024;Santos;BRSSZ;Público;Longo Curso;1513484;9715438;2024-11-03 20:48:00;06/11/2024 00:50;06/11/2024 00:50;11/11/2024 08:10;Granel Sólido;Milho;1;;52:02:00;2,17;44;2,64
2024;Santos;BRSSZ;Público;Longo Curso;1513466;9976458;2024-11-03 23:06:00;09/11/2024 12:05;09/11/2024 13:47;15/11/2024 04:10;Carga Geral;Pasta De Celulose;1;;132:59:00;5,54;44;2,64
2024;Santos;BRSSZ;Público;Cabotagem;1513627;9453638;2024-11-04 04:30:00;05/11/2024 16:10;05/11/2024 17:30;07/11/2024 19:20;Granel Líquido e Gasoso;Petróleo E Derivados (Sem Óleo Bruto);1;;35:40:00;1,49;45;3,2
2024;Santos;BRSSZ;Público;Longo Curso;1513610;9957622;2024-11-04 07:12:00;10/11/2024 19:10;10/11/2024 19:10;14/11/2024 07:40;Granel Sólido;Resíduos Da Extração Do Óleo De Soja;1;;155:58:00;6,5;45;3,2
2024;Santos;BRSSZ;Público;Longo Curso;1513589;9489974;2024-11-04 08:15:00;04/11/2024 12:05;04/11/2024 19:00;11/11/2024 03:40;Granel Sólido;Trigo;1;;3:50:00;0,16;45;3,2
2024;Santos;BRSSZ;Público;Longo Curso;1513515;9613850;2024-11-04 10:00:00;10/11/2024 15:20;10/11/2024 15:20;15/11/2024 20:26;Granel Sólido;Produtos Químicos Inorgânicos;1;;149:20:00;6,22;45;3,2
2024;Santos;BRSSZ;Público;Cabotagem;1513615;9416381;2024-11-04 10:30:00;04/11/2024 11:54;04/11/2024 14:00;06/11/2024 04:20;Granel Líquido e Gasoso;Petróleo E Derivados (Sem Óleo Bruto);1;;1:24:00;0,06;45;3,2
2024;Santos;BRSSZ;Público;Longo Curso;1513622;9838670;2024-11-04 22:10:00;05/11/2024 00:20;05/11/2024 09:00;07/11/2024 16:30;Granel Líquido e Gasoso;Produtos Químicos Inorgânicos;1;;2:10:00;0,09;45;3,2
2024;Santos;BRSSZ;Público;Longo Curso;1513489;9230995;2024-11-05 09:00:00;05/11/2024 16:47;05/11/2024 16:50;09/11/2024 09:11;Granel Líquido e Gasoso;Preparações De Frutas;1;;7:47:00;0,32;45;3,2
2024;Santos;BRSSZ;Público;Longo Curso;1513554;9462445;2024-11-05 12:40:00;14/11/2024 15:10;14/11/2024 15:10;20/11/2024 15:35;Granel Sólido;Adubos (Fertilizantes);1;;218:30:00;9,1;45;3,2
2024;Santos;BRSSZ;Público;Longo Curso;1513611;9600607;2024-11-05 15:00:00;18/11/2024 14:40;18/11/2024 14:40;21/11/2024 17:40;Granel Sólido;Resíduos Da Extração Do Óleo De Soja;1;;311:40:00;12,99;45;3,2
2024;Santos;BRSSZ;Público;Longo Curso;1513492;9928906;2024-11-06 05:00:00;18/11/2024 19:25;18/11/2024 19:25;20/11/2024 21:25;Carga Geral;Pasta De Celulose;1;;302:25:00;12,6;45;3,2
2024;Santos;BRSSZ;Público;Cabotagem;1513628;9424039;2024-11-06 11:00:00;06/11/2024 13:40;06/11/2024 13:40;07/11/2024 19:25;Granel Líquido e Gasoso;Soda Cáustica;1;;2:40:00;0,11;45;3,2
2024;Santos;BRSSZ;Público;Longo Curso;1513535;9522908;2024-11-06 11:06:00;09/11/2024 15:25;09/11/2024 15:30;15/11/2024 21:30;Granel Sólido;Adubos (Fertilizantes);1;;76:19:00;3,18;45;3,2
2024;Santos;BRSSZ;Público;Longo Curso;1513588;9511428;2024-11-06 15:30:00;06/11/2024 16:30;06/11/2024 17:35;10/11/2024 23:10;Granel Sólido;Açúcar;1;;1:00:00;0,04;45;3,2
2024;Santos;BRSSZ;Público;Cabotagem;1513626;9488217;2024-11-06 20:45:00;10/11/2024 13:10;10/11/2024 19:00;14/11/2024 14:30;Granel Sólido;Sal;1;;88:25:00;3,68;45;3,2
2024;Santos;BRSSZ;Público;Longo Curso;1513607;9292759;2024-11-07 06:30:00;10/11/2024 05:20;10/11/2024 08:30;11/11/2024 13:30;Granel Líquido e Gasoso;Gás De Petróleo;1;;70:50:00;2,95;45;3,2
2024;Santos;BRSSZ;Público;Longo Curso;1513625;9539963;2024-11-07 09:45:00;21/11/2024 20:10;21/11/2024 20:10;25/11/2024 10:10;Granel Sólido;Resíduos Da Extração Do Óleo De Soja;1;;346:25:00;14,43;45;3,2
2024;Santos;BRSSZ;Público;Longo Curso;1513592;9790646;2024-11-07 11:30:00;07/11/2024 12:40;07/11/2024 19:50;08/11/2024 19:17;Granel Líquido e Gasoso;Produtos Químicos Orgânicos;1;;1:10:00;0,05;45;3,2
2024;Santos;BRSSZ;Público;Cabotagem;1513637;9391361;2024-11-08 02:51:00;08/11/2024 04:24;08/11/2024 07:00;10/11/2024 02:10;Granel Líquido e Gasoso;Petróleo E Derivados (Sem Óleo Bruto);1;;1:33:00;0,06;45;3,2
2024;Santos;BRSSZ;Público;Cabotagem;1513631;9865776;2024-11-08 17:30:00;11/11/2024 02:40;11/11/2024 09:54;12/11/2024 18:28;Granel Líquido e Gasoso;Petróleo E Derivados (Sem Óleo Bruto);1;;57:10:00;2,38;45;3,2
2024;Santos;BRSSZ;Público;Cabotagem;1513522;9753636;2024-11-09 05:30:00;09/11/2024 11:33;09/11/2024 11:33;11/11/2024 19:10;Granel Líquido e Gasoso;Combustíveis, Óleos E Produtos Minerais;1;;6:03:00;0,25;45;3,2
2024;Santos;BRSSZ;Público;Cabotagem;1513522;9753636;2024-11-09 05:30:00;09/11/2024 11:33;09/11/2024 11:33;11/11/2024 19:10;Granel Líquido e Gasoso;Etanol Combustível;1;;6:03:00;0,25;45;3,2
2024;Santos;BRSSZ;Público;Cabotagem;1513522;9753636;2024-11-09 05:30:00;09/11/2024 11:33;09/11/2024 11:33;11/11/2024 19:10;Granel Líquido e Gasoso;Petróleo E Derivados (Sem Óleo Bruto);1;;6:03:00;0,25;45;3,2
2024;Santos;BRSSZ;Público;Cabotagem;1513522;9753636;2024-11-09 05:30:00;09/11/2024 11:33;09/11/2024 11:33;11/11/2024 19:10;Granel Líquido e Gasoso;Produtos Químicos Orgânicos;1;;6:03:00;0,25;45;3,2
2024;Santos;BRSSZ;Público;Cabotagem;1513639;9448322;2024-11-09 08:00:00;11/11/2024 16:20;11/11/2024 18:24;12/11/2024 17:45;Granel Líquido e Gasoso;Petróleo E Derivados (Sem Óleo Bruto);1;;56:20:00;2,35;45;3,2
2024;Santos;BRSSZ;Público;Longo Curso;1513638;9543782;2024-11-09 16:55:00;16/11/2024 03:45;16/11/2024 09:31;18/11/2024 17:00;Granel Sólido;Milho;1;;154:50:00;6,45;45;3,2
2024;Santos;BRSSZ;Público;Cabotagem;1513641;9457713;2024-11-10 02:00:00;12/11/2024 21:35;13/11/2024 01:18;14/11/2024 17:50;Granel Líquido e Gasoso;Petróleo E Derivados (Sem Óleo Bruto);1;;67:35:00;2,82;45;3,2
2024;Santos;BRSSZ;Público;Longo Curso;1513629;9773143;2024-11-10 04:10:00;10/11/2024 05:15;10/11/2024 05:35;11/11/2024 08:45;Granel Líquido e Gasoso;Produtos Químicos Orgânicos;1;;1:05:00;0,05;45;3,2
2024;Santos;BRSSZ;Público;Longo Curso;1513537;9493145;2024-11-10 13:15:00;11/11/2024 12:40;11/11/2024 12:40;12/11/2024 22:00;Granel Líquido e Gasoso;Petróleo E Derivados (Sem Óleo Bruto);1;;23:25:00;0,98;45;3,2
2024;Santos;BRSSZ;Público;Longo Curso;1513537;9493145;2024-11-10 13:15:00;11/11/2024 12:40;11/11/2024 12:40;12/11/2024 22:00;Granel Líquido e Gasoso;Produtos Químicos Orgânicos;1;;23:25:00;0,98;45;3,2
2024;Santos;BRSSZ;Público;Cabotagem;1513633;9413523;2024-11-10 16:00:00;14/11/2024 22:18;15/11/2024 01:06;17/11/2024 10:22;Granel Líquido e Gasoso;Petróleo E Derivados (Sem Óleo Bruto);1;;102:18:00;4,26;45;3,2
2024;Santos;BRSSZ;Público;Cabotagem;1513640;9431305;2024-11-10 18:30:00;12/11/2024 22:26;13/11/2024 03:12;14/11/2024 18:48;Granel Líquido e Gasoso;Petróleo E Derivados (Sem Óleo Bruto);1;;51:56:00;2,16;45;3,2
2024;Santos;BRSSZ;Público;Longo Curso;1513480;9301720;2024-11-10 19:30:00;15/11/2024 18:15;16/11/2024 00:42;17/11/2024 14:45;Granel Sólido;Açúcar;1;;118:45:00;4,95;45;3,2
2024;Santos;BRSSZ;Público;Longo Curso;1513548;9590814;2024-11-11 01:30:00;11/11/2024 02:40;11/11/2024 04:30;12/11/2024 02:10;Granel Sólido;Açúcar;1;;1:10:00;0,05;46;3,0
2024;Santos;BRSSZ;Público;Longo Curso;1513624;9646699;2024-11-11 07:00:00;19/11/2024 14:20;19/11/2024 14:20;21/11/2024 11:20;Granel Sólido;Adubos (Fertilizantes);1;;199:20:00;8,31;46;3,0
2024;Santos;BRSSZ;Público;Longo Curso;1513501;9735452;2024-11-11 08:00:00;11/11/2024 08:25;11/11/2024 08:30;16/11/2024 17:00;Granel Líquido e Gasoso;Preparações De Frutas;1;;0:25:00;0,02;46;3,0
2024;Santos;BRSSZ;Público;Longo Curso;1513561;9773143;2024-11-11 08:45:00;11/11/2024 09:25;11/11/2024 13:39;12/11/2024 22:45;Granel Líquido e Gasoso;Plásticos E Suas Obras;1;;0:40:00;0,03;46;3,0
2024;Santos;BRSSZ;Público;Longo Curso;1513561;9773143;2024-11-11 08:45:00;11/11/2024 09:25;11/11/2024 13:39;12/11/2024 22:45;Granel Líquido e Gasoso;Produtos Químicos Inorgânicos;1;;0:40:00;0,03;46;3,0
2024;Santos;BRSSZ;Público;Longo Curso;1513632;9624031;2024-11-11 09:00:00;15/11/2024 18:15;16/11/2024 02:50;20/11/2024 14:35;Granel Sólido;Resíduos Da Extração Do Óleo De Soja;1;;105:15:00;4,39;46;3,0
2024;Santos;BRSSZ;Público;Longo Curso;1513507;9719549;2024-11-11 21:24:00;12/11/2024 22:10;12/11/2024 22:10;16/11/2024 17:55;Granel Sólido;Milho;1;;24:46:00;1,03;46;3,0
2024;Santos;BRSSZ;Público;Longo Curso;1513620;9762596;2024-11-12 05:45:00;12/11/2024 06:50;12/11/2024 09:30;14/11/2024 02:05;Granel Sólido;Açúcar;1;;1:05:00;0,05;46;3,0
2024;Santos;BRSSZ;Público;Longo Curso;1513643;9477531;2024-11-12 07:35:00;12/11/2024 14:10;12/11/2024 14:10;15/11/2024 12:22;Granel Líquido e Gasoso;Produtos Químicos Orgânicos;1;;6:35:00;0,27;46;3,0
2024;Santos;BRSSZ;Público;Cabotagem;1516029;9453638;2024-11-12 10:00:00;22/11/2024 08:53;22/11/2024 11:30;24/11/2024 02:00;Granel Líquido e Gasoso;Petróleo E Derivados (Sem Óleo Bruto);1;;238:53:00;9,95;46;3,0
2024;Santos;BRSSZ;Público;Longo Curso;1513504;9805790;2024-11-12 14:30:00;18/11/2024 14:43;18/11/2024 20:37;21/11/2024 03:21;Granel Sólido;Milho;1;;144:13:00;6,01;46;3,0
2024;Santos;BRSSZ;Público;Longo Curso;1513646;9313058;2024-11-12 14:30:00;12/11/2024 18:15;12/11/2024 19:00;15/11/2024 13:20;Granel Sólido;Milho;1;;3:45:00;0,16;46;3,0
2024;Santos;BRSSZ;Público;Longo Curso;1513560;9969716;2024-11-13 02:00:00;17/11/2024 09:10;17/11/2024 11:25;19/11/2024 04:10;Granel Sólido;Açúcar;1;;103:10:00;4,3;46;3,0
2024;Santos;BRSSZ;Público;Longo Curso;1516026;9711420;2024-11-13 04:00:00;21/11/2024 15:59;21/11/2024 15:59;24/11/2024 20:02;Granel Sólido;Adubos (Fertilizantes);1;;203:59:00;8,5;46;3,0
2024;Santos;BRSSZ;Público;Longo Curso;1513506;9597654;2024-11-13 07:30:00;22/11/2024 20:40;22/11/2024 20:40;26/11/2024 08:10;Granel Sólido;Adubos (Fertilizantes);1;;229:10:00;9,55;46;3,0
2024;Santos;BRSSZ;Público;Longo Curso;1513490;9276688;2024-11-13 10:00:00;13/11/2024 17:13;13/11/2024 17:13;16/11/2024 16:06;Granel Líquido e Gasoso;Gorduras E Óleos Animais Ou Vegetais;1;;7:13:00;0,3;46;3,0
2024;Santos;BRSSZ;Público;Longo Curso;1513490;9276688;2024-11-13 10:00:00;13/11/2024 17:13;13/11/2024 17:13;16/11/2024 16:06;Granel Líquido e Gasoso;Óleo De Palma;1;;7:13:00;0,3;46;3,0
2024;Santos;BRSSZ;Público;Cabotagem;1513655;9416393;2024-11-13 11:06:00;14/11/2024 23:12;15/11/2024 04:54;16/11/2024 18:48;Granel Líquido e Gasoso;Petróleo E Derivados (Sem Óleo Bruto);1;;36:06:00;1,5;46;3,0
2024;Santos;BRSSZ;Público;Longo Curso;1513630;9595852;2024-11-13 12:30:00;17/11/2024 01:25;17/11/2024 03:00;18/11/2024 07:40;Granel Sólido;Resíduos Da Extração Do Óleo De Soja;1;;84:55:00;3,54;46;3,0
2024;Santos;BRSSZ;Público;Longo Curso;1513635;9605841;2024-11-13 17:00:00;15/11/2024 19:00;16/11/2024 02:10;18/11/2024 12:25;Granel Sólido;Milho;1;;50:00:00;2,08;46;3,0
2024;Santos;BRSSZ;Público;Longo Curso;1513471;9282558;2024-11-13 19:06:00;13/11/2024 20:30;13/11/2024 20:30;17/11/2024 01:45;Granel Líquido e Gasoso;Petróleo E Derivados (Sem Óleo Bruto);1;;1:24:00;0,06;46;3,0
2024;Santos;BRSSZ;Público;Longo Curso;1513618;9942639;2024-11-13 20:05:00;13/11/2024 20:45;14/11/2024 00:30;16/11/2024 21:10;Granel Sólido;Milho;1;;0:40:00;0,03;46;3,0
2024;Santos;BRSSZ;Público;Longo Curso;1513650;9866782;2024-11-13 21:00:00;16/11/2024 17:16;16/11/2024 19:00;18/11/2024 07:15;Granel Líquido e Gasoso;Gorduras E Óleos Animais Ou Vegetais;1;;68:16:00;2,84;46;3,0
2024;Santos;BRSSZ;Público;Longo Curso;1513587;9474644;2024-11-14 04:00:00;14/11/2024 05:08;14/11/2024 07:25;15/11/2024 14:00;Granel Sólido;Açúcar;1;;1:08:00;0,05;46;3,0
2024;Santos;BRSSZ;Público;Cabotagem;1513656;9407392;2024-11-14 12:45:00;19/11/2024 17:00;19/11/2024 19:30;21/11/2024 04:30;Granel Líquido e Gasoso;Petróleo E Derivados (Sem Óleo Bruto);1;;124:15:00;5,18;46;3,0
2024;Santos;BRSSZ;Público;Longo Curso;1516023;9855355;2024-11-14 16:54:00;23/11/2024 01:00;23/11/2024 01:00;28/11/2024 20:30;Granel Sólido;Fosfatos De Cálcio Naturais;1;;200:06:00;8,34;46;3,0
2024;Santos;BRSSZ;Público;Cabotagem;1513649;9345893;2024-11-14 18:00:00;14/11/2024 22:30;14/11/2024 22:30;17/11/2024 01:02;Granel Líquido e Gasoso;Soda Cáustica;1;;4:30:00;0,19;46;3,0
2024;Santos;BRSSZ;Público;Longo Curso;1513511;9799630;2024-11-14 20:40:00;14/11/2024 21:05;15/11/2024 01:00;16/11/2024 19:15;Granel Sólido;Adubos (Fertilizantes);1;;0:25:00;0,02;46;3,0
2024;Santos;BRSSZ;Público;Longo Curso;1513565;9082623;2024-11-14 23:50:00;20/11/2024 21:50;20/11/2024 23:40;23/11/2024 14:40;Granel Sólido;Açúcar;1;;142:00:00;5,92;46;3,0
2024;Santos;BRSSZ;Público;Cabotagem;1513654;9431317;2024-11-15 09:42:00;16/11/2024 21:15;17/11/2024 02:36;18/11/2024 01:12;Granel Líquido e Gasoso;Petróleo E Derivados (Sem Óleo Bruto);1;;35:33:00;1,48;46;3,0
2024;Santos;BRSSZ;Público;Cabotagem;1513636;9492270;2024-11-15 11:50:00;21/11/2024 10:10;21/11/2024 13:00;24/11/2024 06:22;Granel Líquido e Gasoso;Petróleo E Derivados (Sem Óleo Bruto);1;;142:20:00;5,93;46;3,0
2024;Santos;BRSSZ;Público;Longo Curso;1513570;9714721;2024-11-15 15:00:00;15/11/2024 16:00;15/11/2024 17:40;17/11/2024 05:10;Granel Sólido;Açúcar;1;;1:00:00;0,04;46;3,0
2024;Santos;BRSSZ;Público;Longo Curso;1513621;9847372;2024-11-15 17:30:00;21/11/2024 10:10;21/11/2024 10:10;24/11/2024 23:10;Granel Sólido;Milho;1;;136:40:00;5,69;46;3,0
2024;Santos;BRSSZ;Público;Longo Curso;1516004;1027354;2024-11-15 18:00:00;25/11/2024 19:50;25/11/2024 19:50;30/11/2024 10:00;Carga Geral;Pasta De Celulose;1;;241:50:00;10,08;46;3,0
2024;Santos;BRSSZ;Público;Longo Curso;1513516;9998030;2024-11-15 19:00:00;15/11/2024 19:45;16/11/2024 01:00;18/11/2024 15:35;Carga Geral;Pasta De Celulose;1;;0:45:00;0,03;46;3,0
2024;Santos;BRSSZ;Público;Cabotagem;1513665;9828156;2024-11-15 22:00:00;17/11/2024 14:00;17/11/2024 16:12;19/11/2024 15:20;Granel Líquido e Gasoso;Petróleo E Derivados (Sem Óleo Bruto);1;;40:00:00;1,67;46;3,0
2024;Santos;BRSSZ;Público;Longo Curso;1513523;9825001;2024-11-16 07:12:00;16/11/2024 21:00;17/11/2024 01:20;19/11/2024 03:10;Carga Geral;Pasta De Celulose;1;;13:48:00;0,57;46;3,0
2024;Santos;BRSSZ;Público;Cabotagem;1513597;9555307;2024-11-16 10:30:00;18/11/2024 03:00;18/11/2024 05:00;19/11/2024 17:50;Granel Líquido e Gasoso;Petróleo E Derivados (Sem Óleo Bruto);1;;40:30:00;1,69;46;3,0
2024;Santos;BRSSZ;Público;Longo Curso;1523010;9710799;2024-11-16 12:14:00;28/11/2024 17:00;28/11/2024 17:00;01/12/2024 04:10;Granel Sólido;Milho;1;;292:46:00;12,2;46;3,0
2024;Santos;BRSSZ;Público;Cabotagem;1513663;9391361;2024-11-16 16:30:00;19/11/2024 21:55;20/11/2024 00:30;22/11/2024 04:55;Granel Líquido e Gasoso;Petróleo E Derivados (Sem Óleo Bruto);1;;77:25:00;3,23;46;3,0
2024;Santos;BRSSZ;Público;Longo Curso;1513590;9489974;2024-11-16 17:00:00;16/11/2024 17:55;16/11/2024 19:00;19/11/2024 15:15;Granel Sólido;Trigo;1;;0:55:00;0,04;46;3,0
2024;Santos;BRSSZ;Público;Longo Curso;1513493;9976460;2024-11-16 17:15:00;19/11/2024 09:20;19/11/2024 11:12;22/11/2024 21:10;Carga Geral;Pasta De Celulose;1;;64:05:00;2,67;46;3,0
2024;Santos;BRSSZ;Público;Longo Curso;1513645;9580118;2024-11-16 17:30:00;19/11/2024 21:55;20/11/2024 00:01;21/11/2024 01:35;Granel Sólido;Açúcar;1;;76:25:00;3,18;46;3,0
2024;Santos;BRSSZ;Público;Longo Curso;1523035;9853890;2024-11-16 19:00:00;28/11/2024 13:55;28/11/2024 13:55;01/12/2024 04:50;Granel Sólido;Resíduos Da Extração Do Óleo De Soja;1;;282:55:00;11,79;46;3,0
2024;Santos;BRSSZ;Público;Longo Curso;1513545;9799630;2024-11-16 19:15:00;16/11/2024 19:40;17/11/2024 01:00;18/11/2024 15:45;Granel Sólido;Adubos (Fertilizantes);1;;0:25:00;0,02;46;3,0
2024;Santos;BRSSZ;Público;Longo Curso;1516027;9942093;2024-11-17 01:20:00;19/11/2024 22:12;20/11/2024 03:00;23/11/2024 22:00;Granel Sólido;Adubos (Fertilizantes);1;;68:52:00;2,87;46;3,0
2024;Santos;BRSSZ;Público;Longo Curso;1513644;9282558;2024-11-17 01:45:00;17/11/2024 02:27;17/11/2024 02:55;18/11/2024 17:10;Granel Líquido e Gasoso;Petróleo E Derivados (Sem Óleo Bruto);1;;0:42:00;0,03;46;3,0
2024;Santos;BRSSZ;Público;Longo Curso;1513664;9748722;2024-11-17 06:00:00;18/11/2024 00:12;18/11/2024 00:15;19/11/2024 09:45;Carga Geral;Pasta De Celulose;1;;18:12:00;0,76;46;3,0
2024;Santos;BRSSZ;Público;Longo Curso;1513539;9716004;2024-11-17 07:30:00;17/11/2024 09:00;17/11/2024 09:00;20/11/2024 18:45;Granel Líquido e Gasoso;Petróleo E Derivados (Sem Óleo Bruto);1;;1:30:00;0,06;46;3,0
2024;Santos;BRSSZ;Público;Longo Curso;1513539;9716004;2024-11-17 07:30:00;17/11/2024 09:00;17/11/2024 09:00;20/11/2024 18:45;Granel Líquido e Gasoso;Produtos Diversos Da Indústria Química;1;;1:30:00;0,06;46;3,0
2024;Santos;BRSSZ;Público;Longo Curso;1513539;9716004;2024-11-17 07:30:00;17/11/2024 09:00;17/11/2024 09:00;20/11/2024 18:45;Granel Líquido e Gasoso;Produtos Químicos Orgânicos;1;;1:30:00;0,06;46;3,0
2024;Santos;BRSSZ;Público;Longo Curso;1516024;9700665;2024-11-17 12:00:00;26/11/2024 00:10;26/11/2024 01:00;27/11/2024 13:15;Granel Sólido;Adubos (Fertilizantes);1;;204:10:00;8,51;46;3,0
2024;Santos;BRSSZ;Público;Longo Curso;1513566;9493145;2024-11-17 13:30:00;17/11/2024 14:35;17/11/2024 14:54;19/11/2024 10:42;Granel Líquido e Gasoso;Produtos Químicos Inorgânicos;1;;1:05:00;0,05;46;3,0
2024;Santos;BRSSZ;Público;Longo Curso;1513566;9493145;2024-11-17 13:30:00;17/11/2024 14:35;17/11/2024 14:54;19/11/2024 10:42;Granel Líquido e Gasoso;Produtos Químicos Orgânicos;1;;1:05:00;0,05;46;3,0
2024;Santos;BRSSZ;Público;Longo Curso;1513666;9956410;2024-11-17 13:30:00;21/11/2024 15:05;21/11/2024 15:05;22/11/2024 15:20;Granel Líquido e Gasoso;Gorduras E Óleos Animais Ou Vegetais;1;;97:35:00;4,07;46;3,0
2024;Santos;BRSSZ;Público;Longo Curso;1513571;9456446;2024-11-17 14:00:00;21/11/2024 11:40;21/11/2024 14:11;22/11/2024 16:08;Granel Sólido;Açúcar;1;;93:40:00;3,9;46;3,0
2024;Santos;BRSSZ;Público;Longo Curso;1513576;9423932;2024-11-17 17:00:00;17/11/2024 18:05;17/11/2024 20:12;18/11/2024 11:20;Granel Sólido;Açúcar;1;;1:05:00;0,05;46;3,0
2024;Santos;BRSSZ;Público;Longo Curso;1523009;9502764;2024-11-17 17:00:00;26/11/2024 22:45;26/11/2024 22:45;01/12/2024 11:50;Granel Sólido;Adubos (Fertilizantes);1;;221:45:00;9,24;46;3,0
2024;Santos;BRSSZ;Público;Longo Curso;1513558;9729922;2024-11-17 17:30:00;19/11/2024 16:40;19/11/2024 19:00;25/11/2024 17:10;Granel Sólido;Trigo;1;;47:10:00;1,97;46;3,0
2024;Santos;BRSSZ;Público;Longo Curso;1513498;9657789;2024-11-17 23:36:00;22/11/2024 20:19;22/11/2024 21:53;25/11/2024 07:43;Granel Sólido;Açúcar;1;;116:43:00;4,86;46;3,0
2024;Santos;BRSSZ;Público;Cabotagem;1513544;9416836;2024-11-18 00:30:00;19/11/2024 14:00;19/11/2024 20:50;21/11/2024 12:29;Granel Líquido e Gasoso;Petróleo E Derivados (Sem Óleo Bruto);1;;37:30:00;1,56;47;2,19
2024;Santos;BRSSZ;Público;Longo Curso;1513524;9828223;2024-11-18 14:45:00;19/11/2024 03:12;19/11/2024 03:12;21/11/2024 12:55;Granel Líquido e Gasoso;Plásticos E Suas Obras;1;;12:27:00;0,52;47;2,19
2024;Santos;BRSSZ;Público;Longo Curso;1513524;9828223;2024-11-18 14:45:00;19/11/2024 03:12;19/11/2024 03:12;21/11/2024 12:55;Granel Líquido e Gasoso;Produtos Químicos Orgânicos;1;;12:27:00;0,52;47;2,19
2024;Santos;BRSSZ;Público;Longo Curso;1513568;9951783;2024-11-18 15:00:00;18/11/2024 16:00;18/11/2024 18:20;19/11/2024 18:45;Granel Sólido;Açúcar;1;;1:00:00;0,04;47;2,19
2024;Santos;BRSSZ;Público;Longo Curso;1513532;9657777;2024-11-18 16:00:00;18/11/2024 20:05;18/11/2024 22:00;23/11/2024 21:40;Granel Sólido;Adubos (Fertilizantes);1;;4:05:00;0,17;47;2,19
2024;Santos;BRSSZ;Público;Longo Curso;1513536;9522908;2024-11-18 19:00:00;18/11/2024 20:00;18/11/2024 20:10;20/11/2024 16:16;Granel Sólido;Adubos (Fertilizantes);1;;1:00:00;0,04;47;2,19
2024;Santos;BRSSZ;Público;Longo Curso;1513651;9460734;2024-11-19 06:15:00;19/11/2024 15:10;19/11/2024 17:50;21/11/2024 17:10;Granel Sólido;Milho;1;;8:55:00;0,37;47;2,19
2024;Santos;BRSSZ;Público;Longo Curso;1516033;9494137;2024-11-19 08:15:00;26/11/2024 16:15;26/11/2024 18:35;28/11/2024 17:10;Granel Sólido;Milho;1;;176:00:00;7,33;47;2,19
2024;Santos;BRSSZ;Público;Longo Curso;1513647;9725873;2024-11-19 13:20:00;20/11/2024 21:53;21/11/2024 01:30;22/11/2024 03:05;Granel Líquido e Gasoso;Produtos Químicos Inorgânicos;1;;32:33:00;1,36;47;2,19
2024;Santos;BRSSZ;Público;Longo Curso;1513657;9700354;2024-11-19 17:00:00;23/11/2024 16:35;23/11/2024 18:40;24/11/2024 22:40;Granel Sólido;Açúcar;1;;95:35:00;3,98;47;2,19
2024;Santos;BRSSZ;Público;Longo Curso;1516013;9827463;2024-11-20 05:24:00;22/11/2024 04:15;22/11/2024 04:15;23/11/2024 15:22;Granel Líquido e Gasoso;Petróleo E Derivados (Sem Óleo Bruto);1;;46:51:00;1,95;47;2,19
2024;Santos;BRSSZ;Público;Longo Curso;1516013;9827463;2024-11-20 05:24:00;22/11/2024 04:15;22/11/2024 04:15;23/11/2024 15:22;Granel Líquido e Gasoso;Produtos Diversos Da Indústria Química;1;;46:51:00;1,95;47;2,19
2024;Santos;BRSSZ;Público;Longo Curso;1516013;9827463;2024-11-20 05:24:00;22/11/2024 04:15;22/11/2024 04:15;23/11/2024 15:22;Granel Líquido e Gasoso;Produtos Químicos Orgânicos;1;;46:51:00;1,95;47;2,19
2024;Santos;BRSSZ;Público;Longo Curso;1516030;9398656;2024-11-20 09:30:00;25/11/2024 17:05;25/11/2024 17:05;28/11/2024 14:40;Granel Sólido;Resíduos Da Extração Do Óleo De Soja;1;;127:35:00;5,32;47;2,19
2024;Santos;BRSSZ;Público;Longo Curso;1513521;9522908;2024-11-20 16:16:00;20/11/2024 17:10;20/11/2024 19:00;25/11/2024 12:08;Granel Sólido;Adubos (Fertilizantes);1;;0:54:00;0,04;47;2,19
2024;Santos;BRSSZ;Público;Longo Curso;1513653;9716004;2024-11-20 18:45:00;20/11/2024 19:20;20/11/2024 19:20;21/11/2024 11:50;Granel Líquido e Gasoso;Produtos Químicos Orgânicos;1;;0:35:00;0,02;47;2,19
2024;Santos;BRSSZ;Público;Cabotagem;1516037;9416393;2024-11-20 20:24:00;24/11/2024 10:33;24/11/2024 13:36;26/11/2024 20:48;Granel Líquido e Gasoso;Petróleo E Derivados (Sem Óleo Bruto);1;;86:09:00;3,59;47;2,19
2024;Santos;BRSSZ;Público;Cabotagem;1513517;9753636;2024-11-21 04:00:00;21/11/2024 15:05;21/11/2024 15:05;24/11/2024 13:11;Granel Líquido e Gasoso;Combustíveis, Óleos E Produtos Minerais;1;;11:05:00;0,46;47;2,19
2024;Santos;BRSSZ;Público;Cabotagem;1513517;9753636;2024-11-21 04:00:00;21/11/2024 15:05;21/11/2024 15:05;24/11/2024 13:11;Granel Líquido e Gasoso;Etanol Combustível;1;;11:05:00;0,46;47;2,19
2024;Santos;BRSSZ;Público;Cabotagem;1513517;9753636;2024-11-21 04:00:00;21/11/2024 15:05;21/11/2024 15:05;24/11/2024 13:11;Granel Líquido e Gasoso;Petróleo E Derivados (Sem Óleo Bruto);1;;11:05:00;0,46;47;2,19
2024;Santos;BRSSZ;Público;Cabotagem;1513517;9753636;2024-11-21 04:00:00;21/11/2024 15:05;21/11/2024 15:05;24/11/2024 13:11;Granel Líquido e Gasoso;Produtos Químicos Orgânicos;1;;11:05:00;0,46;47;2,19
2024;Santos;BRSSZ;Público;Longo Curso;1513485;9828223;2024-11-21 12:55:00;21/11/2024 13:40;21/11/2024 14:00;24/11/2024 19:00;Granel Líquido e Gasoso;Produtos Químicos Orgânicos;1;;0:45:00;0,03;47;2,19
2024;Santos;BRSSZ;Público;Cabotagem;1516034;9413523;2024-11-21 14:30:00;26/11/2024 21:50;27/11/2024 00:30;30/11/2024 02:50;Granel Líquido e Gasoso;Petróleo E Derivados (Sem Óleo Bruto);1;;127:20:00;5,31;47;2,19
2024;Santos;BRSSZ;Público;Longo Curso;1513658;9913028;2024-11-21 16:00:00;22/11/2024 14:10;22/11/2024 17:41;26/11/2024 10:15;Granel Sólido;Resíduos Da Extração Do Óleo De Soja;1;;22:10:00;0,92;47;2,19
2024;Santos;BRSSZ;Público;Cabotagem;1523049;9400801;2024-11-21 23:18:00;05/12/2024 03:12;05/12/2024 04:12;06/12/2024 21:45;Granel Líquido e Gasoso;Petróleo E Derivados (Sem Óleo Bruto);1;;315:54:00;13,16;47;2,19
2024;Santos;BRSSZ;Público;Longo Curso;1516011;9387279;2024-11-22 06:06:00;23/11/2024 16:50;23/11/2024 16:50;26/11/2024 16:45;Granel Líquido e Gasoso;Petróleo E Derivados (Sem Óleo Bruto);1;;34:44:00;1,45;47;2,19
2024;Santos;BRSSZ;Público;Longo Curso;1523681;9476290;2024-11-22 13:00:00;29/11/2024 22:15;30/11/2024 01:00;01/12/2024 08:40;Granel Sólido;Açúcar;1;;177:15:00;7,39;47;2,19
2024;Santos;BRSSZ;Público;Longo Curso;1516032;9128051;2024-11-22 13:40:00;26/11/2024 16:08;26/11/2024 16:08;30/11/2024 03:45;Carga Geral;Adubos (Fertilizantes);1;;98:28:00;4,1;47;2,19
2024;Santos;BRSSZ;Público;Longo Curso;1513482;9114232;2024-11-22 17:25:00;22/11/2024 18:30;22/11/2024 18:30;25/11/2024 07:58;Granel Líquido e Gasoso;Sabões, Ceras, Velas E Massas;1;;1:05:00;0,05;47;2,19
2024;Santos;BRSSZ;Público;Longo Curso;1513482;9114232;2024-11-22 17:25:00;22/11/2024 18:30;22/11/2024 18:30;25/11/2024 07:58;Granel Líquido e Gasoso;Produtos Químicos Orgânicos;1;;1:05:00;0,05;47;2,19
2024;Santos;BRSSZ;Público;Longo Curso;1513482;9114232;2024-11-22 17:25:00;22/11/2024 18:30;22/11/2024 18:30;25/11/2024 07:58;Granel Líquido e Gasoso;Produtos Diversos Da Indústria Química;1;;1:05:00;0,05;47;2,19
2024;Santos;BRSSZ;Público;Longo Curso;1513482;9114232;2024-11-22 17:25:00;22/11/2024 18:30;22/11/2024 18:30;25/11/2024 07:58;Granel Líquido e Gasoso;Petróleo E Derivados (Sem Óleo Bruto);1;;1:05:00;0,05;47;2,19
2024;Santos;BRSSZ;Público;Longo Curso;1513482;9114232;2024-11-22 17:25:00;22/11/2024 18:30;22/11/2024 18:30;25/11/2024 07:58;Granel Líquido e Gasoso;Combustíveis, Óleos E Produtos Minerais;1;;1:05:00;0,05;47;2,19
2024;Santos;BRSSZ;Público;Longo Curso;1522954;9643300;2024-11-22 17:30:00;29/11/2024 22:37;30/11/2024 00:10;03/12/2024 04:45;Granel Sólido;Milho;1;;173:07:00;7,21;47;2,19
2024;Santos;BRSSZ;Público;Cabotagem;1523060;9555307;2024-11-23 13:18:00;02/12/2024 21:25;02/12/2024 22:30;04/12/2024 23:15;Granel Líquido e Gasoso;Petróleo E Derivados (Sem Óleo Bruto);1;;224:07:00;9,34;47;2,19
2024;Santos;BRSSZ;Público;Longo Curso;1516036;9641352;2024-11-23 13:20:00;27/11/2024 18:25;27/11/2024 19:50;29/11/2024 18:14;Granel Sólido;Açúcar;1;;101:05:00;4,21;47;2,19
2024;Santos;BRSSZ;Público;Longo Curso;1516008;9354258;2024-11-23 23:00:00;25/11/2024 11:12;25/11/2024 11:12;28/11/2024 10:33;Granel Líquido e Gasoso;Petróleo E Derivados (Sem Óleo Bruto);1;;36:12:00;1,51;47;2,19
2024;Santos;BRSSZ;Público;Longo Curso;1523043;9766188;2024-11-23 23:00:00;25/11/2024 17:55;25/11/2024 20:04;02/12/2024 17:25;Granel Sólido;Trigo;1;;42:55:00;1,79;47;2,19
2024;Santos;BRSSZ;Público;Cabotagem;1516028;9711494;2024-11-24 02:31:00;24/11/2024 03:55;24/11/2024 05:30;26/11/2024 08:17;Granel Líquido e Gasoso;Gás De Petróleo;1;;1:24:00;0,06;47;2,19
2024;Santos;BRSSZ;Público;Longo Curso;1516038;9520819;2024-11-24 08:00:00;26/11/2024 17:20;26/11/2024 20:00;28/11/2024 04:30;Granel Sólido;Açúcar;1;;57:20:00;2,39;47;2,19
2024;Santos;BRSSZ;Público;Cabotagem;1523054;9070565;2024-11-24 10:00:00;28/11/2024 20:15;29/11/2024 13:00;06/12/2024 08:10;Granel Sólido;Sal;1;;106:15:00;4,43;47;2,19
2024;Santos;BRSSZ;Público;Longo Curso;1513572;9491836;2024-11-24 17:00:00;24/11/2024 18:21;24/11/2024 18:25;27/11/2024 21:11;Granel Líquido e Gasoso;Preparações De Frutas;1;;1:21:00;0,06;47;2,19
2024;Santos;BRSSZ;Público;Longo Curso;1516014;9976044;2024-11-24 20:00:00;24/11/2024 21:35;25/11/2024 07:15;25/11/2024 14:55;Carga Geral;Pasta De Celulose;1;;1:35:00;0,07;47;2,19
2024;Santos;BRSSZ;Público;Longo Curso;1523039;9711420;2024-11-24 20:02:00;24/11/2024 20:38;25/11/2024 01:00;02/12/2024 17:00;Granel Sólido;Adubos (Fertilizantes);1;;0:36:00;0,03;47;2,19
2024;Santos;BRSSZ;Público;Longo Curso;1516017;9215256;2024-11-25 01:57:00;25/11/2024 03:30;25/11/2024 03:50;27/11/2024 18:45;Granel Líquido e Gasoso;Adubos (Fertilizantes);1;;1:33:00;0,06;48;2,86
2024;Santos;BRSSZ;Público;Longo Curso;1516017;9215256;2024-11-25 01:57:00;25/11/2024 03:30;25/11/2024 03:50;27/11/2024 18:45;Granel Líquido e Gasoso;Soda Cáustica;1;;1:33:00;0,06;48;2,86
2024;Santos;BRSSZ;Público;Longo Curso;1513662;9909998;2024-11-25 02:09:00;25/11/2024 03:10;25/11/2024 07:25;26/11/2024 11:20;Granel Sólido;Açúcar;1;;1:01:00;0,04;48;2,86
2024;Santos;BRSSZ;Público;Longo Curso;1513563;9114232;2024-11-25 07:58:00;25/11/2024 08:50;25/11/2024 09:06;26/11/2024 10:00;Granel Líquido e Gasoso;Produtos Químicos Orgânicos;1;;0:52:00;0,04;48;2,86
2024;Santos;BRSSZ;Público;Cabotagem;1523044;9448322;2024-11-25 09:00:00;30/11/2024 06:36;30/11/2024 08:00;01/12/2024 04:50;Granel Líquido e Gasoso;Petróleo E Derivados (Sem Óleo Bruto);1;;117:36:00;4,9;48;2,86
2024;Santos;BRSSZ;Público;Cabotagem;1516021;9489900;2024-11-25 10:30:00;26/11/2024 10:15;26/11/2024 13:00;28/11/2024 05:00;Granel Líquido e Gasoso;Petróleo E Derivados (Sem Óleo Bruto);1;;23:45:00;0,99;48;2,86
2024;Santos;BRSSZ;Público;Longo Curso;1516006;9552812;2024-11-25 11:00:00;25/11/2024 16:30;25/11/2024 21:35;30/11/2024 01:15;Granel Sólido;Milho;1;;5:30:00;0,23;48;2,86
2024;Santos;BRSSZ;Público;Longo Curso;1516020;9976044;2024-11-25 14:55:00;25/11/2024 15:20;25/11/2024 15:30;26/11/2024 22:10;Carga Geral;Pasta De Celulose;1;;0:25:00;0,02;48;2,86
2024;Santos;BRSSZ;Público;Longo Curso;1523053;9634634;2024-11-25 21:18:00;02/12/2024 20:50;03/12/2024 01:00;11/12/2024 09:05;Granel Sólido;Trigo;1;;167:32:00;6,98;48;2,86
2024;Santos;BRSSZ;Público;Longo Curso;1522979;9577068;2024-11-26 03:30:00;07/12/2024 04:15;07/12/2024 04:15;10/12/2024 08:00;Granel Líquido e Gasoso;Petróleo E Derivados (Sem Óleo Bruto);1;;264:45:00;11,03;48;2,86
2024;Santos;BRSSZ;Público;Longo Curso;1516035;9885910;2024-11-26 15:00:00;26/11/2024 15:55;26/11/2024 17:55;27/11/2024 23:39;Granel Sólido;Açúcar;1;;0:55:00;0,04;48;2,86
2024;Santos;BRSSZ;Público;Longo Curso;1522970;9153056;2024-11-26 17:00:00;28/11/2024 03:10;28/11/2024 03:10;02/12/2024 21:40;Granel Sólido;Milho;1;;34:10:00;1,42;48;2,86
2024;Santos;BRSSZ;Público;Longo Curso;1523056;9763693;2024-11-26 19:06:00;08/12/2024 17:43;08/12/2024 17:43;22/12/2024 19:05;Granel Sólido;Adubos (Fertilizantes);1;;286:37:00;11,94;48;2,86
2024;Santos;BRSSZ;Público;Longo Curso;1522958;9663740;2024-11-26 20:54:00;28/11/2024 03:52;28/11/2024 03:57;01/12/2024 04:12;Granel Líquido e Gasoso;Preparações De Frutas;1;;30:58:00;1,29;48;2,86
2024;Santos;BRSSZ;Público;Cabotagem;1523013;9492270;2024-11-26 22:40:00;30/11/2024 01:00;30/11/2024 03:30;05/12/2024 08:10;Granel Líquido e Gasoso;Petróleo E Derivados (Sem Óleo Bruto);1;;74:20:00;3,1;48;2,86
2024;Santos;BRSSZ;Público;Longo Curso;1523057;9799630;2024-11-27 09:18:00;01/12/2024 11:05;01/12/2024 13:40;02/12/2024 15:50;Granel Sólido;Açúcar;1;;97:47:00;4,07;48;2,86
2024;Santos;BRSSZ;Público;Longo Curso;1522997;9682849;2024-11-27 12:10:00;08/12/2024 14:00;08/12/2024 14:00;12/12/2024 20:15;Granel Sólido;Resíduos Da Extração Do Óleo De Soja;1;;265:50:00;11,08;48;2,86
2024;Santos;BRSSZ;Público;Longo Curso;1516040;9900095;2024-11-28 00:36:00;28/11/2024 19:40;28/11/2024 22:25;29/11/2024 19:00;Granel Sólido;Milho;1;;19:04:00;0,79;48;2,86
2024;Santos;BRSSZ;Público;Longo Curso;1522952;9503782;2024-11-28 05:12:00;03/12/2024 00:45;03/12/2024 00:45;08/12/2024 08:40;Granel Sólido;Milho;1;;115:33:00;4,81;48;2,86
2024;Santos;BRSSZ;Público;Longo Curso;1522995;9659787;2024-11-28 06:15:00;28/11/2024 09:13;28/11/2024 09:13;06/12/2024 08:41;Granel Sólido;Adubos (Fertilizantes);1;;2:58:00;0,12;48;2,86
2024;Santos;BRSSZ;Público;Longo Curso;1523059;9619529;2024-11-28 06:50:00;05/12/2024 08:30;05/12/2024 08:30;08/12/2024 09:10;Granel Sólido;Resíduos Da Extração Do Óleo De Soja;1;;169:40:00;7,07;48;2,86
2024;Santos;BRSSZ;Público;Longo Curso;1522949;9338565;2024-11-28 08:30:00;28/11/2024 10:30;28/11/2024 10:30;12/12/2024 01:55;Granel Sólido;Trigo;1;;2:00:00;0,08;48;2,86
2024;Santos;BRSSZ;Público;Longo Curso;1523055;9286566;2024-11-28 12:48:00;30/11/2024 11:55;30/11/2024 14:08;02/12/2024 04:45;Granel Sólido;Resíduos Da Extração Do Óleo De Soja;1;;47:07:00;1,96;48;2,86
2024;Santos;BRSSZ;Público;Cabotagem;1516039;9431317;2024-11-28 21:00:00;28/11/2024 22:35;29/11/2024 02:12;29/11/2024 23:13;Granel Líquido e Gasoso;Petróleo E Derivados (Sem Óleo Bruto);1;;1:35:00;0,07;48;2,86
2024;Santos;BRSSZ;Público;Longo Curso;1523032;9905629;2024-11-29 06:48:00;06/12/2024 15:40;06/12/2024 19:00;13/12/2024 04:05;Granel Sólido;Adubos (Fertilizantes);1;;176:52:00;7,37;48;2,86
2024;Santos;BRSSZ;Público;Cabotagem;1523083;9829409;2024-11-29 07:00:00;11/12/2024 22:12;11/12/2024 23:06;14/12/2024 18:15;Granel Líquido e Gasoso;Petróleo E Derivados (Sem Óleo Bruto);1;;303:12:00;12,63;48;2,86
2024;Santos;BRSSZ;Público;Longo Curso;1523064;9593842;2024-11-29 08:00:00;30/11/2024 00:45;30/11/2024 04:40;02/12/2024 04:55;Granel Sólido;Milho;1;;16:45:00;0,7;48;2,86
2024;Santos;BRSSZ;Público;Longo Curso;1522951;9976422;2024-11-29 15:18:00;30/11/2024 11:40;30/11/2024 13:00;02/12/2024 22:10;Carga Geral;Pasta De Celulose;1;;20:22:00;0,85;48;2,86
2024;Santos;BRSSZ;Público;Longo Curso;1523037;9855355;2024-11-29 22:00:00;29/11/2024 22:50;29/11/2024 22:51;03/12/2024 13:30;Granel Sólido;Fosfatos De Cálcio Naturais;1;;0:50:00;0,03;48;2,86
2024;Santos;BRSSZ;Público;Cabotagem;1523075;9391361;2024-11-30 01:24:00;10/12/2024 09:50;10/12/2024 13:48;11/12/2024 20:02;Granel Líquido e Gasoso;Petróleo E Derivados (Sem Óleo Bruto);1;;248:26:00;10,35;48;2,86
2024;Santos;BRSSZ;Público;Longo Curso;1523077;9511167;2024-11-30 06:00:00;30/11/2024 07:34;30/11/2024 19:00;01/12/2024 10:40;Granel Líquido e Gasoso;Etanol Combustível;1;;1:34:00;0,07;48;2,86
2024;Santos;BRSSZ;Público;Longo Curso;1522986;9762900;2024-11-30 09:00:00;02/12/2024 01:45;02/12/2024 07:00;05/12/2024 22:15;Carga Geral;Açúcar;1;;40:45:00;1,7;48;2,86
2024;Santos;BRSSZ;Público;Longo Curso;1522947;9349320;2024-11-30 12:00:00;05/12/2024 21:40;06/12/2024 00:43;07/12/2024 11:01;Granel Sólido;Açúcar;1;;129:40:00;5,4;48;2,86
2024;Santos;BRSSZ;Público;Longo Curso;1522989;9739317;2024-11-30 15:00:00;30/11/2024 23:05;30/11/2024 23:05;03/12/2024 09:35;Granel Líquido e Gasoso;Plásticos E Suas Obras;1;;8:05:00;0,34;48;2,86
2024;Santos;BRSSZ;Público;Longo Curso;1522989;9739317;2024-11-30 15:00:00;30/11/2024 23:05;30/11/2024 23:05;03/12/2024 09:35;Granel Líquido e Gasoso;Produtos Químicos Orgânicos;1;;8:05:00;0,34;48;2,86
2024;Santos;BRSSZ;Público;Longo Curso;1522966;9514327;2024-11-30 16:00:00;03/12/2024 07:35;03/12/2024 11:08;05/12/2024 18:45;Granel Sólido;Açúcar;1;;63:35:00;2,65;48;2,86
2024;Santos;BRSSZ;Público;Longo Curso;1522980;9998054;2024-12-01 01:18:00;02/12/2024 21:10;02/12/2024 21:10;08/12/2024 14:10;Carga Geral;Pasta De Celulose;1;;43:52:00;1,83;48;2,86
2024;Santos;BRSSZ;Público;Longo Curso;1523036;9853890;2024-12-01 04:50:00;01/12/2024 05:15;01/12/2024 05:15;05/12/2024 08:05;Granel Sólido;Resíduos Da Extração Do Óleo De Soja;1;;0:25:00;0,02;48;2,86
2024;Santos;BRSSZ;Público;Cabotagem;1523041;9711494;2024-12-01 07:30:00;01/12/2024 08:46;01/12/2024 15:30;02/12/2024 02:00;Granel Líquido e Gasoso;Gás De Petróleo;1;;1:16:00;0,05;48;2,86
2024;Santos;BRSSZ;Público;Longo Curso;1523070;9336878;2024-12-01 10:30:00;02/12/2024 08:25;02/12/2024 11:37;07/12/2024 05:25;Granel Sólido;Milho;1;;21:55:00;0,91;48;2,86
2024;Santos;BRSSZ;Público;Longo Curso;1523078;9511167;2024-12-01 10:40:00;01/12/2024 11:21;01/12/2024 11:35;03/12/2024 09:05;Granel Líquido e Gasoso;Produtos Químicos Orgânicos;1;;0:41:00;0,03;48;2,86
2024;Santos;BRSSZ;Público;Longo Curso;1523042;9568495;2024-12-02 03:00:00;02/12/2024 09:55;02/12/2024 14:00;04/12/2024 09:55;Granel Líquido e Gasoso;Produtos Químicos Orgânicos;1;;6:55:00;0,29;49;2,84
2024;Santos;BRSSZ;Público;Longo Curso;1522978;9975193;2024-12-02 04:30:00;02/12/2024 10:12;02/12/2024 10:12;06/12/2024 18:38;Granel Sólido;Produtos Químicos Inorgânicos;1;;5:42:00;0,24;49;2,84
2024;Santos;BRSSZ;Público;Longo Curso;1523063;9554183;2024-12-02 07:30:00;02/12/2024 11:30;02/12/2024 18:10;07/12/2024 06:45;Granel Sólido;Milho;1;;4:00:00;0,17;49;2,84
2024;Santos;BRSSZ;Público;Longo Curso;1523045;9317705;2024-12-02 08:30:00;02/12/2024 15:15;02/12/2024 15:15;04/12/2024 14:30;Granel Sólido;Adubos (Fertilizantes);1;;6:45:00;0,28;49;2,84
2024;Santos;BRSSZ;Público;Cabotagem;1523085;9424039;2024-12-02 14:00:00;02/12/2024 14:44;02/12/2024 14:44;04/12/2024 13:37;Granel Líquido e Gasoso;Soda Cáustica;1;;0:44:00;0,03;49;2,84
2024;Santos;BRSSZ;Público;Longo Curso;1523033;9292773;2024-12-03 01:36:00;06/12/2024 23:00;07/12/2024 04:48;08/12/2024 05:15;Granel Líquido e Gasoso;Gás De Petróleo;1;;93:24:00;3,89;49;2,84
2024;Santos;BRSSZ;Público;Longo Curso;1522990;9739317;2024-12-03 09:35:00;03/12/2024 10:15;03/12/2024 10:50;05/12/2024 04:10;Granel Líquido e Gasoso;Produtos Químicos Orgânicos;1;;0:40:00;0,03;49;2,84
2024;Santos;BRSSZ;Público;Longo Curso;1522961;9644524;2024-12-03 10:00:00;03/12/2024 18:40;03/12/2024 19:00;06/12/2024 16:47;Carga Geral;Pasta De Celulose;1;;8:40:00;0,36;49;2,84
2024;Santos;BRSSZ;Público;Cabotagem;1523087;9489924;2024-12-03 13:30:00;08/12/2024 07:05;08/12/2024 08:30;10/12/2024 11:12;Granel Líquido e Gasoso;Petróleo E Derivados (Sem Óleo Bruto);1;;113:35:00;4,73;49;2,84
2024;Santos;BRSSZ;Público;Longo Curso;1523079;9386251;2024-12-03 15:12:00;16/12/2024 08:30;16/12/2024 08:30;19/12/2024 04:45;Granel Sólido;Resíduos Da Extração Do Óleo De Soja;1;;305:18:00;12,72;49;2,84
2024;Santos;BRSSZ;Público;Cabotagem;1522988;9753636;2024-12-04 05:15:00;04/12/2024 16:55;04/12/2024 16:55;07/12/2024 23:41;Granel Líquido e Gasoso;Combustíveis, Óleos E Produtos Minerais;1;;11:40:00;0,49;49;2,84
2024;Santos;BRSSZ;Público;Cabotagem;1522988;9753636;2024-12-04 05:15:00;04/12/2024 16:55;04/12/2024 16:55;07/12/2024 23:41;Granel Líquido e Gasoso;Etanol Combustível;1;;11:40:00;0,49;49;2,84
2024;Santos;BRSSZ;Público;Cabotagem;1522988;9753636;2024-12-04 05:15:00;04/12/2024 16:55;04/12/2024 16:55;07/12/2024 23:41;Granel Líquido e Gasoso;Produtos Químicos Orgânicos;1;;11:40:00;0,49;49;2,84
2024;Santos;BRSSZ;Público;Longo Curso;1523018;9222510;2024-12-04 12:36:00;19/12/2024 04:05;19/12/2024 06:45;23/12/2024 14:05;Granel Sólido;Açúcar;1;;351:29:00;14,65;49;2,84
2024;Santos;BRSSZ;Público;Longo Curso;1523001;9401788;2024-12-04 15:00:00;04/12/2024 22:40;04/12/2024 22:45;06/12/2024 02:07;Carga Geral;Pasta De Celulose;1;;7:40:00;0,32;49;2,84
2024;Santos;BRSSZ;Público;Longo Curso;1523086;9936276;2024-12-04 17:00:00;13/12/2024 02:50;13/12/2024 02:50;16/12/2024 06:15;Granel Sólido;Resíduos Da Extração Do Óleo De Soja;1;;201:50:00;8,41;49;2,84
2024;Santos;BRSSZ;Público;Cabotagem;1523090;9797266;2024-12-04 17:00:00;05/12/2024 11:25;05/12/2024 13:00;06/12/2024 18:52;Granel Líquido e Gasoso;Petróleo E Derivados (Sem Óleo Bruto);1;;18:25:00;0,77;49;2,84
2024;Santos;BRSSZ;Público;Longo Curso;1522999;9790646;2024-12-04 20:55:00;04/12/2024 22:20;04/12/2024 22:20;07/12/2024 13:07;Granel Líquido e Gasoso;Etanol Combustível;1;;1:25:00;0,06;49;2,84
2024;Santos;BRSSZ;Público;Longo Curso;1522999;9790646;2024-12-04 20:55:00;04/12/2024 22:20;04/12/2024 22:20;07/12/2024 13:07;Granel Líquido e Gasoso;Gorduras E Óleos Animais Ou Vegetais;1;;1:25:00;0,06;49;2,84
2024;Santos;BRSSZ;Público;Longo Curso;1523074;9310721;2024-12-05 06:40:00;11/12/2024 11:40;11/12/2024 13:00;17/12/2024 18:15;Granel Sólido;Trigo;1;;149:00:00;6,21;49;2,84
2024;Santos;BRSSZ;Público;Longo Curso;1523016;9913626;2024-12-05 10:00:00;05/12/2024 12:20;05/12/2024 12:20;09/12/2024 00:30;Granel Líquido e Gasoso;Soda Cáustica;1;;2:20:00;0,1;49;2,84
2024;Santos;BRSSZ;Público;Longo Curso;1522971;9214317;2024-12-05 15:00:00;05/12/2024 15:55;05/12/2024 15:55;08/12/2024 03:05;Granel Líquido e Gasoso;Produtos Químicos Orgânicos;1;;0:55:00;0,04;49;2,84
2024;Santos;BRSSZ;Público;Longo Curso;1522938;9764063;2024-12-05 17:30:00;06/12/2024 22:30;06/12/2024 22:30;20/12/2024 07:45;Granel Sólido;Adubos (Fertilizantes);1;;29:00:00;1,21;49;2,84
2024;Santos;BRSSZ;Público;Longo Curso;1523065;9936771;2024-12-05 21:06:00;11/12/2024 17:55;11/12/2024 21:40;14/12/2024 03:00;Granel Sólido;Açúcar;1;;140:49:00;5,87;49;2,84
2024;Santos;BRSSZ;Público;Longo Curso;1523000;9232151;2024-12-06 06:00:00;16/12/2024 13:00;16/12/2024 13:00;19/12/2024 01:25;Granel Sólido;Adubos (Fertilizantes);1;;247:00:00;10,29;49;2,84
2024;Santos;BRSSZ;Público;Cabotagem;1523088;9413523;2024-12-06 09:00:00;10/12/2024 12:05;10/12/2024 15:58;12/12/2024 11:43;Granel Líquido e Gasoso;Petróleo E Derivados (Sem Óleo Bruto);1;;99:05:00;4,13;49;2,84
2024;Santos;BRSSZ;Público;Longo Curso;1523092;9117741;2024-12-06 11:12:00;06/12/2024 22:15;07/12/2024 01:00;07/12/2024 20:10;Carga Geral;Pasta De Celulose;1;;11:03:00;0,46;49;2,84
2024;Santos;BRSSZ;Público;Longo Curso;1523040;9951771;2024-12-06 11:40:00;06/12/2024 12:40;06/12/2024 13:00;13/12/2024 20:10;Granel Sólido;Adubos (Fertilizantes);1;;1:00:00;0,04;49;2,84
2024;Santos;BRSSZ;Público;Longo Curso;1523011;9317705;2024-12-06 14:00:00;06/12/2024 14:35;06/12/2024 19:00;17/12/2024 10:10;Granel Sólido;Adubos (Fertilizantes);1;;0:35:00;0,02;49;2,84
2024;Santos;BRSSZ;Público;Longo Curso;1523073;9809394;2024-12-06 15:29:00;08/12/2024 02:38;08/12/2024 03:10;10/12/2024 15:17;Granel Líquido e Gasoso;Etanol Combustível;1;;35:09:00;1,46;49;2,84
2024;Santos;BRSSZ;Público;Longo Curso;1523017;9956850;2024-12-07 06:24:00;09/12/2024 20:30;09/12/2024 23:30;12/12/2024 20:50;Granel Sólido;Milho;1;;62:06:00;2,59;49;2,84
2024;Santos;BRSSZ;Público;Longo Curso;1523052;9418456;2024-12-07 08:30:00;07/12/2024 09:15;07/12/2024 12:01;12/12/2024 22:35;Granel Sólido;Milho;1;;0:45:00;0,03;49;2,84
2024;Santos;BRSSZ;Público;Longo Curso;1522967;9520819;2024-12-07 15:00:00;07/12/2024 15:40;07/12/2024 17:14;08/12/2024 15:00;Granel Sólido;Açúcar;1;;0:40:00;0,03;49;2,84
2024;Santos;BRSSZ;Público;Longo Curso;1523679;9586693;2024-12-07 22:43:00;19/12/2024 08:25;19/12/2024 08:25;30/12/2024 05:17;Granel Sólido;Adubos (Fertilizantes);1;;273:42:00;11,4;49;2,84
2024;Santos;BRSSZ;Público;Longo Curso;1523019;9593787;2024-12-08 01:31:00;15/12/2024 07:35;15/12/2024 10:36;18/12/2024 08:10;Granel Sólido;Milho;1;;174:04:00;7,25;49;2,84
2024;Santos;BRSSZ;Público;Longo Curso;1523019;9593787;2024-12-08 01:31:00;15/12/2024 07:35;15/12/2024 10:36;18/12/2024 08:10;Granel Sólido;Resíduos Da Extração Do Óleo De Soja;1;;174:04:00;7,25;49;2,84
2024;Santos;BRSSZ;Público;Longo Curso;1523021;9507788;2024-12-08 05:06:00;08/12/2024 18:40;09/12/2024 00:15;11/12/2024 17:10;Granel Sólido;Açúcar;1;;13:34:00;0,57;49;2,84
2024;Santos;BRSSZ;Público;Longo Curso;1522962;9613288;2024-12-08 08:00:00;09/12/2024 02:30;09/12/2024 07:00;11/12/2024 19:05;Carga Geral;Pasta De Celulose;1;;18:30:00;0,77;49;2,84
2024;Santos;BRSSZ;Público;Longo Curso;1522955;9900095;2024-12-08 14:00:00;08/12/2024 14:10;08/12/2024 14:40;11/12/2024 18:35;Granel Sólido;Milho;1;;0:10:00;0,01;49;2,84
2024;Santos;BRSSZ;Público;Cabotagem;1523106;9448322;2024-12-08 14:20:00;12/12/2024 14:54;12/12/2024 16:24;15/12/2024 00:25;Granel Líquido e Gasoso;Petróleo E Derivados (Sem Óleo Bruto);1;;96:34:00;4,02;49;2,84
2024;Santos;BRSSZ;Público;Longo Curso;1522973;9858618;2024-12-08 17:00:00;08/12/2024 17:30;08/12/2024 22:50;11/12/2024 22:45;Granel Sólido;Açúcar;1;;0:30:00;0,02;49;2,84
2024;Santos;BRSSZ;Público;Longo Curso;1523014;9224025;2024-12-08 17:30:00;17/12/2024 18:00;18/12/2024 01:00;19/12/2024 16:35;Granel Sólido;Açúcar;1;;216:30:00;9,02;49;2,84
2024;Santos;BRSSZ;Público;Longo Curso;1523084;9958896;2024-12-08 18:12:00;09/12/2024 13:54;09/12/2024 20:15;18/12/2024 00:45;Granel Sólido;Sal;1;;19:42:00;0,82;49;2,84
2024;Santos;BRSSZ;Público;Cabotagem;1523093;9255828;2024-12-09 01:40:00;09/12/2024 02:55;09/12/2024 03:18;11/12/2024 02:35;Granel Líquido e Gasoso;Etanol Combustível;1;;1:15:00;0,05;50;2,84
2024;Santos;BRSSZ;Público;Longo Curso;1522987;9762900;2024-12-09 02:45:00;09/12/2024 03:24;09/12/2024 07:00;12/12/2024 05:53;Carga Geral;Açúcar;1;;0:39:00;0,03;50;2,84
2024;Santos;BRSSZ;Público;Longo Curso;1523109;9917488;2024-12-10 00:01:00;14/12/2024 15:10;14/12/2024 23:45;16/12/2024 19:05;Granel Sólido;Milho;1;;111:09:00;4,63;50;2,84
2024;Santos;BRSSZ;Público;Longo Curso;1523091;9956410;2024-12-10 00:01:00;10/12/2024 17:30;10/12/2024 21:05;13/12/2024 12:20;Granel Líquido e Gasoso;Gorduras E Óleos Animais Ou Vegetais;1;;17:29:00;0,73;50;2,84
2024;Santos;BRSSZ;Público;Longo Curso;1522959;9214317;2024-12-10 00:55:00;10/12/2024 02:00;10/12/2024 02:00;15/12/2024 23:15;Granel Líquido e Gasoso;Produtos Químicos Orgânicos;1;;1:05:00;0,05;50;2,84
2024;Santos;BRSSZ;Público;Longo Curso;1522959;9214317;2024-12-10 00:55:00;10/12/2024 02:00;10/12/2024 02:00;15/12/2024 23:15;Granel Líquido e Gasoso;Plásticos E Suas Obras;1;;1:05:00;0,05;50;2,84
2024;Santos;BRSSZ;Público;Longo Curso;1522959;9214317;2024-12-10 00:55:00;10/12/2024 02:00;10/12/2024 02:00;15/12/2024 23:15;Granel Líquido e Gasoso;Produtos Diversos Da Indústria Química;1;;1:05:00;0,05;50;2,84
2024;Santos;BRSSZ;Público;Longo Curso;1522959;9214317;2024-12-10 00:55:00;10/12/2024 02:00;10/12/2024 02:00;15/12/2024 23:15;Granel Líquido e Gasoso;Combustíveis, Óleos E Produtos Minerais;1;;1:05:00;0,05;50;2,84
2024;Santos;BRSSZ;Público;Longo Curso;1522959;9214317;2024-12-10 00:55:00;10/12/2024 02:00;10/12/2024 02:00;15/12/2024 23:15;Granel Líquido e Gasoso;Petróleo E Derivados (Sem Óleo Bruto);1;;1:05:00;0,05;50;2,84
2024;Santos;BRSSZ;Público;Cabotagem;1523112;9453638;2024-12-10 02:30:00;15/12/2024 03:45;15/12/2024 06:00;17/12/2024 09:55;Granel Líquido e Gasoso;Petróleo E Derivados (Sem Óleo Bruto);1;;121:15:00;5,05;50;2,84
2024;Santos;BRSSZ;Público;Longo Curso;1523102;9268980;2024-12-10 10:12:00;21/12/2024 22:15;22/12/2024 02:28;26/12/2024 18:00;Granel Sólido;Milho;1;;276:03:00;11,5;50;2,84
2024;Santos;BRSSZ;Público;Longo Curso;1522998;9809394;2024-12-10 15:17:00;10/12/2024 16:15;11/12/2024 11:20;13/12/2024 08:10;Granel Líquido e Gasoso;Etanol Combustível;1;;0:58:00;0,04;50;2,84
2024;Santos;BRSSZ;Público;Longo Curso;1523104;9214305;2024-12-10 16:00:00;13/12/2024 10:50;13/12/2024 20:00;16/12/2024 15:45;Granel Líquido e Gasoso;Etanol Combustível;1;;66:50:00;2,78;50;2,84
2024;Santos;BRSSZ;Público;Longo Curso;1523027;9619866;2024-12-10 17:00:00;26/12/2024 22:55;27/12/2024 01:00;29/12/2024 22:10;Granel Sólido;Resíduos Da Extração Do Óleo De Soja;1;;389:55:00;16,25;50;2,84
2024;Santos;BRSSZ;Público;Longo Curso;1523027;9619866;2024-12-10 17:00:00;26/12/2024 22:55;27/12/2024 01:00;29/12/2024 22:10;Granel Sólido;Milho;1;;389:55:00;16,25;50;2,84
2024;Santos;BRSSZ;Público;Cabotagem;1523061;9660358;2024-12-10 17:00:00;14/12/2024 23:20;15/12/2024 01:42;18/12/2024 11:15;Granel Líquido e Gasoso;Petróleo E Derivados (Sem Óleo Bruto);1;;102:20:00;4,26;50;2,84
2024;Santos;BRSSZ;Público;Longo Curso;1522975;9503990;2024-12-10 22:30:00;12/12/2024 01:18;12/12/2024 03:10;13/12/2024 12:05;Granel Sólido;Açúcar;1;;26:48:00;1,12;50;2,84
2024;Santos;BRSSZ;Público;Longo Curso;1523110;9975301;2024-12-11 05:00:00;11/12/2024 06:13;11/12/2024 06:42;14/12/2024 23:16;Granel Líquido e Gasoso;Produtos Químicos Orgânicos;1;;1:13:00;0,05;50;2,84
2024;Santos;BRSSZ;Público;Longo Curso;1522968;9389930;2024-12-11 05:35:00;17/12/2024 12:30;17/12/2024 15:04;18/12/2024 21:12;Granel Sólido;Açúcar;1;;150:55:00;6,29;50;2,84
2024;Santos;BRSSZ;Público;Cabotagem;1523107;9580182;2024-12-12 01:00:00;21/12/2024 02:50;21/12/2024 09:36;22/12/2024 08:45;Granel Líquido e Gasoso;Gás De Petróleo;1;;217:50:00;9,08;50;2,84
2024;Santos;BRSSZ;Público;Cabotagem;1523114;9492270;2024-12-12 09:30:00;18/12/2024 21:30;19/12/2024 01:00;23/12/2024 14:16;Granel Líquido e Gasoso;Petróleo E Derivados (Sem Óleo Bruto);1;;156:00:00;6,5;50;2,84
2024;Santos;BRSSZ;Público;Longo Curso;1523004;9274329;2024-12-12 13:00:00;13/12/2024 16:38;13/12/2024 16:38;14/12/2024 18:51;Granel Líquido e Gasoso;Produtos Químicos Orgânicos;1;;27:38:00;1,15;50;2,84
2024;Santos;BRSSZ;Público;Longo Curso;1523675;9577757;2024-12-12 14:00:00;13/12/2024 02:12;13/12/2024 02:15;21/12/2024 00:01;Granel Sólido;Adubos (Fertilizantes);1;;12:12:00;0,51;50;2,84
2024;Santos;BRSSZ;Público;Longo Curso;1522972;9959761;2024-12-12 22:34:00;14/12/2024 00:50;14/12/2024 02:40;17/12/2024 09:20;Granel Sólido;Milho;1;;26:16:00;1,09;50;2,84
2024;Santos;BRSSZ;Público;Longo Curso;1523048;9659787;2024-12-13 01:00:00;13/12/2024 02:20;13/12/2024 04:45;14/12/2024 12:20;Granel Sólido;Açúcar;1;;1:20:00;0,06;50;2,84
2024;Santos;BRSSZ;Público;Longo Curso;1522981;9779032;2024-12-13 07:00:00;14/12/2024 00:43;14/12/2024 01:00;19/12/2024 05:13;Granel Sólido;Adubos (Fertilizantes);1;;17:43:00;0,74;50;2,84
2024;Santos;BRSSZ;Público;Longo Curso;1523038;9700665;2024-12-13 08:00:00;13/12/2024 08:27;13/12/2024 13:00;16/12/2024 12:06;Granel Sólido;Adubos (Fertilizantes);1;;0:27:00;0,02;50;2,84
2024;Santos;BRSSZ;Público;Longo Curso;1523069;9709324;2024-12-13 08:00:00;18/12/2024 10:40;18/12/2024 14:15;21/12/2024 17:10;Granel Sólido;Preparações Alimentícias Diversas;1;;122:40:00;5,11;50;2,84
2024;Santos;BRSSZ;Público;Cabotagem;1523111;9143221;2024-12-13 22:55:00;14/12/2024 22:32;14/12/2024 22:32;17/12/2024 09:35;Granel Líquido e Gasoso;Soda Cáustica;1;;23:37:00;0,98;50;2,84
2024;Santos;BRSSZ;Público;Longo Curso;1523050;9890630;2024-12-14 05:15:00;14/12/2024 06:20;14/12/2024 08:30;15/12/2024 12:10;Granel Sólido;Açúcar;1;;1:05:00;0,05;50;2,84
2024;Santos;BRSSZ;Público;Cabotagem;1523089;9797254;2024-12-14 07:10:00;15/12/2024 03:20;15/12/2024 17:45;17/12/2024 13:15;Granel Líquido e Gasoso;Petróleo E Derivados (Sem Óleo Bruto);1;;20:10:00;0,84;50;2,84
2024;Santos;BRSSZ;Público;Longo Curso;1522956;9837640;2024-12-15 02:45:00;15/12/2024 03:25;15/12/2024 03:25;17/12/2024 08:40;Carga Geral;Pasta De Celulose;1;;0:40:00;0,03;50;2,84
2024;Santos;BRSSZ;Público;Longo Curso;1523116;9960150;2024-12-15 07:00:00;20/12/2024 17:50;20/12/2024 19:00;25/12/2024 07:50;Granel Sólido;Resíduos Da Extração Do Óleo De Soja;1;;130:50:00;5,45;50;2,84
2024;Santos;BRSSZ;Público;Longo Curso;1522982;9573969;2024-12-15 08:00:00;15/12/2024 09:25;15/12/2024 09:25;25/12/2024 09:47;Granel Sólido;Trigo;1;;1:25:00;0,06;50;2,84
2024;Santos;BRSSZ;Público;Longo Curso;1522996;9956915;2024-12-15 09:30:00;17/12/2024 12:15;17/12/2024 12:15;19/12/2024 23:40;Granel Líquido e Gasoso;Petróleo E Derivados (Sem Óleo Bruto);1;;50:45:00;2,11;50;2,84
2024;Santos;BRSSZ;Público;Longo Curso;1522996;9956915;2024-12-15 09:30:00;17/12/2024 12:15;17/12/2024 12:15;19/12/2024 23:40;Granel Líquido e Gasoso;Produtos Químicos Orgânicos;1;;50:45:00;2,11;50;2,84
2024;Santos;BRSSZ;Público;Longo Curso;1523101;9553206;2024-12-15 14:00:00;15/12/2024 15:20;15/12/2024 17:30;17/12/2024 13:00;Granel Sólido;Açúcar;1;;1:20:00;0,06;50;2,84
2024;Santos;BRSSZ;Público;Longo Curso;1523005;9274329;2024-12-16 01:30:00;16/12/2024 02:55;16/12/2024 13:00;19/12/2024 05:45;Granel Líquido e Gasoso;Plásticos E Suas Obras;1;;1:25:00;0,06;51;2,65
2024;Santos;BRSSZ;Público;Longo Curso;1523005;9274329;2024-12-16 01:30:00;16/12/2024 02:55;16/12/2024 13:00;19/12/2024 05:45;Granel Líquido e Gasoso;Produtos Químicos Orgânicos;1;;1:25:00;0,06;51;2,65
2024;Santos;BRSSZ;Público;Longo Curso;1522948;9574858;2024-12-16 10:00:00;16/12/2024 10:28;16/12/2024 13:00;20/12/2024 23:10;Carga Geral;Pasta De Celulose;1;;0:28:00;0,02;51;2,65
2024;Santos;BRSSZ;Público;Longo Curso;1522953;9619804;2024-12-16 10:36:00;16/12/2024 18:45;16/12/2024 18:45;19/12/2024 21:50;Granel Sólido;Milho;1;;8:09:00;0,34;51;2,65
2024;Santos;BRSSZ;Público;Longo Curso;1537860;9496331;2024-12-16 11:00:00;30/12/2024 08:40;30/12/2024 08:40;10/01/2025 18:41;Granel Sólido;Adubos (Fertilizantes);1;;333:40:00;13,9;51;2,65
2024;Santos;BRSSZ;Público;Longo Curso;1523115;9255799;2024-12-16 18:12:00;20/12/2024 10:20;21/12/2024 01:55;21/12/2024 18:12;Granel Líquido e Gasoso;Etanol Combustível;1;;88:08:00;3,67;51;2,65
2024;Santos;BRSSZ;Público;Longo Curso;1523108;9255799;2024-12-16 18:12:00;17/12/2024 21:10;17/12/2024 21:10;20/12/2024 10:20;Granel Líquido e Gasoso;Soda Cáustica;1;;26:58:00;1,12;51;2,65
2024;Santos;BRSSZ;Público;Longo Curso;1523113;9514406;2024-12-16 20:44:00;16/12/2024 21:50;17/12/2024 00:40;19/12/2024 01:10;Granel Sólido;Açúcar;1;;1:06:00;0,05;51;2,65
2024;Santos;BRSSZ;Público;Longo Curso;1523024;9790658;2024-12-17 03:24:00;17/12/2024 07:45;17/12/2024 07:45;18/12/2024 12:00;Granel Líquido e Gasoso;Combustíveis, Óleos E Produtos Minerais;1;;4:21:00;0,18;51;2,65
2024;Santos;BRSSZ;Público;Longo Curso;1523024;9790658;2024-12-17 03:24:00;17/12/2024 07:45;17/12/2024 07:45;18/12/2024 12:00;Granel Líquido e Gasoso;Petróleo E Derivados (Sem Óleo Bruto);1;;4:21:00;0,18;51;2,65
2024;Santos;BRSSZ;Público;Longo Curso;1522957;9872183;2024-12-17 08:30:00;17/12/2024 09:25;17/12/2024 09:25;19/12/2024 12:35;Carga Geral;Pasta De Celulose;1;;0:55:00;0,04;51;2,65
2024;Santos;BRSSZ;Público;Longo Curso;1523665;9644184;2024-12-17 12:15:00;19/12/2024 20:35;20/12/2024 01:00;21/12/2024 22:06;Granel Sólido;Açúcar;1;;56:20:00;2,35;51;2,65
2024;Santos;BRSSZ;Público;Longo Curso;1523100;9638159;2024-12-17 16:00:00;17/12/2024 21:05;17/12/2024 21:10;20/12/2024 13:30;Granel Líquido e Gasoso;Preparações De Frutas;1;;5:05:00;0,21;51;2,65
2024;Santos;BRSSZ;Público;Longo Curso;1523003;9393010;2024-12-17 17:30:00;18/12/2024 15:40;18/12/2024 19:10;21/12/2024 19:05;Granel Líquido e Gasoso;Produtos Químicos Orgânicos;1;;22:10:00;0,92;51;2,65
2024;Santos;BRSSZ;Público;Longo Curso;1523003;9393010;2024-12-17 17:30:00;18/12/2024 15:40;18/12/2024 19:10;21/12/2024 19:05;Granel Líquido e Gasoso;Produtos Químicos Inorgânicos;1;;22:10:00;0,92;51;2,65
2024;Santos;BRSSZ;Público;Longo Curso;1523003;9393010;2024-12-17 17:30:00;18/12/2024 15:40;18/12/2024 19:10;21/12/2024 19:05;Granel Líquido e Gasoso;Combustíveis, Óleos E Produtos Minerais;1;;22:10:00;0,92;51;2,65
2024;Santos;BRSSZ;Público;Cabotagem;1523122;9407407;2024-12-18 07:00:00;22/12/2024 10:50;22/12/2024 14:12;26/12/2024 04:20;Granel Líquido e Gasoso;Petróleo E Derivados (Sem Óleo Bruto);1;;99:50:00;4,16;51;2,65
2024;Santos;BRSSZ;Público;Cabotagem;1522976;9753636;2024-12-18 21:00:00;21/12/2024 16:56;21/12/2024 16:56;25/12/2024 23:28;Granel Líquido e Gasoso;Combustíveis, Óleos E Produtos Minerais;1;;67:56:00;2,83;51;2,65
2024;Santos;BRSSZ;Público;Cabotagem;1522976;9753636;2024-12-18 21:00:00;21/12/2024 16:56;21/12/2024 16:56;25/12/2024 23:28;Granel Líquido e Gasoso;Etanol Combustível;1;;67:56:00;2,83;51;2,65
2024;Santos;BRSSZ;Público;Cabotagem;1522976;9753636;2024-12-18 21:00:00;21/12/2024 16:56;21/12/2024 16:56;25/12/2024 23:28;Granel Líquido e Gasoso;Petróleo E Derivados (Sem Óleo Bruto);1;;67:56:00;2,83;51;2,65
2024;Santos;BRSSZ;Público;Cabotagem;1522976;9753636;2024-12-18 21:00:00;21/12/2024 16:56;21/12/2024 16:56;25/12/2024 23:28;Granel Líquido e Gasoso;Produtos Químicos Orgânicos;1;;67:56:00;2,83;51;2,65
2024;Santos;BRSSZ;Público;Longo Curso;1537937;9580106;2024-12-19 01:30:00;27/12/2024 14:02;27/12/2024 14:02;03/01/2025 22:10;Granel Sólido;Adubos (Fertilizantes);1;;204:32:00;8,52;51;2,65
2024;Santos;BRSSZ;Público;Longo Curso;1523682;9911721;2024-12-19 04:11:00;19/12/2024 05:15;19/12/2024 07:00;31/12/2024 18:45;Granel Sólido;Adubos (Fertilizantes);1;;1:04:00;0,04;51;2,65
2024;Santos;BRSSZ;Público;Cabotagem;1523103;9431317;2024-12-19 09:00:00;19/12/2024 11:40;19/12/2024 19:00;20/12/2024 22:20;Granel Líquido e Gasoso;Petróleo E Derivados (Sem Óleo Bruto);1;;2:40:00;0,11;51;2,65
2024;Santos;BRSSZ;Público;Longo Curso;1537935;9909039;2024-12-19 14:00:00;30/12/2024 00:35;30/12/2024 02:03;01/01/2025 09:05;Granel Sólido;Resíduos Da Extração Do Óleo De Soja;1;;250:35:00;10,44;51;2,65
2024;Santos;BRSSZ;Público;Cabotagem;1523124;9407392;2024-12-19 17:00:00;23/12/2024 20:48;23/12/2024 22:15;25/12/2024 13:28;Granel Líquido e Gasoso;Petróleo E Derivados (Sem Óleo Bruto);1;;99:48:00;4,16;51;2,65
2024;Santos;BRSSZ;Público;Longo Curso;1523023;9628946;2024-12-19 18:30:00;19/12/2024 19:30;19/12/2024 23:40;22/12/2024 07:40;Granel Sólido;Açúcar;1;;1:00:00;0,04;51;2,65
2024;Santos;BRSSZ;Público;Longo Curso;1523030;9605645;2024-12-20 00:46:00;22/12/2024 08:50;22/12/2024 11:00;28/12/2024 01:52;Granel Sólido;Açúcar;1;;56:04:00;2,34;51;2,65
2024;Santos;BRSSZ;Público;Longo Curso;1523025;9790658;2024-12-20 02:30:00;20/12/2024 03:30;20/12/2024 03:54;21/12/2024 16:30;Granel Líquido e Gasoso;Produtos Químicos Orgânicos;1;;1:00:00;0,04;51;2,65
2024;Santos;BRSSZ;Público;Longo Curso;1522946;9976496;2024-12-20 07:00:00;21/12/2024 21:45;22/12/2024 01:00;29/12/2024 08:50;Carga Geral;Pasta De Celulose;1;;38:45:00;1,61;51;2,65
2024;Santos;BRSSZ;Público;Longo Curso;1537952;9374349;2024-12-20 09:00:00;31/12/2024 17:00;31/12/2024 18:40;02/01/2025 13:40;Granel Sólido;Açúcar;1;;272:00:00;11,33;51;2,65
2024;Santos;BRSSZ;Público;Longo Curso;1523002;9881653;2024-12-20 13:00:00;20/12/2024 14:25;20/12/2024 15:00;21/12/2024 19:15;Carga Geral;Pasta De Celulose;1;;1:25:00;0,06;51;2,65
2024;Santos;BRSSZ;Público;Longo Curso;1522991;9317406;2024-12-20 13:15:00;20/12/2024 14:10;20/12/2024 14:15;22/12/2024 18:35;Carga Geral;Pasta De Celulose;1;;0:55:00;0,04;51;2,65
2024;Santos;BRSSZ;Público;Longo Curso;1523007;9943384;2024-12-20 16:00:00;20/12/2024 17:35;20/12/2024 17:35;24/12/2024 17:50;Granel Líquido e Gasoso;Etanol Combustível;1;;1:35:00;0,07;51;2,65
2024;Santos;BRSSZ;Público;Longo Curso;1523121;9792010;2024-12-20 21:30:00;21/12/2024 21:45;22/12/2024 07:00;25/12/2024 09:40;Granel Líquido e Gasoso;Plásticos E Suas Obras;1;;24:15:00;1,01;51;2,65
2024;Santos;BRSSZ;Público;Longo Curso;1523685;9467976;2024-12-21 05:51:00;30/12/2024 08:45;30/12/2024 10:30;31/12/2024 13:15;Granel Sólido;Açúcar;1;;218:54:00;9,12;51;2,65
2024;Santos;BRSSZ;Público;Longo Curso;1523028;9254642;2024-12-21 08:48:00;21/12/2024 21:25;22/12/2024 01:12;22/12/2024 20:58;Carga Geral;Pasta De Celulose;1;;12:37:00;0,53;51;2,65
2024;Santos;BRSSZ;Público;Longo Curso;1537936;9699165;2024-12-21 10:24:00;02/01/2025 02:40;02/01/2025 02:40;04/01/2025 08:10;Granel Sólido;Resíduos Da Extração Do Óleo De Soja;1;;280:16:00;11,68;51;2,65
2024;Santos;BRSSZ;Público;Cabotagem;1523125;9448322;2024-12-21 14:24:00;25/12/2024 16:50;25/12/2024 19:00;26/12/2024 15:25;Granel Líquido e Gasoso;Petróleo E Derivados (Sem Óleo Bruto);1;;98:26:00;4,1;51;2,65
2024;Santos;BRSSZ;Público;Longo Curso;1523026;9393010;2024-12-21 19:05:00;21/12/2024 19:45;21/12/2024 20:00;23/12/2024 03:05;Granel Líquido e Gasoso;Petróleo E Derivados (Sem Óleo Bruto);1;;0:40:00;0,03;51;2,65
2024;Santos;BRSSZ;Público;Longo Curso;1523676;9976056;2024-12-21 21:30:00;22/12/2024 23:30;22/12/2024 23:35;24/12/2024 18:00;Carga Geral;Pasta De Celulose;1;;26:00:00;1,08;51;2,65
2024;Santos;BRSSZ;Público;Longo Curso;1523677;9952177;2024-12-21 23:18:00;23/12/2024 04:30;23/12/2024 05:00;25/12/2024 09:45;Granel Líquido e Gasoso;Etanol Combustível;1;;29:12:00;1,22;51;2,65
2024;Santos;BRSSZ;Público;Longo Curso;1523677;9952177;2024-12-21 23:18:00;23/12/2024 04:30;23/12/2024 05:00;25/12/2024 09:45;Granel Líquido e Gasoso;Produtos Químicos Orgânicos;1;;29:12:00;1,22;51;2,65
2024;Santos;BRSSZ;Público;Cabotagem;1537943;9127071;2024-12-22 10:48:00;01/01/2025 16:10;02/01/2025 01:00;04/01/2025 15:20;Granel Sólido;Sal;1;;245:22:00;10,22;51;2,65
2024;Santos;BRSSZ;Público;Longo Curso;1537878;9577757;2024-12-22 22:00:00;22/12/2024 22:35;23/12/2024 01:00;11/01/2025 09:11;Granel Sólido;Adubos (Fertilizantes);1;;0:35:00;0,02;51;2,65
2024;Santos;BRSSZ;Público;Longo Curso;1523117;9737591;2024-12-23 16:30:00;23/12/2024 17:30;23/12/2024 19:00;25/12/2024 16:30;Granel Sólido;Milho;1;;1:00:00;0,04;52;1,97
2024;Santos;BRSSZ;Público;Cabotagem;1537948;9660358;2024-12-23 19:30:00;26/12/2024 18:30;26/12/2024 20:30;01/01/2025 09:35;Granel Líquido e Gasoso;Petróleo E Derivados (Sem Óleo Bruto);1;;71:00:00;2,96;52;1,97
2024;Santos;BRSSZ;Público;Longo Curso;1523123;9737618;2024-12-23 20:12:00;28/12/2024 09:00;28/12/2024 12:15;30/12/2024 04:10;Granel Sólido;Açúcar;1;;108:48:00;4,53;52;1,97
2024;Santos;BRSSZ;Público;Longo Curso;1537944;9913327;2024-12-23 22:36:00;27/12/2024 14:55;27/12/2024 20:05;01/01/2025 18:55;Granel Sólido;Milho;1;;88:19:00;3,68;52;1,97
2024;Santos;BRSSZ;Público;Longo Curso;1523126;9836050;2024-12-24 11:30:00;26/12/2024 06:39;26/12/2024 08:00;27/12/2024 19:15;Granel Líquido e Gasoso;Petróleo E Derivados (Sem Óleo Bruto);1;;43:09:00;1,8;52;1,97
2024;Santos;BRSSZ;Público;Longo Curso;1523029;9230995;2024-12-24 12:00:00;24/12/2024 12:52;24/12/2024 13:00;27/12/2024 10:06;Granel Líquido e Gasoso;Preparações De Frutas;1;;0:52:00;0,04;52;1,97
2024;Santos;BRSSZ;Público;Longo Curso;1523680;9675602;2024-12-24 15:00:00;24/12/2024 16:15;24/12/2024 16:15;28/12/2024 17:15;Granel Sólido;Milho;1;;1:15:00;0,05;52;1,97
2024;Santos;BRSSZ;Público;Longo Curso;1537941;9300556;2024-12-25 00:01:00;04/01/2025 13:10;04/01/2025 15:30;07/01/2025 18:45;Granel Sólido;Milho;1;;253:09:00;10,55;52;1,97
2024;Santos;BRSSZ;Público;Longo Curso;1522993;9792010;2024-12-25 09:40:00;25/12/2024 10:35;25/12/2024 10:50;28/12/2024 02:39;Granel Líquido e Gasoso;Produtos Químicos Orgânicos;1;;0:55:00;0,04;52;1,97
2024;Santos;BRSSZ;Público;Longo Curso;1523668;9952177;2024-12-25 09:45:00;25/12/2024 10:35;25/12/2024 16:27;30/12/2024 01:14;Granel Líquido e Gasoso;Etanol Combustível;1;;0:50:00;0,03;52;1,97
2024;Santos;BRSSZ;Público;Longo Curso;1523668;9952177;2024-12-25 09:45:00;25/12/2024 10:35;25/12/2024 16:27;30/12/2024 01:14;Granel Líquido e Gasoso;Plásticos E Suas Obras;1;;0:50:00;0,03;52;1,97
2024;Santos;BRSSZ;Público;Longo Curso;1523668;9952177;2024-12-25 09:45:00;25/12/2024 10:35;25/12/2024 16:27;30/12/2024 01:14;Granel Líquido e Gasoso;Produtos Diversos Da Indústria Química;1;;0:50:00;0,03;52;1,97
2024;Santos;BRSSZ;Público;Longo Curso;1523668;9952177;2024-12-25 09:45:00;25/12/2024 10:35;25/12/2024 16:27;30/12/2024 01:14;Granel Líquido e Gasoso;Produtos Químicos Orgânicos;1;;0:50:00;0,03;52;1,97
2024;Santos;BRSSZ;Público;Longo Curso;1523118;9573969;2024-12-25 09:47:00;25/12/2024 10:30;25/12/2024 14:03;30/12/2024 00:50;Granel Sólido;Trigo;1;;0:43:00;0,03;52;1,97
2024;Santos;BRSSZ;Público;Longo Curso;1522992;9737591;2024-12-25 16:30:00;25/12/2024 17:00;25/12/2024 19:00;29/12/2024 03:32;Granel Sólido;Milho;1;;0:30:00;0,02;52;1,97
2024;Santos;BRSSZ;Público;Longo Curso;1537964;9413420;2024-12-26 08:53:00;09/01/2025 16:10;09/01/2025 19:00;14/01/2025 01:40;Granel Sólido;Resíduos Da Extração Do Óleo De Soja;1;;343:17:00;14,3;52;1,97
2024;Santos;BRSSZ;Público;Longo Curso;1523678;9242089;2024-12-26 10:30:00;27/12/2024 10:55;27/12/2024 11:03;30/12/2024 08:22;Granel Líquido e Gasoso;Preparações De Frutas;1;;24:25:00;1,02;52;1,97
2024;Santos;BRSSZ;Público;Longo Curso;1523686;9731743;2024-12-26 12:00:00;26/12/2024 14:45;26/12/2024 18:50;28/12/2024 19:30;Granel Líquido e Gasoso;Produtos Químicos Inorgânicos;1;;2:45:00;0,11;52;1,97
2024;Santos;BRSSZ;Público;Longo Curso;1523690;9377963;2024-12-27 11:03:00;27/12/2024 12:10;27/12/2024 13:00;29/12/2024 18:40;Granel Sólido;Trigo;1;;1:07:00;0,05;52;1,97
2024;Santos;BRSSZ;Público;Cabotagem;1523692;9424039;2024-12-27 13:00:00;27/12/2024 14:08;27/12/2024 14:36;30/12/2024 01:11;Granel Líquido e Gasoso;Soda Cáustica;1;;1:08:00;0,05;52;1,97
2024;Santos;BRSSZ;Público;Cabotagem;1523684;9391361;2024-12-27 15:00:00;27/12/2024 22:00;27/12/2024 23:06;29/12/2024 14:27;Granel Líquido e Gasoso;Petróleo E Derivados (Sem Óleo Bruto);1;;7:00:00;0,29;52;1,97
2024;Santos;BRSSZ;Público;Longo Curso;1523068;9188908;2024-12-27 20:20:00;27/12/2024 20:55;28/12/2024 01:00;29/12/2024 08:10;Granel Sólido;Adubos (Fertilizantes);1;;0:35:00;0,02;52;1,97
2024;Santos;BRSSZ;Público;Apoio Marítimo;1523666;9928889;2024-12-27 21:30:00;27/12/2024 22:20;28/12/2024 01:00;31/12/2024 10:20;Carga Geral;Pasta De Celulose;1;;0:50:00;0,03;52;1,97
2024;Santos;BRSSZ;Público;Longo Curso;1522983;9646704;2024-12-28 00:15:00;28/12/2024 01:25;28/12/2024 07:23;29/12/2024 07:58;Granel Sólido;Açúcar;1;;1:10:00;0,05;52;1,97
2024;Santos;BRSSZ;Público;Longo Curso;1537961;9929390;2024-12-28 06:18:00;01/01/2025 13:00;01/01/2025 14:54;03/01/2025 14:20;Granel Sólido;Resíduos Da Extração Do Óleo De Soja;1;;102:42:00;4,28;52;1,97
2024;Santos;BRSSZ;Público;Cabotagem;1537465;9492270;2024-12-28 07:40:00;09/01/2025 03:20;09/01/2025 04:42;11/01/2025 08:55;Granel Líquido e Gasoso;Petróleo E Derivados (Sem Óleo Bruto);1;;283:40:00;11,82;52;1,97
2024;Santos;BRSSZ;Público;Longo Curso;1537945;9304576;2024-12-28 08:24:00;29/12/2024 05:50;29/12/2024 07:00;04/01/2025 11:10;Granel Sólido;Resíduos Da Extração Do Óleo De Soja;1;;21:26:00;0,89;52;1,97
2024;Santos;BRSSZ;Público;Longo Curso;1537863;9700134;2024-12-28 14:00:00;31/12/2024 17:36;31/12/2024 19:49;02/01/2025 14:09;Granel Sólido;Açúcar;1;;75:36:00;3,15;52;1,97
2024;Santos;BRSSZ;Público;Cabotagem;1523687;9459060;2024-12-28 14:30:00;29/12/2024 18:48;29/12/2024 19:48;31/12/2024 18:42;Granel Líquido e Gasoso;Petróleo E Derivados (Sem Óleo Bruto);1;;28:18:00;1,18;52;1,97
2024;Santos;BRSSZ;Público;Cabotagem;1537464;9431317;2024-12-28 16:12:00;02/01/2025 17:10;03/01/2025 00:01;03/01/2025 18:15;Granel Líquido e Gasoso;Petróleo E Derivados (Sem Óleo Bruto);1;;120:58:00;5,04;52;1,97
2024;Santos;BRSSZ;Público;Longo Curso;1537893;9642045;2024-12-28 19:00:00;28/12/2024 23:20;28/12/2024 23:20;03/01/2025 14:37;Granel Sólido;Produtos Químicos Inorgânicos;1;;4:20:00;0,18;52;1,97
2024;Santos;BRSSZ;Público;Longo Curso;1523674;9422641;2024-12-28 21:30:00;28/12/2024 23:00;29/12/2024 01:00;31/12/2024 10:45;Granel Líquido e Gasoso;Petróleo E Derivados (Sem Óleo Bruto);1;;1:30:00;0,06;52;1,97
2024;Santos;BRSSZ;Público;Cabotagem;1523689;9345893;2024-12-29 06:40:00;29/12/2024 11:35;29/12/2024 11:35;30/12/2024 18:25;Granel Líquido e Gasoso;Produtos Químicos Orgânicos;1;;4:55:00;0,2;52;1,97
2024;Santos;BRSSZ;Público;Longo Curso;1537868;9425136;2024-12-29 09:00:00;29/12/2024 21:25;29/12/2024 21:25;02/01/2025 08:15;Granel Sólido;Milho;1;;12:25:00;0,52;52;1,97
2024;Santos;BRSSZ;Público;Longo Curso;1537912;9377963;2024-12-30 02:15:00;30/12/2024 03:15;30/12/2024 13:00;03/01/2025 21:00;Granel Sólido;Trigo;1;;1:00:00;0,04;53;2,22
2024;Santos;BRSSZ;Público;Cabotagem;1537463;9413523;2024-12-30 02:48:00;02/01/2025 17:10;03/01/2025 01:30;04/01/2025 21:15;Granel Líquido e Gasoso;Petróleo E Derivados (Sem Óleo Bruto);1;;86:22:00;3,6;53;2,22
2024;Santos;BRSSZ;Público;Longo Curso;1537955;9762493;2024-12-30 03:35:00;30/12/2024 18:30;30/12/2024 18:30;03/01/2025 21:30;Granel Sólido;Adubos (Fertilizantes);1;;14:55:00;0,62;53;2,22
2024;Santos;BRSSZ;Público;Longo Curso;1537873;9343871;2024-12-30 06:00:00;04/01/2025 10:57;04/01/2025 13:10;07/01/2025 22:45;Granel Sólido;Açúcar;1;;124:57:00;5,21;53;2,22
2024;Santos;BRSSZ;Público;Longo Curso;1537946;9492907;2024-12-30 06:06:00;08/01/2025 02:34;08/01/2025 05:30;14/01/2025 14:11;Granel Sólido;Adubos (Fertilizantes);1;;212:28:00;8,85;53;2,22
2024;Santos;BRSSZ;Público;Longo Curso;1537929;9292759;2024-12-30 18:42:00;01/01/2025 09:05;01/01/2025 19:00;02/01/2025 14:59;Granel Líquido e Gasoso;Gás De Petróleo;1;;38:23:00;1,6;53;2,22
2024;Santos;BRSSZ;Público;Longo Curso;1537853;1051109;2024-12-31 12:25:00;31/12/2024 13:05;01/01/2025 07:30;04/01/2025 01:10;Carga Geral;Pasta De Celulose;1;;0:40:00;0,03;53;2,22
2024;Santos;BRSSZ;Público;Longo Curso;1537957;9846495;2024-12-31 12:28:00;31/12/2024 13:15;31/12/2024 14:30;02/01/2025 17:30;Carga Geral;Pasta De Celulose;1;;0:47:00;0,03;53;2,22
2024;Santos;BRSSZ;Público;Cabotagem;1537963;9788540;2024-12-31 12:30:00;01/01/2025 12:55;01/01/2025 14:00;02/01/2025 13:45;Granel Líquido e Gasoso;Petróleo E Derivados (Sem Óleo Bruto);1;;24:25:00;1,02;53;2,22
2024;Santos;BRSSZ;Público;Longo Curso;1537968;9683128;2024-12-31 18:30:00;03/01/2025 21:30;03/01/2025 23:20;06/01/2025 05:40;Granel Sólido;Açúcar;1;;75:00:00;3,13;53;2,22
2025;Santos;BRSSZ;Público;Longo Curso;1537950;9588316;2025-01-01 03:04:00;13/01/2025 11:10;13/01/2025 11:10;16/01/2025 09:55;Granel Sólido;Resíduos Da Extração Do Óleo De Soja;1;;296:06:00;12,34;53;2,22
2025;Santos;BRSSZ;Público;Cabotagem;1537970;9255799;2025-01-01 20:20:00;01/01/2025 21:33;01/01/2025 21:54;03/01/2025 02:40;Granel Líquido e Gasoso;Etanol Combustível;1;;1:13:00;0,05;53;2,22
2025;Santos;BRSSZ;Público;Longo Curso;1537911;9952177;2025-01-02 00:35:00;02/01/2025 02:00;02/01/2025 02:00;05/01/2025 03:40;Granel Líquido e Gasoso;Etanol Combustível;1;;1:25:00;0,06;53;2,22
2025;Santos;BRSSZ;Público;Longo Curso;1537849;9071557;2025-01-02 08:06:00;03/01/2025 17:10;03/01/2025 17:10;09/01/2025 18:10;Granel Sólido;Produtos Químicos Inorgânicos;1;;33:04:00;1,38;53;2,22
2025;Santos;BRSSZ;Público;Longo Curso;1537871;9928877;2025-01-02 12:00:00;03/01/2025 01:25;03/01/2025 01:25;06/01/2025 04:15;Carga Geral;Pasta De Celulose;1;;13:25:00;0,56;53;2,22
2025;Santos;BRSSZ;Público;Longo Curso;1537865;9897561;2025-01-02 14:00:00;09/01/2025 12:30;09/01/2025 13:25;11/01/2025 09:50;Granel Sólido;Açúcar;1;;166:30:00;6,94;53;2,22
2025;Santos;BRSSZ;Público;Longo Curso;1537891;9586693;2025-01-02 15:30:00;02/01/2025 16:45;02/01/2025 19:00;04/01/2025 08:00;Granel Sólido;Milho;1;;1:15:00;0,05;53;2,22
2025;Santos;BRSSZ;Público;Longo Curso;1537886;9976513;2025-01-03 03:00:00;09/01/2025 21:10;10/01/2025 01:15;10/01/2025 19:05;Carga Geral;Pasta De Celulose;1;;162:10:00;6,76;53;2,22
2025;Santos;BRSSZ;Público;Longo Curso;1537880;9275141;2025-01-03 11:36:00;06/01/2025 01:10;06/01/2025 01:10;10/01/2025 09:05;Granel Sólido;Milho;1;;61:34:00;2,57;53;2,22
2025;Santos;BRSSZ;Público;Cabotagem;1537468;9489924;2025-01-03 14:30:00;06/01/2025 12:40;06/01/2025 16:24;08/01/2025 23:30;Granel Líquido e Gasoso;Petróleo E Derivados (Sem Óleo Bruto);1;;70:10:00;2,92;53;2,22
2025;Santos;BRSSZ;Público;Longo Curso;1537960;9725859;2025-01-03 16:00:00;03/01/2025 17:50;03/01/2025 17:50;05/01/2025 16:35;Granel Líquido e Gasoso;Produtos Químicos Orgânicos;1;;1:50:00;0,08;53;2,22
2025;Santos;BRSSZ;Público;Longo Curso;1537965;9955478;2025-01-03 21:12:00;05/01/2025 06:40;05/01/2025 19:10;07/01/2025 08:00;Granel Líquido e Gasoso;Petróleo E Derivados (Sem Óleo Bruto);1;;33:28:00;1,39;53;2,22
2025;Santos;BRSSZ;Público;Longo Curso;1537958;9214317;2025-01-03 22:00:00;03/01/2025 23:08;03/01/2025 23:08;05/01/2025 08:00;Granel Líquido e Gasoso;Gorduras E Óleos Animais Ou Vegetais;1;;1:08:00;0,05;53;2,22
2025;Santos;BRSSZ;Público;Longo Curso;1537967;9735452;2025-01-04 06:00:00;04/01/2025 21:00;04/01/2025 21:05;07/01/2025 22:05;Granel Líquido e Gasoso;Preparações De Frutas;1;;15:00:00;0,63;53;2,22
2025;Santos;BRSSZ;Público;Cabotagem;1537976;9660358;2025-01-04 07:30:00;19/01/2025 22:06;20/01/2025 01:36;22/01/2025 10:50;Granel Líquido e Gasoso;Petróleo E Derivados (Sem Óleo Bruto);1;;374:36:00;15,61;53;2,22
2025;Santos;BRSSZ;Público;Longo Curso;1537870;9491836;2025-01-04 08:30:00;04/01/2025 11:30;04/01/2025 11:40;07/01/2025 13:41;Granel Líquido e Gasoso;Preparações De Frutas;1;;3:00:00;0,13;53;2,22
2025;Santos;BRSSZ;Público;Longo Curso;1537882;9998078;2025-01-04 10:36:00;06/01/2025 06:05;06/01/2025 08:10;08/01/2025 19:05;Carga Geral;Pasta De Celulose;1;;43:29:00;1,81;53;2,22
2025;Santos;BRSSZ;Público;Cabotagem;1537894;9753636;2025-01-04 12:30:00;04/01/2025 13:24;04/01/2025 13:30;07/01/2025 03:14;Granel Líquido e Gasoso;Combustíveis, Óleos E Produtos Minerais;1;;0:54:00;0,04;53;2,22
2025;Santos;BRSSZ;Público;Cabotagem;1537894;9753636;2025-01-04 12:30:00;04/01/2025 13:24;04/01/2025 13:30;07/01/2025 03:14;Granel Líquido e Gasoso;Etanol Combustível;1;;0:54:00;0,04;53;2,22
2025;Santos;BRSSZ;Público;Cabotagem;1537894;9753636;2025-01-04 12:30:00;04/01/2025 13:24;04/01/2025 13:30;07/01/2025 03:14;Granel Líquido e Gasoso;Produtos Químicos Orgânicos;1;;0:54:00;0,04;53;2,22
2025;Santos;BRSSZ;Público;Longo Curso;1537915;9762493;2025-01-04 20:00:00;04/01/2025 21:05;04/01/2025 21:25;09/01/2025 02:55;Granel Sólido;Adubos (Fertilizantes);1;;1:05:00;0,05;53;2,22
2025;Santos;BRSSZ;Público;Longo Curso;1537901;9725859;2025-01-05 16:35:00;05/01/2025 17:13;05/01/2025 17:13;07/01/2025 00:22;Granel Líquido e Gasoso;Produtos Químicos Orgânicos;1;;0:38:00;0,03;53;2,22
2025;Santos;BRSSZ;Público;Longo Curso;1537901;9725859;2025-01-05 16:35:00;05/01/2025 17:13;05/01/2025 17:13;07/01/2025 00:22;Granel Líquido e Gasoso;Petróleo E Derivados (Sem Óleo Bruto);1;;0:38:00;0,03;53;2,22
2025;Santos;BRSSZ;Público;Longo Curso;1537901;9725859;2025-01-05 16:35:00;05/01/2025 17:13;05/01/2025 17:13;07/01/2025 00:22;Granel Líquido e Gasoso;Produtos Diversos Da Indústria Química;1;;0:38:00;0,03;53;2,22
2025;Santos;BRSSZ;Público;Longo Curso;1537959;9214317;2025-01-05 17:00:00;05/01/2025 18:00;05/01/2025 22:35;07/01/2025 07:37;Granel Líquido e Gasoso;Gorduras E Óleos Animais Ou Vegetais;1;;1:00:00;0,04;53;2,22
2025;Santos;BRSSZ;Público;Longo Curso;1537980;9753698;2025-01-06 12:00:00;07/01/2025 02:50;07/01/2025 02:50;09/01/2025 16:28;Granel Líquido e Gasoso;Soda Cáustica;1;;14:50:00;0,62;54;2,99
2025;Santos;BRSSZ;Público;Longo Curso;1537966;9866627;2025-01-06 12:00:00;06/01/2025 13:05;06/01/2025 16:20;09/01/2025 08:20;Granel Sólido;Açúcar;1;;1:05:00;0,05;54;2,99
2025;Santos;BRSSZ;Público;Longo Curso;1537974;9595395;2025-01-06 13:00:00;10/01/2025 18:20;10/01/2025 19:00;17/01/2025 13:30;Granel Sólido;Trigo;1;;101:20:00;4,22;54;2,99
2025;Santos;BRSSZ;Público;Cabotagem;1537956;9255828;2025-01-06 14:30:00;07/01/2025 05:48;07/01/2025 06:15;09/01/2025 03:38;Granel Líquido e Gasoso;Etanol Combustível;1;;15:18:00;0,64;54;2,99
2025;Santos;BRSSZ;Público;Cabotagem;1537978;9448322;2025-01-06 17:00:00;12/01/2025 01:15;12/01/2025 03:54;12/01/2025 18:25;Granel Líquido e Gasoso;Petróleo E Derivados (Sem Óleo Bruto);1;;128:15:00;5,34;54;2,99
2025;Santos;BRSSZ;Público;Longo Curso;1537934;9949235;2025-01-06 21:30:00;06/01/2025 22:15;07/01/2025 01:00;08/01/2025 14:05;Granel Sólido;Resíduos Da Extração Do Óleo De Soja;1;;0:45:00;0,03;54;2,99
2025;Santos;BRSSZ;Público;Longo Curso;1537962;9834155;2025-01-07 20:04:00;07/01/2025 21:25;07/01/2025 21:25;10/01/2025 18:40;Granel Líquido e Gasoso;Produtos Químicos Orgânicos;1;;1:21:00;0,06;54;2,99
2025;Santos;BRSSZ;Público;Longo Curso;1537942;9586693;2025-01-07 20:30:00;07/01/2025 21:00;07/01/2025 22:34;09/01/2025 15:55;Granel Sólido;Milho;1;;0:30:00;0,02;54;2,99
2025;Santos;BRSSZ;Público;Longo Curso;1537913;9377963;2025-01-08 01:30:00;08/01/2025 02:45;08/01/2025 03:30;10/01/2025 15:05;Granel Sólido;Trigo;1;;1:15:00;0,05;54;2,99
2025;Santos;BRSSZ;Público;Longo Curso;1538059;9587441;2025-01-08 07:45:00;08/01/2025 11:40;09/01/2025 05:39;14/01/2025 15:15;Granel Sólido;Milho;1;;3:55:00;0,16;54;2,99
2025;Santos;BRSSZ;Público;Longo Curso;1537918;9667722;2025-01-08 09:00:00;10/01/2025 21:10;10/01/2025 21:10;17/01/2025 23:40;Granel Sólido;Adubos (Fertilizantes);1;;60:10:00;2,51;54;2,99
2025;Santos;BRSSZ;Público;Longo Curso;1537862;9409132;2025-01-08 10:06:00;12/01/2025 14:50;12/01/2025 21:00;14/01/2025 09:15;Granel Sólido;Açúcar;1;;100:44:00;4,2;54;2,99
2025;Santos;BRSSZ;Público;Cabotagem;1537981;9070565;2025-01-08 12:55:00;14/01/2025 23:15;15/01/2025 07:00;18/01/2025 22:10;Granel Sólido;Sal;1;;154:20:00;6,43;54;2,99
2025;Santos;BRSSZ;Público;Longo Curso;1537990;9416032;2025-01-08 19:54:00;16/01/2025 14:28;16/01/2025 18:50;17/01/2025 22:00;Granel Líquido e Gasoso;Gorduras E Óleos Animais Ou Vegetais;1;;186:34:00;7,77;54;2,99
2025;Santos;BRSSZ;Público;Longo Curso;1537917;9875147;2025-01-08 21:00:00;20/01/2025 04:25;20/01/2025 04:25;22/01/2025 10:05;Granel Sólido;Milho;1;;271:25:00;11,31;54;2,99
2025;Santos;BRSSZ;Público;Longo Curso;1537917;9875147;2025-01-08 21:00:00;20/01/2025 04:25;20/01/2025 04:25;22/01/2025 10:05;Granel Sólido;Resíduos Da Extração Do Óleo De Soja;1;;271:25:00;11,31;54;2,99
2025;Santos;BRSSZ;Público;Cabotagem;1537977;9424039;2025-01-09 04:23:00;09/01/2025 05:52;09/01/2025 05:52;11/01/2025 13:45;Granel Líquido e Gasoso;Soda Cáustica;1;;1:29:00;0,06;54;2,99
2025;Santos;BRSSZ;Público;Cabotagem;1537985;9391361;2025-01-09 06:06:00;18/01/2025 15:15;18/01/2025 20:06;20/01/2025 19:20;Granel Líquido e Gasoso;Petróleo E Derivados (Sem Óleo Bruto);1;;225:09:00;9,38;54;2,99
2025;Santos;BRSSZ;Público;Longo Curso;1537975;9379129;2025-01-09 07:45:00;09/01/2025 12:20;09/01/2025 16:54;11/01/2025 21:42;Granel Líquido e Gasoso;Petróleo E Derivados (Sem Óleo Bruto);1;;4:35:00;0,19;54;2,99
2025;Santos;BRSSZ;Público;Cabotagem;1537998;9865740;2025-01-10 08:00:00;11/01/2025 13:09;12/01/2025 15:30;14/01/2025 04:20;Granel Líquido e Gasoso;Petróleo E Derivados (Sem Óleo Bruto);1;;29:09:00;1,21;54;2,99
2025;Santos;BRSSZ;Público;Longo Curso;1537869;9425136;2025-01-10 10:30:00;10/01/2025 11:20;10/01/2025 11:20;13/01/2025 01:35;Granel Sólido;Milho;1;;0:50:00;0,03;54;2,99
2025;Santos;BRSSZ;Público;Longo Curso;1537919;9121297;2025-01-10 15:00:00;10/01/2025 18:25;10/01/2025 19:48;11/01/2025 13:32;Carga Geral;Pasta De Celulose;1;;3:25:00;0,14;54;2,99
2025;Santos;BRSSZ;Público;Longo Curso;1537989;9933028;2025-01-10 15:36:00;16/01/2025 19:05;16/01/2025 19:05;20/01/2025 02:10;Granel Sólido;Resíduos Da Extração Do Óleo De Soja;1;;147:29:00;6,15;54;2,99
2025;Santos;BRSSZ;Público;Longo Curso;1537927;9476290;2025-01-10 17:00:00;10/01/2025 18:10;10/01/2025 19:00;11/01/2025 03:35;Granel Sólido;Açúcar;1;;1:10:00;0,05;54;2,99
2025;Santos;BRSSZ;Público;Longo Curso;1537951;9491989;2025-01-11 01:10:00;11/01/2025 02:30;11/01/2025 04:45;12/01/2025 14:40;Granel Sólido;Milho;1;;1:20:00;0,06;54;2,99
2025;Santos;BRSSZ;Público;Longo Curso;1537909;9766906;2025-01-11 14:15:00;11/01/2025 14:35;11/01/2025 16:28;12/01/2025 18:40;Carga Geral;Pasta De Celulose;1;;0:20:00;0,01;54;2,99
2025;Santos;BRSSZ;Público;Cabotagem;1538000;9431317;2025-01-11 16:00:00;20/01/2025 20:54;21/01/2025 01:00;22/01/2025 01:50;Granel Líquido e Gasoso;Petróleo E Derivados (Sem Óleo Bruto);1;;220:54:00;9,2;54;2,99
2025;Santos;BRSSZ;Público;Longo Curso;1537885;9959773;2025-01-11 18:24:00;15/01/2025 19:57;16/01/2025 00:20;19/01/2025 00:12;Granel Sólido;Milho;1;;97:33:00;4,06;54;2,99
2025;Santos;BRSSZ;Público;Longo Curso;1537986;9449247;2025-01-12 07:30:00;14/01/2025 07:30;14/01/2025 09:41;15/01/2025 19:20;Granel Sólido;Milho;1;;48:00:00;2,0;54;2,99
2025;Santos;BRSSZ;Público;Longo Curso;1537922;9758404;2025-01-12 11:00:00;18/01/2025 21:55;19/01/2025 02:45;21/01/2025 13:45;Granel Sólido;Milho;1;;154:55:00;6,45;54;2,99
2025;Santos;BRSSZ;Público;Longo Curso;1537994;9561875;2025-01-12 17:00:00;17/01/2025 14:40;17/01/2025 19:00;23/01/2025 03:40;Granel Sólido;Trigo;1;;117:40:00;4,9;54;2,99
2025;Santos;BRSSZ;Público;Cabotagem;1537971;9547702;2025-01-12 20:04:00;12/01/2025 21:28;12/01/2025 22:24;16/01/2025 11:25;Granel Líquido e Gasoso;Petróleo E Derivados (Sem Óleo Bruto);1;;1:24:00;0,06;54;2,99
2025;Santos;BRSSZ;Público;Longo Curso;1537993;9979216;2025-01-12 20:13:00;12/01/2025 21:05;13/01/2025 08:57;22/01/2025 18:30;Granel Sólido;Sal;1;;0:52:00;0,04;54;2,99
2025;Santos;BRSSZ;Público;Longo Curso;1537855;9976484;2025-01-13 02:37:00;13/01/2025 03:20;13/01/2025 07:00;17/01/2025 01:40;Carga Geral;Pasta De Celulose;1;;0:43:00;0,03;55;2,51
2025;Santos;BRSSZ;Público;Longo Curso;1549792;9483499;2025-01-13 10:18:00;29/01/2025 03:15;29/01/2025 11:50;05/02/2025 11:10;Granel Sólido;Soja;1;;376:57:00;15,71;55;2,51
2025;Santos;BRSSZ;Público;Cabotagem;1537992;9788552;2025-01-13 15:00:00;16/01/2025 15:10;16/01/2025 20:18;17/01/2025 23:00;Granel Líquido e Gasoso;Petróleo E Derivados (Sem Óleo Bruto);1;;72:10:00;3,01;55;2,51
2025;Santos;BRSSZ;Público;Longo Curso;1537903;9853917;2025-01-13 20:42:00;21/01/2025 03:00;21/01/2025 05:55;26/01/2025 09:15;Granel Sólido;Preparações Alimentícias Diversas;1;;174:18:00;7,26;55;2,51
2025;Santos;BRSSZ;Público;Longo Curso;1537903;9853917;2025-01-13 20:42:00;21/01/2025 03:00;21/01/2025 05:55;26/01/2025 09:15;Granel Sólido;Resíduos Da Extração Do Óleo De Soja;1;;174:18:00;7,26;55;2,51
2025;Santos;BRSSZ;Público;Longo Curso;1537903;9853917;2025-01-13 20:42:00;21/01/2025 03:00;21/01/2025 05:55;26/01/2025 09:15;Granel Sólido;Soja;1;;174:18:00;7,26;55;2,51
2025;Santos;BRSSZ;Público;Longo Curso;1537920;9989194;2025-01-14 03:00:00;14/01/2025 07:20;14/01/2025 11:05;16/01/2025 09:47;Granel Líquido e Gasoso;Produtos Químicos Inorgânicos;1;;4:20:00;0,18;55;2,51
2025;Santos;BRSSZ;Público;Longo Curso;1537920;9989194;2025-01-14 03:00:00;14/01/2025 07:20;14/01/2025 11:05;16/01/2025 09:47;Granel Líquido e Gasoso;Produtos Diversos Da Indústria Química;1;;4:20:00;0,18;55;2,51
2025;Santos;BRSSZ;Público;Longo Curso;1537930;9292759;2025-01-14 05:30:00;14/01/2025 07:00;14/01/2025 09:48;14/01/2025 20:10;Granel Líquido e Gasoso;Gás De Petróleo;1;;1:30:00;0,06;55;2,51
2025;Santos;BRSSZ;Público;Longo Curso;1537947;9492907;2025-01-14 14:11:00;14/01/2025 14:41;14/01/2025 19:00;16/01/2025 20:00;Granel Sólido;Adubos (Fertilizantes);1;;0:30:00;0,02;55;2,51
2025;Santos;BRSSZ;Público;Longo Curso;1537997;9626950;2025-01-14 22:00:00;14/01/2025 23:40;15/01/2025 11:18;21/01/2025 00:40;Granel Sólido;Milho;1;;1:40:00;0,07;55;2,51
2025;Santos;BRSSZ;Público;Longo Curso;1537939;9731743;2025-01-14 22:00:00;14/01/2025 23:30;15/01/2025 14:45;16/01/2025 22:20;Granel Líquido e Gasoso;Etanol Combustível;1;;1:30:00;0,06;55;2,51
2025;Santos;BRSSZ;Público;Cabotagem;1537999;9436343;2025-01-15 13:44:00;22/01/2025 08:50;22/01/2025 14:00;23/01/2025 23:42;Granel Líquido e Gasoso;Petróleo E Derivados (Sem Óleo Bruto);1;;163:06:00;6,8;55;2,51
2025;Santos;BRSSZ;Público;Longo Curso;1537996;9764025;2025-01-15 19:30:00;16/01/2025 14:40;16/01/2025 14:40;21/01/2025 13:15;Granel Sólido;Resíduos Da Extração Do Óleo De Soja;1;;19:10:00;0,8;55;2,51
2025;Santos;BRSSZ;Público;Longo Curso;1537459;9409467;2025-01-15 19:42:00;24/01/2025 03:05;24/01/2025 03:05;27/01/2025 23:00;Granel Líquido e Gasoso;Petróleo E Derivados (Sem Óleo Bruto);1;;199:23:00;8,31;55;2,51
2025;Santos;BRSSZ;Público;Longo Curso;1537914;9718698;2025-01-16 00:01:00;16/01/2025 01:00;16/01/2025 03:15;18/01/2025 17:20;Granel Sólido;Açúcar;1;;0:59:00;0,04;55;2,51
2025;Santos;BRSSZ;Público;Cabotagem;1538006;9829409;2025-01-16 10:00:00;28/01/2025 08:50;28/01/2025 11:48;31/01/2025 08:50;Granel Líquido e Gasoso;Petróleo E Derivados (Sem Óleo Bruto);1;;286:50:00;11,95;55;2,51
2025;Santos;BRSSZ;Público;Longo Curso;1537888;9890862;2025-01-16 14:00:00;16/01/2025 18:51;16/01/2025 18:51;20/01/2025 18:05;Granel Sólido;Produtos Químicos Inorgânicos;1;;4:51:00;0,2;55;2,51
2025;Santos;BRSSZ;Público;Longo Curso;1537457;9422794;2025-01-16 14:30:00;16/01/2025 19:05;16/01/2025 19:05;29/01/2025 14:59;Granel Sólido;Trigo;1;;4:35:00;0,19;55;2,51
2025;Santos;BRSSZ;Público;Cabotagem;1537889;9753636;2025-01-16 15:00:00;16/01/2025 19:03;16/01/2025 19:03;19/01/2025 02:46;Granel Líquido e Gasoso;Combustíveis, Óleos E Produtos Minerais;1;;4:03:00;0,17;55;2,51
2025;Santos;BRSSZ;Público;Cabotagem;1537889;9753636;2025-01-16 15:00:00;16/01/2025 19:03;16/01/2025 19:03;19/01/2025 02:46;Granel Líquido e Gasoso;Etanol Combustível;1;;4:03:00;0,17;55;2,51
2025;Santos;BRSSZ;Público;Cabotagem;1537889;9753636;2025-01-16 15:00:00;16/01/2025 19:03;16/01/2025 19:03;19/01/2025 02:46;Granel Líquido e Gasoso;Produtos Químicos Orgânicos;1;;4:03:00;0,17;55;2,51
2025;Santos;BRSSZ;Público;Longo Curso;1537987;9738466;2025-01-16 17:45:00;22/01/2025 20:45;22/01/2025 20:45;26/01/2025 12:05;Granel Sólido;Resíduos Da Extração Do Óleo De Soja;1;;147:00:00;6,13;55;2,51
2025;Santos;BRSSZ;Público;Longo Curso;1537866;9114244;2025-01-16 22:52:00;16/01/2025 23:59;16/01/2025 23:59;19/01/2025 16:10;Granel Líquido e Gasoso;Sabões, Ceras, Velas E Massas;1;;1:07:00;0,05;55;2,51
2025;Santos;BRSSZ;Público;Longo Curso;1537866;9114244;2025-01-16 22:52:00;16/01/2025 23:59;16/01/2025 23:59;19/01/2025 16:10;Granel Líquido e Gasoso;Produtos Químicos Orgânicos;1;;1:07:00;0,05;55;2,51
2025;Santos;BRSSZ;Público;Longo Curso;1537866;9114244;2025-01-16 22:52:00;16/01/2025 23:59;16/01/2025 23:59;19/01/2025 16:10;Granel Líquido e Gasoso;Petróleo E Derivados (Sem Óleo Bruto);1;;1:07:00;0,05;55;2,51
2025;Santos;BRSSZ;Público;Longo Curso;1537866;9114244;2025-01-16 22:52:00;16/01/2025 23:59;16/01/2025 23:59;19/01/2025 16:10;Granel Líquido e Gasoso;Plásticos E Suas Obras;1;;1:07:00;0,05;55;2,51
2025;Santos;BRSSZ;Público;Longo Curso;1537866;9114244;2025-01-16 22:52:00;16/01/2025 23:59;16/01/2025 23:59;19/01/2025 16:10;Granel Líquido e Gasoso;Produtos Diversos Da Indústria Química;1;;1:07:00;0,05;55;2,51
2025;Santos;BRSSZ;Público;Longo Curso;1537904;9910351;2025-01-16 23:30:00;25/01/2025 01:37;25/01/2025 04:20;27/01/2025 15:35;Granel Sólido;Adubos (Fertilizantes);1;;194:07:00;8,09;55;2,51
2025;Santos;BRSSZ;Público;Longo Curso;1537905;9047764;2025-01-17 03:48:00;17/01/2025 04:56;17/01/2025 04:56;19/01/2025 16:10;Granel Líquido e Gasoso;Combustíveis, Óleos E Produtos Minerais;1;;1:08:00;0,05;55;2,51
2025;Santos;BRSSZ;Público;Longo Curso;1537905;9047764;2025-01-17 03:48:00;17/01/2025 04:56;17/01/2025 04:56;19/01/2025 16:10;Granel Líquido e Gasoso;Produtos Químicos Orgânicos;1;;1:08:00;0,05;55;2,51
2025;Santos;BRSSZ;Público;Longo Curso;1538002;9641364;2025-01-17 17:45:00;20/01/2025 14:00;20/01/2025 17:00;21/01/2025 16:56;Granel Sólido;Açúcar;1;;68:15:00;2,84;55;2,51
2025;Santos;BRSSZ;Público;Cabotagem;1538001;9607198;2025-01-17 23:10:00;18/01/2025 00:50;18/01/2025 13:00;19/01/2025 18:22;Granel Líquido e Gasoso;Petróleo E Derivados (Sem Óleo Bruto);1;;1:40:00;0,07;55;2,51
2025;Santos;BRSSZ;Público;Longo Curso;1537995;1036044;2025-01-18 05:00:00;18/01/2025 11:00;18/01/2025 11:00;24/01/2025 04:10;Granel Sólido;Produtos Químicos Inorgânicos;1;;6:00:00;0,25;55;2,51
2025;Santos;BRSSZ;Público;Longo Curso;1537883;9633410;2025-01-18 07:51:00;21/01/2025 22:22;22/01/2025 00:13;23/01/2025 23:03;Granel Sólido;Açúcar;1;;86:31:00;3,6;55;2,51
2025;Santos;BRSSZ;Público;Cabotagem;1538003;9255799;2025-01-18 14:06:00;19/01/2025 06:00;19/01/2025 06:30;20/01/2025 15:35;Granel Líquido e Gasoso;Etanol Combustível;1;;15:54:00;0,66;55;2,51
2025;Santos;BRSSZ;Público;Cabotagem;1538010;9416381;2025-01-18 18:30:00;22/01/2025 15:20;22/01/2025 20:00;24/01/2025 08:50;Granel Líquido e Gasoso;Petróleo E Derivados (Sem Óleo Bruto);1;;92:50:00;3,87;55;2,51
2025;Santos;BRSSZ;Público;Longo Curso;1537983;9635406;2025-01-19 02:23:00;19/01/2025 03:15;19/01/2025 07:00;20/01/2025 12:50;Granel Sólido;Açúcar;1;;0:52:00;0,04;55;2,51
2025;Santos;BRSSZ;Público;Cabotagem;1549800;9492270;2025-01-19 15:30:00;31/01/2025 12:40;31/01/2025 15:54;02/02/2025 03:50;Granel Líquido e Gasoso;Petróleo E Derivados (Sem Óleo Bruto);1;;285:10:00;11,88;55;2,51
2025;Santos;BRSSZ;Público;Longo Curso;1537884;9047764;2025-01-19 16:10:00;19/01/2025 16:48;19/01/2025 16:48;21/01/2025 13:41;Granel Líquido e Gasoso;Produtos Diversos Da Indústria Química;1;;0:38:00;0,03;55;2,51
2025;Santos;BRSSZ;Público;Longo Curso;1537881;9114244;2025-01-19 16:10:00;19/01/2025 16:50;19/01/2025 17:15;22/01/2025 21:34;Granel Líquido e Gasoso;Produtos Químicos Orgânicos;1;;0:40:00;0,03;55;2,51
2025;Santos;BRSSZ;Público;Longo Curso;1537884;9047764;2025-01-19 16:10:00;19/01/2025 16:48;19/01/2025 16:48;21/01/2025 13:41;Granel Líquido e Gasoso;Combustíveis, Óleos E Produtos Minerais;1;;0:38:00;0,03;55;2,51
2025;Santos;BRSSZ;Público;Longo Curso;1537884;9047764;2025-01-19 16:10:00;19/01/2025 16:48;19/01/2025 16:48;21/01/2025 13:41;Granel Líquido e Gasoso;Petróleo E Derivados (Sem Óleo Bruto);1;;0:38:00;0,03;55;2,51
2025;Santos;BRSSZ;Público;Longo Curso;1537933;9582532;2025-01-20 04:45:00;20/01/2025 06:10;20/01/2025 09:20;22/01/2025 04:07;Granel Sólido;Adubos (Fertilizantes);1;;1:25:00;0,06;56;3,11
2025;Santos;BRSSZ;Público;Longo Curso;1549802;9364825;2025-01-20 07:00:00;01/02/2025 08:45;01/02/2025 11:05;05/02/2025 02:00;Granel Sólido;Açúcar;1;;289:45:00;12,07;56;3,11
2025;Santos;BRSSZ;Público;Longo Curso;1537991;9416032;2025-01-20 19:00:00;20/01/2025 20:05;21/01/2025 00:15;23/01/2025 14:50;Granel Líquido e Gasoso;Gorduras E Óleos Animais Ou Vegetais;1;;1:05:00;0,05;56;3,11
2025;Santos;BRSSZ;Público;Longo Curso;1537896;9074078;2025-01-20 22:33:00;20/01/2025 23:56;20/01/2025 23:56;24/01/2025 08:14;Carga Geral;Adubos (Fertilizantes);1;;1:23:00;0,06;56;3,11
2025;Santos;BRSSZ;Público;Longo Curso;1537876;9380764;2025-01-21 05:00:00;21/01/2025 06:25;21/01/2025 06:25;26/01/2025 11:55;Granel Sólido;Produtos Químicos Inorgânicos;1;;1:25:00;0,06;56;3,11
2025;Santos;BRSSZ;Público;Cabotagem;1538009;9448322;2025-01-21 23:24:00;24/01/2025 12:54;24/01/2025 15:18;25/01/2025 08:25;Granel Líquido e Gasoso;Petróleo E Derivados (Sem Óleo Bruto);1;;61:30:00;2,56;56;3,11
2025;Santos;BRSSZ;Público;Longo Curso;1537861;9663740;2025-01-22 06:30:00;22/01/2025 09:25;22/01/2025 09:27;25/01/2025 00:05;Granel Líquido e Gasoso;Preparações De Frutas;1;;2:55:00;0,12;56;3,11
2025;Santos;BRSSZ;Público;Longo Curso;1537906;9364801;2025-01-22 12:00:00;22/01/2025 20:00;22/01/2025 20:00;28/01/2025 14:00;Granel Sólido;Adubos (Fertilizantes);1;;8:00:00;0,33;56;3,11
2025;Santos;BRSSZ;Público;Longo Curso;1537984;9792010;2025-01-22 12:30:00;23/01/2025 00:30;23/01/2025 00:50;25/01/2025 03:35;Granel Líquido e Gasoso;Produtos Químicos Orgânicos;1;;12:00:00;0,5;56;3,11
2025;Santos;BRSSZ;Público;Longo Curso;1538004;9969144;2025-01-22 13:18:00;23/01/2025 02:40;23/01/2025 05:10;24/01/2025 17:40;Granel Sólido;Açúcar;1;;13:22:00;0,56;56;3,11
2025;Santos;BRSSZ;Público;Longo Curso;1537458;9650432;2025-01-22 17:15:00;22/01/2025 18:05;22/01/2025 19:00;24/01/2025 20:20;Carga Geral;Pasta De Celulose;1;;0:50:00;0,03;56;3,11
2025;Santos;BRSSZ;Público;Longo Curso;1549736;9349306;2025-01-23 00:24:00;29/01/2025 12:20;30/01/2025 05:01;07/02/2025 00:45;Granel Sólido;Soja;1;;155:56:00;6,5;56;3,11
2025;Santos;BRSSZ;Público;Cabotagem;1538013;9403968;2025-01-23 07:15:00;23/01/2025 16:57;23/01/2025 16:57;25/01/2025 08:13;Granel Líquido e Gasoso;Soda Cáustica;1;;9:42:00;0,4;56;3,11
2025;Santos;BRSSZ;Público;Cabotagem;1538017;9489895;2025-01-23 09:30:00;25/01/2025 11:03;25/01/2025 20:24;26/01/2025 19:10;Granel Líquido e Gasoso;Petróleo E Derivados (Sem Óleo Bruto);1;;49:33:00;2,06;56;3,11
2025;Santos;BRSSZ;Público;Longo Curso;1549797;9461178;2025-01-23 17:32:00;02/02/2025 12:15;03/02/2025 07:00;07/02/2025 03:40;Granel Sólido;Adubos (Fertilizantes);1;;234:43:00;9,78;56;3,11
2025;Santos;BRSSZ;Público;Longo Curso;1537923;9674775;2025-01-23 21:00:00;23/01/2025 22:19;24/01/2025 01:00;27/01/2025 05:48;Granel Líquido e Gasoso;Produtos Diversos Da Indústria Química;1;;1:19:00;0,05;56;3,11
2025;Santos;BRSSZ;Público;Longo Curso;1537923;9674775;2025-01-23 21:00:00;23/01/2025 22:19;24/01/2025 01:00;27/01/2025 05:48;Granel Líquido e Gasoso;Petróleo E Derivados (Sem Óleo Bruto);1;;1:19:00;0,05;56;3,11
2025;Santos;BRSSZ;Público;Longo Curso;1549809;9853929;2025-01-24 08:00:00;30/01/2025 22:25;31/01/2025 03:16;05/02/2025 14:30;Granel Sólido;Resíduos Da Extração Do Óleo De Soja;1;;158:25:00;6,6;56;3,11
2025;Santos;BRSSZ;Público;Cabotagem;1537988;9865764;2025-01-24 09:00:00;25/01/2025 05:40;25/01/2025 19:30;27/01/2025 03:30;Granel Líquido e Gasoso;Petróleo E Derivados (Sem Óleo Bruto);1;;20:40:00;0,86;56;3,11
2025;Santos;BRSSZ;Público;Longo Curso;1549816;9463592;2025-01-24 09:05:00;31/01/2025 21:55;31/01/2025 21:55;06/02/2025 09:45;Granel Sólido;Milho;1;;180:50:00;7,53;56;3,11
2025;Santos;BRSSZ;Público;Longo Curso;1549698;9650432;2025-01-24 20:20:00;24/01/2025 20:40;24/01/2025 22:05;07/02/2025 00:30;Carga Geral;Pasta De Celulose;1;;0:20:00;0,01;56;3,11
2025;Santos;BRSSZ;Público;Longo Curso;1549767;9544401;2025-01-24 21:36:00;05/02/2025 22:40;06/02/2025 02:30;07/02/2025 22:30;Granel Sólido;Soja;1;;289:04:00;12,04;56;3,11
2025;Santos;BRSSZ;Público;Longo Curso;1549717;9734733;2025-01-24 22:48:00;11/02/2025 05:04;11/02/2025 05:04;15/02/2025 17:30;Granel Sólido;Soja;1;;414:16:00;17,26;56;3,11
2025;Santos;BRSSZ;Público;Cabotagem;1549804;9794446;2025-01-25 02:12:00;02/02/2025 07:15;02/02/2025 13:00;04/02/2025 10:15;Granel Líquido e Gasoso;Petróleo E Derivados (Sem Óleo Bruto);1;;197:03:00;8,21;56;3,11
2025;Santos;BRSSZ;Público;Cabotagem;1538015;9331402;2025-01-25 02:15:00;25/01/2025 10:50;25/01/2025 11:30;27/01/2025 22:05;Granel Líquido e Gasoso;Soda Cáustica;1;;8:35:00;0,36;56;3,11
2025;Santos;BRSSZ;Público;Longo Curso;1537924;9928932;2025-01-25 18:00:00;25/01/2025 21:45;26/01/2025 01:00;26/01/2025 18:35;Carga Geral;Pasta De Celulose;1;;3:45:00;0,16;56;3,11
2025;Santos;BRSSZ;Público;Longo Curso;1549817;9280586;2025-01-26 00:01:00;04/02/2025 13:47;04/02/2025 19:40;09/02/2025 10:58;Granel Líquido e Gasoso;Petróleo E Derivados (Sem Óleo Bruto);1;;229:46:00;9,57;56;3,11
2025;Santos;BRSSZ;Público;Longo Curso;1537890;9272668;2025-01-26 02:00:00;26/01/2025 05:35;26/01/2025 05:35;28/01/2025 20:40;Granel Líquido e Gasoso;Plásticos E Suas Obras;1;;3:35:00;0,15;56;3,11
2025;Santos;BRSSZ;Público;Longo Curso;1537890;9272668;2025-01-26 02:00:00;26/01/2025 05:35;26/01/2025 05:35;28/01/2025 20:40;Granel Líquido e Gasoso;Produtos Químicos Orgânicos;1;;3:35:00;0,15;56;3,11
2025;Santos;BRSSZ;Público;Longo Curso;1538014;9916226;2025-01-26 02:30:00;26/01/2025 04:00;26/01/2025 06:00;27/01/2025 08:55;Granel Sólido;Açúcar;1;;1:30:00;0,06;56;3,11
2025;Santos;BRSSZ;Público;Longo Curso;1538007;9989194;2025-01-26 08:15:00;27/01/2025 08:30;27/01/2025 12:00;28/01/2025 09:40;Granel Líquido e Gasoso;Petróleo E Derivados (Sem Óleo Bruto);1;;24:15:00;1,01;56;3,11
2025;Santos;BRSSZ;Público;Longo Curso;1537470;9642045;2025-01-26 09:54:00;26/01/2025 16:35;26/01/2025 21:14;29/01/2025 04:15;Granel Sólido;Trigo;1;;6:41:00;0,28;56;3,11
2025;Santos;BRSSZ;Público;Cabotagem;1549828;9459060;2025-01-27 10:18:00;31/01/2025 12:07;31/01/2025 16:24;02/02/2025 00:20;Granel Líquido e Gasoso;Petróleo E Derivados (Sem Óleo Bruto);1;;97:49:00;4,08;57;3,48
2025;Santos;BRSSZ;Público;Cabotagem;1538005;9413523;2025-01-27 10:20:00;27/01/2025 12:20;27/01/2025 15:06;29/01/2025 04:30;Granel Líquido e Gasoso;Petróleo E Derivados (Sem Óleo Bruto);1;;2:00:00;0,08;57;3,48
2025;Santos;BRSSZ;Público;Longo Curso;1538011;9790373;2025-01-27 15:30:00;29/01/2025 07:48;29/01/2025 11:12;31/01/2025 08:27;Granel Líquido e Gasoso;Petróleo E Derivados (Sem Óleo Bruto);1;;40:18:00;1,68;57;3,48
2025;Santos;BRSSZ;Público;Longo Curso;1537461;9952165;2025-01-27 17:24:00;28/01/2025 11:45;28/01/2025 14:30;30/01/2025 03:17;Granel Líquido e Gasoso;Plásticos E Suas Obras;1;;18:21:00;0,76;57;3,48
2025;Santos;BRSSZ;Público;Longo Curso;1537461;9952165;2025-01-27 17:24:00;28/01/2025 11:45;28/01/2025 14:30;30/01/2025 03:17;Granel Líquido e Gasoso;Produtos Químicos Orgânicos;1;;18:21:00;0,76;57;3,48
2025;Santos;BRSSZ;Público;Longo Curso;1538016;9451173;2025-01-27 17:58:00;27/01/2025 18:40;27/01/2025 19:00;31/01/2025 17:05;Granel Sólido;Resíduos Da Extração Do Óleo De Soja;1;;0:42:00;0,03;57;3,48
2025;Santos;BRSSZ;Público;Longo Curso;1549704;9976472;2025-01-27 21:36:00;28/01/2025 07:15;28/01/2025 09:45;05/02/2025 06:14;Carga Geral;Pasta De Celulose;1;;9:39:00;0,4;57;3,48
2025;Santos;BRSSZ;Público;Longo Curso;1549798;9363493;2025-01-28 14:00:00;29/01/2025 02:23;29/01/2025 20:20;01/02/2025 02:55;Granel Líquido e Gasoso;Produtos Diversos Da Indústria Química;1;;12:23:00;0,52;57;3,48
2025;Santos;BRSSZ;Público;Cabotagem;1549822;9194880;2025-01-28 17:00:00;28/01/2025 22:10;29/01/2025 00:35;02/02/2025 09:35;Granel Sólido;Sal;1;;5:10:00;0,22;57;3,48
2025;Santos;BRSSZ;Público;Cabotagem;1538018;9255799;2025-01-28 17:30:00;28/01/2025 18:35;28/01/2025 18:35;31/01/2025 14:35;Granel Líquido e Gasoso;Etanol Combustível;1;;1:05:00;0,05;57;3,48
2025;Santos;BRSSZ;Público;Longo Curso;1537897;9272668;2025-01-28 20:40:00;28/01/2025 21:25;28/01/2025 21:25;30/01/2025 19:15;Granel Líquido e Gasoso;Soda Cáustica;1;;0:45:00;0,03;57;3,48
2025;Santos;BRSSZ;Público;Longo Curso;1537897;9272668;2025-01-28 20:40:00;28/01/2025 21:25;28/01/2025 21:25;30/01/2025 19:15;Granel Líquido e Gasoso;Produtos Químicos Orgânicos;1;;0:45:00;0,03;57;3,48
2025;Santos;BRSSZ;Público;Longo Curso;1549715;9503976;2025-01-29 01:20:00;29/01/2025 02:43;29/01/2025 02:43;05/02/2025 12:16;Granel Sólido;Adubos (Fertilizantes);1;;1:23:00;0,06;57;3,48
2025;Santos;BRSSZ;Público;Longo Curso;1549799;9638159;2025-01-29 04:18:00;29/01/2025 08:20;29/01/2025 08:20;01/02/2025 08:40;Granel Líquido e Gasoso;Preparações De Frutas;1;;4:02:00;0,17;57;3,48
2025;Santos;BRSSZ;Público;Longo Curso;1549810;9609160;2025-01-29 10:42:00;12/02/2025 04:30;12/02/2025 07:17;14/02/2025 07:15;Granel Sólido;Soja;1;;329:48:00;13,74;57;3,48
2025;Santos;BRSSZ;Público;Longo Curso;1549768;9721437;2025-01-29 14:45:00;29/01/2025 16:35;29/01/2025 16:35;09/02/2025 16:45;Granel Sólido;Adubos (Fertilizantes);1;;1:50:00;0,08;57;3,48
2025;Santos;BRSSZ;Público;Longo Curso;1549812;9642045;2025-01-29 15:30:00;29/01/2025 16:20;29/01/2025 16:24;04/02/2025 03:40;Granel Sólido;Trigo;1;;0:50:00;0,03;57;3,48
2025;Santos;BRSSZ;Público;Longo Curso;1549806;9789829;2025-01-29 21:53:00;29/01/2025 22:45;30/01/2025 02:38;04/02/2025 13:05;Granel Sólido;Resíduos Da Extração Do Óleo De Soja;1;;0:52:00;0,04;57;3,48
2025;Santos;BRSSZ;Público;Cabotagem;1549827;9424039;2025-01-30 03:40:00;30/01/2025 22:05;30/01/2025 22:05;02/02/2025 09:30;Granel Líquido e Gasoso;Soda Cáustica;1;;18:25:00;0,77;57;3,48
2025;Santos;BRSSZ;Público;Longo Curso;1549815;9371775;2025-01-30 04:45:00;30/01/2025 06:03;30/01/2025 14:20;01/02/2025 02:00;Granel Líquido e Gasoso;Soda Cáustica;1;;1:18:00;0,05;57;3,48
2025;Santos;BRSSZ;Público;Longo Curso;1549707;9230995;2025-01-30 09:24:00;03/02/2025 11:54;03/02/2025 12:00;06/02/2025 11:36;Granel Líquido e Gasoso;Preparações De Frutas;1;;98:30:00;4,1;57;3,48
2025;Santos;BRSSZ;Público;Longo Curso;1549722;9839064;2025-01-30 14:17:00;30/01/2025 15:33;30/01/2025 22:42;04/02/2025 02:41;Granel Sólido;Açúcar;1;;1:16:00;0,05;57;3,48
2025;Santos;BRSSZ;Público;Cabotagem;1549838;9391361;2025-01-30 15:00:00;04/02/2025 01:24;04/02/2025 06:00;05/02/2025 15:20;Granel Líquido e Gasoso;Petróleo E Derivados (Sem Óleo Bruto);1;;106:24:00;4,43;57;3,48
2025;Santos;BRSSZ;Público;Longo Curso;1549807;9292759;2025-01-30 19:06:00;02/02/2025 01:50;02/02/2025 10:54;03/02/2025 23:20;Granel Líquido e Gasoso;Gás De Petróleo;1;;54:44:00;2,28;57;3,48
2025;Santos;BRSSZ;Público;Cabotagem;1549829;9431317;2025-01-30 19:42:00;07/02/2025 21:25;07/02/2025 23:00;08/02/2025 20:50;Granel Líquido e Gasoso;Petróleo E Derivados (Sem Óleo Bruto);1;;193:43:00;8,07;57;3,48
2025;Santos;BRSSZ;Público;Cabotagem;1549836;9660358;2025-01-31 01:48:00;11/02/2025 12:40;11/02/2025 15:36;13/02/2025 20:09;Granel Líquido e Gasoso;Petróleo E Derivados (Sem Óleo Bruto);1;;274:52:00;11,45;57;3,48
2025;Santos;BRSSZ;Público;Longo Curso;1549701;9428384;2025-01-31 10:30:00;01/02/2025 06:25;01/02/2025 06:25;04/02/2025 00:05;Granel Líquido e Gasoso;Petróleo E Derivados (Sem Óleo Bruto);1;;19:55:00;0,83;57;3,48
2025;Santos;BRSSZ;Público;Cabotagem;1549852;9539597;2025-01-31 16:00:00;15/02/2025 13:50;15/02/2025 15:00;16/02/2025 14:48;Granel Líquido e Gasoso;Petróleo E Derivados (Sem Óleo Bruto);1;;357:50:00;14,91;57;3,48
2025;Santos;BRSSZ;Público;Cabotagem;1549794;9865752;2025-02-01 10:30:00;16/02/2025 13:30;16/02/2025 14:18;18/02/2025 12:20;Granel Líquido e Gasoso;Petróleo E Derivados (Sem Óleo Bruto);1;;363:00:00;15,13;57;3,48
2025;Santos;BRSSZ;Público;Longo Curso;1549764;9799719;2025-02-01 10:42:00;17/02/2025 21:10;17/02/2025 23:30;20/02/2025 11:10;Granel Sólido;Soja;1;;394:28:00;16,44;57;3,48
2025;Santos;BRSSZ;Público;Cabotagem;1549851;9416393;2025-02-02 10:00:00;11/02/2025 00:50;11/02/2025 03:42;13/02/2025 08:53;Granel Líquido e Gasoso;Petróleo E Derivados (Sem Óleo Bruto);1;;206:50:00;8,62;57;3,48
2025;Santos;BRSSZ;Público;Longo Curso;1549839;9657777;2025-02-02 13:00:00;04/02/2025 06:20;04/02/2025 08:11;06/02/2025 11:40;Granel Sólido;Açúcar;1;;41:20:00;1,72;57;3,48
2025;Santos;BRSSZ;Público;Longo Curso;1549731;9941386;2025-02-02 18:00:00;14/02/2025 09:40;14/02/2025 14:06;17/02/2025 05:15;Granel Sólido;Soja;1;;279:40:00;11,65;57;3,48
2025;Santos;BRSSZ;Público;Longo Curso;1549721;9299135;2025-02-02 20:45:00;02/02/2025 22:00;02/02/2025 22:00;07/02/2025 09:30;Granel Líquido e Gasoso;Petróleo E Derivados (Sem Óleo Bruto);1;;1:15:00;0,05;57;3,48
2025;Santos;BRSSZ;Público;Longo Curso;1549846;9371775;2025-02-02 21:09:00;02/02/2025 22:42;02/02/2025 22:42;07/02/2025 08:28;Granel Líquido e Gasoso;Etanol Combustível;1;;1:33:00;0,06;57;3,48
2025;Santos;BRSSZ;Público;Longo Curso;1549835;9841213;2025-02-02 21:48:00;04/02/2025 18:05;04/02/2025 18:05;07/02/2025 15:10;Granel Sólido;Resíduos Da Extração Do Óleo De Soja;1;;44:17:00;1,85;57;3,48
2025;Santos;BRSSZ;Público;Longo Curso;1549772;9505998;2025-02-03 04:25:00;03/02/2025 05:47;03/02/2025 05:47;05/02/2025 11:00;Granel Líquido e Gasoso;Produtos Químicos Orgânicos;1;;1:22:00;0,06;58;4,19
2025;Santos;BRSSZ;Público;Longo Curso;1549772;9505998;2025-02-03 04:25:00;03/02/2025 05:47;03/02/2025 05:47;05/02/2025 11:00;Granel Líquido e Gasoso;Produtos Diversos Da Indústria Química;1;;1:22:00;0,06;58;4,19
2025;Santos;BRSSZ;Público;Longo Curso;1549844;9549346;2025-02-03 05:36:00;20/02/2025 14:45;20/02/2025 19:00;24/02/2025 08:45;Granel Sólido;Soja;1;;417:09:00;17,38;58;4,19
2025;Santos;BRSSZ;Público;Longo Curso;1549723;9442512;2025-02-03 13:00:00;07/02/2025 03:45;07/02/2025 10:17;11/02/2025 15:10;Granel Sólido;Soja;1;;86:45:00;3,61;58;4,19
2025;Santos;BRSSZ;Público;Longo Curso;1549854;9928994;2025-02-03 14:30:00;07/02/2025 00:05;07/02/2025 02:33;11/02/2025 04:45;Granel Sólido;Resíduos Da Extração Do Óleo De Soja;1;;81:35:00;3,4;58;4,19
2025;Santos;BRSSZ;Público;Longo Curso;1549699;9996018;2025-02-04 00:24:00;05/02/2025 08:05;05/02/2025 13:15;10/02/2025 21:45;Carga Geral;Pasta De Celulose;1;;31:41:00;1,32;58;4,19
2025;Santos;BRSSZ;Público;Longo Curso;1549820;9595395;2025-02-04 02:00:00;07/02/2025 00:01;07/02/2025 09:30;11/02/2025 20:20;Granel Sólido;Trigo;1;;70:01:00;2,92;58;4,19
2025;Santos;BRSSZ;Público;Longo Curso;1549813;9642045;2025-02-04 03:40:00;04/02/2025 04:30;04/02/2025 07:00;06/02/2025 21:30;Granel Sólido;Trigo;1;;0:50:00;0,03;58;4,19
2025;Santos;BRSSZ;Público;Longo Curso;1549746;9631826;2025-02-04 05:30:00;14/02/2025 17:30;14/02/2025 20:30;17/02/2025 11:40;Granel Sólido;Soja;1;;252:00:00;10,5;58;4,19
2025;Santos;BRSSZ;Público;Longo Curso;1549771;9568718;2025-02-04 07:42:00;20/02/2025 14:50;20/02/2025 17:50;23/02/2025 09:20;Granel Sólido;Soja;1;;391:08:00;16,3;58;4,19
2025;Santos;BRSSZ;Público;Cabotagem;1549765;9345893;2025-02-04 17:15:00;07/02/2025 15:00;07/02/2025 15:00;10/02/2025 11:05;Granel Líquido e Gasoso;Produtos Químicos Orgânicos;1;;69:45:00;2,91;58;4,19
2025;Santos;BRSSZ;Público;Cabotagem;1549765;9345893;2025-02-04 17:15:00;07/02/2025 15:00;07/02/2025 15:00;10/02/2025 11:05;Granel Líquido e Gasoso;Soda Cáustica;1;;69:45:00;2,91;58;4,19
2025;Santos;BRSSZ;Público;Longo Curso;1549855;9981300;2025-02-05 00:36:00;11/02/2025 08:45;11/02/2025 08:45;17/02/2025 21:50;Granel Sólido;Resíduos Da Extração Do Óleo De Soja;1;;152:09:00;6,34;58;4,19
2025;Santos;BRSSZ;Público;Longo Curso;1549833;9867619;2025-02-05 09:00:00;05/02/2025 18:52;05/02/2025 21:06;07/02/2025 16:30;Granel Líquido e Gasoso;Petróleo E Derivados (Sem Óleo Bruto);1;;9:52:00;0,41;58;4,19
2025;Santos;BRSSZ;Público;Longo Curso;1549712;9881641;2025-02-06 00:29:00;09/02/2025 21:45;10/02/2025 07:15;12/02/2025 07:05;Carga Geral;Pasta De Celulose;1;;93:16:00;3,89;58;4,19
2025;Santos;BRSSZ;Público;Longo Curso;1549819;9705720;2025-02-06 09:00:00;06/02/2025 10:40;06/02/2025 14:20;09/02/2025 04:55;Granel Líquido e Gasoso;Produtos Químicos Inorgânicos;1;;1:40:00;0,07;58;4,19
2025;Santos;BRSSZ;Público;Longo Curso;1549870;9432464;2025-02-06 09:55:00;10/02/2025 16:40;10/02/2025 19:20;12/02/2025 02:00;Granel Sólido;Açúcar;1;;102:45:00;4,28;58;4,19
2025;Santos;BRSSZ;Público;Longo Curso;1549737;9866782;2025-02-06 13:30:00;06/02/2025 15:05;06/02/2025 23:55;08/02/2025 10:20;Granel Líquido e Gasoso;Produtos Químicos Orgânicos;1;;1:35:00;0,07;58;4,19
2025;Santos;BRSSZ;Público;Cabotagem;1549837;9849265;2025-02-06 13:48:00;08/02/2025 23:54;09/02/2025 02:42;10/02/2025 22:15;Granel Líquido e Gasoso;Petróleo E Derivados (Sem Óleo Bruto);1;;58:06:00;2,42;58;4,19
2025;Santos;BRSSZ;Público;Cabotagem;1549860;9448322;2025-02-06 15:18:00;18/02/2025 14:24;18/02/2025 15:12;19/02/2025 19:45;Granel Líquido e Gasoso;Petróleo E Derivados (Sem Óleo Bruto);1;;287:06:00;11,96;58;4,19
2025;Santos;BRSSZ;Público;Cabotagem;1549874;9539573;2025-02-06 15:24:00;14/02/2025 00:15;14/02/2025 01:00;16/02/2025 10:15;Granel Líquido e Gasoso;Petróleo E Derivados (Sem Óleo Bruto);1;;176:51:00;7,37;58;4,19
2025;Santos;BRSSZ;Público;Longo Curso;1549781;9802229;2025-02-06 19:48:00;15/02/2025 20:55;15/02/2025 23:10;17/02/2025 15:15;Granel Sólido;Açúcar;1;;217:07:00;9,05;58;4,19
2025;Santos;BRSSZ;Público;Longo Curso;1549823;9702716;2025-02-06 22:45:00;18/02/2025 00:50;18/02/2025 01:00;20/02/2025 11:20;Granel Sólido;Soja;1;;266:05:00;11,09;58;4,19
2025;Santos;BRSSZ;Público;Longo Curso;1549832;9894480;2025-02-07 07:08:00;07/02/2025 08:50;07/02/2025 16:00;14/02/2025 15:12;Granel Sólido;Adubos (Fertilizantes);1;;1:42:00;0,07;58;4,19
2025;Santos;BRSSZ;Público;Longo Curso;1549747;9505998;2025-02-07 12:30:00;07/02/2025 13:45;07/02/2025 14:00;09/02/2025 10:37;Granel Líquido e Gasoso;Petróleo E Derivados (Sem Óleo Bruto);1;;1:15:00;0,05;58;4,19
2025;Santos;BRSSZ;Público;Longo Curso;1549747;9505998;2025-02-07 12:30:00;07/02/2025 13:45;07/02/2025 14:00;09/02/2025 10:37;Granel Líquido e Gasoso;Produtos Químicos Orgânicos;1;;1:15:00;0,05;58;4,19
2025;Santos;BRSSZ;Público;Longo Curso;1549703;9168635;2025-02-07 14:00:00;08/02/2025 12:10;08/02/2025 12:10;13/02/2025 04:11;Granel Líquido e Gasoso;Combustíveis, Óleos E Produtos Minerais;1;;22:10:00;0,92;58;4,19
2025;Santos;BRSSZ;Público;Longo Curso;1549703;9168635;2025-02-07 14:00:00;08/02/2025 12:10;08/02/2025 12:10;13/02/2025 04:11;Granel Líquido e Gasoso;Petróleo E Derivados (Sem Óleo Bruto);1;;22:10:00;0,92;58;4,19
2025;Santos;BRSSZ;Público;Longo Curso;1549703;9168635;2025-02-07 14:00:00;08/02/2025 12:10;08/02/2025 12:10;13/02/2025 04:11;Granel Líquido e Gasoso;Plásticos E Suas Obras;1;;22:10:00;0,92;58;4,19
2025;Santos;BRSSZ;Público;Longo Curso;1549703;9168635;2025-02-07 14:00:00;08/02/2025 12:10;08/02/2025 12:10;13/02/2025 04:11;Granel Líquido e Gasoso;Produtos Diversos Da Indústria Química;1;;22:10:00;0,92;58;4,19
2025;Santos;BRSSZ;Público;Longo Curso;1549703;9168635;2025-02-07 14:00:00;08/02/2025 12:10;08/02/2025 12:10;13/02/2025 04:11;Granel Líquido e Gasoso;Produtos Químicos Orgânicos;1;;22:10:00;0,92;58;4,19
2025;Santos;BRSSZ;Público;Longo Curso;1549858;9671826;2025-02-08 09:50:00;14/02/2025 09:45;14/02/2025 12:55;17/02/2025 02:10;Granel Sólido;Soja;1;;143:55:00;6,0;58;4,19
2025;Santos;BRSSZ;Público;Longo Curso;1549840;9292773;2025-02-08 13:42:00;21/02/2025 03:55;21/02/2025 11:42;22/02/2025 16:30;Granel Líquido e Gasoso;Gás De Petróleo;1;;302:13:00;12,59;58;4,19
2025;Santos;BRSSZ;Público;Longo Curso;1549706;9399090;2025-02-08 19:00:00;18/02/2025 00:50;18/02/2025 00:50;22/02/2025 09:00;Granel Sólido;Soja;1;;221:50:00;9,24;58;4,19
2025;Santos;BRSSZ;Público;Longo Curso;1549845;9538153;2025-02-09 00:36:00;09/02/2025 14:18;09/02/2025 16:00;11/02/2025 09:20;Granel Líquido e Gasoso;Petróleo E Derivados (Sem Óleo Bruto);1;;13:42:00;0,57;58;4,19
2025;Santos;BRSSZ;Público;Longo Curso;1549766;9853929;2025-02-09 07:30:00;09/02/2025 08:30;09/02/2025 11:50;12/02/2025 01:55;Granel Sólido;Resíduos Da Extração Do Óleo De Soja;1;;1:00:00;0,04;58;4,19
2025;Santos;BRSSZ;Público;Longo Curso;1549834;9511428;2025-02-09 16:30:00;13/02/2025 02:45;13/02/2025 05:30;15/02/2025 16:05;Granel Sólido;Açúcar;1;;82:15:00;3,43;58;4,19
2025;Santos;BRSSZ;Público;Longo Curso;1549714;9590101;2025-02-10 11:45:00;22/02/2025 16:30;22/02/2025 16:30;26/02/2025 04:10;Granel Sólido;Soja;1;;292:45:00;12,2;59;3,04
2025;Santos;BRSSZ;Público;Longo Curso;1549872;9386421;2025-02-10 13:30:00;26/02/2025 18:10;26/02/2025 20:45;28/02/2025 18:45;Granel Sólido;Soja;1;;388:40:00;16,19;59;3,04
2025;Santos;BRSSZ;Público;Longo Curso;1549831;9442524;2025-02-11 09:38:00;11/02/2025 11:00;11/02/2025 13:00;12/02/2025 06:07;Granel Sólido;Açúcar;1;;1:22:00;0,06;59;3,04
2025;Santos;BRSSZ;Público;Longo Curso;1549878;9682241;2025-02-11 12:12:00;13/02/2025 16:55;13/02/2025 18:00;15/02/2025 10:10;Granel Líquido e Gasoso;Petróleo E Derivados (Sem Óleo Bruto);1;;52:43:00;2,2;59;3,04
2025;Santos;BRSSZ;Público;Longo Curso;1549856;9561875;2025-02-11 13:55:00;11/02/2025 21:05;12/02/2025 01:00;15/02/2025 03:40;Granel Sólido;Trigo;1;;7:10:00;0,3;59;3,04
2025;Santos;BRSSZ;Público;Longo Curso;1549864;9725859;2025-02-11 14:12:00;11/02/2025 19:38;11/02/2025 20:00;13/02/2025 18:46;Granel Líquido e Gasoso;Produtos Químicos Orgânicos;1;;5:26:00;0,23;59;3,04
2025;Santos;BRSSZ;Público;Longo Curso;1549830;9568500;2025-02-11 16:00:00;11/02/2025 19:15;12/02/2025 01:35;14/02/2025 03:05;Granel Líquido e Gasoso;Produtos Químicos Orgânicos;1;;3:15:00;0,14;59;3,04
2025;Santos;BRSSZ;Público;Cabotagem;1549733;9753636;2025-02-12 02:30:00;12/02/2025 11:30;12/02/2025 12:10;15/02/2025 23:44;Granel Líquido e Gasoso;Produtos Químicos Orgânicos;1;;9:00:00;0,38;59;3,04
2025;Santos;BRSSZ;Público;Cabotagem;1549733;9753636;2025-02-12 02:30:00;12/02/2025 11:30;12/02/2025 12:10;15/02/2025 23:44;Granel Líquido e Gasoso;Petróleo E Derivados (Sem Óleo Bruto);1;;9:00:00;0,38;59;3,04
2025;Santos;BRSSZ;Público;Cabotagem;1549733;9753636;2025-02-12 02:30:00;12/02/2025 11:30;12/02/2025 12:10;15/02/2025 23:44;Granel Líquido e Gasoso;Combustíveis, Óleos E Produtos Minerais;1;;9:00:00;0,38;59;3,04
2025;Santos;BRSSZ;Público;Cabotagem;1549733;9753636;2025-02-12 02:30:00;12/02/2025 11:30;12/02/2025 12:10;15/02/2025 23:44;Granel Líquido e Gasoso;Etanol Combustível;1;;9:00:00;0,38;59;3,04
2025;Santos;BRSSZ;Público;Longo Curso;1549732;9805790;2025-02-12 10:00:00;19/02/2025 13:20;19/02/2025 19:13;23/02/2025 16:00;Granel Sólido;Soja;1;;171:20:00;7,14;59;3,04
2025;Santos;BRSSZ;Público;Longo Curso;1549849;9539468;2025-02-12 11:30:00;16/02/2025 03:40;16/02/2025 08:50;19/02/2025 23:35;Granel Sólido;Adubos (Fertilizantes);1;;88:10:00;3,67;59;3,04
2025;Santos;BRSSZ;Público;Longo Curso;1549791;9624055;2025-02-12 13:00:00;12/02/2025 14:15;12/02/2025 15:40;12/02/2025 23:50;Granel Sólido;Açúcar;1;;1:15:00;0,05;59;3,04
2025;Santos;BRSSZ;Público;Longo Curso;1549871;9357767;2025-02-13 04:36:00;23/02/2025 12:10;23/02/2025 14:15;25/02/2025 13:05;Granel Sólido;Soja;1;;247:34:00;10,32;59;3,04
2025;Santos;BRSSZ;Público;Longo Curso;1549749;9956422;2025-02-13 12:30:00;13/02/2025 18:00;14/02/2025 01:00;16/02/2025 23:41;Granel Líquido e Gasoso;Produtos Químicos Orgânicos;1;;5:30:00;0,23;59;3,04
2025;Santos;BRSSZ;Público;Longo Curso;1549749;9956422;2025-02-13 12:30:00;13/02/2025 18:00;14/02/2025 01:00;16/02/2025 23:41;Granel Líquido e Gasoso;Etanol Combustível;1;;5:30:00;0,23;59;3,04
2025;Santos;BRSSZ;Público;Longo Curso;1549749;9956422;2025-02-13 12:30:00;13/02/2025 18:00;14/02/2025 01:00;16/02/2025 23:41;Granel Líquido e Gasoso;Plásticos E Suas Obras;1;;5:30:00;0,23;59;3,04
2025;Santos;BRSSZ;Público;Longo Curso;1549775;9737151;2025-02-13 17:20:00;14/02/2025 06:55;14/02/2025 06:55;21/02/2025 05:43;Granel Líquido e Gasoso;Etanol Combustível;1;;13:35:00;0,57;59;3,04
2025;Santos;BRSSZ;Público;Longo Curso;1549875;9502336;2025-02-13 21:05:00;13/02/2025 21:25;13/02/2025 22:00;14/02/2025 14:35;Carga Geral;Pasta De Celulose;1;;0:20:00;0,01;59;3,04
2025;Santos;BRSSZ;Público;Longo Curso;1549739;9883493;2025-02-14 02:30:00;18/02/2025 07:54;18/02/2025 08:15;21/02/2025 04:10;Granel Líquido e Gasoso;Produtos Químicos Orgânicos;1;;101:24:00;4,23;59;3,04
2025;Santos;BRSSZ;Público;Longo Curso;1549865;9834155;2025-02-14 04:58:00;14/02/2025 06:10;14/02/2025 07:00;19/02/2025 19:43;Granel Líquido e Gasoso;Produtos Químicos Orgânicos;1;;1:12:00;0,05;59;3,04
2025;Santos;BRSSZ;Público;Longo Curso;1549883;9713818;2025-02-14 08:45:00;17/02/2025 04:50;17/02/2025 06:55;18/02/2025 16:45;Granel Sólido;Resíduos Da Extração Do Óleo De Soja;1;;68:05:00;2,84;59;3,04
2025;Santos;BRSSZ;Público;Longo Curso;1549879;9591753;2025-02-14 15:00:00;14/02/2025 17:20;14/02/2025 17:20;17/02/2025 05:15;Granel Sólido;Resíduos Da Extração Do Óleo De Soja;1;;2:20:00;0,1;59;3,04
2025;Santos;BRSSZ;Público;Longo Curso;1549841;9358412;2025-02-14 18:36:00;16/02/2025 23:15;17/02/2025 01:00;19/02/2025 13:50;Granel Líquido e Gasoso;Petróleo E Derivados (Sem Óleo Bruto);1;;52:39:00;2,19;59;3,04
2025;Santos;BRSSZ;Público;Longo Curso;1549780;9440394;2025-02-14 19:00:00;17/02/2025 07:15;17/02/2025 07:40;20/02/2025 15:20;Granel Sólido;Resíduos Da Extração Do Óleo De Soja;1;;60:15:00;2,51;59;3,04
2025;Santos;BRSSZ;Público;Longo Curso;1549742;9773143;2025-02-14 23:20:00;17/02/2025 01:44;17/02/2025 01:45;19/02/2025 18:36;Granel Líquido e Gasoso;Produtos Diversos Da Indústria Química;1;;50:24:00;2,1;59;3,04
2025;Santos;BRSSZ;Público;Longo Curso;1549742;9773143;2025-02-14 23:20:00;17/02/2025 01:44;17/02/2025 01:45;19/02/2025 18:36;Granel Líquido e Gasoso;Produtos Químicos Inorgânicos;1;;50:24:00;2,1;59;3,04
2025;Santos;BRSSZ;Público;Longo Curso;1549742;9773143;2025-02-14 23:20:00;17/02/2025 01:44;17/02/2025 01:45;19/02/2025 18:36;Granel Líquido e Gasoso;Produtos Químicos Orgânicos;1;;50:24:00;2,1;59;3,04
2025;Santos;BRSSZ;Público;Longo Curso;1549867;9845271;2025-02-14 23:30:00;19/02/2025 00:55;19/02/2025 04:56;21/02/2025 03:40;Granel Sólido;Soja;1;;97:25:00;4,06;59;3,04
2025;Santos;BRSSZ;Público;Longo Curso;1549740;9735452;2025-02-15 02:00:00;15/02/2025 08:25;15/02/2025 08:30;21/02/2025 11:20;Granel Líquido e Gasoso;Preparações De Frutas;1;;6:25:00;0,27;59;3,04
2025;Santos;BRSSZ;Público;Longo Curso;1554493;9796561;2025-02-15 08:00:00;27/02/2025 15:55;27/02/2025 19:00;04/03/2025 16:50;Granel Sólido;Resíduos Da Extração Do Óleo De Soja;1;;295:55:00;12,33;59;3,04
2025;Santos;BRSSZ;Público;Cabotagem;1549894;9431317;2025-02-15 15:30:00;19/02/2025 22:30;20/02/2025 01:18;21/02/2025 00:30;Granel Líquido e Gasoso;Petróleo E Derivados (Sem Óleo Bruto);1;;103:00:00;4,29;59;3,04
2025;Santos;BRSSZ;Público;Longo Curso;1549778;9875642;2025-02-15 19:42:00;20/02/2025 14:10;20/02/2025 16:38;21/02/2025 21:05;Granel Sólido;Açúcar;1;;114:28:00;4,77;59;3,04
2025;Santos;BRSSZ;Público;Longo Curso;1549758;9168635;2025-02-16 02:30:00;16/02/2025 03:35;16/02/2025 03:50;18/02/2025 05:08;Granel Líquido e Gasoso;Produtos Químicos Orgânicos;1;;1:05:00;0,05;59;3,04
2025;Santos;BRSSZ;Público;Longo Curso;1549881;9943308;2025-02-16 03:00:00;21/02/2025 09:15;21/02/2025 13:00;24/02/2025 18:15;Granel Líquido e Gasoso;Óleo De Soja;1;;126:15:00;5,26;59;3,04
2025;Santos;BRSSZ;Público;Longo Curso;1549708;9539987;2025-02-16 06:00:00;16/02/2025 06:55;16/02/2025 13:00;28/02/2025 03:55;Carga Geral;Pasta De Celulose;1;;0:55:00;0,04;59;3,04
2025;Santos;BRSSZ;Público;Longo Curso;1549700;9699880;2025-02-16 08:30:00;16/02/2025 13:33;16/02/2025 13:33;26/02/2025 21:41;Granel Sólido;Adubos (Fertilizantes);1;;5:03:00;0,21;59;3,04
2025;Santos;BRSSZ;Público;Cabotagem;1554496;9660358;2025-02-16 09:00:00;27/02/2025 09:45;27/02/2025 13:24;01/03/2025 04:07;Granel Líquido e Gasoso;Petróleo E Derivados (Sem Óleo Bruto);1;;264:45:00;11,03;59;3,04
2025;Santos;BRSSZ;Público;Longo Curso;1554410;9422794;2025-02-16 10:00:00;16/02/2025 13:10;16/02/2025 13:12;02/03/2025 09:25;Granel Sólido;Trigo;1;;3:10:00;0,13;59;3,04
2025;Santos;BRSSZ;Público;Longo Curso;1549892;9483827;2025-02-16 14:15:00;21/02/2025 07:15;21/02/2025 10:43;23/02/2025 22:30;Granel Sólido;Soja;1;;113:00:00;4,71;59;3,04
2025;Santos;BRSSZ;Público;Longo Curso;1549901;9967146;2025-02-16 18:30:00;20/02/2025 22:15;21/02/2025 01:00;21/02/2025 18:00;Granel Sólido;Açúcar;1;;99:45:00;4,16;59;3,04
2025;Santos;BRSSZ;Público;Longo Curso;1549884;9520845;2025-02-16 19:42:00;17/02/2025 21:45;18/02/2025 01:00;20/02/2025 08:30;Granel Sólido;Açúcar;1;;26:03:00;1,09;59;3,04
2025;Santos;BRSSZ;Público;Cabotagem;1549899;9416393;2025-02-16 21:00:00;24/02/2025 12:40;24/02/2025 17:30;26/02/2025 08:16;Granel Líquido e Gasoso;Petróleo E Derivados (Sem Óleo Bruto);1;;183:40:00;7,65;59;3,04
2025;Santos;BRSSZ;Público;Longo Curso;1549734;9598220;2025-02-17 00:24:00;24/02/2025 21:04;24/02/2025 23:59;27/02/2025 11:15;Granel Sólido;Soja;1;;188:40:00;7,86;60;4,37
2025;Santos;BRSSZ;Público;Cabotagem;1549898;9391361;2025-02-17 04:00:00;21/02/2025 18:15;21/02/2025 21:24;23/02/2025 12:35;Granel Líquido e Gasoso;Petróleo E Derivados (Sem Óleo Bruto);1;;110:15:00;4,59;60;4,37
2025;Santos;BRSSZ;Público;Longo Curso;1554460;9582556;2025-02-17 14:00:00;05/03/2025 02:50;05/03/2025 02:50;09/03/2025 00:25;Granel Sólido;Resíduos Da Extração Do Óleo De Soja;1;;372:50:00;15,53;60;4,37
2025;Santos;BRSSZ;Público;Longo Curso;1554460;9582556;2025-02-17 14:00:00;05/03/2025 02:50;05/03/2025 02:50;09/03/2025 00:25;Granel Sólido;Soja;1;;372:50:00;15,53;60;4,37
2025;Santos;BRSSZ;Público;Longo Curso;1554495;9288526;2025-02-17 15:00:00;28/02/2025 07:40;28/02/2025 07:40;04/03/2025 23:20;Granel Sólido;Resíduos Da Extração Do Óleo De Soja;1;;256:40:00;10,69;60;4,37
2025;Santos;BRSSZ;Público;Longo Curso;1549748;9526162;2025-02-17 15:00:00;17/02/2025 20:48;17/02/2025 20:48;23/02/2025 17:42;Granel Sólido;Adubos (Fertilizantes);1;;5:48:00;0,24;60;4,37
2025;Santos;BRSSZ;Público;Cabotagem;1549888;9345893;2025-02-17 16:00:00;19/02/2025 22:19;19/02/2025 23:00;21/02/2025 18:00;Granel Líquido e Gasoso;Soda Cáustica;1;;54:19:00;2,26;60;4,37
2025;Santos;BRSSZ;Público;Longo Curso;1549842;9941946;2025-02-17 16:25:00;17/02/2025 17:35;17/02/2025 19:35;20/02/2025 04:05;Granel Sólido;Açúcar;1;;1:10:00;0,05;60;4,37
2025;Santos;BRSSZ;Público;Cabotagem;1549895;9828156;2025-02-17 20:42:00;19/02/2025 17:26;19/02/2025 19:00;21/02/2025 15:45;Granel Líquido e Gasoso;Petróleo E Derivados (Sem Óleo Bruto);1;;44:44:00;1,86;60;4,37
2025;Santos;BRSSZ;Público;Longo Curso;1549866;9966300;2025-02-17 21:06:00;24/02/2025 04:35;24/02/2025 07:32;27/02/2025 02:30;Granel Sólido;Soja;1;;151:29:00;6,31;60;4,37
2025;Santos;BRSSZ;Público;Longo Curso;1549848;9815965;2025-02-17 21:30:00;20/02/2025 04:10;20/02/2025 17:10;22/02/2025 21:00;Granel Sólido;Adubos (Fertilizantes);1;;54:40:00;2,28;60;4,37
2025;Santos;BRSSZ;Público;Longo Curso;1554441;9748813;2025-02-18 09:00:00;25/02/2025 10:05;25/02/2025 15:50;01/03/2025 04:05;Granel Sólido;Soja;1;;169:05:00;7,05;60;4,37
2025;Santos;BRSSZ;Público;Longo Curso;1549886;9574171;2025-02-18 11:42:00;22/02/2025 01:00;22/02/2025 03:30;23/02/2025 00:02;Granel Sólido;Açúcar;1;;85:18:00;3,55;60;4,37
2025;Santos;BRSSZ;Público;Longo Curso;1549869;9958896;2025-02-18 13:00:00;18/02/2025 16:49;18/02/2025 22:52;21/02/2025 21:09;Granel Sólido;Sal;1;;3:49:00;0,16;60;4,37
2025;Santos;BRSSZ;Público;Cabotagem;1549905;9539573;2025-02-18 17:39:00;22/02/2025 19:45;23/02/2025 03:00;24/02/2025 09:27;Granel Líquido e Gasoso;Petróleo E Derivados (Sem Óleo Bruto);1;;98:06:00;4,09;60;4,37
2025;Santos;BRSSZ;Público;Longo Curso;1554413;9758571;2025-02-19 00:06:00;26/02/2025 08:20;26/02/2025 08:20;02/03/2025 00:35;Granel Sólido;Soja;1;;176:14:00;7,34;60;4,37
2025;Santos;BRSSZ;Público;Longo Curso;1549726;9976434;2025-02-19 04:00:00;19/02/2025 04:55;19/02/2025 07:00;21/02/2025 03:30;Carga Geral;Pasta De Celulose;1;;0:55:00;0,04;60;4,37
2025;Santos;BRSSZ;Público;Longo Curso;1549786;9299886;2025-02-19 13:12:00;24/02/2025 21:20;24/02/2025 21:20;26/02/2025 21:18;Granel Líquido e Gasoso;Petróleo E Derivados (Sem Óleo Bruto);1;;128:08:00;5,34;60;4,37
2025;Santos;BRSSZ;Público;Longo Curso;1549789;9266267;2025-02-19 20:10:00;19/02/2025 21:10;19/02/2025 21:10;21/02/2025 05:00;Granel Líquido e Gasoso;Produtos Químicos Orgânicos;1;;1:00:00;0,04;60;4,37
2025;Santos;BRSSZ;Público;Longo Curso;1554415;9737589;2025-02-20 02:00:00;07/03/2025 08:50;07/03/2025 08:50;10/03/2025 12:10;Granel Sólido;Soja;1;;366:50:00;15,28;60;4,37
2025;Santos;BRSSZ;Público;Longo Curso;1554500;9523160;2025-02-20 03:00:00;07/03/2025 17:20;07/03/2025 17:30;08/03/2025 02:30;Granel Sólido;Soja;1;;374:20:00;15,6;60;4,37
2025;Santos;BRSSZ;Público;Longo Curso;1549787;9866768;2025-02-20 06:00:00;23/02/2025 22:05;23/02/2025 22:05;26/02/2025 23:15;Granel Sólido;Adubos (Fertilizantes);1;;88:05:00;3,67;60;4,37
2025;Santos;BRSSZ;Público;Longo Curso;1549803;9364825;2025-02-20 07:00:00;20/02/2025 08:10;20/02/2025 10:55;20/02/2025 16:50;Granel Sólido;Açúcar;1;;1:10:00;0,05;60;4,37
2025;Santos;BRSSZ;Público;Longo Curso;1549904;9317004;2025-02-20 09:45:00;24/02/2025 21:15;24/02/2025 21:15;27/02/2025 17:10;Granel Sólido;Resíduos Da Extração Do Óleo De Soja;1;;107:30:00;4,48;60;4,37
2025;Santos;BRSSZ;Público;Longo Curso;1549776;9497842;2025-02-20 11:30:00;27/02/2025 14:07;27/02/2025 16:10;28/02/2025 16:44;Granel Sólido;Açúcar;1;;170:37:00;7,11;60;4,37
2025;Santos;BRSSZ;Público;Longo Curso;1549709;9460320;2025-02-20 12:00:00;23/02/2025 03:08;23/02/2025 05:35;24/02/2025 13:40;Granel Sólido;Açúcar;1;;63:08:00;2,63;60;4,37
2025;Santos;BRSSZ;Público;Longo Curso;1549910;9908322;2025-02-20 15:34:00;23/02/2025 21:47;23/02/2025 22:00;25/02/2025 06:33;Granel Líquido e Gasoso;Produtos Químicos Orgânicos;1;;78:13:00;3,26;60;4,37
2025;Santos;BRSSZ;Público;Cabotagem;1549897;9492270;2025-02-20 23:30:00;23/02/2025 16:10;23/02/2025 20:00;26/02/2025 14:45;Granel Líquido e Gasoso;Petróleo E Derivados (Sem Óleo Bruto);1;;64:40:00;2,69;60;4,37
2025;Santos;BRSSZ;Público;Longo Curso;1549896;9561344;2025-02-21 03:36:00;21/02/2025 18:15;21/02/2025 18:15;26/02/2025 14:40;Granel Sólido;Adubos (Fertilizantes);1;;14:39:00;0,61;60;4,37
2025;Santos;BRSSZ;Público;Longo Curso;1549760;9266267;2025-02-21 05:00:00;21/02/2025 05:45;21/02/2025 06:00;22/02/2025 12:40;Granel Líquido e Gasoso;Produtos Químicos Orgânicos;1;;0:45:00;0,03;60;4,37
2025;Santos;BRSSZ;Público;Cabotagem;1549903;9788540;2025-02-21 05:29:00;21/02/2025 21:05;22/02/2025 10:45;23/02/2025 04:06;Granel Líquido e Gasoso;Petróleo E Derivados (Sem Óleo Bruto);1;;15:36:00;0,65;60;4,37
2025;Santos;BRSSZ;Público;Longo Curso;1549873;9737151;2025-02-21 05:43:00;21/02/2025 06:21;21/02/2025 13:00;23/02/2025 14:31;Granel Líquido e Gasoso;Etanol Combustível;1;;0:38:00;0,03;60;4,37
2025;Santos;BRSSZ;Público;Cabotagem;1554518;9865752;2025-02-21 09:42:00;27/02/2025 18:02;27/02/2025 21:36;01/03/2025 09:48;Granel Líquido e Gasoso;Petróleo E Derivados (Sem Óleo Bruto);1;;152:20:00;6,35;60;4,37
2025;Santos;BRSSZ;Público;Longo Curso;1549889;9181493;2025-02-21 11:35:00;24/02/2025 03:15;24/02/2025 07:00;26/02/2025 22:30;Carga Geral;Açúcar;1;;63:40:00;2,65;60;4,37
2025;Santos;BRSSZ;Público;Longo Curso;1549857;9561875;2025-02-21 12:30:00;21/02/2025 13:30;21/02/2025 14:58;24/02/2025 08:40;Granel Sólido;Trigo;1;;1:00:00;0,04;60;4,37
2025;Santos;BRSSZ;Público;Cabotagem;1549908;9426879;2025-02-21 15:00:00;23/02/2025 12:25;23/02/2025 20:10;26/02/2025 11:15;Granel Sólido;Sal;1;;45:25:00;1,89;60;4,37
2025;Santos;BRSSZ;Público;Longo Curso;1549705;9976446;2025-02-21 20:10:00;22/02/2025 19:40;22/02/2025 19:45;26/02/2025 10:15;Carga Geral;Pasta De Celulose;1;;23:30:00;0,98;60;4,37
2025;Santos;BRSSZ;Público;Longo Curso;1554463;9655224;2025-02-22 01:00:00;27/02/2025 00:30;27/02/2025 00:30;02/03/2025 12:40;Granel Sólido;Adubos (Fertilizantes);1;;119:30:00;4,98;60;4,37
2025;Santos;BRSSZ;Público;Longo Curso;1549887;9727546;2025-02-22 08:30:00;22/02/2025 16:35;22/02/2025 16:35;27/02/2025 02:00;Granel Líquido e Gasoso;Gorduras E Óleos Animais Ou Vegetais;1;;8:05:00;0,34;60;4,37
2025;Santos;BRSSZ;Público;Longo Curso;1549752;9866782;2025-02-22 10:40:00;23/02/2025 16:20;23/02/2025 16:20;25/02/2025 19:45;Granel Líquido e Gasoso;Etanol Combustível;1;;29:40:00;1,24;60;4,37
2025;Santos;BRSSZ;Público;Longo Curso;1549752;9866782;2025-02-22 10:40:00;23/02/2025 16:20;23/02/2025 16:20;25/02/2025 19:45;Granel Líquido e Gasoso;Produtos Químicos Orgânicos;1;;29:40:00;1,24;60;4,37
2025;Santos;BRSSZ;Público;Cabotagem;1549906;9459060;2025-02-22 11:48:00;26/02/2025 10:08;26/02/2025 12:36;27/02/2025 08:17;Granel Líquido e Gasoso;Petróleo E Derivados (Sem Óleo Bruto);1;;94:20:00;3,93;60;4,37
2025;Santos;BRSSZ;Público;Longo Curso;1554419;9937294;2025-02-22 17:50:00;01/03/2025 03:34;01/03/2025 03:34;04/03/2025 03:49;Granel Sólido;Adubos (Fertilizantes);1;;153:44:00;6,41;60;4,37
2025;Santos;BRSSZ;Público;Longo Curso;1554504;9583172;2025-02-22 21:54:00;01/03/2025 10:05;01/03/2025 12:34;04/03/2025 05:20;Granel Sólido;Resíduos Da Extração Do Óleo De Soja;1;;156:11:00;6,51;60;4,37
2025;Santos;BRSSZ;Público;Longo Curso;1554459;9595204;2025-02-23 00:48:00;02/03/2025 15:00;02/03/2025 15:00;07/03/2025 09:10;Granel Sólido;Adubos (Fertilizantes);1;;182:12:00;7,59;60;4,37
2025;Santos;BRSSZ;Público;Longo Curso;1554515;9700421;2025-02-23 02:36:00;04/03/2025 21:15;05/03/2025 00:01;07/03/2025 09:55;Granel Sólido;Resíduos Da Extração Do Óleo De Soja;1;;234:39:00;9,78;60;4,37
2025;Santos;BRSSZ;Público;Longo Curso;1549907;9505998;2025-02-23 09:00:00;25/02/2025 20:45;26/02/2025 01:00;27/02/2025 03:10;Granel Líquido e Gasoso;Gorduras E Óleos Animais Ou Vegetais;1;;59:45:00;2,49;60;4,37
2025;Santos;BRSSZ;Público;Longo Curso;1549761;9491836;2025-02-23 10:55:00;24/02/2025 03:37;24/02/2025 03:38;28/02/2025 02:43;Granel Líquido e Gasoso;Preparações De Frutas;1;;16:42:00;0,7;60;4,37
2025;Santos;BRSSZ;Público;Longo Curso;1554420;9832664;2025-02-23 14:36:00;01/03/2025 20:07;01/03/2025 22:00;04/03/2025 04:10;Granel Sólido;Açúcar;1;;149:31:00;6,23;60;4,37
2025;Santos;BRSSZ;Público;Longo Curso;1554491;9422938;2025-02-24 01:00:00;05/03/2025 18:10;05/03/2025 19:00;07/03/2025 14:00;Granel Sólido;Soja;1;;233:10:00;9,72;61;3,91
2025;Santos;BRSSZ;Público;Longo Curso;1549909;9619593;2025-02-24 14:12:00;25/02/2025 16:25;25/02/2025 19:00;27/02/2025 14:05;Granel Sólido;Soja;1;;26:13:00;1,09;61;3,91
2025;Santos;BRSSZ;Público;Longo Curso;1549735;9613317;2025-02-24 14:34:00;24/02/2025 16:45;24/02/2025 19:35;26/02/2025 10:40;Carga Geral;Pasta De Celulose;1;;2:11:00;0,09;61;3,91
2025;Santos;BRSSZ;Público;Cabotagem;1549902;9413523;2025-02-24 22:12:00;26/02/2025 19:11;26/02/2025 23:42;27/02/2025 16:02;Granel Líquido e Gasoso;Petróleo E Derivados (Sem Óleo Bruto);1;;44:59:00;1,87;61;3,91
2025;Santos;BRSSZ;Público;Longo Curso;1554512;9479008;2025-02-25 06:54:00;06/03/2025 22:30;07/03/2025 00:20;09/03/2025 14:10;Granel Sólido;Açúcar;1;;231:36:00;9,65;61;3,91
2025;Santos;BRSSZ;Público;Longo Curso;1554464;9489089;2025-02-25 14:00:00;27/02/2025 06:18;27/02/2025 06:18;02/03/2025 12:45;Granel Líquido e Gasoso;Soda Cáustica;1;;40:18:00;1,68;61;3,91
2025;Santos;BRSSZ;Público;Longo Curso;1554503;9949261;2025-02-25 21:12:00;11/03/2025 13:45;11/03/2025 13:45;14/03/2025 13:25;Granel Sólido;Resíduos Da Extração Do Óleo De Soja;1;;328:33:00;13,69;61;3,91
2025;Santos;BRSSZ;Público;Longo Curso;1554497;9989223;2025-02-25 23:00:00;25/02/2025 23:45;26/02/2025 00:18;03/03/2025 04:20;Granel Líquido e Gasoso;Etanol Combustível;1;;0:45:00;0,03;61;3,91
2025;Santos;BRSSZ;Público;Longo Curso;1554538;9361201;2025-02-26 07:42:00;09/03/2025 03:35;09/03/2025 03:35;11/03/2025 10:50;Granel Sólido;Resíduos Da Extração Do Óleo De Soja;1;;259:53:00;10,83;61;3,91
2025;Santos;BRSSZ;Público;Longo Curso;1554426;9828223;2025-02-26 08:00:00;01/03/2025 17:50;01/03/2025 17:50;06/03/2025 14:42;Granel Líquido e Gasoso;Produtos Químicos Orgânicos;1;;81:50:00;3,41;61;3,91
2025;Santos;BRSSZ;Público;Longo Curso;1549790;9928865;2025-02-26 10:43:00;26/02/2025 11:45;26/02/2025 13:19;27/02/2025 21:45;Carga Geral;Pasta De Celulose;1;;1:02:00;0,04;61;3,91
2025;Santos;BRSSZ;Público;Longo Curso;1554509;9519169;2025-02-26 10:45:00;02/03/2025 12:50;02/03/2025 16:00;09/03/2025 17:00;Granel Sólido;Trigo;1;;98:05:00;4,09;61;3,91
2025;Santos;BRSSZ;Público;Cabotagem;1554444;9753636;2025-02-26 12:30:00;03/03/2025 23:46;03/03/2025 23:46;06/03/2025 10:10;Granel Líquido e Gasoso;Combustíveis, Óleos E Produtos Minerais;1;;131:16:00;5,47;61;3,91
2025;Santos;BRSSZ;Público;Cabotagem;1554444;9753636;2025-02-26 12:30:00;03/03/2025 23:46;03/03/2025 23:46;06/03/2025 10:10;Granel Líquido e Gasoso;Etanol Combustível;1;;131:16:00;5,47;61;3,91
2025;Santos;BRSSZ;Público;Cabotagem;1554444;9753636;2025-02-26 12:30:00;03/03/2025 23:46;03/03/2025 23:46;06/03/2025 10:10;Granel Líquido e Gasoso;Petróleo E Derivados (Sem Óleo Bruto);1;;131:16:00;5,47;61;3,91
2025;Santos;BRSSZ;Público;Cabotagem;1554444;9753636;2025-02-26 12:30:00;03/03/2025 23:46;03/03/2025 23:46;06/03/2025 10:10;Granel Líquido e Gasoso;Produtos Químicos Orgânicos;1;;131:16:00;5,47;61;3,91
2025;Santos;BRSSZ;Público;Longo Curso;1554521;9469510;2025-02-26 15:00:00;27/02/2025 01:00;27/02/2025 04:05;03/03/2025 05:15;Granel Sólido;Açúcar;1;;10:00:00;0,42;61;3,91
2025;Santos;BRSSZ;Público;Longo Curso;1554519;9304265;2025-02-26 16:00:00;27/02/2025 06:10;27/02/2025 09:23;01/03/2025 08:15;Granel Sólido;Soja;1;;14:10:00;0,59;61;3,91
2025;Santos;BRSSZ;Público;Longo Curso;1554510;9470571;2025-02-26 19:30:00;26/02/2025 20:45;27/02/2025 01:00;02/03/2025 10:15;Granel Sólido;Trigo;1;;1:15:00;0,05;61;3,91
2025;Santos;BRSSZ;Público;Longo Curso;1549783;9699880;2025-02-26 21:41:00;26/02/2025 22:53;26/02/2025 23:00;27/02/2025 11:36;Granel Sólido;Adubos (Fertilizantes);1;;1:12:00;0,05;61;3,91
2025;Santos;BRSSZ;Público;Cabotagem;1554527;9448322;2025-02-26 22:48:00;05/03/2025 07:22;05/03/2025 10:12;06/03/2025 08:51;Granel Líquido e Gasoso;Petróleo E Derivados (Sem Óleo Bruto);1;;152:34:00;6,36;61;3,91
2025;Santos;BRSSZ;Público;Longo Curso;1549788;9284726;2025-02-27 00:00:00;27/02/2025 01:25;27/02/2025 01:25;28/02/2025 22:55;Granel Líquido e Gasoso;Petróleo E Derivados (Sem Óleo Bruto);1;;1:25:00;0,06;61;3,91
2025;Santos;BRSSZ;Público;Longo Curso;1554526;9623752;2025-02-27 00:54:00;09/03/2025 13:45;09/03/2025 19:00;14/03/2025 16:45;Granel Sólido;Soja;1;;252:51:00;10,54;61;3,91
2025;Santos;BRSSZ;Público;Longo Curso;1554466;9505998;2025-02-27 03:10:00;27/02/2025 03:52;27/02/2025 04:06;01/03/2025 14:05;Granel Líquido e Gasoso;Produtos Químicos Inorgânicos;1;;0:42:00;0,03;61;3,91
2025;Santos;BRSSZ;Público;Longo Curso;1554466;9505998;2025-02-27 03:10:00;27/02/2025 03:52;27/02/2025 04:06;01/03/2025 14:05;Granel Líquido e Gasoso;Produtos Químicos Orgânicos;1;;0:42:00;0,03;61;3,91
2025;Santos;BRSSZ;Público;Longo Curso;1554506;9640114;2025-02-27 10:00:00;02/03/2025 14:50;02/03/2025 14:50;04/03/2025 18:38;Granel Líquido e Gasoso;Produtos Diversos Da Indústria Química;1;;76:50:00;3,2;61;3,91
2025;Santos;BRSSZ;Público;Longo Curso;1554528;9724180;2025-02-27 14:00:00;06/03/2025 01:40;06/03/2025 09:38;07/03/2025 19:25;Granel Sólido;Soja;1;;155:40:00;6,49;61;3,91
2025;Santos;BRSSZ;Público;Longo Curso;1554490;9958896;2025-02-28 07:30:00;28/02/2025 08:14;28/02/2025 14:20;08/03/2025 12:41;Granel Sólido;Sal;1;;0:44:00;0,03;61;3,91
2025;Santos;BRSSZ;Público;Longo Curso;1554414;9976501;2025-02-28 12:00:00;03/03/2025 02:20;03/03/2025 07:15;07/03/2025 01:35;Carga Geral;Pasta De Celulose;1;;62:20:00;2,6;61;3,91
2025;Santos;BRSSZ;Público;Longo Curso;1554545;9594913;2025-02-28 14:00:00;10/03/2025 17:40;10/03/2025 22:43;13/03/2025 06:10;Granel Sólido;Soja;1;;243:40:00;10,15;61;3,91
2025;Santos;BRSSZ;Público;Longo Curso;1554445;9942859;2025-02-28 14:00:00;02/03/2025 21:40;03/03/2025 01:16;07/03/2025 23:55;Granel Sólido;Soja;1;;55:40:00;2,32;61;3,91
2025;Santos;BRSSZ;Público;Longo Curso;1554543;9387920;2025-02-28 20:12:00;01/03/2025 08:42;01/03/2025 13:18;03/03/2025 02:33;Granel Líquido e Gasoso;Petróleo E Derivados (Sem Óleo Bruto);1;;12:30:00;0,52;61;3,91
2025;Santos;BRSSZ;Público;Longo Curso;1554492;9520845;2025-02-28 21:00:00;28/02/2025 22:11;01/03/2025 00:00;01/03/2025 14:05;Granel Sólido;Açúcar;1;;1:11:00;0,05;61;3,91
2025;Santos;BRSSZ;Público;Longo Curso;1554537;9496214;2025-02-28 21:36:00;14/03/2025 15:35;14/03/2025 16:07;16/03/2025 18:45;Granel Sólido;Resíduos Da Extração Do Óleo De Soja;1;;329:59:00;13,75;61;3,91
2025;Santos;BRSSZ;Público;Longo Curso;1554468;9801732;2025-02-28 21:45:00;08/03/2025 16:45;08/03/2025 19:00;09/03/2025 21:15;Granel Sólido;Açúcar;1;;187:00:00;7,79;61;3,91
2025;Santos;BRSSZ;Público;Longo Curso;1554442;9727546;2025-03-01 01:30:00;01/03/2025 03:05;01/03/2025 07:00;06/03/2025 14:14;Granel Líquido e Gasoso;Gorduras E Óleos Animais Ou Vegetais;1;;1:35:00;0,07;61;3,91
2025;Santos;BRSSZ;Público;Longo Curso;1554530;9266267;2025-03-01 19:54:00;04/03/2025 21:50;04/03/2025 21:50;07/03/2025 14:25;Granel Líquido e Gasoso;Etanol Combustível;1;;73:56:00;3,08;61;3,91
2025;Santos;BRSSZ;Público;Cabotagem;1554520;9547697;2025-03-01 22:42:00;10/03/2025 18:00;10/03/2025 19:45;12/03/2025 22:30;Granel Líquido e Gasoso;Petróleo E Derivados (Sem Óleo Bruto);1;;211:18:00;8,8;61;3,91
2025;Santos;BRSSZ;Público;Longo Curso;1554494;9689548;2025-03-02 04:03:00;02/03/2025 05:30;02/03/2025 16:18;07/03/2025 01:14;Granel Líquido e Gasoso;Gás De Petróleo;1;;1:27:00;0,06;61;3,91
2025;Santos;BRSSZ;Público;Longo Curso;1554467;9470571;2025-03-02 10:15:00;02/03/2025 10:45;02/03/2025 11:15;11/03/2025 14:15;Granel Sólido;Trigo;1;;0:30:00;0,02;61;3,91
2025;Santos;BRSSZ;Público;Longo Curso;1554546;9744984;2025-03-02 10:30:00;19/03/2025 02:00;19/03/2025 02:00;21/03/2025 16:45;Granel Sólido;Soja;1;;399:30:00;16,65;61;3,91
2025;Santos;BRSSZ;Público;Longo Curso;1554424;9483542;2025-03-02 11:30:00;11/03/2025 18:50;11/03/2025 18:50;15/03/2025 04:15;Granel Sólido;Soja;1;;223:20:00;9,31;61;3,91
2025;Santos;BRSSZ;Público;Longo Curso;1554438;9865245;2025-03-02 17:00:00;02/03/2025 20:42;02/03/2025 20:42;06/03/2025 14:12;Granel Sólido;Produtos Químicos Inorgânicos;1;;3:42:00;0,15;61;3,91
2025;Santos;BRSSZ;Público;Longo Curso;1554534;9909998;2025-03-02 18:36:00;04/03/2025 08:15;04/03/2025 11:44;05/03/2025 19:15;Granel Sólido;Soja;1;;37:39:00;1,57;61;3,91
2025;Santos;BRSSZ;Público;Cabotagem;1554531;9431317;2025-03-02 20:36:00;03/03/2025 23:10;04/03/2025 02:42;05/03/2025 04:50;Granel Líquido e Gasoso;Petróleo E Derivados (Sem Óleo Bruto);1;;26:34:00;1,11;61;3,91
2025;Santos;BRSSZ;Público;Longo Curso;1554427;9181493;2025-03-02 22:00:00;02/03/2025 22:45;03/03/2025 07:00;07/03/2025 09:15;Carga Geral;Fibras, Fios, Tecidos E Outros Artefatos;1;;0:45:00;0,03;61;3,91
2025;Santos;BRSSZ;Público;Longo Curso;1554427;9181493;2025-03-02 22:00:00;02/03/2025 22:45;03/03/2025 07:00;07/03/2025 09:15;Carga Geral;Açúcar;1;;0:45:00;0,03;61;3,91
2025;Santos;BRSSZ;Público;Longo Curso;1554453;9766906;2025-03-03 02:42:00;03/03/2025 08:25;03/03/2025 08:25;05/03/2025 14:40;Carga Geral;Pasta De Celulose;1;;5:43:00;0,24;62;4,34
2025;Santos;BRSSZ;Público;Longo Curso;1554541;9614842;2025-03-03 14:15:00;08/03/2025 06:00;08/03/2025 08:45;09/03/2025 22:45;Granel Sólido;Soja;1;;111:45:00;4,66;62;4,34
2025;Santos;BRSSZ;Público;Longo Curso;1554472;9641352;2025-03-03 16:42:00;10/03/2025 03:38;10/03/2025 07:07;12/03/2025 21:40;Granel Sólido;Açúcar;1;;154:56:00;6,46;62;4,34
2025;Santos;BRSSZ;Público;Longo Curso;1554522;9913676;2025-03-03 22:40:00;03/03/2025 23:50;04/03/2025 03:15;05/03/2025 12:10;Granel Sólido;Açúcar;1;;1:10:00;0,05;62;4,34
2025;Santos;BRSSZ;Público;Longo Curso;1554458;9458858;2025-03-04 07:36:00;07/03/2025 12:53;07/03/2025 12:53;09/03/2025 21:21;Granel Líquido e Gasoso;Gorduras E Óleos Animais Ou Vegetais;1;;77:17:00;3,22;62;4,34
2025;Santos;BRSSZ;Público;Cabotagem;1554524;9255799;2025-03-04 13:30:00;06/03/2025 17:02;06/03/2025 17:02;08/03/2025 02:35;Granel Líquido e Gasoso;Etanol Combustível;1;;51:32:00;2,15;62;4,34
2025;Santos;BRSSZ;Público;Cabotagem;1554542;9492270;2025-03-04 23:58:00;06/03/2025 10:15;06/03/2025 11:30;08/03/2025 19:16;Granel Líquido e Gasoso;Petróleo E Derivados (Sem Óleo Bruto);1;;34:17:00;1,43;62;4,34
2025;Santos;BRSSZ;Público;Longo Curso;1555960;9401879;2025-03-05 01:06:00;09/03/2025 20:55;10/03/2025 13:00;14/03/2025 19:30;Granel Sólido;Trigo;1;;115:49:00;4,83;62;4,34
2025;Santos;BRSSZ;Público;Longo Curso;1554432;9583158;2025-03-05 07:12:00;13/03/2025 02:30;13/03/2025 04:34;16/03/2025 07:43;Granel Sólido;Soja;1;;187:18:00;7,8;62;4,34
2025;Santos;BRSSZ;Público;Longo Curso;1555954;9861469;2025-03-05 07:24:00;16/03/2025 21:50;16/03/2025 21:54;18/03/2025 22:10;Granel Sólido;Resíduos Da Extração Do Óleo De Soja;1;;278:26:00;11,6;62;4,34
2025;Santos;BRSSZ;Público;Longo Curso;1555919;9846495;2025-03-05 10:00:00;11/03/2025 23:05;12/03/2025 07:40;14/03/2025 02:55;Carga Geral;Pasta De Celulose;1;;157:05:00;6,55;62;4,34
2025;Santos;BRSSZ;Público;Longo Curso;1554523;9913676;2025-03-05 12:10:00;05/03/2025 12:25;05/03/2025 13:00;06/03/2025 13:50;Granel Sólido;Açúcar;1;;0:15:00;0,01;62;4,34
2025;Santos;BRSSZ;Público;Longo Curso;1554535;9758038;2025-03-05 13:00:00;07/03/2025 12:55;07/03/2025 13:30;08/03/2025 09:02;Granel Líquido e Gasoso;Produtos Químicos Orgânicos;1;;47:55:00;2,0;62;4,34
2025;Santos;BRSSZ;Público;Longo Curso;1554533;9499436;2025-03-05 17:00:00;05/03/2025 18:45;05/03/2025 20:40;06/03/2025 23:30;Granel Sólido;Adubos (Fertilizantes);1;;1:45:00;0,07;62;4,34
2025;Santos;BRSSZ;Público;Longo Curso;1555921;9523483;2025-03-05 20:24:00;22/03/2025 00:10;22/03/2025 00:10;24/03/2025 22:54;Granel Sólido;Soja;1;;387:46:00;16,16;62;4,34
2025;Santos;BRSSZ;Público;Cabotagem;1554446;9403968;2025-03-05 21:30:00;08/03/2025 05:07;08/03/2025 05:07;10/03/2025 03:11;Granel Líquido e Gasoso;Soda Cáustica;1;;55:37:00;2,32;62;4,34
2025;Santos;BRSSZ;Público;Cabotagem;1554446;9403968;2025-03-05 21:30:00;08/03/2025 05:07;08/03/2025 05:07;10/03/2025 03:11;Granel Líquido e Gasoso;Produtos Químicos Orgânicos;1;;55:37:00;2,32;62;4,34
2025;Santos;BRSSZ;Público;Longo Curso;1555945;9699036;2025-03-06 05:18:00;17/03/2025 07:25;17/03/2025 09:35;18/03/2025 16:20;Granel Sólido;Açúcar;1;;266:07:00;11,09;62;4,34
2025;Santos;BRSSZ;Público;Longo Curso;1554407;9242089;2025-03-06 07:30:00;06/03/2025 08:14;06/03/2025 08:15;09/03/2025 19:05;Granel Líquido e Gasoso;Preparações De Frutas;1;;0:44:00;0,03;62;4,34
2025;Santos;BRSSZ;Público;Longo Curso;1554507;9640114;2025-03-06 10:00:00;06/03/2025 11:05;06/03/2025 17:50;07/03/2025 09:18;Granel Líquido e Gasoso;Petróleo E Derivados (Sem Óleo Bruto);1;;1:05:00;0,05;62;4,34
2025;Santos;BRSSZ;Público;Longo Curso;1554552;9510369;2025-03-06 13:20:00;07/03/2025 21:40;08/03/2025 00:47;09/03/2025 21:10;Granel Sólido;Soja;1;;32:20:00;1,35;62;4,34
2025;Santos;BRSSZ;Público;Longo Curso;1554462;9828223;2025-03-06 14:42:00;06/03/2025 15:10;06/03/2025 15:10;07/03/2025 04:05;Granel Líquido e Gasoso;Produtos Químicos Orgânicos;1;;0:28:00;0,02;62;4,34
2025;Santos;BRSSZ;Público;Longo Curso;1554539;9436460;2025-03-06 15:15:00;19/03/2025 03:15;19/03/2025 06:21;22/03/2025 12:30;Granel Sólido;Resíduos Da Extração Do Óleo De Soja;1;;300:00:00;12,5;62;4,34
2025;Santos;BRSSZ;Público;Longo Curso;1554547;9363479;2025-03-06 15:30:00;08/03/2025 23:15;09/03/2025 05:50;11/03/2025 05:30;Granel Líquido e Gasoso;Petróleo E Derivados (Sem Óleo Bruto);1;;55:45:00;2,32;62;4,34
2025;Santos;BRSSZ;Público;Longo Curso;1554451;9539468;2025-03-06 22:20:00;06/03/2025 22:50;07/03/2025 00:45;08/03/2025 02:05;Granel Sólido;Açúcar;1;;0:30:00;0,02;62;4,34
2025;Santos;BRSSZ;Público;Longo Curso;1554557;9357755;2025-03-06 23:00:00;21/03/2025 23:50;22/03/2025 02:25;24/03/2025 07:50;Granel Sólido;Soja;1;;360:50:00;15,03;62;4,34
2025;Santos;BRSSZ;Público;Cabotagem;1554532;9391361;2025-03-07 07:12:00;07/03/2025 14:00;07/03/2025 15:18;09/03/2025 09:26;Granel Líquido e Gasoso;Petróleo E Derivados (Sem Óleo Bruto);1;;6:48:00;0,28;62;4,34
2025;Santos;BRSSZ;Público;Longo Curso;1554562;9591973;2025-03-08 00:36:00;17/03/2025 23:25;18/03/2025 03:00;21/03/2025 15:30;Granel Sólido;Soja;1;;238:49:00;9,95;62;4,34
2025;Santos;BRSSZ;Público;Longo Curso;1554431;9827384;2025-03-08 04:00:00;08/03/2025 05:45;08/03/2025 07:00;12/03/2025 04:30;Granel Sólido;Soja;1;;1:45:00;0,07;62;4,34
2025;Santos;BRSSZ;Público;Longo Curso;1554440;9789881;2025-03-08 07:06:00;12/03/2025 09:05;12/03/2025 22:19;17/03/2025 16:55;Granel Sólido;Soja;1;;97:59:00;4,08;62;4,34
2025;Santos;BRSSZ;Público;Longo Curso;1554536;9758038;2025-03-08 09:02:00;08/03/2025 09:40;08/03/2025 19:00;09/03/2025 17:12;Granel Líquido e Gasoso;Produtos Químicos Orgânicos;1;;0:38:00;0,03;62;4,34
2025;Santos;BRSSZ;Público;Cabotagem;1554571;9660358;2025-03-08 21:48:00;17/03/2025 08:58;17/03/2025 10:36;20/03/2025 08:38;Granel Líquido e Gasoso;Petróleo E Derivados (Sem Óleo Bruto);1;;203:10:00;8,47;62;4,34
2025;Santos;BRSSZ;Público;Longo Curso;1554551;9719240;2025-03-08 22:08:00;08/03/2025 23:08;08/03/2025 23:08;13/03/2025 04:39;Granel Líquido e Gasoso;Etanol Combustível;1;;1:00:00;0,04;62;4,34
2025;Santos;BRSSZ;Público;Longo Curso;1554555;9746188;2025-03-08 22:20:00;10/03/2025 05:00;10/03/2025 05:00;11/03/2025 18:35;Granel Líquido e Gasoso;Soda Cáustica;1;;30:40:00;1,28;62;4,34
2025;Santos;BRSSZ;Público;Cabotagem;1555967;9797266;2025-03-09 03:24:00;15/03/2025 13:42;15/03/2025 15:12;17/03/2025 04:20;Granel Líquido e Gasoso;Petróleo E Derivados (Sem Óleo Bruto);1;;154:18:00;6,43;62;4,34
2025;Santos;BRSSZ;Público;Longo Curso;1554561;9296248;2025-03-09 08:00:00;20/03/2025 23:15;21/03/2025 01:48;22/03/2025 13:45;Granel Sólido;Soja;1;;279:15:00;11,64;62;4,34
2025;Santos;BRSSZ;Público;Longo Curso;1554570;9442744;2025-03-09 18:30:00;12/03/2025 20:10;12/03/2025 21:20;16/03/2025 08:05;Granel Sólido;Açúcar;1;;73:40:00;3,07;62;4,34
2025;Santos;BRSSZ;Público;Longo Curso;1554565;9937593;2025-03-09 19:00:00;14/03/2025 22:10;14/03/2025 22:55;18/03/2025 22:05;Granel Sólido;Resíduos Da Extração Do Óleo De Soja;1;;123:10:00;5,13;62;4,34
2025;Santos;BRSSZ;Público;Longo Curso;1554501;9523160;2025-03-10 00:00:00;10/03/2025 01:03;10/03/2025 04:55;11/03/2025 19:55;Granel Sólido;Soja;1;;1:03:00;0,04;63;2,7
2025;Santos;BRSSZ;Público;Longo Curso;1554418;9316907;2025-03-10 04:15:00;17/03/2025 13:35;17/03/2025 13:35;20/03/2025 12:45;Granel Sólido;Soja;1;;177:20:00;7,39;63;2,7
2025;Santos;BRSSZ;Público;Longo Curso;1554443;9423566;2025-03-10 09:00:00;10/03/2025 11:55;10/03/2025 11:55;16/03/2025 03:09;Granel Sólido;Produtos Químicos Inorgânicos;1;;2:55:00;0,12;63;2,7
2025;Santos;BRSSZ;Público;Longo Curso;1555964;9861237;2025-03-10 10:48:00;22/03/2025 01:15;22/03/2025 01:15;24/03/2025 12:15;Granel Sólido;Resíduos Da Extração Do Óleo De Soja;1;;278:27:00;11,6;63;2,7
2025;Santos;BRSSZ;Público;Cabotagem;1554563;9070565;2025-03-10 19:40:00;10/03/2025 21:30;10/03/2025 23:56;17/03/2025 02:40;Granel Sólido;Sal;1;;1:50:00;0,08;63;2,7
2025;Santos;BRSSZ;Público;Longo Curso;1554568;9949053;2025-03-10 23:00:00;13/03/2025 10:15;13/03/2025 12:33;14/03/2025 16:10;Granel Sólido;Resíduos Da Extração Do Óleo De Soja;1;;59:15:00;2,47;63;2,7
2025;Santos;BRSSZ;Público;Longo Curso;1555962;9853096;2025-03-10 23:18:00;22/03/2025 16:10;22/03/2025 16:11;26/03/2025 23:00;Granel Sólido;Soja;1;;280:52:00;11,7;63;2,7
2025;Santos;BRSSZ;Público;Longo Curso;1555937;9880362;2025-03-11 00:06:00;18/03/2025 20:05;18/03/2025 21:42;21/03/2025 02:30;Granel Sólido;Açúcar;1;;187:59:00;7,83;63;2,7
2025;Santos;BRSSZ;Público;Longo Curso;1554560;9619842;2025-03-11 18:24:00;14/03/2025 23:10;15/03/2025 02:34;16/03/2025 22:10;Granel Sólido;Soja;1;;76:46:00;3,2;63;2,7
2025;Santos;BRSSZ;Público;Longo Curso;1554548;9363479;2025-03-11 19:30:00;11/03/2025 20:30;11/03/2025 20:30;13/03/2025 04:14;Granel Líquido e Gasoso;Petróleo E Derivados (Sem Óleo Bruto);1;;1:00:00;0,04;63;2,7
2025;Santos;BRSSZ;Público;Longo Curso;1554502;9523160;2025-03-11 19:55:00;11/03/2025 20:15;11/03/2025 20:15;12/03/2025 17:10;Granel Sólido;Soja;1;;0:20:00;0,01;63;2,7
2025;Santos;BRSSZ;Público;Longo Curso;1554477;9777412;2025-03-11 20:23:00;16/03/2025 12:40;16/03/2025 12:40;22/03/2025 01:45;Granel Líquido e Gasoso;Etanol Combustível;1;;112:17:00;4,68;63;2,7
2025;Santos;BRSSZ;Público;Longo Curso;1554556;9864344;2025-03-11 22:00:00;12/03/2025 17:40;12/03/2025 17:40;15/03/2025 10:45;Granel Líquido e Gasoso;Soda Cáustica;1;;19:40:00;0,82;63;2,7
2025;Santos;BRSSZ;Público;Cabotagem;1554567;9413523;2025-03-12 12:36:00;15/03/2025 20:18;15/03/2025 21:48;17/03/2025 16:05;Granel Líquido e Gasoso;Petróleo E Derivados (Sem Óleo Bruto);1;;79:42:00;3,32;63;2,7
2025;Santos;BRSSZ;Público;Cabotagem;1554573;9431317;2025-03-12 12:42:00;20/03/2025 11:40;20/03/2025 13:54;21/03/2025 18:44;Granel Líquido e Gasoso;Petróleo E Derivados (Sem Óleo Bruto);1;;190:58:00;7,96;63;2,7
2025;Santos;BRSSZ;Público;Longo Curso;1554475;9719240;2025-03-13 04:39:00;13/03/2025 05:12;13/03/2025 05:12;16/03/2025 08:10;Granel Líquido e Gasoso;Etanol Combustível;1;;0:33:00;0,02;63;2,7
2025;Santos;BRSSZ;Público;Longo Curso;1554478;9299159;2025-03-13 06:00:00;13/03/2025 09:00;13/03/2025 09:36;15/03/2025 01:16;Granel Líquido e Gasoso;Petróleo E Derivados (Sem Óleo Bruto);1;;3:00:00;0,13;63;2,7
2025;Santos;BRSSZ;Público;Cabotagem;1554505;9788540;2025-03-13 07:30:00;13/03/2025 08:46;13/03/2025 11:18;15/03/2025 10:15;Granel Líquido e Gasoso;Petróleo E Derivados (Sem Óleo Bruto);1;;1:16:00;0,05;63;2,7
2025;Santos;BRSSZ;Público;Longo Curso;1554405;9976460;2025-03-13 08:15:00;13/03/2025 10:15;13/03/2025 13:00;18/03/2025 22:20;Carga Geral;Pasta De Celulose;1;;2:00:00;0,08;63;2,7
2025;Santos;BRSSZ;Público;Longo Curso;1555956;9767041;2025-03-13 11:42:00;16/03/2025 05:45;16/03/2025 05:45;20/03/2025 08:10;Granel Sólido;Adubos (Fertilizantes);1;;66:03:00;2,75;63;2,7
2025;Santos;BRSSZ;Público;Longo Curso;1554549;9952177;2025-03-13 13:00:00;13/03/2025 13:45;13/03/2025 14:18;15/03/2025 11:08;Granel Líquido e Gasoso;Produtos Químicos Orgânicos;1;;0:45:00;0,03;63;2,7
2025;Santos;BRSSZ;Público;Longo Curso;1554416;9976458;2025-03-13 18:12:00;18/03/2025 21:25;19/03/2025 01:15;21/03/2025 17:35;Carga Geral;Pasta De Celulose;1;;123:13:00;5,13;63;2,7
2025;Santos;BRSSZ;Público;Cabotagem;1554575;9448322;2025-03-14 11:18:00;17/03/2025 21:36;17/03/2025 23:24;18/03/2025 22:50;Granel Líquido e Gasoso;Petróleo E Derivados (Sem Óleo Bruto);1;;82:18:00;3,43;63;2,7
2025;Santos;BRSSZ;Público;Longo Curso;1555928;9310707;2025-03-14 13:42:00;21/03/2025 23:25;21/03/2025 23:25;25/03/2025 05:30;Granel Líquido e Gasoso;Petróleo E Derivados (Sem Óleo Bruto);1;;177:43:00;7,4;63;2,7
2025;Santos;BRSSZ;Público;Cabotagem;1554579;9391361;2025-03-14 16:30:00;19/03/2025 01:40;19/03/2025 03:24;20/03/2025 23:20;Granel Líquido e Gasoso;Petróleo E Derivados (Sem Óleo Bruto);1;;105:10:00;4,38;63;2,7
2025;Santos;BRSSZ;Público;Longo Curso;1555965;9770579;2025-03-15 02:18:00;22/03/2025 17:05;22/03/2025 19:55;24/03/2025 17:20;Granel Sólido;Soja;1;;182:47:00;7,62;63;2,7
2025;Santos;BRSSZ;Público;Longo Curso;1554449;9277565;2025-03-15 08:00:00;17/03/2025 23:15;18/03/2025 03:54;23/03/2025 09:45;Granel Sólido;Soja;1;;63:15:00;2,64;63;2,7
2025;Santos;BRSSZ;Público;Longo Curso;1555930;9422794;2025-03-15 08:40:00;15/03/2025 09:50;15/03/2025 09:50;30/03/2025 07:15;Granel Sólido;Trigo;1;;1:10:00;0,05;63;2,7
2025;Santos;BRSSZ;Público;Longo Curso;1554447;9952177;2025-03-15 11:08:00;15/03/2025 11:30;15/03/2025 16:35;17/03/2025 15:13;Granel Líquido e Gasoso;Produtos Químicos Inorgânicos;1;;0:22:00;0,02;63;2,7
2025;Santos;BRSSZ;Público;Longo Curso;1554447;9952177;2025-03-15 11:08:00;15/03/2025 11:30;15/03/2025 16:35;17/03/2025 15:13;Granel Líquido e Gasoso;Produtos Químicos Orgânicos;1;;0:22:00;0,02;63;2,7
2025;Santos;BRSSZ;Público;Longo Curso;1554447;9952177;2025-03-15 11:08:00;15/03/2025 11:30;15/03/2025 16:35;17/03/2025 15:13;Granel Líquido e Gasoso;Combustíveis, Óleos E Produtos Minerais;1;;0:22:00;0,02;63;2,7
2025;Santos;BRSSZ;Público;Longo Curso;1555961;9401879;2025-03-15 19:30:00;15/03/2025 20:25;17/03/2025 01:00;20/03/2025 13:35;Granel Sólido;Trigo;1;;0:55:00;0,04;63;2,7
2025;Santos;BRSSZ;Público;Longo Curso;1554578;9968334;2025-03-15 21:00:00;17/03/2025 01:45;17/03/2025 04:48;18/03/2025 14:45;Granel Sólido;Soja;1;;28:45:00;1,2;63;2,7
2025;Santos;BRSSZ;Público;Longo Curso;1554433;9593854;2025-03-16 01:42:00;17/03/2025 01:44;17/03/2025 07:00;18/03/2025 11:50;Carga Geral;Pasta De Celulose;1;;24:02:00;1,0;63;2,7
2025;Santos;BRSSZ;Público;Cabotagem;1554577;9424039;2025-03-16 02:00:00;16/03/2025 03:02;16/03/2025 03:33;18/03/2025 09:16;Granel Líquido e Gasoso;Soda Cáustica;1;;1:02:00;0,04;63;2,7
2025;Santos;BRSSZ;Público;Longo Curso;1554479;9442744;2025-03-16 08:05:00;16/03/2025 08:45;16/03/2025 09:35;17/03/2025 05:09;Granel Sólido;Açúcar;1;;0:40:00;0,03;63;2,7
2025;Santos;BRSSZ;Público;Longo Curso;1554409;9663740;2025-03-16 09:36:00;16/03/2025 12:43;16/03/2025 12:47;19/03/2025 11:40;Granel Líquido e Gasoso;Preparações De Frutas;1;;3:07:00;0,13;63;2,7
2025;Santos;BRSSZ;Público;Longo Curso;1554554;9625243;2025-03-16 11:30:00;16/03/2025 12:25;16/03/2025 15:30;18/03/2025 15:05;Granel Sólido;Açúcar;1;;0:55:00;0,04;63;2,7
2025;Santos;BRSSZ;Público;Longo Curso;1554558;9393010;2025-03-16 13:12:00;17/03/2025 22:11;18/03/2025 01:00;19/03/2025 12:56;Granel Líquido e Gasoso;Produtos Diversos Da Indústria Química;1;;32:59:00;1,37;63;2,7
2025;Santos;BRSSZ;Público;Longo Curso;1555939;9909211;2025-03-16 14:00:00;27/03/2025 10:45;27/03/2025 15:34;28/03/2025 14:30;Granel Sólido;Açúcar;1;;260:45:00;10,86;63;2,7
2025;Santos;BRSSZ;Público;Longo Curso;1555924;9734721;2025-03-16 22:30:00;28/03/2025 15:15;28/03/2025 19:00;31/03/2025 00:45;Granel Sólido;Soja;1;;280:45:00;11,7;63;2,7
2025;Santos;BRSSZ;Público;Cabotagem;1554434;9753636;2025-03-16 23:30:00;17/03/2025 01:12;17/03/2025 01:40;20/03/2025 19:40;Granel Líquido e Gasoso;Combustíveis, Óleos E Produtos Minerais;1;;1:42:00;0,07;63;2,7
2025;Santos;BRSSZ;Público;Cabotagem;1554434;9753636;2025-03-16 23:30:00;17/03/2025 01:12;17/03/2025 01:40;20/03/2025 19:40;Granel Líquido e Gasoso;Etanol Combustível;1;;1:42:00;0,07;63;2,7
2025;Santos;BRSSZ;Público;Cabotagem;1554434;9753636;2025-03-16 23:30:00;17/03/2025 01:12;17/03/2025 01:40;20/03/2025 19:40;Granel Líquido e Gasoso;Petróleo E Derivados (Sem Óleo Bruto);1;;1:42:00;0,07;63;2,7
2025;Santos;BRSSZ;Público;Cabotagem;1554434;9753636;2025-03-16 23:30:00;17/03/2025 01:12;17/03/2025 01:40;20/03/2025 19:40;Granel Líquido e Gasoso;Produtos Químicos Orgânicos;1;;1:42:00;0,07;63;2,7
2025;Santos;BRSSZ;Público;Longo Curso;1555973;9288423;2025-03-17 00:30:00;29/03/2025 22:55;30/03/2025 01:20;31/03/2025 13:30;Granel Sólido;Soja;1;;310:25:00;12,93;64;4,29
2025;Santos;BRSSZ;Público;Longo Curso;1555969;9512898;2025-03-17 11:36:00;24/03/2025 16:10;24/03/2025 19:00;27/03/2025 13:20;Granel Sólido;Resíduos Da Extração Do Óleo De Soja;1;;172:34:00;7,19;64;4,29
2025;Santos;BRSSZ;Público;Longo Curso;1554580;9370185;2025-03-17 19:12:00;18/03/2025 20:30;18/03/2025 22:47;20/03/2025 18:35;Granel Sólido;Soja;1;;25:18:00;1,05;64;4,29
2025;Santos;BRSSZ;Público;Cabotagem;1555974;9390020;2025-03-18 09:12:00;25/03/2025 09:10;25/03/2025 12:12;27/03/2025 19:14;Granel Líquido e Gasoso;Petróleo E Derivados (Sem Óleo Bruto);1;;167:58:00;7,0;64;4,29
2025;Santos;BRSSZ;Público;Cabotagem;1555957;9292773;2025-03-18 16:30:00;21/03/2025 00:36;21/03/2025 14:48;23/03/2025 08:12;Granel Líquido e Gasoso;Gás De Petróleo;1;;56:06:00;2,34;64;4,29
2025;Santos;BRSSZ;Público;Longo Curso;1555963;9790672;2025-03-18 19:30:00;18/03/2025 20:20;18/03/2025 20:20;21/03/2025 07:50;Granel Líquido e Gasoso;Gorduras E Óleos Animais Ou Vegetais;1;;0:50:00;0,03;64;4,29
2025;Santos;BRSSZ;Público;Longo Curso;1554572;9373333;2025-03-19 01:00:00;19/03/2025 01:38;19/03/2025 09:50;21/03/2025 03:16;Carga Geral;Pasta De Celulose;1;;0:38:00;0,03;64;4,29
2025;Santos;BRSSZ;Público;Longo Curso;1555979;9522946;2025-03-19 01:00:00;24/03/2025 21:00;24/03/2025 22:43;26/03/2025 01:21;Granel Sólido;Açúcar;1;;140:00:00;5,83;64;4,29
2025;Santos;BRSSZ;Público;Longo Curso;1554481;9667722;2025-03-19 09:20:00;20/03/2025 12:00;20/03/2025 13:00;22/03/2025 01:37;Granel Sólido;Adubos (Fertilizantes);1;;26:40:00;1,11;64;4,29
2025;Santos;BRSSZ;Público;Longo Curso;1555972;9929314;2025-03-19 13:00:00;27/03/2025 16:05;27/03/2025 16:05;30/03/2025 06:10;Granel Sólido;Resíduos Da Extração Do Óleo De Soja;1;;195:05:00;8,13;64;4,29
2025;Santos;BRSSZ;Público;Longo Curso;1555949;9577628;2025-03-19 21:45:00;22/03/2025 20:00;23/03/2025 07:00;28/03/2025 02:40;Granel Sólido;Trigo;1;;70:15:00;2,93;64;4,29
2025;Santos;BRSSZ;Público;Longo Curso;1555948;9385154;2025-03-20 06:30:00;20/03/2025 23:25;20/03/2025 23:25;24/03/2025 18:15;Granel Sólido;Adubos (Fertilizantes);1;;16:55:00;0,7;64;4,29
2025;Santos;BRSSZ;Público;Longo Curso;1565236;9846067;2025-03-20 15:08:00;29/03/2025 11:40;29/03/2025 16:20;01/04/2025 07:05;Granel Sólido;Soja;1;;212:32:00;8,86;64;4,29
2025;Santos;BRSSZ;Público;Longo Curso;1554486;9189770;2025-03-20 16:30:00;20/03/2025 17:45;20/03/2025 17:45;21/03/2025 20:00;Granel Sólido;Soja;1;;1:15:00;0,05;64;4,29
2025;Santos;BRSSZ;Público;Longo Curso;1565141;9756901;2025-03-20 18:15:00;30/03/2025 23:40;30/03/2025 23:40;03/04/2025 08:05;Granel Sólido;Soja;1;;245:25:00;10,23;64;4,29
2025;Santos;BRSSZ;Público;Longo Curso;1565168;9844203;2025-03-20 21:12:00;21/03/2025 08:20;21/03/2025 08:25;08/04/2025 12:13;Granel Sólido;Adubos (Fertilizantes);1;;11:08:00;0,46;64;4,29
2025;Santos;BRSSZ;Público;Longo Curso;1565227;9882279;2025-03-20 21:30:00;30/03/2025 08:45;30/03/2025 08:45;01/04/2025 11:55;Granel Sólido;Resíduos Da Extração Do Óleo De Soja;1;;227:15:00;9,47;64;4,29
2025;Santos;BRSSZ;Público;Longo Curso;1565241;9286621;2025-03-20 22:30:00;30/03/2025 05:35;30/03/2025 07:00;01/04/2025 01:15;Granel Sólido;Resíduos Da Extração Do Óleo De Soja;1;;223:05:00;9,3;64;4,29
2025;Santos;BRSSZ;Público;Longo Curso;1555946;9790672;2025-03-21 07:50:00;21/03/2025 08:30;21/03/2025 08:30;23/03/2025 23:05;Granel Líquido e Gasoso;Gorduras E Óleos Animais Ou Vegetais;1;;0:40:00;0,03;64;4,29
2025;Santos;BRSSZ;Público;Longo Curso;1555975;9652131;2025-03-21 12:00:00;28/03/2025 23:00;29/03/2025 01:55;31/03/2025 10:17;Granel Sólido;Adubos (Fertilizantes);1;;179:00:00;7,46;64;4,29
2025;Santos;BRSSZ;Público;Longo Curso;1555976;9460916;2025-03-21 12:18:00;24/03/2025 11:45;24/03/2025 14:15;26/03/2025 17:20;Granel Sólido;Soja;1;;71:27:00;2,98;64;4,29
2025;Santos;BRSSZ;Público;Longo Curso;1554456;9976068;2025-03-21 23:00:00;22/03/2025 00:05;22/03/2025 02:13;23/03/2025 06:35;Carga Geral;Pasta De Celulose;1;;1:05:00;0,05;64;4,29
2025;Santos;BRSSZ;Público;Longo Curso;1555925;9143219;2025-03-22 02:10:00;22/03/2025 03:03;22/03/2025 03:03;24/03/2025 12:40;Granel Líquido e Gasoso;Produtos Químicos Orgânicos;1;;0:53:00;0,04;64;4,29
2025;Santos;BRSSZ;Público;Longo Curso;1555968;9939591;2025-03-22 03:20:00;22/03/2025 04:15;22/03/2025 04:15;24/03/2025 11:47;Granel Líquido e Gasoso;Soda Cáustica;1;;0:55:00;0,04;64;4,29
2025;Santos;BRSSZ;Público;Longo Curso;1555918;9763916;2025-03-22 11:18:00;27/03/2025 08:50;27/03/2025 08:50;30/03/2025 14:00;Granel Sólido;Soja;1;;117:32:00;4,9;64;4,29
2025;Santos;BRSSZ;Público;Longo Curso;1565239;9401960;2025-03-23 06:06:00;02/04/2025 06:55;02/04/2025 09:18;04/04/2025 06:00;Granel Sólido;Soja;1;;240:49:00;10,03;64;4,29
2025;Santos;BRSSZ;Público;Longo Curso;1555966;9698238;2025-03-23 06:24:00;24/03/2025 21:15;24/03/2025 23:44;27/03/2025 22:49;Granel Sólido;Resíduos Da Extração Do Óleo De Soja;1;;38:51:00;1,62;64;4,29
2025;Santos;BRSSZ;Público;Longo Curso;1555915;9976422;2025-03-23 08:45:00;23/03/2025 09:15;23/03/2025 09:42;29/03/2025 07:40;Carga Geral;Pasta De Celulose;1;;0:30:00;0,02;64;4,29
2025;Santos;BRSSZ;Público;Longo Curso;1555952;9335056;2025-03-23 09:00:00;24/03/2025 04:30;24/03/2025 04:30;28/03/2025 15:20;Granel Líquido e Gasoso;Etanol Combustível;1;;19:30:00;0,81;64;4,29
2025;Santos;BRSSZ;Público;Longo Curso;1565245;9860025;2025-03-23 10:00:00;31/03/2025 17:40;31/03/2025 20:15;02/04/2025 00:40;Granel Sólido;Soja;1;;199:40:00;8,32;64;4,29
2025;Santos;BRSSZ;Público;Longo Curso;1555931;9758480;2025-03-23 12:00:00;23/03/2025 13:00;23/03/2025 21:57;27/03/2025 01:20;Granel Sólido;Soja;1;;1:00:00;0,04;64;4,29
2025;Santos;BRSSZ;Público;Longo Curso;1565197;9561875;2025-03-23 16:00:00;29/03/2025 21:50;30/03/2025 19:00;03/04/2025 15:30;Granel Sólido;Trigo;1;;149:50:00;6,24;64;4,29
2025;Santos;BRSSZ;Público;Longo Curso;1565199;9595785;2025-03-23 18:45:00;08/04/2025 06:07;08/04/2025 07:50;09/04/2025 10:16;Granel Sólido;Açúcar;1;;371:22:00;15,47;64;4,29
2025;Santos;BRSSZ;Público;Cabotagem;1555977;9794446;2025-03-23 20:33:00;23/03/2025 22:50;24/03/2025 01:00;25/03/2025 23:59;Granel Líquido e Gasoso;Petróleo E Derivados (Sem Óleo Bruto);1;;2:17:00;0,1;64;4,29
2025;Santos;BRSSZ;Público;Longo Curso;1555938;9636395;2025-03-24 02:18:00;24/03/2025 04:30;24/03/2025 04:30;26/03/2025 22:45;Granel Sólido;Produtos Químicos Inorgânicos;1;;2:12:00;0,09;65;3,56
2025;Santos;BRSSZ;Público;Longo Curso;1555933;9274317;2025-03-24 09:00:00;24/03/2025 11:35;24/03/2025 11:35;27/03/2025 06:05;Granel Líquido e Gasoso;Produtos Químicos Orgânicos;1;;2:35:00;0,11;65;3,56
2025;Santos;BRSSZ;Público;Longo Curso;1565220;9789726;2025-03-24 09:15:00;06/04/2025 19:50;07/04/2025 05:18;09/04/2025 13:17;Granel Líquido e Gasoso;Gás De Petróleo;1;;322:35:00;13,44;65;3,56
2025;Santos;BRSSZ;Público;Longo Curso;1555916;9143219;2025-03-24 12:40:00;24/03/2025 13:14;24/03/2025 13:14;29/03/2025 15:42;Granel Líquido e Gasoso;Sabões, Ceras, Velas E Massas;1;;0:34:00;0,02;65;3,56
2025;Santos;BRSSZ;Público;Longo Curso;1555916;9143219;2025-03-24 12:40:00;24/03/2025 13:14;24/03/2025 13:14;29/03/2025 15:42;Granel Líquido e Gasoso;Produtos Químicos Orgânicos;1;;0:34:00;0,02;65;3,56
2025;Santos;BRSSZ;Público;Longo Curso;1555916;9143219;2025-03-24 12:40:00;24/03/2025 13:14;24/03/2025 13:14;29/03/2025 15:42;Granel Líquido e Gasoso;Produtos Diversos Da Indústria Química;1;;0:34:00;0,02;65;3,56
2025;Santos;BRSSZ;Público;Longo Curso;1555916;9143219;2025-03-24 12:40:00;24/03/2025 13:14;24/03/2025 13:14;29/03/2025 15:42;Granel Líquido e Gasoso;Combustíveis, Óleos E Produtos Minerais;1;;0:34:00;0,02;65;3,56
2025;Santos;BRSSZ;Público;Longo Curso;1555916;9143219;2025-03-24 12:40:00;24/03/2025 13:14;24/03/2025 13:14;29/03/2025 15:42;Granel Líquido e Gasoso;Petróleo E Derivados (Sem Óleo Bruto);1;;0:34:00;0,02;65;3,56
2025;Santos;BRSSZ;Público;Longo Curso;1555916;9143219;2025-03-24 12:40:00;24/03/2025 13:14;24/03/2025 13:14;29/03/2025 15:42;Granel Líquido e Gasoso;Plásticos E Suas Obras;1;;0:34:00;0,02;65;3,56
2025;Santos;BRSSZ;Público;Longo Curso;1555920;9573854;2025-03-25 00:08:00;25/03/2025 02:00;25/03/2025 02:00;27/03/2025 06:20;Granel Sólido;Soja;1;;1:52:00;0,08;65;3,56
2025;Santos;BRSSZ;Público;Longo Curso;1565257;9948841;2025-03-25 07:24:00;01/04/2025 19:45;01/04/2025 19:45;06/04/2025 16:20;Granel Sólido;Resíduos Da Extração Do Óleo De Soja;1;;180:21:00;7,51;65;3,56
2025;Santos;BRSSZ;Público;Longo Curso;1555940;9308168;2025-03-25 11:00:00;27/03/2025 22:40;27/03/2025 22:40;31/03/2025 10:26;Granel Líquido e Gasoso;Petróleo E Derivados (Sem Óleo Bruto);1;;59:40:00;2,49;65;3,56
2025;Santos;BRSSZ;Público;Longo Curso;1565238;9929027;2025-03-25 11:24:00;01/04/2025 06:05;01/04/2025 07:00;08/04/2025 01:20;Granel Sólido;Resíduos Da Extração Do Óleo De Soja;1;;162:41:00;6,78;65;3,56
2025;Santos;BRSSZ;Público;Cabotagem;1565249;9448322;2025-03-25 13:00:00;05/04/2025 15:20;05/04/2025 16:24;06/04/2025 14:50;Granel Líquido e Gasoso;Petróleo E Derivados (Sem Óleo Bruto);1;;266:20:00;11,1;65;3,56
2025;Santos;BRSSZ;Público;Longo Curso;1555986;9809394;2025-03-25 20:04:00;25/03/2025 21:05;25/03/2025 21:30;30/03/2025 15:40;Granel Líquido e Gasoso;Etanol Combustível;1;;1:01:00;0,04;65;3,56
2025;Santos;BRSSZ;Público;Longo Curso;1565248;9579626;2025-03-25 20:15:00;07/04/2025 01:36;07/04/2025 05:15;09/04/2025 15:30;Granel Sólido;Soja;1;;293:21:00;12,22;65;3,56
2025;Santos;BRSSZ;Público;Longo Curso;1565206;9593842;2025-03-26 00:01:00;01/04/2025 09:30;01/04/2025 12:10;06/04/2025 22:45;Granel Sólido;Soja;1;;153:29:00;6,4;65;3,56
2025;Santos;BRSSZ;Público;Longo Curso;1555947;9953286;2025-03-26 03:15:00;26/03/2025 04:10;26/03/2025 07:46;27/03/2025 10:40;Granel Sólido;Açúcar;1;;0:55:00;0,04;65;3,56
2025;Santos;BRSSZ;Público;Cabotagem;1555985;9660358;2025-03-26 05:00:00;28/03/2025 13:12;28/03/2025 16:36;30/03/2025 02:17;Granel Líquido e Gasoso;Petróleo E Derivados (Sem Óleo Bruto);1;;56:12:00;2,34;65;3,56
2025;Santos;BRSSZ;Público;Longo Curso;1565149;9577123;2025-03-26 10:49:00;31/03/2025 14:28;31/03/2025 14:28;05/04/2025 14:18;Granel Líquido e Gasoso;Petróleo E Derivados (Sem Óleo Bruto);1;;123:39:00;5,15;65;3,56
2025;Santos;BRSSZ;Público;Longo Curso;1565230;9345908;2025-03-26 14:00:00;01/04/2025 05:25;01/04/2025 16:10;04/04/2025 14:45;Granel Líquido e Gasoso;Petróleo E Derivados (Sem Óleo Bruto);1;;135:25:00;5,64;65;3,56
2025;Santos;BRSSZ;Público;Longo Curso;1555971;9701011;2025-03-26 17:00:00;26/03/2025 21:15;26/03/2025 21:15;29/03/2025 17:45;Granel Sólido;Adubos (Fertilizantes);1;;4:15:00;0,18;65;3,56
2025;Santos;BRSSZ;Público;Longo Curso;1565255;9567192;2025-03-26 17:42:00;09/04/2025 23:59;10/04/2025 03:25;12/04/2025 11:55;Granel Sólido;Soja;1;;342:17:00;14,26;65;3,56
2025;Santos;BRSSZ;Público;Cabotagem;1555978;9413523;2025-03-26 23:40:00;27/03/2025 01:30;27/03/2025 05:42;28/03/2025 09:50;Granel Líquido e Gasoso;Petróleo E Derivados (Sem Óleo Bruto);1;;1:50:00;0,08;65;3,56
2025;Santos;BRSSZ;Público;Cabotagem;1555980;9829409;2025-03-27 01:06:00;29/03/2025 11:30;30/03/2025 02:30;30/03/2025 23:44;Granel Líquido e Gasoso;Petróleo E Derivados (Sem Óleo Bruto);1;;58:24:00;2,43;65;3,56
2025;Santos;BRSSZ;Público;Cabotagem;1555987;9345893;2025-03-27 08:00:00;27/03/2025 10:30;27/03/2025 11:06;29/03/2025 04:08;Granel Líquido e Gasoso;Soda Cáustica;1;;2:30:00;0,1;65;3,56
2025;Santos;BRSSZ;Público;Longo Curso;1565265;9890939;2025-03-27 10:12:00;04/04/2025 16:25;04/04/2025 20:45;07/04/2025 12:25;Granel Líquido e Gasoso;Petróleo E Derivados (Sem Óleo Bruto);1;;198:13:00;8,26;65;3,56
2025;Santos;BRSSZ;Público;Longo Curso;1555926;9590761;2025-03-27 17:00:00;28/03/2025 14:15;28/03/2025 19:40;31/03/2025 14:30;Granel Sólido;Soja;1;;21:15:00;0,89;65;3,56
2025;Santos;BRSSZ;Público;Longo Curso;1565205;9637143;2025-03-28 06:00:00;29/03/2025 16:52;29/03/2025 16:52;03/04/2025 22:12;Granel Sólido;Adubos (Fertilizantes);1;;34:52:00;1,45;65;3,56
2025;Santos;BRSSZ;Público;Longo Curso;1565222;9739317;2025-03-28 06:00:00;03/04/2025 11:48;03/04/2025 11:48;04/04/2025 05:41;Granel Líquido e Gasoso;Produtos Diversos Da Indústria Química;1;;149:48:00;6,24;65;3,56
2025;Santos;BRSSZ;Público;Longo Curso;1565267;9611242;2025-03-28 08:00:00;09/04/2025 22:30;10/04/2025 01:35;11/04/2025 12:50;Granel Sólido;Açúcar;1;;302:30:00;12,6;65;3,56
2025;Santos;BRSSZ;Público;Cabotagem;1565252;9424039;2025-03-28 10:45:00;30/03/2025 18:33;30/03/2025 18:33;02/04/2025 02:10;Granel Líquido e Gasoso;Soda Cáustica;1;;55:48:00;2,33;65;3,56
2025;Santos;BRSSZ;Público;Longo Curso;1565234;9468138;2025-03-28 20:00:00;30/03/2025 00:05;30/03/2025 00:30;05/04/2025 06:14;Granel Sólido;Sal;1;;28:05:00;1,17;65;3,56
2025;Santos;BRSSZ;Público;Cabotagem;1565269;9431317;2025-03-28 21:18:00;07/04/2025 15:15;07/04/2025 17:48;08/04/2025 17:42;Granel Líquido e Gasoso;Petróleo E Derivados (Sem Óleo Bruto);1;;233:57:00;9,75;65;3,56
2025;Santos;BRSSZ;Público;Longo Curso;1555942;9380063;2025-03-28 21:20:00;28/03/2025 22:20;29/03/2025 02:15;30/03/2025 15:00;Granel Líquido e Gasoso;Petróleo E Derivados (Sem Óleo Bruto);1;;1:00:00;0,04;65;3,56
2025;Santos;BRSSZ;Público;Cabotagem;1565253;9865740;2025-03-29 03:18:00;02/04/2025 20:20;02/04/2025 23:48;05/04/2025 09:45;Granel Líquido e Gasoso;Petróleo E Derivados (Sem Óleo Bruto);1;;113:02:00;4,71;65;3,56
2025;Santos;BRSSZ;Público;Longo Curso;1565261;9640114;2025-03-29 13:48:00;31/03/2025 03:35;31/03/2025 04:06;02/04/2025 21:10;Granel Líquido e Gasoso;Produtos Químicos Orgânicos;1;;37:47:00;1,57;65;3,56
2025;Santos;BRSSZ;Público;Longo Curso;1565139;9928906;2025-03-29 20:30:00;29/03/2025 21:15;30/03/2025 01:11;02/04/2025 22:10;Carga Geral;Pasta De Celulose;1;;0:45:00;0,03;65;3,56
2025;Santos;BRSSZ;Público;Longo Curso;1565258;9990832;2025-03-29 20:36:00;06/04/2025 21:20;06/04/2025 21:20;09/04/2025 10:10;Granel Sólido;Resíduos Da Extração Do Óleo De Soja;1;;192:44:00;8,03;65;3,56
2025;Santos;BRSSZ;Público;Longo Curso;1565177;9274317;2025-03-29 21:00:00;29/03/2025 22:05;29/03/2025 22:05;01/04/2025 01:10;Granel Líquido e Gasoso;Plásticos E Suas Obras;1;;1:05:00;0,05;65;3,56
2025;Santos;BRSSZ;Público;Longo Curso;1565177;9274317;2025-03-29 21:00:00;29/03/2025 22:05;29/03/2025 22:05;01/04/2025 01:10;Granel Líquido e Gasoso;Produtos Químicos Orgânicos;1;;1:05:00;0,05;65;3,56
2025;Santos;BRSSZ;Público;Longo Curso;1565250;9809394;2025-03-30 15:40:00;30/03/2025 16:30;31/03/2025 04:00;02/04/2025 02:12;Granel Líquido e Gasoso;Etanol Combustível;1;;0:50:00;0,03;65;3,56
2025;Santos;BRSSZ;Público;Longo Curso;1565226;9568500;2025-03-30 19:30:00;06/04/2025 20:20;07/04/2025 01:35;09/04/2025 16:40;Granel Líquido e Gasoso;Produtos Químicos Orgânicos;1;;168:50:00;7,03;65;3,56
2025;Santos;BRSSZ;Público;Longo Curso;1565161;9724192;2025-03-30 21:00:00;01/04/2025 19:45;02/04/2025 00:23;08/04/2025 01:15;Granel Sólido;Soja;1;;46:45:00;1,95;65;3,56
2025;Santos;BRSSZ;Público;Cabotagem;1565259;9326512;2025-03-31 02:00:00;14/04/2025 09:15;14/04/2025 10:06;16/04/2025 03:50;Granel Líquido e Gasoso;Petróleo E Derivados (Sem Óleo Bruto);1;;343:15:00;14,3;66;3,38
2025;Santos;BRSSZ;Público;Cabotagem;1565270;9788540;2025-03-31 07:30:00;31/03/2025 09:17;31/03/2025 17:00;02/04/2025 17:21;Granel Líquido e Gasoso;Petróleo E Derivados (Sem Óleo Bruto);1;;1:47:00;0,07;66;3,38
2025;Santos;BRSSZ;Público;Longo Curso;1565181;9286023;2025-04-01 10:06:00;10/04/2025 13:00;10/04/2025 13:00;17/04/2025 08:05;Granel Líquido e Gasoso;Petróleo E Derivados (Sem Óleo Bruto);1;;218:54:00;9,12;66;3,38
2025;Santos;BRSSZ;Público;Longo Curso;1565176;9928932;2025-04-01 17:40:00;01/04/2025 19:20;01/04/2025 19:20;03/04/2025 07:35;Carga Geral;Pasta De Celulose;1;;1:40:00;0,07;66;3,38
2025;Santos;BRSSZ;Público;Longo Curso;1565175;9640140;2025-04-02 05:00:00;02/04/2025 06:18;02/04/2025 10:10;03/04/2025 08:45;Granel Líquido e Gasoso;Produtos Diversos Da Indústria Química;1;;1:18:00;0,05;66;3,38
2025;Santos;BRSSZ;Público;Longo Curso;1565175;9640140;2025-04-02 05:00:00;02/04/2025 06:18;02/04/2025 10:10;03/04/2025 08:45;Granel Líquido e Gasoso;Produtos Químicos Orgânicos;1;;1:18:00;0,05;66;3,38
2025;Santos;BRSSZ;Público;Longo Curso;1565188;9828223;2025-04-02 05:00:00;07/04/2025 16:27;07/04/2025 16:27;10/04/2025 08:43;Granel Líquido e Gasoso;Gorduras E Óleos Animais Ou Vegetais;1;;131:27:00;5,48;66;3,38
2025;Santos;BRSSZ;Público;Longo Curso;1565228;9986049;2025-04-02 05:30:00;02/04/2025 06:40;02/04/2025 15:00;04/04/2025 07:40;Granel Líquido e Gasoso;Petróleo E Derivados (Sem Óleo Bruto);1;;1:10:00;0,05;66;3,38
2025;Santos;BRSSZ;Público;Cabotagem;1565284;9660358;2025-04-02 19:30:00;05/04/2025 13:41;05/04/2025 15:00;07/04/2025 11:53;Granel Líquido e Gasoso;Petróleo E Derivados (Sem Óleo Bruto);1;;66:11:00;2,76;66;3,38
2025;Santos;BRSSZ;Público;Longo Curso;1565147;9605982;2025-04-02 22:30:00;07/04/2025 02:40;07/04/2025 07:38;09/04/2025 01:15;Carga Geral;Açúcar;1;;100:10:00;4,17;66;3,38
2025;Santos;BRSSZ;Público;Longo Curso;1565272;9950911;2025-04-03 01:18:00;04/04/2025 08:15;04/04/2025 11:27;07/04/2025 22:15;Granel Sólido;Soja;1;;30:57:00;1,29;66;3,38
2025;Santos;BRSSZ;Público;Longo Curso;1565142;9214317;2025-04-03 04:20:00;03/04/2025 05:30;03/04/2025 05:30;06/04/2025 22:41;Granel Líquido e Gasoso;Produtos Químicos Orgânicos;1;;1:10:00;0,05;66;3,38
2025;Santos;BRSSZ;Público;Longo Curso;1565142;9214317;2025-04-03 04:20:00;03/04/2025 05:30;03/04/2025 05:30;06/04/2025 22:41;Granel Líquido e Gasoso;Adubos (Fertilizantes);1;;1:10:00;0,05;66;3,38
2025;Santos;BRSSZ;Público;Longo Curso;1565273;9675468;2025-04-03 05:45:00;15/04/2025 16:50;15/04/2025 17:01;17/04/2025 10:40;Granel Sólido;Soja;1;;299:05:00;12,46;66;3,38
2025;Santos;BRSSZ;Público;Longo Curso;1565246;9975478;2025-04-03 11:06:00;09/04/2025 13:40;09/04/2025 19:25;12/04/2025 22:00;Granel Sólido;Resíduos Da Extração Do Óleo De Soja;1;;146:34:00;6,11;66;3,38
2025;Santos;BRSSZ;Público;Cabotagem;1565204;-;2025-04-03 12:15:00;03/04/2025 12:35;03/04/2025 13:00;08/04/2025 06:05;Carga Geral;Reatores, Caldeiras E Máquinas;1;;0:20:00;0,01;66;3,38
2025;Santos;BRSSZ;Público;Cabotagem;1565280;9391361;2025-04-03 17:00:00;12/04/2025 21:30;12/04/2025 22:12;14/04/2025 08:00;Granel Líquido e Gasoso;Petróleo E Derivados (Sem Óleo Bruto);1;;220:30:00;9,19;66;3,38
2025;Santos;BRSSZ;Público;Longo Curso;1565170;9859791;2025-04-03 18:40:00;08/04/2025 06:00;08/04/2025 09:02;11/04/2025 04:30;Granel Sólido;Soja;1;;107:20:00;4,47;66;3,38
2025;Santos;BRSSZ;Público;Longo Curso;1565256;9710505;2025-04-03 22:43:00;10/04/2025 18:45;10/04/2025 18:45;13/04/2025 09:35;Granel Sólido;Soja;1;;164:02:00;6,83;66;3,38
2025;Santos;BRSSZ;Público;Longo Curso;1565229;9986049;2025-04-04 07:40:00;04/04/2025 08:19;05/04/2025 07:00;06/04/2025 14:08;Granel Líquido e Gasoso;Produtos Químicos Orgânicos;1;;0:39:00;0,03;66;3,38
2025;Santos;BRSSZ;Público;Longo Curso;1565134;1027366;2025-04-04 09:00:00;10/04/2025 18:25;10/04/2025 19:15;15/04/2025 07:45;Carga Geral;Pasta De Celulose;1;;153:25:00;6,39;66;3,38
2025;Santos;BRSSZ;Público;Cabotagem;1565282;9255799;2025-04-04 11:03:00;04/04/2025 12:08;04/04/2025 12:24;06/04/2025 09:03;Granel Líquido e Gasoso;Etanol Combustível;1;;1:05:00;0,05;66;3,38
2025;Santos;BRSSZ;Público;Longo Curso;1565281;9658874;2025-04-05 09:00:00;08/04/2025 00:40;08/04/2025 03:11;09/04/2025 13:40;Granel Sólido;Soja;1;;63:40:00;2,65;66;3,38
2025;Santos;BRSSZ;Público;Longo Curso;1565202;9467548;2025-04-05 10:30:00;06/04/2025 01:25;06/04/2025 13:00;08/04/2025 21:00;Granel Sólido;Trigo;1;;14:55:00;0,62;66;3,38
2025;Santos;BRSSZ;Público;Longo Curso;1565192;9775165;2025-04-05 19:34:00;05/04/2025 20:50;05/04/2025 20:50;09/04/2025 03:10;Granel Sólido;Produtos Químicos Inorgânicos;1;;1:16:00;0,05;66;3,38
2025;Santos;BRSSZ;Público;Longo Curso;1565178;9752022;2025-04-06 05:12:00;06/04/2025 12:05;06/04/2025 12:05;09/04/2025 08:10;Granel Líquido e Gasoso;Produtos Químicos Orgânicos;1;;6:53:00;0,29;66;3,38
2025;Santos;BRSSZ;Público;Longo Curso;1565178;9752022;2025-04-06 05:12:00;06/04/2025 12:05;06/04/2025 12:05;09/04/2025 08:10;Granel Líquido e Gasoso;Soda Cáustica;1;;6:53:00;0,29;66;3,38
2025;Santos;BRSSZ;Público;Cabotagem;1565285;9577886;2025-04-06 12:30:00;06/04/2025 21:30;07/04/2025 01:05;11/04/2025 04:08;Granel Sólido;Sal;1;;9:00:00;0,38;66;3,38
2025;Santos;BRSSZ;Público;Longo Curso;1565150;9568562;2025-04-06 12:30:00;17/04/2025 02:35;17/04/2025 02:35;20/04/2025 16:50;Granel Sólido;Soja;1;;254:05:00;10,59;66;3,38
2025;Santos;BRSSZ;Público;Longo Curso;1565165;9639555;2025-04-07 00:24:00;11/04/2025 10:00;11/04/2025 13:00;15/04/2025 15:10;Granel Sólido;Soja;1;;105:36:00;4,4;67;3,51
2025;Santos;BRSSZ;Público;Longo Curso;1565209;9491836;2025-04-07 10:00:00;07/04/2025 10:44;07/04/2025 11:18;12/04/2025 11:22;Granel Líquido e Gasoso;Preparações De Frutas;1;;0:44:00;0,03;67;3,51
2025;Santos;BRSSZ;Público;Longo Curso;1565277;9989194;2025-04-07 15:00:00;07/04/2025 16:10;07/04/2025 16:48;08/04/2025 08:16;Granel Líquido e Gasoso;Produtos Químicos Orgânicos;1;;1:10:00;0,05;67;3,51
2025;Santos;BRSSZ;Público;Longo Curso;1565193;9607095;2025-04-07 17:30:00;09/04/2025 23:50;10/04/2025 01:00;11/04/2025 20:45;Carga Geral;Pasta De Celulose;1;;54:20:00;2,26;67;3,51
2025;Santos;BRSSZ;Público;Longo Curso;1565224;9909211;2025-04-07 19:30:00;07/04/2025 20:25;08/04/2025 00:00;09/04/2025 14:55;Granel Sólido;Açúcar;1;;0:55:00;0,04;67;3,51
2025;Santos;BRSSZ;Público;Cabotagem;1565260;9400801;2025-04-07 22:00:00;08/04/2025 19:04;08/04/2025 20:12;10/04/2025 15:10;Granel Líquido e Gasoso;Petróleo E Derivados (Sem Óleo Bruto);1;;21:04:00;0,88;67;3,51
2025;Santos;BRSSZ;Público;Cabotagem;1565292;9413523;2025-04-07 23:30:00;10/04/2025 18:30;10/04/2025 20:36;12/04/2025 16:30;Granel Líquido e Gasoso;Petróleo E Derivados (Sem Óleo Bruto);1;;67:00:00;2,79;67;3,51
2025;Santos;BRSSZ;Público;Longo Curso;1565262;9738222;2025-04-08 00:01:00;16/04/2025 07:00;16/04/2025 07:00;18/04/2025 08:05;Granel Sólido;Resíduos Da Extração Do Óleo De Soja;1;;198:59:00;8,29;67;3,51
2025;Santos;BRSSZ;Público;Longo Curso;1565295;9512214;2025-04-08 07:00:00;12/04/2025 21:45;13/04/2025 04:15;16/04/2025 03:20;Granel Sólido;Açúcar;1;;110:45:00;4,61;67;3,51
2025;Santos;BRSSZ;Público;Longo Curso;1565235;9468138;2025-04-08 14:00:00;08/04/2025 14:31;08/04/2025 21:10;14/04/2025 22:14;Granel Sólido;Sal;1;;0:31:00;0,02;67;3,51
2025;Santos;BRSSZ;Público;Longo Curso;1565297;9948023;2025-04-08 16:54:00;17/04/2025 15:15;17/04/2025 17:33;21/04/2025 06:20;Granel Sólido;Soja;1;;214:21:00;8,93;67;3,51
2025;Santos;BRSSZ;Público;Longo Curso;1565207;9766932;2025-04-08 17:45:00;08/04/2025 18:15;08/04/2025 19:00;10/04/2025 15:15;Carga Geral;Pasta De Celulose;1;;0:30:00;0,02;67;3,51
2025;Santos;BRSSZ;Público;Longo Curso;1565132;9783136;2025-04-09 02:30:00;12/04/2025 08:40;12/04/2025 08:40;16/04/2025 22:40;Granel Sólido;Soja;1;;78:10:00;3,26;67;3,51
2025;Santos;BRSSZ;Público;Longo Curso;1565208;9750309;2025-04-09 10:30:00;13/04/2025 02:25;13/04/2025 06:00;15/04/2025 10:40;Granel Sólido;Soja;1;;87:55:00;3,66;67;3,51
2025;Santos;BRSSZ;Público;Cabotagem;1565301;9390020;2025-04-09 12:00:00;22/04/2025 20:42;22/04/2025 23:36;24/04/2025 10:58;Granel Líquido e Gasoso;Petróleo E Derivados (Sem Óleo Bruto);1;;320:42:00;13,36;67;3,51
2025;Santos;BRSSZ;Público;Longo Curso;1565275;9735452;2025-04-09 17:00:00;09/04/2025 22:40;09/04/2025 22:45;13/04/2025 02:40;Granel Líquido e Gasoso;Preparações De Frutas;1;;5:40:00;0,24;67;3,51
2025;Santos;BRSSZ;Público;Longo Curso;1565201;9214317;2025-04-09 20:45:00;09/04/2025 22:00;10/04/2025 00:45;11/04/2025 04:16;Granel Líquido e Gasoso;Produtos Químicos Orgânicos;1;;1:15:00;0,05;67;3,51
2025;Santos;BRSSZ;Público;Cabotagem;1565308;9788552;2025-04-09 22:48:00;17/04/2025 22:40;18/04/2025 01:00;19/04/2025 13:48;Granel Líquido e Gasoso;Petróleo E Derivados (Sem Óleo Bruto);1;;191:52:00;7,99;67;3,51
2025;Santos;BRSSZ;Público;Longo Curso;1565312;9781073;2025-04-09 23:00:00;21/04/2025 08:50;21/04/2025 17:28;23/04/2025 20:40;Granel Sólido;Soja;1;;273:50:00;11,41;67;3,51
2025;Santos;BRSSZ;Público;Longo Curso;1565266;9591557;2025-04-09 23:45:00;10/04/2025 01:00;10/04/2025 01:00;14/04/2025 19:35;Granel Sólido;Resíduos Da Extração Do Óleo De Soja;1;;1:15:00;0,05;67;3,51
2025;Santos;BRSSZ;Público;Longo Curso;1565211;9496331;2025-04-10 01:54:00;10/04/2025 02:48;10/04/2025 02:48;17/04/2025 02:42;Granel Sólido;Adubos (Fertilizantes);1;;0:54:00;0,04;67;3,51
2025;Santos;BRSSZ;Público;Longo Curso;1565156;9491240;2025-04-10 10:00:00;10/04/2025 12:45;10/04/2025 12:45;22/04/2025 15:42;Granel Sólido;Adubos (Fertilizantes);1;;2:45:00;0,11;67;3,51
2025;Santos;BRSSZ;Público;Longo Curso;1565298;9499462;2025-04-10 12:30:00;11/04/2025 10:30;11/04/2025 12:35;12/04/2025 04:15;Granel Sólido;Adubos (Fertilizantes);1;;22:00:00;0,92;67;3,51
2025;Santos;BRSSZ;Público;Longo Curso;1565293;9705744;2025-04-10 21:32:00;13/04/2025 02:35;13/04/2025 07:50;16/04/2025 10:15;Granel Líquido e Gasoso;Produtos Químicos Inorgânicos;1;;53:03:00;2,21;67;3,51
2025;Santos;BRSSZ;Público;Cabotagem;1565309;9660358;2025-04-11 02:30:00;15/04/2025 23:08;16/04/2025 01:00;18/04/2025 08:54;Granel Líquido e Gasoso;Petróleo E Derivados (Sem Óleo Bruto);1;;116:38:00;4,86;67;3,51
2025;Santos;BRSSZ;Público;Longo Curso;1565191;9989194;2025-04-11 06:30:00;11/04/2025 07:50;11/04/2025 13:00;12/04/2025 22:40;Granel Líquido e Gasoso;Plásticos E Suas Obras;1;;1:20:00;0,06;67;3,51
2025;Santos;BRSSZ;Público;Longo Curso;1565191;9989194;2025-04-11 06:30:00;11/04/2025 07:50;11/04/2025 13:00;12/04/2025 22:40;Granel Líquido e Gasoso;Produtos Químicos Orgânicos;1;;1:20:00;0,06;67;3,51
2025;Santos;BRSSZ;Público;Cabotagem;1565243;9829409;2025-04-11 07:30:00;11/04/2025 08:42;11/04/2025 11:06;12/04/2025 23:05;Granel Líquido e Gasoso;Petróleo E Derivados (Sem Óleo Bruto);1;;1:12:00;0,05;67;3,51
2025;Santos;BRSSZ;Público;Longo Curso;1565296;9911551;2025-04-11 11:30:00;11/04/2025 17:31;11/04/2025 17:31;13/04/2025 10:20;Granel Líquido e Gasoso;Produtos Químicos Orgânicos;1;;6:01:00;0,25;67;3,51
2025;Santos;BRSSZ;Público;Longo Curso;1565311;9671814;2025-04-12 05:00:00;28/04/2025 04:30;28/04/2025 07:28;30/04/2025 08:50;Granel Sólido;Soja;1;;383:30:00;15,98;67;3,51
2025;Santos;BRSSZ;Público;Longo Curso;1575874;1050155;2025-04-12 11:48:00;28/04/2025 13:35;28/04/2025 13:35;01/05/2025 14:05;Granel Sólido;Soja;1;;385:47:00;16,07;67;3,51
2025;Santos;BRSSZ;Público;Longo Curso;1565305;9633020;2025-04-12 12:00:00;12/04/2025 16:00;12/04/2025 16:00;21/04/2025 13:45;Granel Sólido;Fosfatos De Cálcio Naturais;1;;4:00:00;0,17;67;3,51
2025;Santos;BRSSZ;Público;Longo Curso;1565173;9363780;2025-04-12 16:00:00;16/04/2025 15:20;16/04/2025 15:20;20/04/2025 13:54;Granel Líquido e Gasoso;Petróleo E Derivados (Sem Óleo Bruto);1;;95:20:00;3,97;67;3,51
2025;Santos;BRSSZ;Público;Longo Curso;1565172;9786023;2025-04-12 16:18:00;19/04/2025 07:00;19/04/2025 11:49;24/04/2025 02:12;Granel Sólido;Soja;1;;158:42:00;6,61;67;3,51
2025;Santos;BRSSZ;Público;Longo Curso;1565264;9283679;2025-04-13 00:45:00;13/04/2025 02:20;13/04/2025 09:30;15/04/2025 16:57;Granel Líquido e Gasoso;Petróleo E Derivados (Sem Óleo Bruto);1;;1:35:00;0,07;67;3,51
2025;Santos;BRSSZ;Público;Longo Curso;1565151;9792010;2025-04-13 01:55:00;13/04/2025 07:50;13/04/2025 07:50;17/04/2025 08:45;Granel Líquido e Gasoso;Produtos Químicos Orgânicos;1;;5:55:00;0,25;67;3,51
2025;Santos;BRSSZ;Público;Longo Curso;1565186;9467548;2025-04-13 07:30:00;13/04/2025 08:35;13/04/2025 09:00;17/04/2025 03:25;Granel Sólido;Trigo;1;;1:05:00;0,05;67;3,51
2025;Santos;BRSSZ;Público;Longo Curso;1568137;9976408;2025-04-13 08:39:00;15/04/2025 10:45;15/04/2025 13:15;21/04/2025 21:15;Carga Geral;Pasta De Celulose;1;;50:06:00;2,09;67;3,51
2025;Santos;BRSSZ;Público;Longo Curso;1565163;9593749;2025-04-13 09:00:00;15/04/2025 16:15;15/04/2025 20:23;19/04/2025 03:00;Granel Sólido;Soja;1;;55:15:00;2,3;67;3,51
2025;Santos;BRSSZ;Público;Cabotagem;1565307;9448322;2025-04-13 11:30:00;16/04/2025 13:50;16/04/2025 15:18;17/04/2025 21:18;Granel Líquido e Gasoso;Petróleo E Derivados (Sem Óleo Bruto);1;;74:20:00;3,1;67;3,51
2025;Santos;BRSSZ;Público;Longo Curso;1565146;9872195;2025-04-13 13:00:00;21/04/2025 23:20;22/04/2025 07:10;24/04/2025 18:10;Carga Geral;Pasta De Celulose;1;;202:20:00;8,43;67;3,51
2025;Santos;BRSSZ;Público;Longo Curso;1565316;9542829;2025-04-13 17:10:00;20/04/2025 02:45;20/04/2025 09:50;22/04/2025 21:45;Granel Sólido;Açúcar;1;;153:35:00;6,4;67;3,51
2025;Santos;BRSSZ;Público;Longo Curso;1565279;9490715;2025-04-13 22:00:00;18/04/2025 06:40;18/04/2025 09:00;19/04/2025 23:50;Granel Sólido;Açúcar;1;;104:40:00;4,36;67;3,51
2025;Santos;BRSSZ;Público;Longo Curso;1568138;9509607;2025-04-15 04:30:00;15/04/2025 06:11;15/04/2025 07:00;21/04/2025 06:47;Carga Conteinerizada;Contêineres;1;;1:41:00;0,07;68;3,73
2025;Santos;BRSSZ;Público;Longo Curso;1568138;9509607;2025-04-15 04:30:00;15/04/2025 06:11;15/04/2025 07:00;21/04/2025 06:47;Carga Geral;Obras De Madeira;1;;1:41:00;0,07;68;3,73
2025;Santos;BRSSZ;Público;Longo Curso;1565291;9738246;2025-04-15 09:42:00;18/04/2025 11:35;18/04/2025 22:24;22/04/2025 17:15;Granel Líquido e Gasoso;Gás De Petróleo;1;;73:53:00;3,08;68;3,73
2025;Santos;BRSSZ;Público;Longo Curso;1575885;9297412;2025-04-15 12:29:00;24/04/2025 22:30;24/04/2025 22:30;02/05/2025 01:50;Granel Líquido e Gasoso;Petróleo E Derivados (Sem Óleo Bruto);1;;226:01:00;9,42;68;3,73
2025;Santos;BRSSZ;Público;Longo Curso;1565219;9650872;2025-04-16 01:15:00;16/04/2025 02:24;16/04/2025 06:05;18/04/2025 17:11;Granel Sólido;Açúcar;1;;1:09:00;0,05;68;3,73
2025;Santos;BRSSZ;Público;Longo Curso;1565221;9598799;2025-04-16 05:30:00;16/04/2025 06:50;16/04/2025 08:40;16/04/2025 18:20;Granel Sólido;Açúcar;1;;1:20:00;0,06;68;3,73
2025;Santos;BRSSZ;Público;Longo Curso;1565304;9592719;2025-04-16 07:00:00;18/04/2025 12:15;18/04/2025 12:15;22/04/2025 08:35;Granel Sólido;Resíduos Da Extração Do Óleo De Soja;1;;53:15:00;2,22;68;3,73
2025;Santos;BRSSZ;Público;Longo Curso;1565152;9639579;2025-04-16 07:00:00;22/04/2025 11:25;22/04/2025 14:35;26/04/2025 17:50;Granel Sólido;Soja;1;;148:25:00;6,18;68;3,73
2025;Santos;BRSSZ;Público;Longo Curso;1565242;9848522;2025-04-16 09:45:00;16/04/2025 10:35;16/04/2025 13:20;18/04/2025 16:45;Granel Sólido;Soja;1;;0:50:00;0,03;68;3,73
2025;Santos;BRSSZ;Público;Longo Curso;1565145;9827396;2025-04-16 15:06:00;24/04/2025 14:50;24/04/2025 14:50;28/04/2025 10:20;Granel Sólido;Soja;1;;191:44:00;7,99;68;3,73
2025;Santos;BRSSZ;Público;Cabotagem;1565300;9255828;2025-04-16 15:30:00;16/04/2025 21:12;16/04/2025 21:12;18/04/2025 08:26;Granel Líquido e Gasoso;Etanol Combustível;1;;5:42:00;0,24;68;3,73
2025;Santos;BRSSZ;Público;Longo Curso;1565212;9588316;2025-04-16 16:30:00;22/04/2025 11:30;22/04/2025 11:30;24/04/2025 17:15;Granel Sólido;Resíduos Da Extração Do Óleo De Soja;1;;139:00:00;5,79;68;3,73
2025;Santos;BRSSZ;Público;Longo Curso;1565318;9543768;2025-04-16 21:12:00;23/04/2025 01:00;23/04/2025 04:00;23/04/2025 21:35;Granel Sólido;Açúcar;1;;147:48:00;6,16;68;3,73
2025;Santos;BRSSZ;Público;Longo Curso;1565195;9616618;2025-04-17 01:30:00;17/04/2025 02:20;17/04/2025 05:50;18/04/2025 04:10;Granel Sólido;Açúcar;1;;0:50:00;0,03;68;3,73
2025;Santos;BRSSZ;Público;Longo Curso;1565135;9607083;2025-04-17 06:00:00;17/04/2025 07:29;17/04/2025 07:35;21/04/2025 17:40;Carga Geral;Reatores, Caldeiras E Máquinas;1;;1:29:00;0,06;68;3,73
2025;Santos;BRSSZ;Público;Cabotagem;1565174;9753636;2025-04-17 07:30:00;17/04/2025 15:31;17/04/2025 15:31;20/04/2025 07:45;Granel Líquido e Gasoso;Combustíveis, Óleos E Produtos Minerais;1;;8:01:00;0,33;68;3,73
2025;Santos;BRSSZ;Público;Cabotagem;1565174;9753636;2025-04-17 07:30:00;17/04/2025 15:31;17/04/2025 15:31;20/04/2025 07:45;Granel Líquido e Gasoso;Etanol Combustível;1;;8:01:00;0,33;68;3,73
2025;Santos;BRSSZ;Público;Cabotagem;1565174;9753636;2025-04-17 07:30:00;17/04/2025 15:31;17/04/2025 15:31;20/04/2025 07:45;Granel Líquido e Gasoso;Petróleo E Derivados (Sem Óleo Bruto);1;;8:01:00;0,33;68;3,73
2025;Santos;BRSSZ;Público;Cabotagem;1565174;9753636;2025-04-17 07:30:00;17/04/2025 15:31;17/04/2025 15:31;20/04/2025 07:45;Granel Líquido e Gasoso;Produtos Químicos Orgânicos;1;;8:01:00;0,33;68;3,73
2025;Santos;BRSSZ;Público;Longo Curso;1565287;9792010;2025-04-17 08:45:00;17/04/2025 09:15;17/04/2025 09:15;18/04/2025 23:38;Granel Líquido e Gasoso;Etanol Combustível;1;;0:30:00;0,02;68;3,73
2025;Santos;BRSSZ;Público;Longo Curso;1565213;9705744;2025-04-17 14:00:00;19/04/2025 02:10;19/04/2025 02:10;21/04/2025 10:16;Granel Líquido e Gasoso;Gorduras E Óleos Animais Ou Vegetais;1;;36:10:00;1,51;68;3,73
2025;Santos;BRSSZ;Público;Longo Curso;1565302;9542166;2025-04-17 17:15:00;18/04/2025 11:50;18/04/2025 15:40;22/04/2025 03:40;Granel Líquido e Gasoso;Ácido Sulfúrico;1;;18:35:00;0,77;68;3,73
2025;Santos;BRSSZ;Público;Longo Curso;1575998;9729893;2025-04-18 00:01:00;02/05/2025 05:15;02/05/2025 08:15;03/05/2025 22:00;Granel Sólido;Soja;1;;341:14:00;14,22;68;3,73
2025;Santos;BRSSZ;Público;Cabotagem;1565231;9492270;2025-04-18 08:30:00;25/04/2025 12:25;25/04/2025 13:36;27/04/2025 04:22;Granel Líquido e Gasoso;Petróleo E Derivados (Sem Óleo Bruto);1;;171:55:00;7,16;68;3,73
2025;Santos;BRSSZ;Público;Longo Curso;1565130;9976496;2025-04-18 10:00:00;24/04/2025 00:10;24/04/2025 01:57;29/04/2025 16:50;Carga Geral;Pasta De Celulose;1;;134:10:00;5,59;68;3,73
2025;Santos;BRSSZ;Público;Longo Curso;1575907;9296846;2025-04-18 12:00:00;01/05/2025 18:25;01/05/2025 18:25;05/05/2025 01:40;Granel Sólido;Soja;1;;318:25:00;13,27;68;3,73
2025;Santos;BRSSZ;Público;Longo Curso;1565327;9820972;2025-04-18 12:00:00;18/04/2025 20:50;19/04/2025 00:15;22/04/2025 17:35;Granel Sólido;Soja;1;;8:50:00;0,37;68;3,73
2025;Santos;BRSSZ;Público;Longo Curso;1565214;9701231;2025-04-18 14:00:00;20/04/2025 23:00;20/04/2025 23:00;23/04/2025 19:30;Granel Sólido;Adubos (Fertilizantes);1;;57:00:00;2,38;68;3,73
2025;Santos;BRSSZ;Público;Cabotagem;1565323;9829409;2025-04-18 17:00:00;19/04/2025 15:41;19/04/2025 16:30;21/04/2025 23:48;Granel Líquido e Gasoso;Petróleo E Derivados (Sem Óleo Bruto);1;;22:41:00;0,95;68;3,73
2025;Santos;BRSSZ;Público;Longo Curso;1576002;1041398;2025-04-18 20:42:00;05/05/2025 04:45;05/05/2025 07:20;06/05/2025 15:20;Granel Sólido;Soja;1;;392:03:00;16,34;68;3,73
2025;Santos;BRSSZ;Público;Longo Curso;1565773;9523299;2025-04-18 23:36:00;28/04/2025 23:50;28/04/2025 23:50;30/04/2025 22:35;Granel Sólido;Soja;1;;240:14:00;10,01;68;3,73
2025;Santos;BRSSZ;Público;Longo Curso;1565320;9861316;2025-04-18 23:42:00;24/04/2025 01:50;24/04/2025 05:11;27/04/2025 23:40;Granel Sólido;Resíduos Da Extração Do Óleo De Soja;1;;122:08:00;5,09;68;3,73
2025;Santos;BRSSZ;Público;Longo Curso;1565319;9324239;2025-04-19 17:00:00;27/04/2025 03:05;27/04/2025 06:30;30/04/2025 01:50;Granel Sólido;Soja;1;;178:05:00;7,42;68;3,73
2025;Santos;BRSSZ;Público;Cabotagem;1565306;9407366;2025-04-19 23:00:00;22/04/2025 03:24;22/04/2025 05:00;24/04/2025 02:54;Granel Líquido e Gasoso;Petróleo E Derivados (Sem Óleo Bruto);1;;52:24:00;2,18;68;3,73
2025;Santos;BRSSZ;Público;Longo Curso;1575889;9584592;2025-04-20 09:24:00;05/05/2025 04:30;05/05/2025 04:30;07/05/2025 23:45;Granel Sólido;Soja;1;;355:06:00;14,8;68;3,73
2025;Santos;BRSSZ;Público;Longo Curso;1575964;9273088;2025-04-20 11:00:00;25/04/2025 17:00;26/04/2025 00:40;01/05/2025 09:20;Granel Líquido e Gasoso;Produtos Químicos Inorgânicos;1;;126:00:00;5,25;68;3,73
2025;Santos;BRSSZ;Público;Longo Curso;1575964;9273088;2025-04-20 11:00:00;25/04/2025 17:00;26/04/2025 00:40;01/05/2025 09:20;Granel Líquido e Gasoso;Petróleo E Derivados (Sem Óleo Bruto);1;;126:00:00;5,25;68;3,73
2025;Santos;BRSSZ;Público;Cabotagem;1565322;9424039;2025-04-20 15:45:00;20/04/2025 17:03;20/04/2025 17:03;22/04/2025 21:47;Granel Líquido e Gasoso;Soda Cáustica;1;;1:18:00;0,05;68;3,73
2025;Santos;BRSSZ;Público;Longo Curso;1565164;9890862;2025-04-20 17:30:00;21/04/2025 16:45;21/04/2025 16:45;26/04/2025 16:49;Granel Sólido;Produtos Químicos Inorgânicos;1;;23:15:00;0,97;68;3,73
2025;Santos;BRSSZ;Público;Longo Curso;1565194;9272668;2025-04-20 21:00:00;20/04/2025 22:10;20/04/2025 22:10;22/04/2025 22:20;Granel Líquido e Gasoso;Produtos Químicos Orgânicos;1;;1:10:00;0,05;68;3,73
2025;Santos;BRSSZ;Público;Longo Curso;1565263;9738038;2025-04-20 22:00:00;20/04/2025 23:00;20/04/2025 23:00;24/04/2025 10:10;Granel Sólido;Soja;1;;1:00:00;0,04;68;3,73
2025;Santos;BRSSZ;Público;Longo Curso;1565278;9965019;2025-04-20 23:00:00;20/04/2025 23:45;21/04/2025 02:09;28/04/2025 15:10;Granel Sólido;Resíduos Da Extração Do Óleo De Soja;1;;0:45:00;0,03;68;3,73
2025;Santos;BRSSZ;Público;Longo Curso;1565137;9143207;2025-04-21 12:00:00;21/04/2025 13:15;21/04/2025 13:15;25/04/2025 13:40;Granel Líquido e Gasoso;Produtos Químicos Orgânicos;1;;1:15:00;0,05;69;3,32
2025;Santos;BRSSZ;Público;Longo Curso;1565770;9976410;2025-04-21 12:00:00;21/04/2025 13:15;21/04/2025 19:00;25/04/2025 09:50;Carga Geral;Pasta De Celulose;1;;1:15:00;0,05;69;3,32
2025;Santos;BRSSZ;Público;Longo Curso;1565137;9143207;2025-04-21 12:00:00;21/04/2025 13:15;21/04/2025 13:15;25/04/2025 13:40;Granel Líquido e Gasoso;Produtos Diversos Da Indústria Química;1;;1:15:00;0,05;69;3,32
2025;Santos;BRSSZ;Público;Longo Curso;1565137;9143207;2025-04-21 12:00:00;21/04/2025 13:15;21/04/2025 13:15;25/04/2025 13:40;Granel Líquido e Gasoso;Plásticos E Suas Obras;1;;1:15:00;0,05;69;3,32
2025;Santos;BRSSZ;Público;Longo Curso;1565137;9143207;2025-04-21 12:00:00;21/04/2025 13:15;21/04/2025 13:15;25/04/2025 13:40;Granel Líquido e Gasoso;Petróleo E Derivados (Sem Óleo Bruto);1;;1:15:00;0,05;69;3,32
2025;Santos;BRSSZ;Público;Longo Curso;1565137;9143207;2025-04-21 12:00:00;21/04/2025 13:15;21/04/2025 13:15;25/04/2025 13:40;Granel Líquido e Gasoso;Combustíveis, Óleos E Produtos Minerais;1;;1:15:00;0,05;69;3,32
2025;Santos;BRSSZ;Público;Longo Curso;1576015;9624653;2025-04-21 12:12:00;02/05/2025 18:00;02/05/2025 21:00;04/05/2025 22:50;Granel Sólido;Soja;1;;269:48:00;11,24;69;3,32
2025;Santos;BRSSZ;Público;Longo Curso;1565268;9412737;2025-04-21 13:06:00;25/04/2025 02:45;25/04/2025 05:30;27/04/2025 03:22;Granel Líquido e Gasoso;Produtos Químicos Inorgânicos;1;;85:39:00;3,57;69;3,32
2025;Santos;BRSSZ;Público;Cabotagem;1565324;9391361;2025-04-21 19:48:00;27/04/2025 11:00;27/04/2025 12:06;28/04/2025 20:00;Granel Líquido e Gasoso;Petróleo E Derivados (Sem Óleo Bruto);1;;135:12:00;5,63;69;3,32
2025;Santos;BRSSZ;Público;Longo Curso;1576001;9336610;2025-04-22 06:30:00;30/04/2025 08:30;30/04/2025 11:15;02/05/2025 13:15;Granel Sólido;Soja;1;;194:00:00;8,08;69;3,32
2025;Santos;BRSSZ;Público;Longo Curso;1575935;9911422;2025-04-22 09:30:00;26/04/2025 07:00;26/04/2025 13:20;01/05/2025 13:50;Granel Sólido;Soja;1;;93:30:00;3,9;69;3,32
2025;Santos;BRSSZ;Público;Longo Curso;1565778;9776456;2025-04-22 09:45:00;22/04/2025 15:45;22/04/2025 15:45;26/04/2025 03:30;Granel Líquido e Gasoso;Gorduras E Óleos Animais Ou Vegetais;1;;6:00:00;0,25;69;3,32
2025;Santos;BRSSZ;Público;Longo Curso;1565179;9837652;2025-04-22 11:15:00;22/04/2025 15:12;22/04/2025 15:15;23/04/2025 20:40;Carga Geral;Pasta De Celulose;1;;3:57:00;0,16;69;3,32
2025;Santos;BRSSZ;Público;Cabotagem;1576006;9489895;2025-04-22 13:00:00;02/05/2025 05:35;02/05/2025 07:00;05/05/2025 05:42;Granel Líquido e Gasoso;Petróleo E Derivados (Sem Óleo Bruto);1;;232:35:00;9,69;69;3,32
2025;Santos;BRSSZ;Público;Cabotagem;1565329;9127071;2025-04-22 19:28:00;22/04/2025 20:40;23/04/2025 01:20;25/04/2025 14:10;Granel Sólido;Sal;1;;1:12:00;0,05;69;3,32
2025;Santos;BRSSZ;Público;Longo Curso;1565185;9272668;2025-04-22 22:20:00;22/04/2025 22:50;22/04/2025 22:50;24/04/2025 23:40;Granel Líquido e Gasoso;Petróleo E Derivados (Sem Óleo Bruto);1;;0:30:00;0,02;69;3,32
2025;Santos;BRSSZ;Público;Longo Curso;1565185;9272668;2025-04-22 22:20:00;22/04/2025 22:50;22/04/2025 22:50;24/04/2025 23:40;Granel Líquido e Gasoso;Produtos Diversos Da Indústria Química;1;;0:30:00;0,02;69;3,32
2025;Santos;BRSSZ;Público;Longo Curso;1565185;9272668;2025-04-22 22:20:00;22/04/2025 22:50;22/04/2025 22:50;24/04/2025 23:40;Granel Líquido e Gasoso;Produtos Químicos Orgânicos;1;;0:30:00;0,02;69;3,32
2025;Santos;BRSSZ;Público;Longo Curso;1576016;9493999;2025-04-22 23:42:00;06/05/2025 17:35;06/05/2025 20:23;08/05/2025 18:00;Granel Sólido;Soja;1;;329:53:00;13,75;69;3,32
2025;Santos;BRSSZ;Público;Longo Curso;1565326;9600619;2025-04-23 01:08:00;23/04/2025 02:40;23/04/2025 05:05;26/04/2025 23:45;Granel Sólido;Soja;1;;1:32:00;0,06;69;3,32
2025;Santos;BRSSZ;Público;Longo Curso;1565779;9577886;2025-04-23 01:53:00;23/04/2025 02:55;23/04/2025 10:00;29/04/2025 19:35;Granel Sólido;Trigo;1;;1:02:00;0,04;69;3,32
2025;Santos;BRSSZ;Público;Cabotagem;1565325;9400801;2025-04-23 08:24:00;24/04/2025 08:45;24/04/2025 10:00;25/04/2025 08:25;Granel Líquido e Gasoso;Petróleo E Derivados (Sem Óleo Bruto);1;;24:21:00;1,01;69;3,32
2025;Santos;BRSSZ;Público;Longo Curso;1565299;9522958;2025-04-23 12:00:00;23/04/2025 14:00;23/04/2025 14:00;27/04/2025 05:35;Granel Sólido;Adubos (Fertilizantes);1;;2:00:00;0,08;69;3,32
2025;Santos;BRSSZ;Público;Longo Curso;1565766;9905708;2025-04-23 13:00:00;23/04/2025 14:15;23/04/2025 14:15;30/04/2025 01:30;Granel Sólido;Adubos (Fertilizantes);1;;1:15:00;0,05;69;3,32
2025;Santos;BRSSZ;Público;Longo Curso;1575901;9670418;2025-04-23 14:00:00;23/04/2025 17:20;23/04/2025 17:54;05/05/2025 15:20;Granel Sólido;Trigo;1;;3:20:00;0,14;69;3,32
2025;Santos;BRSSZ;Público;Longo Curso;1565166;9701059;2025-04-23 15:00:00;26/04/2025 20:55;26/04/2025 21:50;29/04/2025 14:15;Granel Sólido;Produtos Químicos Inorgânicos;1;;77:55:00;3,25;69;3,32
2025;Santos;BRSSZ;Público;Longo Curso;1575936;9290646;2025-04-23 17:48:00;01/05/2025 12:30;01/05/2025 12:30;07/05/2025 08:59;Granel Líquido e Gasoso;Petróleo E Derivados (Sem Óleo Bruto);1;;186:42:00;7,78;69;3,32
2025;Santos;BRSSZ;Público;Longo Curso;1576004;9949223;2025-04-24 03:00:00;01/05/2025 19:15;01/05/2025 19:15;03/05/2025 22:05;Granel Sólido;Resíduos Da Extração Do Óleo De Soja;1;;184:15:00;7,68;69;3,32
2025;Santos;BRSSZ;Público;Longo Curso;1575952;9364801;2025-04-24 09:00:00;30/04/2025 01:30;30/04/2025 10:30;05/05/2025 07:45;Granel Sólido;Trigo;1;;136:30:00;5,69;69;3,32
2025;Santos;BRSSZ;Público;Longo Curso;1575946;9363481;2025-04-24 09:36:00;01/05/2025 12:45;01/05/2025 12:45;02/05/2025 20:15;Granel Líquido e Gasoso;Gorduras E Óleos Animais Ou Vegetais;1;;171:09:00;7,13;69;3,32
2025;Santos;BRSSZ;Público;Cabotagem;1565331;9255828;2025-04-24 15:15:00;24/04/2025 16:18;24/04/2025 16:48;25/04/2025 22:09;Granel Líquido e Gasoso;Etanol Combustível;1;;1:03:00;0,04;69;3,32
2025;Santos;BRSSZ;Público;Longo Curso;1575902;9852884;2025-04-24 23:24:00;04/05/2025 22:00;04/05/2025 23:50;07/05/2025 13:20;Granel Sólido;Soja;1;;238:36:00;9,94;69;3,32
2025;Santos;BRSSZ;Público;Longo Curso;1576022;9442392;2025-04-25 00:01:00;08/05/2025 18:30;08/05/2025 21:38;12/05/2025 18:10;Granel Sólido;Soja;1;;330:29:00;13,77;69;3,32
2025;Santos;BRSSZ;Público;Cabotagem;1568141;9865764;2025-04-25 00:06:00;26/04/2025 05:00;26/04/2025 19:25;27/04/2025 13:10;Granel Líquido e Gasoso;Petróleo E Derivados (Sem Óleo Bruto);1;;28:54:00;1,2;69;3,32
2025;Santos;BRSSZ;Público;Longo Curso;1575923;9837640;2025-04-25 01:18:00;29/04/2025 19:10;29/04/2025 19:15;01/05/2025 08:00;Carga Geral;Pasta De Celulose;1;;113:52:00;4,74;69;3,32
2025;Santos;BRSSZ;Público;Cabotagem;1576009;9413523;2025-04-25 02:18:00;28/04/2025 23:45;29/04/2025 01:00;01/05/2025 19:18;Granel Líquido e Gasoso;Petróleo E Derivados (Sem Óleo Bruto);1;;93:27:00;3,89;69;3,32
2025;Santos;BRSSZ;Público;Longo Curso;1565215;9725859;2025-04-25 08:00:00;27/04/2025 19:12;28/04/2025 02:35;29/04/2025 19:42;Granel Líquido e Gasoso;Petróleo E Derivados (Sem Óleo Bruto);1;;59:12:00;2,47;69;3,32
2025;Santos;BRSSZ;Público;Longo Curso;1565215;9725859;2025-04-25 08:00:00;27/04/2025 19:12;28/04/2025 02:35;29/04/2025 19:42;Granel Líquido e Gasoso;Produtos Químicos Orgânicos;1;;59:12:00;2,47;69;3,32
2025;Santos;BRSSZ;Público;Longo Curso;1576003;9474644;2025-04-25 08:00:00;30/04/2025 08:00;30/04/2025 08:55;02/05/2025 19:30;Granel Sólido;Açúcar;1;;120:00:00;5,0;69;3,32
2025;Santos;BRSSZ;Público;Longo Curso;1575876;1051111;2025-04-25 10:06:00;05/05/2025 04:35;05/05/2025 07:00;10/05/2025 09:40;Carga Geral;Pasta De Celulose;1;;234:29:00;9,77;69;3,32
2025;Santos;BRSSZ;Público;Longo Curso;1568140;9384980;2025-04-25 11:24:00;25/04/2025 18:43;26/04/2025 01:00;28/04/2025 05:42;Granel Sólido;Adubos (Fertilizantes);1;;7:19:00;0,3;69;3,32
2025;Santos;BRSSZ;Público;Longo Curso;1575990;9599066;2025-04-25 19:12:00;04/05/2025 02:45;04/05/2025 05:34;05/05/2025 01:10;Granel Sólido;Resíduos Da Extração Do Óleo De Soja;1;;199:33:00;8,31;69;3,32
2025;Santos;BRSSZ;Público;Longo Curso;1565184;9143207;2025-04-26 00:01:00;26/04/2025 01:00;26/04/2025 01:25;27/04/2025 21:07;Granel Líquido e Gasoso;Produtos Químicos Orgânicos;1;;0:59:00;0,04;69;3,32
2025;Santos;BRSSZ;Público;Longo Curso;1575882;9574030;2025-04-26 13:30:00;26/04/2025 16:10;26/04/2025 16:10;03/05/2025 01:15;Granel Sólido;Adubos (Fertilizantes);1;;2:40:00;0,11;69;3,32
2025;Santos;BRSSZ;Público;Longo Curso;1576011;9881861;2025-04-26 14:12:00;28/04/2025 13:50;28/04/2025 13:50;01/05/2025 04:00;Granel Sólido;Resíduos Da Extração Do Óleo De Soja;1;;47:38:00;1,98;69;3,32
2025;Santos;BRSSZ;Público;Cabotagem;1576025;9660358;2025-04-26 20:48:00;05/05/2025 11:15;05/05/2025 15:54;08/05/2025 02:30;Granel Líquido e Gasoso;Petróleo E Derivados (Sem Óleo Bruto);1;;206:27:00;8,6;69;3,32
2025;Santos;BRSSZ;Público;Longo Curso;1565781;9642215;2025-04-27 00:01:00;29/04/2025 00:50;29/04/2025 04:45;30/04/2025 05:50;Granel Sólido;Açúcar;1;;48:49:00;2,03;69;3,32
2025;Santos;BRSSZ;Público;Cabotagem;1576030;9829409;2025-04-27 04:30:00;01/05/2025 22:45;01/05/2025 23:48;03/05/2025 08:50;Granel Líquido e Gasoso;Petróleo E Derivados (Sem Óleo Bruto);1;;114:15:00;4,76;69;3,32
2025;Santos;BRSSZ;Público;Longo Curso;1576005;9641364;2025-04-27 07:00:00;28/04/2025 19:11;28/04/2025 19:11;01/05/2025 03:20;Granel Sólido;Açúcar;1;;36:11:00;1,51;69;3,32
2025;Santos;BRSSZ;Público;Longo Curso;1565772;9439773;2025-04-27 08:30:00;27/04/2025 10:05;27/04/2025 10:05;29/04/2025 01:50;Granel Líquido e Gasoso;Soda Cáustica;1;;1:35:00;0,07;69;3,32
2025;Santos;BRSSZ;Público;Longo Curso;1565769;9567740;2025-04-27 12:00:00;29/04/2025 08:50;29/04/2025 13:00;30/04/2025 16:45;Carga Geral;Pasta De Celulose;1;;44:50:00;1,87;69;3,32
2025;Santos;BRSSZ;Público;Longo Curso;1565776;9379909;2025-04-27 22:52:00;27/04/2025 23:55;28/04/2025 00:30;30/04/2025 20:50;Granel Líquido e Gasoso;Petróleo E Derivados (Sem Óleo Bruto);1;;1:03:00;0,04;69;3,32
2025;Santos;BRSSZ;Público;Longo Curso;1565313;9715854;2025-04-28 02:12:00;28/04/2025 09:10;28/04/2025 12:10;30/04/2025 13:25;Granel Sólido;Adubos (Fertilizantes);1;;6:58:00;0,29;70;4,03
2025;Santos;BRSSZ;Público;Longo Curso;1575966;9989223;2025-04-28 05:18:00;30/04/2025 00:30;30/04/2025 00:30;03/05/2025 08:10;Granel Líquido e Gasoso;Produtos Químicos Orgânicos;1;;43:12:00;1,8;70;4,03
2025;Santos;BRSSZ;Público;Longo Curso;1576000;9853917;2025-04-28 07:30:00;01/05/2025 02:10;01/05/2025 02:10;05/05/2025 16:45;Granel Sólido;Resíduos Da Extração Do Óleo De Soja;1;;66:40:00;2,78;70;4,03
2025;Santos;BRSSZ;Público;Longo Curso;1575969;9673824;2025-04-28 22:00:00;05/05/2025 02:00;05/05/2025 04:35;07/05/2025 22:45;Granel Sólido;Soja;1;;148:00:00;6,17;70;4,03
2025;Santos;BRSSZ;Público;Longo Curso;1577849;9776456;2025-04-29 06:15:00;29/04/2025 07:35;29/04/2025 07:35;01/05/2025 08:40;Granel Líquido e Gasoso;Gorduras E Óleos Animais Ou Vegetais;1;;1:20:00;0,06;70;4,03
2025;Santos;BRSSZ;Público;Longo Curso;1576010;9602423;2025-04-29 07:00:00;30/04/2025 11:00;30/04/2025 13:36;02/05/2025 01:15;Granel Sólido;Soja;1;;28:00:00;1,17;70;4,03
2025;Santos;BRSSZ;Público;Longo Curso;1576026;9618666;2025-04-29 09:18:00;04/05/2025 01:51;04/05/2025 01:51;06/05/2025 15:10;Granel Sólido;Resíduos Da Extração Do Óleo De Soja;1;;112:33:00;4,69;70;4,03
2025;Santos;BRSSZ;Público;Cabotagem;1576034;9473717;2025-04-29 16:48:00;04/05/2025 22:45;05/05/2025 01:12;06/05/2025 06:24;Granel Líquido e Gasoso;Petróleo E Derivados (Sem Óleo Bruto);1;;125:57:00;5,25;70;4,03
2025;Santos;BRSSZ;Público;Cabotagem;1576008;9448322;2025-04-29 18:00:00;03/05/2025 11:42;03/05/2025 13:48;04/05/2025 18:15;Granel Líquido e Gasoso;Petróleo E Derivados (Sem Óleo Bruto);1;;89:42:00;3,74;70;4,03
2025;Santos;BRSSZ;Público;Longo Curso;1575892;9311141;2025-04-29 18:35:00;08/05/2025 07:45;08/05/2025 07:45;12/05/2025 14:25;Granel Sólido;Soja;1;;205:10:00;8,55;70;4,03
2025;Santos;BRSSZ;Público;Longo Curso;1575970;9741865;2025-04-29 23:00:00;30/04/2025 00:30;30/04/2025 00:30;03/05/2025 12:10;Granel Sólido;Adubos (Fertilizantes);1;;1:30:00;0,06;70;4,03
2025;Santos;BRSSZ;Público;Longo Curso;1576055;9624500;2025-04-29 23:00:00;05/05/2025 19:40;05/05/2025 19:40;08/05/2025 08:15;Granel Sólido;Resíduos Da Extração Do Óleo De Soja;1;;140:40:00;5,86;70;4,03
2025;Santos;BRSSZ;Público;Longo Curso;1575968;9467603;2025-04-30 00:01:00;10/05/2025 08:52;10/05/2025 08:52;12/05/2025 21:00;Granel Sólido;Açúcar;1;;248:51:00;10,37;70;4,03
2025;Santos;BRSSZ;Público;Longo Curso;1575891;1051109;2025-04-30 05:36:00;03/05/2025 07:20;03/05/2025 07:20;05/05/2025 01:15;Carga Geral;Pasta De Celulose;1;;73:44:00;3,07;70;4,03
2025;Santos;BRSSZ;Público;Longo Curso;1576045;9950313;2025-04-30 18:00:00;02/05/2025 01:40;02/05/2025 03:44;04/05/2025 17:10;Granel Sólido;Adubos (Fertilizantes);1;;31:40:00;1,32;70;4,03
2025;Santos;BRSSZ;Público;Longo Curso;1575994;9905708;2025-04-30 18:30:00;30/04/2025 19:30;30/04/2025 22:00;01/05/2025 22:44;Granel Sólido;Adubos (Fertilizantes);1;;1:00:00;0,04;70;4,03
2025;Santos;BRSSZ;Público;Longo Curso;1576036;9371775;2025-04-30 23:24:00;01/05/2025 18:18;01/05/2025 18:18;04/05/2025 10:15;Granel Líquido e Gasoso;Produtos Químicos Orgânicos;1;;18:54:00;0,79;70;4,03
2025;Santos;BRSSZ;Público;Cabotagem;1576041;9312444;2025-05-01 02:18:00;06/05/2025 09:54;06/05/2025 14:00;08/05/2025 00:10;Granel Líquido e Gasoso;Petróleo E Derivados (Sem Óleo Bruto);1;;127:36:00;5,32;70;4,03
2025;Santos;BRSSZ;Público;Longo Curso;1576013;9774288;2025-05-01 07:00:00;03/05/2025 00:10;03/05/2025 03:30;05/05/2025 12:55;Granel Sólido;Açúcar;1;;41:10:00;1,72;70;4,03
2025;Santos;BRSSZ;Público;Longo Curso;1576029;9948255;2025-05-01 08:30:00;05/05/2025 19:40;05/05/2025 19:40;09/05/2025 23:25;Granel Sólido;Adubos (Fertilizantes);1;;107:10:00;4,47;70;4,03
2025;Santos;BRSSZ;Público;Longo Curso;1575947;9774563;2025-05-01 09:00:00;03/05/2025 00:05;03/05/2025 00:05;07/05/2025 01:10;Granel Líquido e Gasoso;Gorduras E Óleos Animais Ou Vegetais;1;;39:05:00;1,63;70;4,03
2025;Santos;BRSSZ;Público;Longo Curso;1575937;9837121;2025-05-01 14:30:00;01/05/2025 18:45;01/05/2025 22:11;05/05/2025 05:40;Granel Sólido;Soja;1;;4:15:00;0,18;70;4,03
2025;Santos;BRSSZ;Público;Longo Curso;1575924;9928877;2025-05-01 18:20:00;01/05/2025 18:40;01/05/2025 19:20;03/05/2025 04:10;Carga Geral;Pasta De Celulose;1;;0:20:00;0,01;70;4,03
2025;Santos;BRSSZ;Público;Longo Curso;1575899;9611709;2025-05-01 20:12:00;12/05/2025 23:50;13/05/2025 05:08;16/05/2025 03:16;Granel Sólido;Soja;1;;267:38:00;11,15;70;4,03
2025;Santos;BRSSZ;Público;Cabotagem;1576053;9492270;2025-05-02 01:30:00;14/05/2025 14:00;14/05/2025 17:24;17/05/2025 08:30;Granel Líquido e Gasoso;Petróleo E Derivados (Sem Óleo Bruto);1;;300:30:00;12,52;70;4,03
2025;Santos;BRSSZ;Público;Longo Curso;1575893;9960186;2025-05-02 11:00:00;02/05/2025 11:50;02/05/2025 11:50;13/05/2025 19:06;Granel Sólido;Fosfatos De Cálcio Naturais;1;;0:50:00;0,03;70;4,03
2025;Santos;BRSSZ;Público;Cabotagem;1576042;9070565;2025-05-02 14:10:00;07/05/2025 08:05;07/05/2025 19:00;15/05/2025 17:10;Granel Sólido;Sal;1;;113:55:00;4,75;70;4,03
2025;Santos;BRSSZ;Público;Longo Curso;1576038;9861160;2025-05-02 18:00:00;08/05/2025 06:30;08/05/2025 09:05;09/05/2025 15:50;Granel Sólido;Açúcar;1;;132:30:00;5,52;70;4,03
2025;Santos;BRSSZ;Público;Cabotagem;1575995;9431317;2025-05-02 22:54:00;09/05/2025 22:55;10/05/2025 02:42;10/05/2025 21:20;Granel Líquido e Gasoso;Petróleo E Derivados (Sem Óleo Bruto);1;;168:01:00;7,0;70;4,03
2025;Santos;BRSSZ;Público;Longo Curso;1576019;9914498;2025-05-03 04:12:00;06/05/2025 02:28;06/05/2025 04:30;06/05/2025 23:30;Granel Sólido;Adubos (Fertilizantes);1;;70:16:00;2,93;70;4,03
2025;Santos;BRSSZ;Público;Cabotagem;1575929;9753636;2025-05-03 09:00:00;03/05/2025 11:44;03/05/2025 11:44;07/05/2025 00:52;Granel Líquido e Gasoso;Combustíveis, Óleos E Produtos Minerais;1;;2:44:00;0,11;70;4,03
2025;Santos;BRSSZ;Público;Cabotagem;1575929;9753636;2025-05-03 09:00:00;03/05/2025 11:44;03/05/2025 11:44;07/05/2025 00:52;Granel Líquido e Gasoso;Etanol Combustível;1;;2:44:00;0,11;70;4,03
2025;Santos;BRSSZ;Público;Cabotagem;1575929;9753636;2025-05-03 09:00:00;03/05/2025 11:44;03/05/2025 11:44;07/05/2025 00:52;Granel Líquido e Gasoso;Petróleo E Derivados (Sem Óleo Bruto);1;;2:44:00;0,11;70;4,03
2025;Santos;BRSSZ;Público;Cabotagem;1575929;9753636;2025-05-03 09:00:00;03/05/2025 11:44;03/05/2025 11:44;07/05/2025 00:52;Granel Líquido e Gasoso;Produtos Químicos Orgânicos;1;;2:44:00;0,11;70;4,03
2025;Santos;BRSSZ;Público;Longo Curso;1576056;9729881;2025-05-03 13:45:00;13/05/2025 13:05;13/05/2025 13:05;16/05/2025 19:15;Granel Sólido;Resíduos Da Extração Do Óleo De Soja;1;;239:20:00;9,97;70;4,03
2025;Santos;BRSSZ;Público;Longo Curso;1575895;9632856;2025-05-03 14:00:00;12/05/2025 18:45;12/05/2025 18:45;15/05/2025 11:40;Granel Sólido;Soja;1;;220:45:00;9,2;70;4,03
2025;Santos;BRSSZ;Público;Longo Curso;1576051;9376361;2025-05-03 14:30:00;06/05/2025 17:20;06/05/2025 17:20;09/05/2025 17:10;Granel Sólido;Resíduos Da Extração Do Óleo De Soja;1;;74:50:00;3,12;70;4,03
2025;Santos;BRSSZ;Público;Longo Curso;1575908;9798856;2025-05-03 15:30:00;17/05/2025 17:00;17/05/2025 19:48;19/05/2025 20:15;Granel Sólido;Açúcar;1;;337:30:00;14,06;70;4,03
2025;Santos;BRSSZ;Público;Longo Curso;1575939;9425124;2025-05-04 00:24:00;05/05/2025 19:40;06/05/2025 10:55;09/05/2025 09:00;Granel Sólido;Soja;1;;43:16:00;1,8;70;4,03
2025;Santos;BRSSZ;Público;Cabotagem;1576067;9413523;2025-05-04 05:36:00;11/05/2025 23:24;12/05/2025 02:12;13/05/2025 00:28;Granel Líquido e Gasoso;Petróleo E Derivados (Sem Óleo Bruto);1;;185:48:00;7,74;70;4,03
2025;Santos;BRSSZ;Público;Longo Curso;1575996;9789726;2025-05-04 05:54:00;09/05/2025 17:50;10/05/2025 03:36;13/05/2025 04:49;Granel Líquido e Gasoso;Gás De Petróleo;1;;131:56:00;5,5;70;4,03
2025;Santos;BRSSZ;Público;Longo Curso;1576021;9695834;2025-05-05 05:00:00;07/05/2025 12:10;07/05/2025 12:10;08/05/2025 19:15;Granel Líquido e Gasoso;Soda Cáustica;1;;55:10:00;2,3;71;3,11
2025;Santos;BRSSZ;Público;Longo Curso;1576035;9292773;2025-05-05 05:18:00;08/05/2025 06:06;08/05/2025 12:12;09/05/2025 16:25;Granel Líquido e Gasoso;Gás De Petróleo;1;;72:48:00;3,03;71;3,11
2025;Santos;BRSSZ;Público;Longo Curso;1575957;9242089;2025-05-05 07:00:00;05/05/2025 09:30;05/05/2025 09:36;09/05/2025 16:04;Granel Líquido e Gasoso;Preparações De Frutas;1;;2:30:00;0,1;71;3,11
2025;Santos;BRSSZ;Público;Longo Curso;1575913;9638159;2025-05-05 08:20:00;05/05/2025 08:45;05/05/2025 08:50;12/05/2025 20:30;Granel Líquido e Gasoso;Preparações De Frutas;1;;0:25:00;0,02;71;3,11
2025;Santos;BRSSZ;Público;Longo Curso;1576060;9965552;2025-05-05 12:30:00;05/05/2025 15:30;05/05/2025 16:18;06/05/2025 22:53;Granel Líquido e Gasoso;Produtos Químicos Orgânicos;1;;3:00:00;0,13;71;3,11
2025;Santos;BRSSZ;Público;Longo Curso;1576061;9709001;2025-05-05 16:42:00;16/05/2025 21:45;16/05/2025 22:00;19/05/2025 10:00;Granel Sólido;Soja;1;;269:03:00;11,21;71;3,11
2025;Santos;BRSSZ;Público;Cabotagem;1576066;9431305;2025-05-06 05:02:00;11/05/2025 00:40;11/05/2025 05:00;11/05/2025 20:12;Granel Líquido e Gasoso;Petróleo E Derivados (Sem Óleo Bruto);1;;115:38:00;4,82;71;3,11
2025;Santos;BRSSZ;Público;Longo Curso;1576033;9956197;2025-05-06 20:00:00;06/05/2025 21:00;06/05/2025 23:50;08/05/2025 02:00;Granel Sólido;Açúcar;1;;1:00:00;0,04;71;3,11
2025;Santos;BRSSZ;Público;Longo Curso;1576024;9905289;2025-05-06 21:30:00;10/05/2025 07:20;10/05/2025 10:10;14/05/2025 00:10;Granel Sólido;Açúcar;1;;81:50:00;3,41;71;3,11
2025;Santos;BRSSZ;Público;Longo Curso;1576039;9774563;2025-05-07 01:10:00;07/05/2025 02:00;07/05/2025 05:45;08/05/2025 08:40;Granel Líquido e Gasoso;Gorduras E Óleos Animais Ou Vegetais;1;;0:50:00;0,03;71;3,11
2025;Santos;BRSSZ;Público;Longo Curso;1575914;9989223;2025-05-07 04:15:00;07/05/2025 05:40;07/05/2025 05:40;09/05/2025 09:50;Granel Líquido e Gasoso;Combustíveis, Óleos E Produtos Minerais;1;;1:25:00;0,06;71;3,11
2025;Santos;BRSSZ;Público;Longo Curso;1575914;9989223;2025-05-07 04:15:00;07/05/2025 05:40;07/05/2025 05:40;09/05/2025 09:50;Granel Líquido e Gasoso;Petróleo E Derivados (Sem Óleo Bruto);1;;1:25:00;0,06;71;3,11
2025;Santos;BRSSZ;Público;Longo Curso;1575914;9989223;2025-05-07 04:15:00;07/05/2025 05:40;07/05/2025 05:40;09/05/2025 09:50;Granel Líquido e Gasoso;Produtos Diversos Da Indústria Química;1;;1:25:00;0,06;71;3,11
2025;Santos;BRSSZ;Público;Cabotagem;1576046;9424039;2025-05-07 04:45:00;07/05/2025 05:57;07/05/2025 05:57;10/05/2025 06:42;Granel Líquido e Gasoso;Soda Cáustica;1;;1:12:00;0,05;71;3,11
2025;Santos;BRSSZ;Público;Longo Curso;1575875;9497373;2025-05-07 09:45:00;20/05/2025 05:45;20/05/2025 09:17;29/05/2025 14:10;Carga Geral;Pasta De Celulose;1;;308:00:00;12,83;71;3,11
2025;Santos;BRSSZ;Público;Longo Curso;1575894;9450662;2025-05-07 10:30:00;07/05/2025 12:10;07/05/2025 12:10;15/05/2025 19:40;Granel Sólido;Adubos (Fertilizantes);1;;1:40:00;0,07;71;3,11
2025;Santos;BRSSZ;Público;Longo Curso;1575898;9567180;2025-05-07 15:00:00;15/05/2025 15:30;15/05/2025 15:30;18/05/2025 03:20;Granel Sólido;Soja;1;;192:30:00;8,02;71;3,11
2025;Santos;BRSSZ;Público;Longo Curso;1575916;9785134;2025-05-07 21:16:00;12/05/2025 02:05;12/05/2025 02:28;15/05/2025 11:40;Granel Sólido;Trigo;1;;100:49:00;4,2;71;3,11
2025;Santos;BRSSZ;Público;Longo Curso;1575925;1034383;2025-05-07 21:30:00;12/05/2025 23:30;13/05/2025 03:26;15/05/2025 12:20;Granel Sólido;Soja;1;;122:00:00;5,08;71;3,11
2025;Santos;BRSSZ;Público;Longo Curso;1576040;9860324;2025-05-07 21:30:00;09/05/2025 23:00;09/05/2025 23:00;16/05/2025 12:05;Granel Sólido;Soja;1;;49:30:00;2,06;71;3,11
2025;Santos;BRSSZ;Público;Longo Curso;1576032;9750440;2025-05-08 00:12:00;17/05/2025 06:25;17/05/2025 09:30;18/05/2025 19:35;Granel Sólido;Açúcar;1;;222:13:00;9,26;71;3,11
2025;Santos;BRSSZ;Público;Longo Curso;1576059;9916214;2025-05-08 02:30:00;13/05/2025 17:35;13/05/2025 22:00;15/05/2025 16:40;Granel Sólido;Soja;1;;135:05:00;5,63;71;3,11
2025;Santos;BRSSZ;Público;Longo Curso;1576054;9442500;2025-05-08 04:23:00;09/05/2025 15:40;09/05/2025 15:40;13/05/2025 08:50;Granel Sólido;Soja;1;;35:17:00;1,47;71;3,11
2025;Santos;BRSSZ;Público;Longo Curso;1575915;9853620;2025-05-08 04:30:00;15/05/2025 23:59;15/05/2025 23:59;22/05/2025 00:45;Granel Sólido;Adubos (Fertilizantes);1;;187:29:00;7,81;71;3,11
2025;Santos;BRSSZ;Público;Longo Curso;1575938;9983217;2025-05-08 05:00:00;08/05/2025 07:38;08/05/2025 07:43;20/05/2025 06:14;Granel Sólido;Adubos (Fertilizantes);1;;2:38:00;0,11;71;3,11
2025;Santos;BRSSZ;Público;Longo Curso;1576057;9275141;2025-05-08 07:00:00;12/05/2025 23:55;13/05/2025 04:56;14/05/2025 18:15;Granel Sólido;Soja;1;;112:55:00;4,7;71;3,11
2025;Santos;BRSSZ;Público;Longo Curso;1575993;9885910;2025-05-08 10:00:00;08/05/2025 11:00;08/05/2025 14:08;10/05/2025 01:15;Granel Sólido;Açúcar;1;;1:00:00;0,04;71;3,11
2025;Santos;BRSSZ;Público;Longo Curso;1576062;9855501;2025-05-08 16:00:00;15/05/2025 20:00;15/05/2025 23:20;17/05/2025 22:45;Granel Sólido;Soja;1;;172:00:00;7,17;71;3,11
2025;Santos;BRSSZ;Público;Longo Curso;1575972;9965552;2025-05-08 20:30:00;08/05/2025 21:50;09/05/2025 05:00;10/05/2025 03:45;Granel Líquido e Gasoso;Produtos Diversos Da Indústria Química;1;;1:20:00;0,06;71;3,11
2025;Santos;BRSSZ;Público;Longo Curso;1575972;9965552;2025-05-08 20:30:00;08/05/2025 21:50;09/05/2025 05:00;10/05/2025 03:45;Granel Líquido e Gasoso;Produtos Químicos Orgânicos;1;;1:20:00;0,06;71;3,11
2025;Santos;BRSSZ;Público;Longo Curso;1575903;9997933;2025-05-08 21:07:00;08/05/2025 21:55;09/05/2025 01:31;10/05/2025 20:25;Carga Geral;Pasta De Celulose;1;;0:48:00;0,03;71;3,11
2025;Santos;BRSSZ;Público;Longo Curso;1576058;9579066;2025-05-09 04:06:00;09/05/2025 23:00;10/05/2025 02:30;13/05/2025 14:50;Granel Sólido;Soja;1;;18:54:00;0,79;71;3,11
2025;Santos;BRSSZ;Público;Longo Curso;1575960;9976070;2025-05-09 05:00:00;12/05/2025 14:10;12/05/2025 16:30;14/05/2025 02:50;Carga Geral;Pasta De Celulose;1;;81:10:00;3,38;71;3,11
2025;Santos;BRSSZ;Público;Longo Curso;1575940;9425124;2025-05-09 09:00:00;09/05/2025 09:15;09/05/2025 11:09;12/05/2025 18:45;Granel Sólido;Soja;1;;0:15:00;0,01;71;3,11
2025;Santos;BRSSZ;Público;Longo Curso;1575988;9989194;2025-05-09 10:45:00;09/05/2025 11:10;09/05/2025 15:20;10/05/2025 12:50;Granel Líquido e Gasoso;Combustíveis, Óleos E Produtos Minerais;1;;0:25:00;0,02;71;3,11
2025;Santos;BRSSZ;Público;Longo Curso;1576078;9494371;2025-05-09 16:00:00;16/05/2025 19:10;16/05/2025 19:10;19/05/2025 22:15;Granel Sólido;Resíduos Da Extração Do Óleo De Soja;1;;171:10:00;7,13;71;3,11
2025;Santos;BRSSZ;Público;Cabotagem;1576047;9424039;2025-05-10 06:42:00;10/05/2025 07:20;10/05/2025 07:20;11/05/2025 17:41;Granel Líquido e Gasoso;Soda Cáustica;1;;0:38:00;0,03;71;3,11
2025;Santos;BRSSZ;Público;Longo Curso;1576080;9663233;2025-05-10 09:24:00;15/05/2025 19:30;15/05/2025 22:05;17/05/2025 02:45;Granel Sólido;Açúcar;1;;130:06:00;5,42;71;3,11
2025;Santos;BRSSZ;Público;Longo Curso;1576070;9689811;2025-05-10 09:36:00;20/05/2025 01:10;20/05/2025 05:25;22/05/2025 05:35;Granel Sólido;Soja;1;;231:34:00;9,65;71;3,11
2025;Santos;BRSSZ;Público;Cabotagem;1576068;9391361;2025-05-10 09:40:00;13/05/2025 08:00;13/05/2025 14:30;15/05/2025 04:55;Granel Líquido e Gasoso;Petróleo E Derivados (Sem Óleo Bruto);1;;70:20:00;2,93;71;3,11
2025;Santos;BRSSZ;Público;Longo Curso;1576043;9881653;2025-05-10 10:15:00;10/05/2025 10:45;10/05/2025 13:00;12/05/2025 10:40;Carga Geral;Pasta De Celulose;1;;0:30:00;0,02;71;3,11
2025;Santos;BRSSZ;Público;Longo Curso;1576028;9568495;2025-05-10 11:00:00;10/05/2025 16:55;11/05/2025 03:00;15/05/2025 12:25;Granel Líquido e Gasoso;Produtos Químicos Orgânicos;1;;5:55:00;0,25;71;3,11
2025;Santos;BRSSZ;Público;Cabotagem;1575942;9299886;2025-05-10 12:00:00;10/05/2025 17:05;10/05/2025 17:42;14/05/2025 21:40;Granel Líquido e Gasoso;Petróleo E Derivados (Sem Óleo Bruto);1;;5:05:00;0,21;71;3,11
2025;Santos;BRSSZ;Público;Longo Curso;1575872;9317705;2025-05-10 13:00:00;11/05/2025 16:17;11/05/2025 16:17;18/05/2025 15:39;Granel Sólido;Adubos (Fertilizantes);1;;27:17:00;1,14;71;3,11
2025;Santos;BRSSZ;Público;Longo Curso;1575909;9387334;2025-05-10 15:00:00;16/05/2025 09:10;16/05/2025 11:30;17/05/2025 14:22;Granel Sólido;Açúcar;1;;138:10:00;5,76;71;3,11
2025;Santos;BRSSZ;Público;Cabotagem;1576072;9403968;2025-05-10 23:40:00;12/05/2025 09:34;12/05/2025 09:34;14/05/2025 09:06;Granel Líquido e Gasoso;Soda Cáustica;1;;33:54:00;1,41;71;3,11
2025;Santos;BRSSZ;Público;Longo Curso;1575873;9951977;2025-05-11 19:06:00;13/05/2025 23:48;13/05/2025 23:48;20/05/2025 02:25;Granel Sólido;Adubos (Fertilizantes);1;;52:42:00;2,2;71;3,11
2025;Santos;BRSSZ;Público;Longo Curso;1575949;9286580;2025-05-11 22:30:00;26/05/2025 21:25;26/05/2025 23:52;29/05/2025 17:20;Granel Sólido;Açúcar;1;;358:55:00;14,95;71;3,11
2025;Santos;BRSSZ;Público;Longo Curso;1575948;9952165;2025-05-12 06:00:00;12/05/2025 10:15;12/05/2025 13:00;13/05/2025 20:40;Granel Líquido e Gasoso;Produtos Químicos Orgânicos;1;;4:15:00;0,18;72;2,92
2025;Santos;BRSSZ;Público;Longo Curso;1575948;9952165;2025-05-12 06:00:00;12/05/2025 10:15;12/05/2025 13:00;13/05/2025 20:40;Granel Líquido e Gasoso;Produtos Diversos Da Indústria Química;1;;4:15:00;0,18;72;2,92
2025;Santos;BRSSZ;Público;Longo Curso;1576076;9773143;2025-05-12 20:52:00;14/05/2025 14:15;14/05/2025 14:15;16/05/2025 19:05;Granel Líquido e Gasoso;Produtos Químicos Orgânicos;1;;41:23:00;1,72;72;2,92
2025;Santos;BRSSZ;Público;Longo Curso;1575878;9989950;2025-05-13 02:30:00;18/05/2025 09:20;18/05/2025 09:20;21/05/2025 01:02;Granel Sólido;Soja;1;;126:50:00;5,28;72;2,92
2025;Santos;BRSSZ;Público;Cabotagem;1576094;9448322;2025-05-13 07:00:00;15/05/2025 10:50;15/05/2025 13:00;16/05/2025 12:46;Granel Líquido e Gasoso;Petróleo E Derivados (Sem Óleo Bruto);1;;51:50:00;2,16;72;2,92
2025;Santos;BRSSZ;Público;Longo Curso;1585565;9673836;2025-05-13 16:00:00;28/05/2025 17:55;28/05/2025 17:55;01/06/2025 11:55;Granel Sólido;Soja;1;;361:55:00;15,08;72;2,92
2025;Santos;BRSSZ;Público;Longo Curso;1576086;9748382;2025-05-13 17:00:00;24/05/2025 00:30;24/05/2025 14:00;25/05/2025 23:20;Granel Sólido;Açúcar;1;;247:30:00;10,31;72;2,92
2025;Santos;BRSSZ;Público;Longo Curso;1576106;9461116;2025-05-13 21:06:00;16/05/2025 09:15;16/05/2025 11:14;17/05/2025 20:45;Granel Sólido;Soja;1;;60:09:00;2,51;72;2,92
2025;Santos;BRSSZ;Público;Longo Curso;1576096;9875604;2025-05-13 21:10:00;20/05/2025 15:40;20/05/2025 18:49;22/05/2025 09:35;Granel Sólido;Soja;1;;162:30:00;6,77;72;2,92
2025;Santos;BRSSZ;Público;Longo Curso;1576077;9948839;2025-05-14 03:36:00;14/05/2025 22:00;15/05/2025 00:09;16/05/2025 01:30;Granel Sólido;Resíduos Da Extração Do Óleo De Soja;1;;18:24:00;0,77;72;2,92
2025;Santos;BRSSZ;Público;Longo Curso;1575877;9881665;2025-05-14 04:00:00;14/05/2025 05:05;14/05/2025 07:00;20/05/2025 01:45;Carga Geral;Pasta De Celulose;1;;1:05:00;0,05;72;2,92
2025;Santos;BRSSZ;Público;Longo Curso;1576090;9958896;2025-05-14 07:00:00;14/05/2025 14:49;14/05/2025 14:49;18/05/2025 08:41;Granel Sólido;Sal;1;;7:49:00;0,33;72;2,92
2025;Santos;BRSSZ;Público;Longo Curso;1576037;9376373;2025-05-14 13:30:00;14/05/2025 14:20;14/05/2025 17:25;15/05/2025 15:45;Granel Sólido;Açúcar;1;;0:50:00;0,03;72;2,92
2025;Santos;BRSSZ;Público;Cabotagem;1575978;9345893;2025-05-14 21:49:00;14/05/2025 22:50;14/05/2025 22:50;17/05/2025 04:10;Granel Líquido e Gasoso;Produtos Químicos Orgânicos;1;;1:01:00;0,04;72;2,92
2025;Santos;BRSSZ;Público;Cabotagem;1575978;9345893;2025-05-14 21:49:00;14/05/2025 22:50;14/05/2025 22:50;17/05/2025 04:10;Granel Líquido e Gasoso;Soda Cáustica;1;;1:01:00;0,04;72;2,92
2025;Santos;BRSSZ;Público;Longo Curso;1576093;9964819;2025-05-15 05:12:00;26/05/2025 22:30;27/05/2025 01:10;28/05/2025 14:20;Granel Sólido;Açúcar;1;;281:18:00;11,72;72;2,92
2025;Santos;BRSSZ;Público;Longo Curso;1575955;9979046;2025-05-15 10:00:00;15/05/2025 11:40;15/05/2025 14:35;21/05/2025 05:05;Granel Sólido;Trigo;1;;1:40:00;0,07;72;2,92
2025;Santos;BRSSZ;Público;Longo Curso;1575926;1034383;2025-05-15 12:20:00;15/05/2025 12:40;15/05/2025 17:10;17/05/2025 13:00;Granel Sólido;Soja;1;;0:20:00;0,01;72;2,92
2025;Santos;BRSSZ;Público;Longo Curso;1576085;9706542;2025-05-15 16:00:00;18/05/2025 02:35;18/05/2025 06:00;20/05/2025 11:20;Granel Sólido;Resíduos Da Extração Do Óleo De Soja;1;;58:35:00;2,44;72;2,92
2025;Santos;BRSSZ;Público;Longo Curso;1576050;9989223;2025-05-15 17:15:00;15/05/2025 17:50;16/05/2025 09:45;17/05/2025 07:50;Granel Líquido e Gasoso;Produtos Químicos Orgânicos;1;;0:35:00;0,02;72;2,92
2025;Santos;BRSSZ;Público;Longo Curso;1575918;9919888;2025-05-15 18:48:00;16/05/2025 22:10;17/05/2025 03:52;17/05/2025 13:25;Granel Sólido;Soja;1;;27:22:00;1,14;72;2,92
2025;Santos;BRSSZ;Público;Longo Curso;1576100;9781700;2025-05-15 20:25:00;19/05/2025 13:45;19/05/2025 15:52;24/05/2025 13:35;Granel Sólido;Soja;1;;89:20:00;3,72;72;2,92
2025;Santos;BRSSZ;Público;Longo Curso;1576083;9838058;2025-05-15 22:48:00;22/05/2025 12:10;22/05/2025 15:33;25/05/2025 03:45;Granel Sólido;Soja;1;;157:22:00;6,56;72;2,92
2025;Santos;BRSSZ;Público;Longo Curso;1575930;9453066;2025-05-15 23:24:00;22/05/2025 00:01;22/05/2025 01:00;27/05/2025 01:00;Granel Sólido;Soja;1;;144:37:00;6,03;72;2,92
2025;Santos;BRSSZ;Público;Longo Curso;1576098;9867578;2025-05-16 10:00:00;22/05/2025 16:15;22/05/2025 16:15;26/05/2025 05:40;Granel Sólido;Resíduos Da Extração Do Óleo De Soja;1;;150:15:00;6,26;72;2,92
2025;Santos;BRSSZ;Público;Longo Curso;1575896;9460605;2025-05-16 15:00:00;21/05/2025 11:25;21/05/2025 13:55;25/05/2025 13:15;Granel Sólido;Soja;1;;116:25:00;4,85;72;2,92
2025;Santos;BRSSZ;Público;Longo Curso;1576097;9792008;2025-05-16 15:30:00;16/05/2025 18:45;17/05/2025 00:25;18/05/2025 23:30;Granel Líquido e Gasoso;Produtos Químicos Inorgânicos;1;;3:15:00;0,14;72;2,92
2025;Santos;BRSSZ;Público;Cabotagem;1575991;9865764;2025-05-16 16:00:00;16/05/2025 17:30;16/05/2025 22:06;18/05/2025 03:54;Granel Líquido e Gasoso;Petróleo E Derivados (Sem Óleo Bruto);1;;1:30:00;0,06;72;2,92
2025;Santos;BRSSZ;Público;Cabotagem;1576089;9547673;2025-05-16 16:26:00;21/05/2025 17:12;21/05/2025 22:30;23/05/2025 21:34;Granel Líquido e Gasoso;Petróleo E Derivados (Sem Óleo Bruto);1;;120:46:00;5,03;72;2,92
2025;Santos;BRSSZ;Público;Longo Curso;1576095;9285407;2025-05-16 17:00:00;18/05/2025 22:20;18/05/2025 22:20;21/05/2025 17:05;Granel Sólido;Adubos (Fertilizantes);1;;53:20:00;2,22;72;2,92
2025;Santos;BRSSZ;Público;Longo Curso;1575981;9537630;2025-05-16 20:06:00;20/05/2025 01:30;20/05/2025 01:30;22/05/2025 14:05;Granel Sólido;Resíduos Da Extração Do Óleo De Soja;1;;77:24:00;3,22;72;2,92
2025;Santos;BRSSZ;Público;Cabotagem;1576110;9431317;2025-05-17 00:18:00;18/05/2025 07:24;18/05/2025 12:18;20/05/2025 02:20;Granel Líquido e Gasoso;Petróleo E Derivados (Sem Óleo Bruto);1;;31:06:00;1,3;72;2,92
2025;Santos;BRSSZ;Público;Longo Curso;1576103;9909039;2025-05-17 08:00:00;29/05/2025 13:50;29/05/2025 16:31;31/05/2025 23:35;Granel Sólido;Resíduos Da Extração Do Óleo De Soja;1;;293:50:00;12,24;72;2,92
2025;Santos;BRSSZ;Público;Longo Curso;1575974;9777400;2025-05-17 09:30:00;17/05/2025 13:20;17/05/2025 13:20;18/05/2025 19:30;Granel Líquido e Gasoso;Gorduras E Óleos Animais Ou Vegetais;1;;3:50:00;0,16;72;2,92
2025;Santos;BRSSZ;Público;Longo Curso;1575977;9748277;2025-05-17 10:00:00;17/05/2025 11:48;17/05/2025 14:23;18/05/2025 18:13;Granel Sólido;Adubos (Fertilizantes);1;;1:48:00;0,08;72;2,92
2025;Santos;BRSSZ;Público;Cabotagem;1576052;9310305;2025-05-17 10:30:00;17/05/2025 11:55;17/05/2025 23:30;19/05/2025 08:22;Granel Líquido e Gasoso;Petróleo E Derivados (Sem Óleo Bruto);1;;1:25:00;0,06;72;2,92
2025;Santos;BRSSZ;Público;Longo Curso;1575943;9926568;2025-05-17 12:30:00;18/05/2025 17:50;18/05/2025 18:15;20/05/2025 13:42;Granel Líquido e Gasoso;Soda Cáustica;1;;29:20:00;1,22;72;2,92
2025;Santos;BRSSZ;Público;Longo Curso;1575943;9926568;2025-05-17 12:30:00;18/05/2025 17:50;18/05/2025 18:15;20/05/2025 13:42;Granel Líquido e Gasoso;Produtos Químicos Orgânicos;1;;29:20:00;1,22;72;2,92
2025;Santos;BRSSZ;Público;Longo Curso;1575927;1034383;2025-05-17 13:16:00;17/05/2025 13:45;17/05/2025 15:50;19/05/2025 14:20;Granel Sólido;Soja;1;;0:29:00;0,02;72;2,92
2025;Santos;BRSSZ;Público;Longo Curso;1575919;9919888;2025-05-17 13:25:00;17/05/2025 13:40;17/05/2025 14:59;19/05/2025 18:10;Granel Sólido;Soja;1;;0:15:00;0,01;72;2,92
2025;Santos;BRSSZ;Público;Longo Curso;1576082;9322384;2025-05-18 00:38:00;18/05/2025 01:46;18/05/2025 02:15;20/05/2025 14:08;Granel Líquido e Gasoso;Produtos Químicos Orgânicos;1;;1:08:00;0,05;72;2,92
2025;Santos;BRSSZ;Público;Longo Curso;1576023;9955014;2025-05-18 01:00:00;18/05/2025 02:10;18/05/2025 04:40;19/05/2025 20:45;Granel Sólido;Açúcar;1;;1:10:00;0,05;72;2,92
2025;Santos;BRSSZ;Público;Longo Curso;1576105;9604964;2025-05-18 06:12:00;24/05/2025 15:40;24/05/2025 17:34;26/05/2025 09:20;Granel Sólido;Resíduos Da Extração Do Óleo De Soja;1;;153:28:00;6,39;72;2,92
2025;Santos;BRSSZ;Público;Longo Curso;1576109;9906465;2025-05-18 12:00:00;25/05/2025 07:55;25/05/2025 10:01;26/05/2025 18:35;Granel Sólido;Soja;1;;163:55:00;6,83;72;2,92
2025;Santos;BRSSZ;Público;Longo Curso;1575980;9580027;2025-05-18 13:41:00;20/05/2025 08:20;20/05/2025 08:20;25/05/2025 13:00;Granel Sólido;Adubos (Fertilizantes);1;;42:39:00;1,78;72;2,92
2025;Santos;BRSSZ;Público;Longo Curso;1575910;9777711;2025-05-18 16:00:00;18/05/2025 17:49;18/05/2025 17:49;22/05/2025 22:07;Granel Sólido;Produtos Químicos Inorgânicos;1;;1:49:00;0,08;72;2,92
2025;Santos;BRSSZ;Público;Longo Curso;1575900;9491836;2025-05-18 17:00:00;18/05/2025 17:50;18/05/2025 18:00;22/05/2025 17:10;Granel Líquido e Gasoso;Preparações De Frutas;1;;0:50:00;0,03;72;2,92
2025;Santos;BRSSZ;Público;Longo Curso;1585601;9675262;2025-05-18 19:00:00;31/05/2025 09:42;31/05/2025 11:50;02/06/2025 18:40;Granel Sólido;Soja;1;;302:42:00;12,61;72;2,92
2025;Santos;BRSSZ;Público;Longo Curso;1575921;9976484;2025-05-18 23:05:00;19/05/2025 00:10;19/05/2025 07:16;20/05/2025 14:10;Carga Geral;Pasta De Celulose;1;;1:05:00;0,05;72;2,92
2025;Santos;BRSSZ;Público;Longo Curso;1576027;9523196;2025-05-19 03:40:00;19/05/2025 05:20;19/05/2025 07:00;20/05/2025 23:50;Granel Sólido;Açúcar;1;;1:40:00;0,07;73;4,23
2025;Santos;BRSSZ;Público;Longo Curso;1575941;9748801;2025-05-19 08:00:00;27/05/2025 03:40;27/05/2025 12:32;30/05/2025 18:40;Granel Sólido;Soja;1;;187:40:00;7,82;73;4,23
2025;Santos;BRSSZ;Público;Longo Curso;1576116;9926568;2025-05-19 09:30:00;22/05/2025 14:22;22/05/2025 15:00;26/05/2025 11:05;Granel Líquido e Gasoso;Etanol Combustível;1;;76:52:00;3,2;73;4,23
2025;Santos;BRSSZ;Público;Longo Curso;1576079;9993834;2025-05-19 12:12:00;26/05/2025 21:30;27/05/2025 00:19;28/05/2025 23:25;Granel Sólido;Soja;1;;177:18:00;7,39;73;4,23
2025;Santos;BRSSZ;Público;Cabotagem;1577852;9786152;2025-05-19 15:54:00;20/05/2025 17:40;21/05/2025 09:30;22/05/2025 01:50;Granel Líquido e Gasoso;Petróleo E Derivados (Sem Óleo Bruto);1;;25:46:00;1,07;73;4,23
2025;Santos;BRSSZ;Público;Longo Curso;1575920;9919888;2025-05-19 18:10:00;19/05/2025 18:20;19/05/2025 20:21;21/05/2025 20:40;Granel Sólido;Soja;1;;0:10:00;0,01;73;4,23
2025;Santos;BRSSZ;Público;Longo Curso;1575917;9785134;2025-05-20 00:01:00;20/05/2025 00:45;20/05/2025 01:00;27/05/2025 20:20;Granel Sólido;Trigo;1;;0:44:00;0,03;73;4,23
2025;Santos;BRSSZ;Público;Longo Curso;1576091;9958896;2025-05-20 05:00:00;20/05/2025 05:46;20/05/2025 07:00;25/05/2025 16:36;Granel Sólido;Sal;1;;0:46:00;0,03;73;4,23
2025;Santos;BRSSZ;Público;Longo Curso;1576118;9478511;2025-05-20 08:30:00;29/05/2025 20:50;29/05/2025 23:00;31/05/2025 06:13;Granel Sólido;Açúcar;1;;228:20:00;9,51;73;4,23
2025;Santos;BRSSZ;Público;Longo Curso;1585569;9872183;2025-05-20 15:00:00;31/05/2025 14:25;31/05/2025 15:46;02/06/2025 23:05;Carga Geral;Pasta De Celulose;1;;263:25:00;10,98;73;4,23
2025;Santos;BRSSZ;Público;Longo Curso;1576114;9641352;2025-05-20 17:18:00;28/05/2025 17:30;28/05/2025 22:55;29/05/2025 21:15;Granel Sólido;Açúcar;1;;192:12:00;8,01;73;4,23
2025;Santos;BRSSZ;Público;Longo Curso;1585690;9321172;2025-05-20 17:30:00;31/05/2025 15:25;31/05/2025 15:25;03/06/2025 22:30;Granel Líquido e Gasoso;Petróleo E Derivados (Sem Óleo Bruto);1;;261:55:00;10,91;73;4,23
2025;Santos;BRSSZ;Público;Longo Curso;1576112;9735452;2025-05-20 21:48:00;21/05/2025 08:00;21/05/2025 08:00;28/05/2025 01:00;Granel Líquido e Gasoso;Preparações De Frutas;1;;10:12:00;0,43;73;4,23
2025;Santos;BRSSZ;Público;Longo Curso;1576088;9908322;2025-05-20 22:33:00;20/05/2025 23:45;21/05/2025 05:25;21/05/2025 20:10;Granel Líquido e Gasoso;Petróleo E Derivados (Sem Óleo Bruto);1;;1:12:00;0,05;73;4,23
2025;Santos;BRSSZ;Público;Longo Curso;1576048;9591545;2025-05-21 02:21:00;21/05/2025 03:50;21/05/2025 06:20;22/05/2025 01:25;Granel Sólido;Açúcar;1;;1:29:00;0,06;73;4,23
2025;Santos;BRSSZ;Público;Cabotagem;1576121;9492270;2025-05-21 03:00:00;25/05/2025 13:24;25/05/2025 15:35;26/05/2025 13:32;Granel Líquido e Gasoso;Petróleo E Derivados (Sem Óleo Bruto);1;;106:24:00;4,43;73;4,23
2025;Santos;BRSSZ;Público;Longo Curso;1575897;9868900;2025-05-21 04:06:00;21/05/2025 05:10;21/05/2025 05:10;25/05/2025 04:00;Granel Sólido;Soja;1;;1:04:00;0,04;73;4,23
2025;Santos;BRSSZ;Público;Longo Curso;1585607;9854313;2025-05-21 19:00:00;28/05/2025 00:35;28/05/2025 01:00;01/06/2025 19:15;Granel Sólido;Soja;1;;149:35:00;6,23;73;4,23
2025;Santos;BRSSZ;Público;Cabotagem;1575983;9753636;2025-05-21 21:10:00;21/05/2025 23:30;22/05/2025 00:20;24/05/2025 05:51;Granel Líquido e Gasoso;Combustíveis, Óleos E Produtos Minerais;1;;2:20:00;0,1;73;4,23
2025;Santos;BRSSZ;Público;Cabotagem;1575983;9753636;2025-05-21 21:10:00;21/05/2025 23:30;22/05/2025 00:20;24/05/2025 05:51;Granel Líquido e Gasoso;Etanol Combustível;1;;2:20:00;0,1;73;4,23
2025;Santos;BRSSZ;Público;Cabotagem;1576119;9763045;2025-05-22 03:10:00;22/05/2025 04:50;22/05/2025 13:54;26/05/2025 01:52;Granel Líquido e Gasoso;Gás De Petróleo;1;;1:40:00;0,07;73;4,23
2025;Santos;BRSSZ;Público;Longo Curso;1576007;9861990;2025-05-22 04:00:00;22/05/2025 05:20;22/05/2025 07:40;24/05/2025 01:15;Granel Sólido;Açúcar;1;;1:20:00;0,06;73;4,23
2025;Santos;BRSSZ;Público;Longo Curso;1585661;9663855;2025-05-22 04:11:00;28/05/2025 13:20;28/05/2025 19:00;05/06/2025 14:55;Granel Sólido;Trigo;1;;153:09:00;6,38;73;4,23
2025;Santos;BRSSZ;Público;Longo Curso;1577851;9345659;2025-05-22 11:50:00;22/05/2025 13:15;23/05/2025 11:48;25/05/2025 16:38;Granel Líquido e Gasoso;Petróleo E Derivados (Sem Óleo Bruto);1;;1:25:00;0,06;73;4,23
2025;Santos;BRSSZ;Público;Longo Curso;1585642;9605102;2025-05-22 15:12:00;05/06/2025 01:35;05/06/2025 04:15;07/06/2025 15:20;Granel Sólido;Açúcar;1;;322:23:00;13,43;73;4,23
2025;Santos;BRSSZ;Público;Longo Curso;1576087;9591088;2025-05-22 16:42:00;26/05/2025 11:30;26/05/2025 14:06;29/05/2025 08:40;Granel Sólido;Resíduos Da Extração Do Óleo De Soja;1;;90:48:00;3,78;73;4,23
2025;Santos;BRSSZ;Público;Longo Curso;1575950;9641340;2025-05-22 18:30:00;25/05/2025 16:40;25/05/2025 19:35;26/05/2025 18:09;Granel Sólido;Açúcar;1;;70:10:00;2,92;73;4,23
2025;Santos;BRSSZ;Público;Cabotagem;1576124;9489912;2025-05-22 19:00:00;26/05/2025 16:48;26/05/2025 20:30;28/05/2025 06:00;Granel Líquido e Gasoso;Petróleo E Derivados (Sem Óleo Bruto);1;;93:48:00;3,91;73;4,23
2025;Santos;BRSSZ;Público;Longo Curso;1575982;9909041;2025-05-23 00:40:00;28/05/2025 01:00;28/05/2025 01:00;30/05/2025 02:55;Granel Sólido;Soja;1;;120:20:00;5,01;73;4,23
2025;Santos;BRSSZ;Público;Longo Curso;1575976;9935569;2025-05-23 04:52:00;23/05/2025 06:15;23/05/2025 06:15;26/05/2025 09:15;Granel Líquido e Gasoso;Soda Cáustica;1;;1:23:00;0,06;73;4,23
2025;Santos;BRSSZ;Público;Longo Curso;1576102;9911551;2025-05-23 11:05:00;24/05/2025 08:25;24/05/2025 09:15;26/05/2025 06:15;Granel Líquido e Gasoso;Produtos Químicos Orgânicos;1;;21:20:00;0,89;73;4,23
2025;Santos;BRSSZ;Público;Longo Curso;1575933;9687162;2025-05-23 11:55:00;23/05/2025 17:48;23/05/2025 17:48;28/05/2025 10:41;Granel Sólido;Produtos Químicos Inorgânicos;1;;5:53:00;0,25;73;4,23
2025;Santos;BRSSZ;Público;Longo Curso;1575922;9574858;2025-05-23 13:30:00;23/05/2025 19:50;24/05/2025 01:00;26/05/2025 14:38;Carga Geral;Pasta De Celulose;1;;6:20:00;0,26;73;4,23
2025;Santos;BRSSZ;Público;Longo Curso;1585676;9942160;2025-05-23 13:48:00;03/06/2025 07:00;03/06/2025 10:00;04/06/2025 21:35;Granel Sólido;Açúcar;1;;257:12:00;10,72;73;4,23
2025;Santos;BRSSZ;Público;Longo Curso;1585574;9976472;2025-05-23 18:00:00;03/06/2025 10:40;03/06/2025 10:40;06/06/2025 08:20;Carga Geral;Pasta De Celulose;1;;256:40:00;10,69;73;4,23
2025;Santos;BRSSZ;Público;Longo Curso;1585589;9955923;2025-05-23 20:48:00;01/06/2025 14:10;01/06/2025 14:10;04/06/2025 05:40;Granel Sólido;Soja;1;;209:22:00;8,72;73;4,23
2025;Santos;BRSSZ;Público;Longo Curso;1576113;9868883;2025-05-23 23:50:00;26/05/2025 08:50;26/05/2025 08:50;29/05/2025 08:30;Granel Sólido;Soja;1;;57:00:00;2,38;73;4,23
2025;Santos;BRSSZ;Público;Cabotagem;1576123;9448322;2025-05-24 03:28:00;24/05/2025 04:48;24/05/2025 17:18;25/05/2025 08:55;Granel Líquido e Gasoso;Petróleo E Derivados (Sem Óleo Bruto);1;;1:20:00;0,06;73;4,23
2025;Santos;BRSSZ;Público;Longo Curso;1585669;9725744;2025-05-24 08:00:00;31/05/2025 09:00;31/05/2025 11:20;01/06/2025 23:45;Granel Sólido;Açúcar;1;;169:00:00;7,04;73;4,23
2025;Santos;BRSSZ;Público;Longo Curso;1576092;9587441;2025-05-24 08:00:00;25/05/2025 07:30;25/05/2025 07:30;28/05/2025 13:40;Granel Sólido;Soja;1;;23:30:00;0,98;73;4,23
2025;Santos;BRSSZ;Público;Longo Curso;1585637;9902407;2025-05-24 17:12:00;02/06/2025 16:30;02/06/2025 18:41;04/06/2025 10:50;Granel Sólido;Soja;1;;215:18:00;8,97;73;4,23
2025;Santos;BRSSZ;Público;Longo Curso;1585595;9919670;2025-05-24 17:24:00;02/06/2025 21:50;03/06/2025 04:15;04/06/2025 10:45;Granel Sólido;Açúcar;1;;220:26:00;9,18;73;4,23
2025;Santos;BRSSZ;Público;Longo Curso;1577858;9605633;2025-05-24 21:00:00;26/05/2025 01:40;26/05/2025 04:00;27/05/2025 17:00;Granel Sólido;Soja;1;;28:40:00;1,19;73;4,23
2025;Santos;BRSSZ;Público;Longo Curso;1585577;9936252;2025-05-25 06:00:00;04/06/2025 21:25;05/06/2025 02:40;07/06/2025 10:42;Granel Sólido;Açúcar;1;;255:25:00;10,64;73;4,23
2025;Santos;BRSSZ;Público;Longo Curso;1585634;9938822;2025-05-25 07:30:00;02/06/2025 01:10;02/06/2025 04:05;04/06/2025 03:45;Granel Sólido;Soja;1;;185:40:00;7,74;73;4,23
2025;Santos;BRSSZ;Público;Longo Curso;1585581;9596650;2025-05-25 13:00:00;04/06/2025 09:25;04/06/2025 09:25;07/06/2025 19:50;Granel Sólido;Soja;1;;236:25:00;9,85;73;4,23
2025;Santos;BRSSZ;Público;Longo Curso;1585667;9497062;2025-05-25 15:00:00;09/06/2025 01:45;09/06/2025 08:40;13/06/2025 05:05;Granel Sólido;Açúcar;1;;346:45:00;14,45;73;4,23
2025;Santos;BRSSZ;Público;Longo Curso;1575951;9364588;2025-05-25 16:45:00;25/05/2025 17:25;25/05/2025 17:25;27/05/2025 03:50;Granel Líquido e Gasoso;Petróleo E Derivados (Sem Óleo Bruto);1;;0:40:00;0,03;73;4,23
2025;Santos;BRSSZ;Público;Longo Curso;1575911;9529580;2025-05-25 17:00:00;26/05/2025 16:05;26/05/2025 20:18;28/05/2025 07:50;Carga Geral;Pasta De Celulose;1;;23:05:00;0,96;73;4,23
2025;Santos;BRSSZ;Público;Longo Curso;1576107;9790610;2025-05-25 18:00:00;26/05/2025 09:11;26/05/2025 09:35;28/05/2025 19:41;Granel Líquido e Gasoso;Produtos Químicos Orgânicos;1;;15:11:00;0,63;73;4,23
2025;Santos;BRSSZ;Público;Cabotagem;1576120;9403968;2025-05-25 19:10:00;26/05/2025 14:26;26/05/2025 14:26;28/05/2025 17:30;Granel Líquido e Gasoso;Soda Cáustica;1;;19:16:00;0,8;73;4,23
2025;Santos;BRSSZ;Público;Longo Curso;1576075;9811036;2025-05-25 21:00:00;25/05/2025 22:00;25/05/2025 23:15;26/05/2025 16:40;Granel Sólido;Açúcar;1;;1:00:00;0,04;73;4,23
2025;Santos;BRSSZ;Público;Longo Curso;1585632;9928231;2025-05-25 21:30:00;06/06/2025 17:00;06/06/2025 19:50;08/06/2025 21:30;Granel Sólido;Açúcar;1;;283:30:00;11,81;73;4,23
2025;Santos;BRSSZ;Público;Cabotagem;1577854;9416393;2025-05-26 02:42:00;28/05/2025 18:35;29/05/2025 14:10;30/05/2025 08:55;Granel Líquido e Gasoso;Petróleo E Derivados (Sem Óleo Bruto);1;;63:53:00;2,66;74;2,7
2025;Santos;BRSSZ;Público;Longo Curso;1575984;9567453;2025-05-26 08:30:00;29/05/2025 04:55;29/05/2025 08:02;31/05/2025 10:55;Granel Sólido;Resíduos Da Extração Do Óleo De Soja;1;;68:25:00;2,85;74;2,7
2025;Santos;BRSSZ;Público;Longo Curso;1575984;9567453;2025-05-26 08:30:00;29/05/2025 04:55;29/05/2025 08:02;31/05/2025 10:55;Granel Sólido;Soja;1;;68:25:00;2,85;74;2,7
2025;Santos;BRSSZ;Público;Longo Curso;1576117;9926568;2025-05-26 11:05:00;26/05/2025 11:45;27/05/2025 00:00;31/05/2025 03:25;Granel Líquido e Gasoso;Etanol Combustível;1;;0:40:00;0,03;74;2,7
2025;Santos;BRSSZ;Público;Cabotagem;1577860;9431317;2025-05-26 18:12:00;30/05/2025 01:22;30/05/2025 04:18;30/05/2025 23:18;Granel Líquido e Gasoso;Petróleo E Derivados (Sem Óleo Bruto);1;;79:10:00;3,3;74;2,7
2025;Santos;BRSSZ;Público;Cabotagem;1575985;9457713;2025-05-27 10:00:00;28/05/2025 09:15;28/05/2025 11:36;29/05/2025 21:20;Granel Líquido e Gasoso;Petróleo E Derivados (Sem Óleo Bruto);1;;23:15:00;0,97;74;2,7
2025;Santos;BRSSZ;Público;Longo Curso;1577845;9168635;2025-05-27 12:05:00;27/05/2025 13:20;27/05/2025 13:20;30/05/2025 09:17;Granel Líquido e Gasoso;Plásticos E Suas Obras;1;;1:15:00;0,05;74;2,7
2025;Santos;BRSSZ;Público;Longo Curso;1577845;9168635;2025-05-27 12:05:00;27/05/2025 13:20;27/05/2025 13:20;30/05/2025 09:17;Granel Líquido e Gasoso;Produtos Químicos Orgânicos;1;;1:15:00;0,05;74;2,7
2025;Santos;BRSSZ;Público;Longo Curso;1577845;9168635;2025-05-27 12:05:00;27/05/2025 13:20;27/05/2025 13:20;30/05/2025 09:17;Granel Líquido e Gasoso;Sabões, Ceras, Velas E Massas;1;;1:15:00;0,05;74;2,7
2025;Santos;BRSSZ;Público;Longo Curso;1585666;9977816;2025-05-27 18:00:00;29/05/2025 12:55;29/05/2025 12:55;01/06/2025 05:55;Granel Sólido;Resíduos Da Extração Do Óleo De Soja;1;;42:55:00;1,79;74;2,7
2025;Santos;BRSSZ;Público;Longo Curso;1585698;9749386;2025-05-27 22:30:00;29/05/2025 03:35;29/05/2025 03:35;01/06/2025 06:35;Granel Líquido e Gasoso;Gorduras E Óleos Animais Ou Vegetais;1;;29:05:00;1,21;74;2,7
2025;Santos;BRSSZ;Público;Longo Curso;1585608;9838072;2025-05-27 23:30:00;01/06/2025 21:55;02/06/2025 07:00;06/06/2025 21:45;Granel Sólido;Soja;1;;118:25:00;4,93;74;2,7
2025;Santos;BRSSZ;Público;Longo Curso;1585682;9785134;2025-05-28 00:10:00;05/06/2025 02:55;05/06/2025 05:20;06/06/2025 16:05;Granel Sólido;Açúcar;1;;194:45:00;8,11;74;2,7
2025;Santos;BRSSZ;Público;Longo Curso;1585579;9291781;2025-05-28 00:24:00;07/06/2025 13:27;07/06/2025 15:25;10/06/2025 17:25;Granel Sólido;Açúcar;1;;253:03:00;10,54;74;2,7
2025;Santos;BRSSZ;Público;Longo Curso;1577850;1027354;2025-05-28 08:00:00;29/05/2025 16:55;29/05/2025 19:00;31/05/2025 13:00;Carga Geral;Pasta De Celulose;1;;32:55:00;1,37;74;2,7
2025;Santos;BRSSZ;Público;Longo Curso;1585692;9594717;2025-05-28 08:30:00;02/06/2025 01:40;02/06/2025 03:45;03/06/2025 04:45;Granel Sólido;Açúcar;1;;113:10:00;4,72;74;2,7
2025;Santos;BRSSZ;Público;Longo Curso;1575879;9702730;2025-05-28 12:30:00;28/05/2025 13:48;28/05/2025 13:48;31/05/2025 09:15;Granel Sólido;Adubos (Fertilizantes);1;;1:18:00;0,05;74;2,7
2025;Santos;BRSSZ;Público;Longo Curso;1585566;9950595;2025-05-28 14:00:00;07/06/2025 20:40;07/06/2025 20:40;13/06/2025 02:30;Granel Sólido;Soja;1;;246:40:00;10,28;74;2,7
2025;Santos;BRSSZ;Público;Longo Curso;1585693;9649249;2025-05-28 14:30:00;07/06/2025 17:50;07/06/2025 20:30;12/06/2025 01:45;Granel Sólido;Soja;1;;243:20:00;10,14;74;2,7
2025;Santos;BRSSZ;Público;Cabotagem;1576122;9492270;2025-05-28 19:30:00;28/05/2025 21:06;28/05/2025 23:48;31/05/2025 10:26;Granel Líquido e Gasoso;Petróleo E Derivados (Sem Óleo Bruto);1;;1:36:00;0,07;74;2,7
2025;Santos;BRSSZ;Público;Longo Curso;1585680;9957622;2025-05-29 12:12:00;07/06/2025 22:45;08/06/2025 01:45;10/06/2025 22:20;Granel Sólido;Soja;1;;226:33:00;9,44;74;2,7
2025;Santos;BRSSZ;Público;Longo Curso;1585664;9292773;2025-05-29 14:18:00;31/05/2025 02:25;31/05/2025 10:00;02/06/2025 10:48;Granel Líquido e Gasoso;Gás De Petróleo;1;;36:07:00;1,5;74;2,7
2025;Santos;BRSSZ;Público;Longo Curso;1585689;9820283;2025-05-29 16:48:00;31/05/2025 19:15;01/06/2025 02:55;03/06/2025 23:10;Granel Líquido e Gasoso;Petróleo E Derivados (Sem Óleo Bruto);1;;50:27:00;2,1;74;2,7
2025;Santos;BRSSZ;Público;Cabotagem;1585638;9345893;2025-05-29 23:10:00;01/06/2025 11:30;01/06/2025 11:30;04/06/2025 04:05;Granel Líquido e Gasoso;Produtos Químicos Orgânicos;1;;60:20:00;2,51;74;2,7
2025;Santos;BRSSZ;Público;Cabotagem;1585638;9345893;2025-05-29 23:10:00;01/06/2025 11:30;01/06/2025 11:30;04/06/2025 04:05;Granel Líquido e Gasoso;Soda Cáustica;1;;60:20:00;2,51;74;2,7
2025;Santos;BRSSZ;Público;Longo Curso;1576115;9595163;2025-05-30 00:31:00;30/05/2025 01:30;30/05/2025 04:00;31/05/2025 02:55;Granel Sólido;Açúcar;1;;0:59:00;0,04;74;2,7
2025;Santos;BRSSZ;Público;Longo Curso;1577848;9952177;2025-05-30 05:54:00;30/05/2025 11:45;30/05/2025 15:30;31/05/2025 15:17;Granel Líquido e Gasoso;Produtos Químicos Orgânicos;1;;5:51:00;0,24;74;2,7
2025;Santos;BRSSZ;Público;Longo Curso;1585681;9642368;2025-05-30 06:06:00;01/06/2025 05:20;01/06/2025 07:00;03/06/2025 20:45;Granel Sólido;Soja;1;;47:14:00;1,97;74;2,7
2025;Santos;BRSSZ;Público;Longo Curso;1577855;9967110;2025-05-30 06:30:00;30/05/2025 07:40;30/05/2025 10:25;31/05/2025 23:45;Granel Sólido;Soja;1;;1:10:00;0,05;74;2,7
2025;Santos;BRSSZ;Público;Longo Curso;1585561;9168635;2025-05-30 09:17:00;30/05/2025 09:40;30/05/2025 10:15;04/06/2025 03:40;Granel Líquido e Gasoso;Petróleo E Derivados (Sem Óleo Bruto);1;;0:23:00;0,02;74;2,7
2025;Santos;BRSSZ;Público;Longo Curso;1585561;9168635;2025-05-30 09:17:00;30/05/2025 09:40;30/05/2025 10:15;04/06/2025 03:40;Granel Líquido e Gasoso;Produtos Químicos Orgânicos;1;;0:23:00;0,02;74;2,7
2025;Santos;BRSSZ;Público;Longo Curso;1585597;9950894;2025-05-30 20:15:00;30/05/2025 21:55;31/05/2025 01:35;01/06/2025 22:50;Granel Sólido;Soja;1;;1:40:00;0,07;74;2,7
2025;Santos;BRSSZ;Público;Longo Curso;1585646;9936276;2025-05-31 08:00:00;04/06/2025 14:05;04/06/2025 17:04;07/06/2025 20:40;Granel Sólido;Resíduos Da Extração Do Óleo De Soja;1;;102:05:00;4,25;74;2,7
2025;Santos;BRSSZ;Público;Longo Curso;1585646;9936276;2025-05-31 08:00:00;04/06/2025 14:05;04/06/2025 17:04;07/06/2025 20:40;Granel Sólido;Soja;1;;102:05:00;4,25;74;2,7
2025;Santos;BRSSZ;Público;Longo Curso;1585695;9623817;2025-05-31 12:00:00;31/05/2025 13:40;31/05/2025 17:10;04/06/2025 19:30;Granel Sólido;Adubos (Fertilizantes);1;;1:40:00;0,07;74;2,7
2025;Santos;BRSSZ;Público;Cabotagem;1585635;9403968;2025-05-31 13:00:00;31/05/2025 14:16;31/05/2025 14:16;02/06/2025 09:54;Granel Líquido e Gasoso;Soda Cáustica;1;;1:16:00;0,05;74;2,7
2025;Santos;BRSSZ;Público;Longo Curso;1585668;9938781;2025-05-31 13:07:00;31/05/2025 13:45;31/05/2025 16:17;02/06/2025 16:10;Granel Sólido;Soja;1;;0:38:00;0,03;74;2,7
2025;Santos;BRSSZ;Público;Cabotagem;1585699;9391361;2025-05-31 13:24:00;02/06/2025 13:16;02/06/2025 14:54;04/06/2025 04:13;Granel Líquido e Gasoso;Petróleo E Derivados (Sem Óleo Bruto);1;;47:52:00;1,99;74;2,7
2025;Santos;BRSSZ;Público;Longo Curso;1585573;9539987;2025-05-31 22:40:00;11/06/2025 19:00;11/06/2025 21:46;20/06/2025 12:45;Carga Geral;Pasta De Celulose;1;;260:20:00;10,85;74;2,7
2025;Santos;BRSSZ;Público;Longo Curso;1585683;9605633;2025-06-01 04:00:00;01/06/2025 04:55;01/06/2025 06:40;01/06/2025 19:10;Granel Sólido;Soja;1;;0:55:00;0,04;74;2,7
2025;Santos;BRSSZ;Público;Cabotagem;1585712;9424039;2025-06-01 15:40:00;07/06/2025 17:23;07/06/2025 17:50;09/06/2025 18:05;Granel Líquido e Gasoso;Soda Cáustica;1;;145:43:00;6,07;74;2,7
2025;Santos;BRSSZ;Público;Longo Curso;1585603;9881641;2025-06-01 21:24:00;04/06/2025 01:55;04/06/2025 13:03;05/06/2025 14:30;Carga Geral;Pasta De Celulose;1;;52:31:00;2,19;74;2,7
2025;Santos;BRSSZ;Público;Longo Curso;1585688;9950894;2025-06-01 22:50:00;01/06/2025 23:40;02/06/2025 01:00;04/06/2025 03:25;Granel Sólido;Soja;1;;0:50:00;0,03;74;2,7
2025;Santos;BRSSZ;Público;Longo Curso;1585641;9749386;2025-06-02 10:30:00;02/06/2025 11:40;02/06/2025 11:40;04/06/2025 14:40;Granel Líquido e Gasoso;Gorduras E Óleos Animais Ou Vegetais;1;;1:10:00;0,05;75;2,82
2025;Santos;BRSSZ;Público;Longo Curso;1585697;9852779;2025-06-02 11:18:00;14/06/2025 20:45;14/06/2025 22:40;16/06/2025 03:45;Granel Sólido;Açúcar;1;;297:27:00;12,39;75;2,82
2025;Santos;BRSSZ;Público;Longo Curso;1585719;9540871;2025-06-02 12:00:00;05/06/2025 10:15;05/06/2025 10:15;06/06/2025 23:15;Granel Sólido;Resíduos Da Extração Do Óleo De Soja;1;;70:15:00;2,93;75;2,82
2025;Santos;BRSSZ;Público;Longo Curso;1585617;9955428;2025-06-02 16:30:00;04/06/2025 11:23;04/06/2025 11:23;05/06/2025 16:16;Granel Líquido e Gasoso;Produtos Químicos Orgânicos;1;;42:53:00;1,79;75;2,82
2025;Santos;BRSSZ;Público;Longo Curso;1585615;9266140;2025-06-02 21:35:00;02/06/2025 22:25;02/06/2025 22:30;13/06/2025 03:27;Granel Sólido;Adubos (Fertilizantes);1;;0:50:00;0,03;75;2,82
2025;Santos;BRSSZ;Público;Longo Curso;1585694;9877652;2025-06-03 01:42:00;04/06/2025 09:15;04/06/2025 09:30;08/06/2025 18:15;Granel Líquido e Gasoso;Etanol Combustível;1;;31:33:00;1,31;75;2,82
2025;Santos;BRSSZ;Público;Longo Curso;1585562;9392432;2025-06-03 10:00:00;14/06/2025 10:20;14/06/2025 14:05;15/06/2025 17:59;Granel Sólido;Açúcar;1;;264:20:00;11,01;75;2,82
2025;Santos;BRSSZ;Público;Cabotagem;1585723;9660358;2025-06-03 10:00:00;05/06/2025 20:25;05/06/2025 21:48;09/06/2025 02:00;Granel Líquido e Gasoso;Petróleo E Derivados (Sem Óleo Bruto);1;;58:25:00;2,43;75;2,82
2025;Santos;BRSSZ;Público;Longo Curso;1585583;9668881;2025-06-03 12:30:00;10/06/2025 22:00;10/06/2025 22:00;14/06/2025 07:41;Granel Sólido;Soja;1;;177:30:00;7,4;75;2,82
2025;Santos;BRSSZ;Público;Cabotagem;1585675;9447768;2025-06-04 00:28:00;04/06/2025 01:50;04/06/2025 03:54;06/06/2025 04:00;Granel Líquido e Gasoso;Petróleo E Derivados (Sem Óleo Bruto);1;;1:22:00;0,06;75;2,82
2025;Santos;BRSSZ;Público;Longo Curso;1585636;9613965;2025-06-04 01:45:00;04/06/2025 03:00;04/06/2025 03:00;07/06/2025 15:05;Granel Líquido e Gasoso;Etanol Combustível;1;;1:15:00;0,05;75;2,82
2025;Santos;BRSSZ;Público;Longo Curso;1585704;9937579;2025-06-04 02:06:00;04/06/2025 03:00;04/06/2025 05:26;07/06/2025 14:40;Granel Sólido;Resíduos Da Extração Do Óleo De Soja;1;;0:54:00;0,04;75;2,82
2025;Santos;BRSSZ;Público;Longo Curso;1585716;9952426;2025-06-04 04:45:00;11/06/2025 02:15;11/06/2025 07:55;13/06/2025 14:15;Granel Sólido;Soja;1;;165:30:00;6,9;75;2,82
2025;Santos;BRSSZ;Público;Longo Curso;1585691;9705720;2025-06-04 13:30:00;07/06/2025 17:25;08/06/2025 02:00;10/06/2025 15:25;Granel Líquido e Gasoso;Petróleo E Derivados (Sem Óleo Bruto);1;;75:55:00;3,16;75;2,82
2025;Santos;BRSSZ;Público;Longo Curso;1585672;9994682;2025-06-04 15:00:00;04/06/2025 16:25;04/06/2025 16:25;05/06/2025 14:50;Granel Líquido e Gasoso;Soda Cáustica;1;;1:25:00;0,06;75;2,82
2025;Santos;BRSSZ;Público;Longo Curso;1585648;9950296;2025-06-05 00:01:00;07/06/2025 02:10;07/06/2025 02:20;08/06/2025 05:15;Granel Sólido;Soja;1;;50:09:00;2,09;75;2,82
2025;Santos;BRSSZ;Público;Cabotagem;1585726;9407407;2025-06-05 00:40:00;09/06/2025 06:00;09/06/2025 11:18;10/06/2025 22:50;Granel Líquido e Gasoso;Petróleo E Derivados (Sem Óleo Bruto);1;;101:20:00;4,22;75;2,82
2025;Santos;BRSSZ;Público;Longo Curso;1585739;9593892;2025-06-05 00:42:00;07/06/2025 02:00;07/06/2025 07:00;07/06/2025 23:32;Carga Geral;Pasta De Celulose;1;;49:18:00;2,05;75;2,82
2025;Santos;BRSSZ;Público;Longo Curso;1585604;9955428;2025-06-05 16:16:00;05/06/2025 16:47;05/06/2025 16:47;08/06/2025 05:58;Granel Líquido e Gasoso;Produtos Químicos Orgânicos;1;;0:31:00;0,02;75;2,82
2025;Santos;BRSSZ;Público;Cabotagem;1585700;9367671;2025-06-05 19:00:00;05/06/2025 20:10;05/06/2025 20:10;07/06/2025 15:10;Granel Líquido e Gasoso;Petróleo E Derivados (Sem Óleo Bruto);1;;1:10:00;0,05;75;2,82
2025;Santos;BRSSZ;Público;Longo Curso;1585591;9589932;2025-06-05 22:00:00;10/06/2025 22:10;10/06/2025 22:10;14/06/2025 13:35;Granel Líquido e Gasoso;Petróleo E Derivados (Sem Óleo Bruto);1;;120:10:00;5,01;75;2,82
2025;Santos;BRSSZ;Público;Longo Curso;1585586;9321172;2025-06-06 04:00:00;06/06/2025 05:25;06/06/2025 05:25;10/06/2025 17:30;Granel Líquido e Gasoso;Petróleo E Derivados (Sem Óleo Bruto);1;;1:25:00;0,06;75;2,82
2025;Santos;BRSSZ;Público;Longo Curso;1585645;9976044;2025-06-06 09:10:00;06/06/2025 09:45;06/06/2025 13:00;07/06/2025 14:15;Carga Geral;Pasta De Celulose;1;;0:35:00;0,02;75;2,82
2025;Santos;BRSSZ;Público;Longo Curso;1585732;9776444;2025-06-06 10:30:00;08/06/2025 21:00;09/06/2025 01:00;11/06/2025 08:50;Granel Líquido e Gasoso;Ácido Sulfúrico;1;;58:30:00;2,44;75;2,82
2025;Santos;BRSSZ;Público;Cabotagem;1585744;9836452;2025-06-06 12:24:00;11/06/2025 02:18;11/06/2025 10:30;13/06/2025 19:15;Granel Líquido e Gasoso;Petróleo E Derivados (Sem Óleo Bruto);1;;109:54:00;4,58;75;2,82
2025;Santos;BRSSZ;Público;Longo Curso;1585654;9291391;2025-06-06 15:00:00;16/06/2025 06:30;16/06/2025 08:40;17/06/2025 15:35;Granel Sólido;Açúcar;1;;231:30:00;9,65;75;2,82
2025;Santos;BRSSZ;Público;Longo Curso;1585644;9872157;2025-06-06 17:15:00;07/06/2025 17:15;07/06/2025 19:00;08/06/2025 10:10;Carga Geral;Pasta De Celulose;1;;24:00:00;1,0;75;2,82
2025;Santos;BRSSZ;Público;Longo Curso;1585724;9964352;2025-06-07 00:30:00;09/06/2025 01:48;09/06/2025 01:48;20/06/2025 17:38;Granel Sólido;Sal;1;;49:18:00;2,05;75;2,82
2025;Santos;BRSSZ;Público;Longo Curso;1585731;9450674;2025-06-07 03:00:00;17/06/2025 15:05;17/06/2025 18:00;18/06/2025 20:50;Granel Sólido;Açúcar;1;;252:05:00;10,5;75;2,82
2025;Santos;BRSSZ;Público;Longo Curso;1585647;9542520;2025-06-07 05:30:00;07/06/2025 07:30;07/06/2025 10:10;16/06/2025 23:25;Granel Sólido;Adubos (Fertilizantes);1;;2:00:00;0,08;75;2,82
2025;Santos;BRSSZ;Público;Longo Curso;1585678;9767479;2025-06-07 08:42:00;11/06/2025 21:55;12/06/2025 10:03;14/06/2025 10:00;Granel Sólido;Açúcar;1;;109:13:00;4,55;75;2,82
2025;Santos;BRSSZ;Público;Longo Curso;1585609;9644536;2025-06-07 08:45:00;07/06/2025 20:05;08/06/2025 01:03;15/06/2025 09:55;Granel Sólido;Soja;1;;11:20:00;0,47;75;2,82
2025;Santos;BRSSZ;Público;Longo Curso;1585702;9821859;2025-06-07 11:00:00;09/06/2025 21:30;09/06/2025 21:30;11/06/2025 16:05;Granel Líquido e Gasoso;Gorduras E Óleos Animais Ou Vegetais;1;;58:30:00;2,44;75;2,82
2025;Santos;BRSSZ;Público;Longo Curso;1585618;9591818;2025-06-07 12:12:00;08/06/2025 09:55;08/06/2025 09:55;12/06/2025 23:05;Granel Sólido;Preparações Alimentícias Diversas;1;;21:43:00;0,9;75;2,82
2025;Santos;BRSSZ;Público;Longo Curso;1585618;9591818;2025-06-07 12:12:00;08/06/2025 09:55;08/06/2025 09:55;12/06/2025 23:05;Granel Sólido;Resíduos Da Extração Do Óleo De Soja;1;;21:43:00;0,9;75;2,82
2025;Santos;BRSSZ;Público;Cabotagem;1585705;9448322;2025-06-07 12:30:00;15/06/2025 07:50;15/06/2025 09:00;16/06/2025 05:22;Granel Líquido e Gasoso;Petróleo E Derivados (Sem Óleo Bruto);1;;187:20:00;7,81;75;2,82
2025;Santos;BRSSZ;Público;Cabotagem;1585736;9554066;2025-06-07 22:00:00;07/06/2025 23:00;08/06/2025 01:12;11/06/2025 23:00;Granel Sólido;Sal;1;;1:00:00;0,04;75;2,82
2025;Santos;BRSSZ;Público;Longo Curso;1585717;9364277;2025-06-08 06:42:00;08/06/2025 17:25;09/06/2025 01:00;12/06/2025 08:10;Granel Sólido;Resíduos Da Extração Do Óleo De Soja;1;;10:43:00;0,45;75;2,82
2025;Santos;BRSSZ;Público;Longo Curso;1585590;9996018;2025-06-08 07:00:00;08/06/2025 16:05;08/06/2025 19:00;11/06/2025 14:45;Carga Geral;Pasta De Celulose;1;;9:05:00;0,38;75;2,82
2025;Santos;BRSSZ;Público;Longo Curso;1585733;9835068;2025-06-08 08:00:00;13/06/2025 14:50;13/06/2025 18:03;15/06/2025 08:45;Granel Sólido;Soja;1;;126:50:00;5,28;75;2,82
2025;Santos;BRSSZ;Público;Longo Curso;1585703;9972048;2025-06-08 08:00:00;08/06/2025 09:40;08/06/2025 11:25;15/06/2025 09:10;Granel Sólido;Trigo;1;;1:40:00;0,07;75;2,82
2025;Santos;BRSSZ;Público;Longo Curso;1588136;9758090;2025-06-08 09:48:00;08/06/2025 16:10;09/06/2025 03:48;12/06/2025 02:30;Granel Líquido e Gasoso;Combustíveis, Óleos E Produtos Minerais;1;;6:22:00;0,27;75;2,82
2025;Santos;BRSSZ;Público;Longo Curso;1588136;9758090;2025-06-08 09:48:00;08/06/2025 16:10;09/06/2025 03:48;12/06/2025 02:30;Granel Líquido e Gasoso;Produtos Químicos Inorgânicos;1;;6:22:00;0,27;75;2,82
2025;Santos;BRSSZ;Público;Longo Curso;1588136;9758090;2025-06-08 09:48:00;08/06/2025 16:10;09/06/2025 03:48;12/06/2025 02:30;Granel Líquido e Gasoso;Produtos Químicos Orgânicos;1;;6:22:00;0,27;75;2,82
2025;Santos;BRSSZ;Público;Cabotagem;1585734;9492270;2025-06-08 10:10:00;17/06/2025 06:05;17/06/2025 07:40;20/06/2025 23:54;Granel Líquido e Gasoso;Petróleo E Derivados (Sem Óleo Bruto);1;;211:55:00;8,83;75;2,82
2025;Santos;BRSSZ;Público;Longo Curso;1585730;9622679;2025-06-08 17:00:00;12/06/2025 06:10;12/06/2025 09:15;15/06/2025 04:45;Granel Sólido;Soja;1;;85:10:00;3,55;75;2,82
2025;Santos;BRSSZ;Público;Longo Curso;1585711;9956422;2025-06-08 23:54:00;11/06/2025 12:35;11/06/2025 13:18;13/06/2025 20:15;Granel Líquido e Gasoso;Produtos Químicos Orgânicos;1;;60:41:00;2,53;75;2,82
2025;Santos;BRSSZ;Público;Longo Curso;1585616;9640114;2025-06-09 10:00:00;12/06/2025 12:40;12/06/2025 12:40;15/06/2025 11:00;Granel Líquido e Gasoso;Produtos Diversos Da Indústria Química;1;;74:40:00;3,11;76;4,13
2025;Santos;BRSSZ;Público;Longo Curso;1585616;9640114;2025-06-09 10:00:00;12/06/2025 12:40;12/06/2025 12:40;15/06/2025 11:00;Granel Líquido e Gasoso;Produtos Químicos Orgânicos;1;;74:40:00;3,11;76;4,13
2025;Santos;BRSSZ;Público;Longo Curso;1585616;9640114;2025-06-09 10:00:00;12/06/2025 12:40;12/06/2025 12:40;15/06/2025 11:00;Granel Líquido e Gasoso;Petróleo E Derivados (Sem Óleo Bruto);1;;74:40:00;3,11;76;4,13
2025;Santos;BRSSZ;Público;Longo Curso;1585729;9837133;2025-06-09 14:54:00;19/06/2025 01:00;19/06/2025 03:35;20/06/2025 23:45;Granel Sólido;Açúcar;1;;226:06:00;9,42;76;4,13
2025;Santos;BRSSZ;Público;Longo Curso;1585587;9850771;2025-06-09 17:00:00;17/06/2025 22:30;18/06/2025 01:00;19/06/2025 20:50;Granel Sólido;Açúcar;1;;197:30:00;8,23;76;4,13
2025;Santos;BRSSZ;Público;Longo Curso;1585701;9418468;2025-06-09 18:30:00;13/06/2025 02:15;13/06/2025 02:15;15/06/2025 01:10;Granel Sólido;Resíduos Da Extração Do Óleo De Soja;1;;79:45:00;3,32;76;4,13
2025;Santos;BRSSZ;Público;Longo Curso;1585578;9629811;2025-06-10 06:00:00;13/06/2025 09:00;13/06/2025 09:00;15/06/2025 22:00;Granel Sólido;Soja;1;;75:00:00;3,13;76;4,13
2025;Santos;BRSSZ;Público;Longo Curso;1585658;9439785;2025-06-10 12:00:00;15/06/2025 16:35;15/06/2025 16:35;18/06/2025 12:30;Granel Líquido e Gasoso;Soda Cáustica;1;;124:35:00;5,19;76;4,13
2025;Santos;BRSSZ;Público;Longo Curso;1598089;9588378;2025-06-10 12:00:00;20/06/2025 21:20;20/06/2025 21:20;07/07/2025 06:40;Granel Sólido;Trigo;1;;249:20:00;10,39;76;4,13
2025;Santos;BRSSZ;Público;Longo Curso;1585706;9586356;2025-06-10 13:30:00;15/06/2025 03:15;15/06/2025 03:15;17/06/2025 09:35;Granel Sólido;Resíduos Da Extração Do Óleo De Soja;1;;109:45:00;4,57;76;4,13
2025;Santos;BRSSZ;Público;Longo Curso;1585624;9609536;2025-06-10 15:00:00;15/06/2025 20:55;15/06/2025 23:05;17/06/2025 19:00;Granel Sólido;Açúcar;1;;125:55:00;5,25;76;4,13
2025;Santos;BRSSZ;Público;Longo Curso;1585593;9928372;2025-06-10 15:30:00;15/06/2025 16:40;15/06/2025 19:35;20/06/2025 17:50;Granel Sólido;Soja;1;;121:10:00;5,05;76;4,13
2025;Santos;BRSSZ;Público;Longo Curso;1585738;9461221;2025-06-10 18:00:00;15/06/2025 07:45;15/06/2025 11:40;17/06/2025 10:30;Granel Sólido;Soja;1;;109:45:00;4,57;76;4,13
2025;Santos;BRSSZ;Público;Longo Curso;1585653;9317860;2025-06-10 19:30:00;10/06/2025 20:30;10/06/2025 20:30;11/06/2025 15:40;Granel Líquido e Gasoso;Produtos Químicos Orgânicos;1;;1:00:00;0,04;76;4,13
2025;Santos;BRSSZ;Público;Longo Curso;1585599;9515228;2025-06-11 03:24:00;11/06/2025 19:20;12/06/2025 01:20;13/06/2025 00:10;Carga Geral;Pasta De Celulose;1;;15:56:00;0,66;76;4,13
2025;Santos;BRSSZ;Público;Longo Curso;1585592;9363065;2025-06-11 09:18:00;20/06/2025 00:22;20/06/2025 02:05;22/06/2025 18:56;Granel Sólido;Soja;1;;207:04:00;8,63;76;4,13
2025;Santos;BRSSZ;Público;Cabotagem;1585740;9431317;2025-06-11 10:00:00;17/06/2025 14:24;17/06/2025 15:20;18/06/2025 16:12;Granel Líquido e Gasoso;Petróleo E Derivados (Sem Óleo Bruto);1;;148:24:00;6,18;76;4,13
2025;Santos;BRSSZ;Público;Cabotagem;1585722;9738246;2025-06-11 10:30:00;13/06/2025 22:20;14/06/2025 06:18;15/06/2025 04:14;Granel Líquido e Gasoso;Gás De Petróleo;1;;59:50:00;2,49;76;4,13
2025;Santos;BRSSZ;Público;Cabotagem;1585746;9413523;2025-06-11 13:00:00;16/06/2025 06:40;16/06/2025 09:42;17/06/2025 10:45;Granel Líquido e Gasoso;Petróleo E Derivados (Sem Óleo Bruto);1;;113:40:00;4,74;76;4,13
2025;Santos;BRSSZ;Público;Longo Curso;1585655;9937593;2025-06-11 13:40:00;12/06/2025 10:50;12/06/2025 13:57;16/06/2025 11:20;Granel Sólido;Soja;1;;21:10:00;0,88;76;4,13
2025;Santos;BRSSZ;Público;Longo Curso;1585655;9937593;2025-06-11 13:40:00;12/06/2025 10:50;12/06/2025 13:57;16/06/2025 11:20;Granel Sólido;Resíduos Da Extração Do Óleo De Soja;1;;21:10:00;0,88;76;4,13
2025;Santos;BRSSZ;Público;Cabotagem;1585742;9345893;2025-06-11 16:00:00;11/06/2025 18:30;11/06/2025 19:20;13/06/2025 10:40;Granel Líquido e Gasoso;Soda Cáustica;1;;2:30:00;0,1;76;4,13
2025;Santos;BRSSZ;Público;Longo Curso;1585626;9821859;2025-06-11 16:05:00;11/06/2025 16:55;11/06/2025 16:55;15/06/2025 10:15;Granel Líquido e Gasoso;Gorduras E Óleos Animais Ou Vegetais;1;;0:50:00;0,03;76;4,13
2025;Santos;BRSSZ;Público;Longo Curso;1585633;9414474;2025-06-11 17:00:00;11/06/2025 18:46;11/06/2025 18:46;17/06/2025 18:09;Granel Sólido;Adubos (Fertilizantes);1;;1:46:00;0,07;76;4,13
2025;Santos;BRSSZ;Público;Longo Curso;1585727;9711901;2025-06-11 23:50:00;12/06/2025 01:40;12/06/2025 05:30;14/06/2025 10:34;Granel Sólido;Adubos (Fertilizantes);1;;1:50:00;0,08;76;4,13
2025;Santos;BRSSZ;Público;Longo Curso;1598101;9796573;2025-06-12 03:30:00;28/06/2025 23:00;28/06/2025 23:00;05/07/2025 18:44;Granel Sólido;Soja;1;;403:30:00;16,81;76;4,13
2025;Santos;BRSSZ;Público;Longo Curso;1585735;9292773;2025-06-12 16:04:00;21/06/2025 04:00;21/06/2025 13:00;22/06/2025 17:46;Granel Líquido e Gasoso;Gás De Petróleo;1;;203:56:00;8,5;76;4,13
2025;Santos;BRSSZ;Público;Longo Curso;1585715;9631826;2025-06-12 23:12:00;15/06/2025 16:35;15/06/2025 18:46;17/06/2025 06:15;Granel Sólido;Soja;1;;65:23:00;2,72;76;4,13
2025;Santos;BRSSZ;Público;Longo Curso;1585725;9473169;2025-06-13 05:12:00;14/06/2025 13:14;14/06/2025 15:34;16/06/2025 11:11;Granel Sólido;Adubos (Fertilizantes);1;;32:02:00;1,33;76;4,13
2025;Santos;BRSSZ;Público;Longo Curso;1585662;9619799;2025-06-13 07:30:00;13/06/2025 08:50;13/06/2025 10:55;14/06/2025 17:25;Granel Sólido;Açúcar;1;;1:20:00;0,06;76;4,13
2025;Santos;BRSSZ;Público;Longo Curso;1585696;9919321;2025-06-13 09:50:00;22/06/2025 09:50;22/06/2025 11:35;25/06/2025 01:05;Granel Sólido;Açúcar;1;;216:00:00;9,0;76;4,13
2025;Santos;BRSSZ;Público;Longo Curso;1585598;9539468;2025-06-13 19:00:00;13/06/2025 19:25;13/06/2025 19:25;20/06/2025 10:40;Granel Sólido;Adubos (Fertilizantes);1;;0:25:00;0,02;76;4,13
2025;Santos;BRSSZ;Público;Longo Curso;1585728;9687186;2025-06-13 20:30:00;19/06/2025 02:10;19/06/2025 05:00;21/06/2025 05:10;Granel Sólido;Soja;1;;125:40:00;5,24;76;4,13
2025;Santos;BRSSZ;Público;Longo Curso;1588148;9831799;2025-06-13 22:30:00;19/06/2025 20:05;19/06/2025 22:48;29/06/2025 09:45;Granel Sólido;Soja;1;;141:35:00;5,9;76;4,13
2025;Santos;BRSSZ;Público;Longo Curso;1585659;9464895;2025-06-14 01:50:00;21/06/2025 08:40;21/06/2025 11:45;23/06/2025 17:25;Granel Sólido;Soja;1;;174:50:00;7,28;76;4,13
2025;Santos;BRSSZ;Público;Cabotagem;1585750;9457713;2025-06-14 07:00:00;18/06/2025 18:35;18/06/2025 22:30;20/06/2025 07:54;Granel Líquido e Gasoso;Petróleo E Derivados (Sem Óleo Bruto);1;;107:35:00;4,48;76;4,13
2025;Santos;BRSSZ;Público;Longo Curso;1585751;9955894;2025-06-14 08:00:00;17/06/2025 08:40;17/06/2025 10:55;18/06/2025 22:45;Granel Sólido;Soja;1;;72:40:00;3,03;76;4,13
2025;Santos;BRSSZ;Público;Longo Curso;1588144;9520778;2025-06-14 12:30:00;25/06/2025 21:12;26/06/2025 00:10;29/06/2025 00:54;Granel Sólido;Soja;1;;272:42:00;11,36;76;4,13
2025;Santos;BRSSZ;Público;Longo Curso;1585714;9564671;2025-06-14 15:00:00;14/06/2025 16:45;14/06/2025 21:50;17/06/2025 02:20;Granel Líquido e Gasoso;Petróleo E Derivados (Sem Óleo Bruto);1;;1:45:00;0,07;76;4,13
2025;Santos;BRSSZ;Público;Longo Curso;1588137;9664964;2025-06-14 15:48:00;17/06/2025 15:10;17/06/2025 15:10;19/06/2025 14:35;Granel Sólido;Soja;1;;71:22:00;2,97;76;4,13
2025;Santos;BRSSZ;Público;Longo Curso;1585584;9711559;2025-06-14 18:45:00;15/06/2025 15:15;15/06/2025 15:15;18/06/2025 04:30;Granel Líquido e Gasoso;Gorduras E Óleos Animais Ou Vegetais;1;;20:30:00;0,85;76;4,13
2025;Santos;BRSSZ;Público;Longo Curso;1585584;9711559;2025-06-14 18:45:00;15/06/2025 15:15;15/06/2025 15:15;18/06/2025 04:30;Granel Líquido e Gasoso;Óleo De Palma;1;;20:30:00;0,85;76;4,13
2025;Santos;BRSSZ;Público;Longo Curso;1585588;9316907;2025-06-15 10:00:00;16/06/2025 01:10;16/06/2025 01:10;18/06/2025 15:10;Granel Sólido;Soja;1;;15:10:00;0,63;76;4,13
2025;Santos;BRSSZ;Público;Cabotagem;1585758;9794446;2025-06-15 15:24:00;22/06/2025 21:50;22/06/2025 22:54;25/06/2025 16:15;Granel Líquido e Gasoso;Petróleo E Derivados (Sem Óleo Bruto);1;;174:26:00;7,27;76;4,13
2025;Santos;BRSSZ;Público;Longo Curso;1585755;9733363;2025-06-16 01:00:00;16/06/2025 02:05;16/06/2025 02:30;19/06/2025 02:40;Granel Líquido e Gasoso;Produtos Químicos Orgânicos;1;;1:05:00;0,05;77;3,39
2025;Santos;BRSSZ;Público;Longo Curso;1585752;9913212;2025-06-16 09:06:00;24/06/2025 10:00;24/06/2025 11:59;26/06/2025 01:05;Granel Sólido;Açúcar;1;;192:54:00;8,04;77;3,39
2025;Santos;BRSSZ;Público;Longo Curso;1585737;9527192;2025-06-16 10:29:00;16/06/2025 10:50;16/06/2025 13:00;20/06/2025 21:45;Granel Sólido;Trigo;1;;0:21:00;0,01;77;3,39
2025;Santos;BRSSZ;Público;Longo Curso;1598050;9527192;2025-06-16 10:29:00;23/06/2025 02:45;23/06/2025 07:00;04/07/2025 06:45;Carga Geral;Açúcar;1;;160:16:00;6,68;77;3,39
2025;Santos;BRSSZ;Público;Longo Curso;1598050;9527192;2025-06-16 10:29:00;23/06/2025 02:45;23/06/2025 07:00;04/07/2025 06:45;Carga Geral;Plásticos E Suas Obras;1;;160:16:00;6,68;77;3,39
2025;Santos;BRSSZ;Público;Longo Curso;1585745;9713911;2025-06-16 12:30:00;19/06/2025 02:50;19/06/2025 05:31;21/06/2025 17:40;Granel Sólido;Soja;1;;62:20:00;2,6;77;3,39
2025;Santos;BRSSZ;Público;Longo Curso;1585720;9540871;2025-06-16 15:00:00;16/06/2025 15:40;16/06/2025 20:10;19/06/2025 14:55;Granel Sólido;Resíduos Da Extração Do Óleo De Soja;1;;0:40:00;0,03;77;3,39
2025;Santos;BRSSZ;Público;Longo Curso;1585753;9827463;2025-06-16 19:00:00;16/06/2025 21:10;16/06/2025 21:10;18/06/2025 05:30;Granel Líquido e Gasoso;Petróleo E Derivados (Sem Óleo Bruto);1;;2:10:00;0,09;77;3,39
2025;Santos;BRSSZ;Público;Longo Curso;1585709;9947275;2025-06-16 20:30:00;16/06/2025 21:20;17/06/2025 00:02;18/06/2025 06:00;Granel Sólido;Açúcar;1;;0:50:00;0,03;77;3,39
2025;Santos;BRSSZ;Público;Longo Curso;1588145;9363649;2025-06-17 01:30:00;17/06/2025 23:47;18/06/2025 07:00;20/06/2025 01:07;Granel Sólido;Adubos (Fertilizantes);1;;22:17:00;0,93;77;3,39
2025;Santos;BRSSZ;Público;Longo Curso;1585671;9493652;2025-06-17 08:00:00;23/06/2025 20:12;23/06/2025 21:35;25/06/2025 14:20;Granel Sólido;Açúcar;1;;156:12:00;6,51;77;3,39
2025;Santos;BRSSZ;Público;Longo Curso;1588126;9651553;2025-06-17 09:30:00;22/06/2025 12:20;22/06/2025 12:20;25/06/2025 23:50;Granel Sólido;Soja;1;;122:50:00;5,12;77;3,39
2025;Santos;BRSSZ;Público;Longo Curso;1585622;9491989;2025-06-17 13:00:00;19/06/2025 02:00;19/06/2025 02:00;22/06/2025 09:45;Granel Sólido;Soja;1;;37:00:00;1,54;77;3,39
2025;Santos;BRSSZ;Público;Longo Curso;1585687;9392432;2025-06-17 17:30:00;17/06/2025 18:30;17/06/2025 21:10;18/06/2025 20:10;Granel Sólido;Açúcar;1;;1:00:00;0,04;77;3,39
2025;Santos;BRSSZ;Público;Longo Curso;1598032;9471654;2025-06-18 03:20:00;25/06/2025 07:20;25/06/2025 07:20;10/07/2025 07:50;Granel Sólido;Adubos (Fertilizantes);1;;172:00:00;7,17;77;3,39
2025;Santos;BRSSZ;Público;Longo Curso;1585660;9827463;2025-06-18 05:30:00;18/06/2025 06:10;18/06/2025 06:10;19/06/2025 03:17;Granel Líquido e Gasoso;Petróleo E Derivados (Sem Óleo Bruto);1;;0:40:00;0,03;77;3,39
2025;Santos;BRSSZ;Público;Longo Curso;1585660;9827463;2025-06-18 05:30:00;18/06/2025 06:10;18/06/2025 06:10;19/06/2025 03:17;Granel Líquido e Gasoso;Produtos Diversos Da Indústria Química;1;;0:40:00;0,03;77;3,39
2025;Santos;BRSSZ;Público;Longo Curso;1585610;9144354;2025-06-18 08:00:00;18/06/2025 09:15;18/06/2025 09:15;21/06/2025 10:05;Granel Sólido;Produtos Químicos Inorgânicos;1;;1:15:00;0,05;77;3,39
2025;Santos;BRSSZ;Público;Longo Curso;1585594;9655420;2025-06-18 09:30:00;22/06/2025 21:48;23/06/2025 01:00;24/06/2025 05:21;Granel Sólido;Açúcar;1;;108:18:00;4,51;77;3,39
2025;Santos;BRSSZ;Público;Longo Curso;1588157;9702730;2025-06-18 10:00:00;26/06/2025 05:03;26/06/2025 06:50;26/06/2025 23:10;Granel Sólido;Açúcar;1;;187:03:00;7,79;77;3,39
2025;Santos;BRSSZ;Público;Longo Curso;1588134;9997945;2025-06-18 12:00:00;25/06/2025 08:15;25/06/2025 13:15;27/06/2025 12:50;Carga Geral;Pasta De Celulose;1;;164:15:00;6,84;77;3,39
2025;Santos;BRSSZ;Público;Longo Curso;1585757;9711767;2025-06-18 15:00:00;20/06/2025 03:30;20/06/2025 05:47;22/06/2025 17:10;Granel Sólido;Adubos (Fertilizantes);1;;36:30:00;1,52;77;3,39
2025;Santos;BRSSZ;Público;Longo Curso;1585718;9364277;2025-06-18 19:00:00;18/06/2025 20:10;18/06/2025 23:03;20/06/2025 07:45;Granel Sólido;Açúcar;1;;1:10:00;0,05;77;3,39
2025;Santos;BRSSZ;Público;Longo Curso;1585627;9574200;2025-06-18 22:00:00;19/06/2025 01:46;19/06/2025 01:46;25/06/2025 01:35;Granel Sólido;Adubos (Fertilizantes);1;;3:46:00;0,16;77;3,39
2025;Santos;BRSSZ;Público;Longo Curso;1585575;9018646;2025-06-19 10:00:00;19/06/2025 13:40;19/06/2025 13:41;23/06/2025 20:12;Granel Líquido e Gasoso;Preparações De Frutas;1;;3:40:00;0,15;77;3,39
2025;Santos;BRSSZ;Público;Longo Curso;1585576;9914503;2025-06-19 13:30:00;19/06/2025 14:15;19/06/2025 14:15;26/06/2025 18:45;Granel Sólido;Adubos (Fertilizantes);1;;0:45:00;0,03;77;3,39
2025;Santos;BRSSZ;Público;Longo Curso;1585761;9442471;2025-06-19 13:36:00;21/06/2025 21:50;22/06/2025 00:22;25/06/2025 02:50;Granel Sólido;Soja;1;;56:14:00;2,34;77;3,39
2025;Santos;BRSSZ;Público;Longo Curso;1585612;9837652;2025-06-19 15:15:00;20/06/2025 00:45;20/06/2025 07:00;21/06/2025 13:15;Carga Geral;Pasta De Celulose;1;;9:30:00;0,4;77;3,39
2025;Santos;BRSSZ;Público;Cabotagem;1585765;9407407;2025-06-19 18:50:00;20/06/2025 10:45;20/06/2025 14:12;21/06/2025 23:05;Granel Líquido e Gasoso;Petróleo E Derivados (Sem Óleo Bruto);1;;15:55:00;0,66;77;3,39
2025;Santos;BRSSZ;Público;Longo Curso;1588158;9596179;2025-06-19 19:00:00;25/06/2025 07:06;25/06/2025 09:50;26/06/2025 01:18;Granel Sólido;Açúcar;1;;132:06:00;5,5;77;3,39
2025;Santos;BRSSZ;Público;Longo Curso;1585649;9950296;2025-06-19 19:00:00;19/06/2025 19:45;20/06/2025 01:00;21/06/2025 21:50;Granel Sólido;Soja;1;;0:45:00;0,03;77;3,39
2025;Santos;BRSSZ;Público;Longo Curso;1585759;9322384;2025-06-20 07:30:00;20/06/2025 10:45;20/06/2025 10:45;23/06/2025 03:05;Granel Líquido e Gasoso;Produtos Químicos Orgânicos;1;;3:15:00;0,14;77;3,39
2025;Santos;BRSSZ;Público;Longo Curso;1588138;9274317;2025-06-20 10:30:00;20/06/2025 11:40;20/06/2025 11:40;23/06/2025 13:07;Granel Líquido e Gasoso;Produtos Químicos Orgânicos;1;;1:10:00;0,05;77;3,39
2025;Santos;BRSSZ;Público;Longo Curso;1588151;9701152;2025-06-20 16:00:00;26/06/2025 11:45;26/06/2025 14:25;29/06/2025 06:05;Granel Sólido;Soja;1;;139:45:00;5,82;77;3,39
2025;Santos;BRSSZ;Público;Longo Curso;1585766;9505998;2025-06-20 16:30:00;20/06/2025 20:55;20/06/2025 20:55;24/06/2025 05:15;Granel Líquido e Gasoso;Gorduras E Óleos Animais Ou Vegetais;1;;4:25:00;0,18;77;3,39
2025;Santos;BRSSZ;Público;Longo Curso;1585748;9539468;2025-06-20 21:00:00;20/06/2025 21:15;20/06/2025 21:15;23/06/2025 08:40;Granel Sólido;Adubos (Fertilizantes);1;;0:15:00;0,01;77;3,39
2025;Santos;BRSSZ;Público;Longo Curso;1585630;9393010;2025-06-20 21:28:00;20/06/2025 22:45;20/06/2025 22:45;24/06/2025 05:00;Granel Líquido e Gasoso;Plásticos E Suas Obras;1;;1:17:00;0,05;77;3,39
2025;Santos;BRSSZ;Público;Longo Curso;1585630;9393010;2025-06-20 21:28:00;20/06/2025 22:45;20/06/2025 22:45;24/06/2025 05:00;Granel Líquido e Gasoso;Etanol Combustível;1;;1:17:00;0,05;77;3,39
2025;Santos;BRSSZ;Público;Longo Curso;1588159;9406087;2025-06-20 22:00:00;27/06/2025 00:26;27/06/2025 03:10;29/06/2025 01:05;Granel Sólido;Açúcar;1;;146:26:00;6,1;77;3,39
2025;Santos;BRSSZ;Público;Longo Curso;1598099;9789726;2025-06-20 23:12:00;02/07/2025 00:48;03/07/2025 10:54;05/07/2025 00:55;Granel Líquido e Gasoso;Gás De Petróleo;1;;265:36:00;11,07;77;3,39
2025;Santos;BRSSZ;Público;Longo Curso;1598114;9601338;2025-06-21 00:06:00;29/06/2025 14:00;29/06/2025 17:00;06/07/2025 02:00;Granel Sólido;Resíduos Da Extração Do Óleo De Soja;1;;205:54:00;8,58;77;3,39
2025;Santos;BRSSZ;Público;Longo Curso;1598051;9700794;2025-06-21 00:12:00;02/07/2025 11:20;02/07/2025 19:00;09/07/2025 17:45;Granel Sólido;Trigo;1;;275:08:00;11,46;77;3,39
2025;Santos;BRSSZ;Público;Longo Curso;1585679;9767479;2025-06-21 03:00:00;21/06/2025 03:55;21/06/2025 05:30;22/06/2025 06:20;Granel Sólido;Açúcar;1;;0:55:00;0,04;77;3,39
2025;Santos;BRSSZ;Público;Longo Curso;1588154;9425136;2025-06-21 05:18:00;22/06/2025 17:00;22/06/2025 17:00;25/06/2025 15:55;Granel Sólido;Resíduos Da Extração Do Óleo De Soja;1;;35:42:00;1,49;77;3,39
2025;Santos;BRSSZ;Público;Longo Curso;1598045;9934943;2025-06-21 05:48:00;29/06/2025 05:30;29/06/2025 08:10;05/07/2025 10:45;Granel Sólido;Soja;1;;191:42:00;7,99;77;3,39
2025;Santos;BRSSZ;Público;Longo Curso;1598104;9633410;2025-06-21 10:09:00;29/06/2025 14:10;29/06/2025 14:10;06/07/2025 08:30;Granel Sólido;Soja;1;;196:01:00;8,17;77;3,39
2025;Santos;BRSSZ;Público;Longo Curso;1598092;9608697;2025-06-21 15:20:00;05/07/2025 16:25;05/07/2025 19:20;06/07/2025 18:38;Granel Sólido;Açúcar;1;;337:05:00;14,05;77;3,39
2025;Santos;BRSSZ;Público;Longo Curso;1585747;9434735;2025-06-22 00:17:00;22/06/2025 01:45;22/06/2025 11:12;25/06/2025 03:00;Granel Sólido;Açúcar;1;;1:28:00;0,06;77;3,39
2025;Santos;BRSSZ;Público;Longo Curso;1588130;9801718;2025-06-22 00:48:00;26/06/2025 06:50;26/06/2025 06:50;29/06/2025 10:15;Granel Sólido;Soja;1;;102:02:00;4,25;77;3,39
2025;Santos;BRSSZ;Público;Longo Curso;1585628;9475715;2025-06-22 04:30:00;22/06/2025 05:50;22/06/2025 05:50;26/06/2025 18:15;Granel Sólido;Produtos Químicos Inorgânicos;1;;1:20:00;0,06;77;3,39
2025;Santos;BRSSZ;Público;Longo Curso;1598121;9286607;2025-06-22 06:30:00;08/07/2025 12:00;08/07/2025 14:15;10/07/2025 13:08;Granel Sólido;Açúcar;1;;389:30:00;16,23;77;3,39
2025;Santos;BRSSZ;Público;Longo Curso;1598049;9976434;2025-06-22 10:06:00;28/06/2025 05:40;28/06/2025 05:40;05/07/2025 00:40;Carga Geral;Pasta De Celulose;1;;139:34:00;5,82;77;3,39
2025;Santos;BRSSZ;Público;Longo Curso;1588123;9860594;2025-06-22 12:00:00;26/06/2025 06:08;26/06/2025 08:17;28/06/2025 19:25;Granel Sólido;Açúcar;1;;90:08:00;3,76;77;3,39
2025;Santos;BRSSZ;Público;Longo Curso;1585760;9957610;2025-06-22 13:30:00;25/06/2025 09:30;25/06/2025 11:26;26/06/2025 11:20;Granel Sólido;Resíduos Da Extração Do Óleo De Soja;1;;68:00:00;2,83;77;3,39
2025;Santos;BRSSZ;Público;Longo Curso;1598117;9638159;2025-06-22 16:00:00;22/06/2025 17:00;22/06/2025 17:00;02/07/2025 08:45;Granel Líquido e Gasoso;Preparações De Frutas;1;;1:00:00;0,04;77;3,39
2025;Santos;BRSSZ;Público;Cabotagem;1588162;9448322;2025-06-22 22:30:00;28/06/2025 23:24;29/06/2025 01:06;29/06/2025 18:18;Granel Líquido e Gasoso;Petróleo E Derivados (Sem Óleo Bruto);1;;144:54:00;6,04;77;3,39
2025;Santos;BRSSZ;Público;Longo Curso;1588156;9638678;2025-06-23 05:00:00;25/06/2025 21:25;25/06/2025 21:25;28/06/2025 23:20;Granel Sólido;Soja;1;;64:25:00;2,68;78;3,47
2025;Santos;BRSSZ;Público;Longo Curso;1598133;9530644;2025-06-23 09:30:00;29/06/2025 04:00;29/06/2025 07:00;05/07/2025 11:30;Granel Sólido;Açúcar;1;;138:30:00;5,77;78;3,47
2025;Santos;BRSSZ;Público;Longo Curso;1588152;9568495;2025-06-23 11:18:00;24/06/2025 10:05;24/06/2025 14:50;27/06/2025 09:25;Granel Líquido e Gasoso;Produtos Químicos Orgânicos;1;;22:47:00;0,95;78;3,47
2025;Santos;BRSSZ;Público;Cabotagem;1588150;9447768;2025-06-23 18:54:00;23/06/2025 20:20;23/06/2025 22:30;25/06/2025 10:10;Granel Líquido e Gasoso;Petróleo E Derivados (Sem Óleo Bruto);1;;1:26:00;0,06;78;3,47
2025;Santos;BRSSZ;Público;Longo Curso;1588129;9976056;2025-06-23 19:16:00;24/06/2025 12:25;24/06/2025 14:28;28/06/2025 02:15;Carga Geral;Pasta De Celulose;1;;17:09:00;0,71;78;3,47
2025;Santos;BRSSZ;Público;Longo Curso;1585756;9949467;2025-06-23 19:30:00;23/06/2025 20:10;24/06/2025 07:00;25/06/2025 01:05;Granel Sólido;Adubos (Fertilizantes);1;;0:40:00;0,03;78;3,47
2025;Santos;BRSSZ;Público;Longo Curso;1588131;9114244;2025-06-24 02:42:00;24/06/2025 03:50;24/06/2025 03:50;27/06/2025 06:25;Granel Líquido e Gasoso;Produtos Químicos Orgânicos;1;;1:08:00;0,05;78;3,47
2025;Santos;BRSSZ;Público;Longo Curso;1588131;9114244;2025-06-24 02:42:00;24/06/2025 03:50;24/06/2025 03:50;27/06/2025 06:25;Granel Líquido e Gasoso;Adubos (Fertilizantes);1;;1:08:00;0,05;78;3,47
2025;Santos;BRSSZ;Público;Longo Curso;1585754;9393010;2025-06-24 05:00:00;24/06/2025 05:55;24/06/2025 06:30;25/06/2025 09:00;Granel Líquido e Gasoso;Petróleo E Derivados (Sem Óleo Bruto);1;;0:55:00;0,04;78;3,47
2025;Santos;BRSSZ;Público;Longo Curso;1588139;9274317;2025-06-24 07:30:00;24/06/2025 08:49;24/06/2025 08:49;26/06/2025 13:35;Granel Líquido e Gasoso;Plásticos E Suas Obras;1;;1:19:00;0,05;78;3,47
2025;Santos;BRSSZ;Público;Longo Curso;1588139;9274317;2025-06-24 07:30:00;24/06/2025 08:49;24/06/2025 08:49;26/06/2025 13:35;Granel Líquido e Gasoso;Produtos Químicos Orgânicos;1;;1:19:00;0,05;78;3,47
2025;Santos;BRSSZ;Público;Longo Curso;1598091;1015325;2025-06-24 09:36:00;26/06/2025 23:17;26/06/2025 23:17;06/07/2025 00:01;Granel Sólido;Produtos Químicos Inorgânicos;1;;61:41:00;2,57;78;3,47
2025;Santos;BRSSZ;Público;Cabotagem;1598136;9391361;2025-06-24 09:42:00;29/06/2025 21:24;30/06/2025 01:00;01/07/2025 21:20;Granel Líquido e Gasoso;Petróleo E Derivados (Sem Óleo Bruto);1;;131:42:00;5,49;78;3,47
2025;Santos;BRSSZ;Público;Longo Curso;1598123;9918743;2025-06-24 12:15:00;05/07/2025 23:03;05/07/2025 23:03;08/07/2025 09:16;Granel Sólido;Açúcar;1;;274:48:00;11,45;78;3,47
2025;Santos;BRSSZ;Público;Longo Curso;1598142;9476939;2025-06-25 00:18:00;06/07/2025 22:50;06/07/2025 22:50;09/07/2025 17:45;Granel Sólido;Soja;1;;286:32:00;11,94;78;3,47
2025;Santos;BRSSZ;Público;Cabotagem;1588164;9407354;2025-06-25 02:35:00;27/06/2025 00:45;27/06/2025 01:50;28/06/2025 20:24;Granel Líquido e Gasoso;Petróleo E Derivados (Sem Óleo Bruto);1;;46:10:00;1,92;78;3,47
2025;Santos;BRSSZ;Público;Longo Curso;1588143;9624330;2025-06-25 05:24:00;25/06/2025 23:50;26/06/2025 07:00;30/06/2025 17:20;Granel Sólido;Adubos (Fertilizantes);1;;18:26:00;0,77;78;3,47
2025;Santos;BRSSZ;Público;Longo Curso;1588133;1015143;2025-06-25 06:31:00;25/06/2025 08:27;25/06/2025 08:27;29/06/2025 23:10;Granel Sólido;Adubos (Fertilizantes);1;;1:56:00;0,08;78;3,47
2025;Santos;BRSSZ;Público;Cabotagem;1598097;9660358;2025-06-25 12:18:00;27/06/2025 02:55;27/06/2025 09:30;01/07/2025 19:00;Granel Líquido e Gasoso;Petróleo E Derivados (Sem Óleo Bruto);1;;38:37:00;1,61;78;3,47
2025;Santos;BRSSZ;Público;Cabotagem;1588153;9712864;2025-06-25 12:35:00;25/06/2025 13:35;25/06/2025 16:00;26/06/2025 17:22;Granel Líquido e Gasoso;Petróleo E Derivados (Sem Óleo Bruto);1;;1:00:00;0,04;78;3,47
2025;Santos;BRSSZ;Público;Cabotagem;1588142;9777400;2025-06-26 10:00:00;26/06/2025 11:20;26/06/2025 11:36;28/06/2025 07:40;Granel Líquido e Gasoso;Produtos Químicos Orgânicos;1;;1:20:00;0,06;78;3,47
2025;Santos;BRSSZ;Público;Cabotagem;1588142;9777400;2025-06-26 10:00:00;26/06/2025 11:20;26/06/2025 11:36;28/06/2025 07:40;Granel Líquido e Gasoso;Soda Cáustica;1;;1:20:00;0,06;78;3,47
2025;Santos;BRSSZ;Público;Longo Curso;1588127;9663740;2025-06-26 11:30:00;26/06/2025 13:22;26/06/2025 13:28;30/06/2025 20:41;Granel Líquido e Gasoso;Preparações De Frutas;1;;1:52:00;0,08;78;3,47
2025;Santos;BRSSZ;Público;Longo Curso;1598013;9114244;2025-06-27 06:25:00;27/06/2025 07:15;27/06/2025 07:15;04/07/2025 15:50;Granel Líquido e Gasoso;Produtos Químicos Orgânicos;1;;0:50:00;0,03;78;3,47
2025;Santos;BRSSZ;Público;Longo Curso;1598013;9114244;2025-06-27 06:25:00;27/06/2025 07:15;27/06/2025 07:15;04/07/2025 15:50;Granel Líquido e Gasoso;Produtos Diversos Da Indústria Química;1;;0:50:00;0,03;78;3,47
2025;Santos;BRSSZ;Público;Longo Curso;1598013;9114244;2025-06-27 06:25:00;27/06/2025 07:15;27/06/2025 07:15;04/07/2025 15:50;Granel Líquido e Gasoso;Plásticos E Suas Obras;1;;0:50:00;0,03;78;3,47
2025;Santos;BRSSZ;Público;Longo Curso;1598013;9114244;2025-06-27 06:25:00;27/06/2025 07:15;27/06/2025 07:15;04/07/2025 15:50;Granel Líquido e Gasoso;Petróleo E Derivados (Sem Óleo Bruto);1;;0:50:00;0,03;78;3,47
2025;Santos;BRSSZ;Público;Longo Curso;1598013;9114244;2025-06-27 06:25:00;27/06/2025 07:15;27/06/2025 07:15;04/07/2025 15:50;Granel Líquido e Gasoso;Combustíveis, Óleos E Produtos Minerais;1;;0:50:00;0,03;78;3,47
2025;Santos;BRSSZ;Público;Longo Curso;1588155;9443918;2025-06-27 07:17:00;27/06/2025 19:50;27/06/2025 21:49;28/06/2025 18:15;Carga Geral;Pasta De Celulose;1;;12:33:00;0,52;78;3,47
2025;Santos;BRSSZ;Público;Longo Curso;1598141;9359545;2025-06-27 08:24:00;05/07/2025 23:10;06/07/2025 02:00;07/07/2025 13:50;Granel Sólido;Soja;1;;206:46:00;8,62;78;3,47
2025;Santos;BRSSZ;Público;Longo Curso;1598126;9539468;2025-06-27 08:30:00;07/07/2025 05:06;07/07/2025 06:50;08/07/2025 08:41;Granel Sólido;Açúcar;1;;236:36:00;9,86;78;3,47
2025;Santos;BRSSZ;Público;Longo Curso;1598130;9980887;2025-06-27 10:30:00;09/07/2025 23:00;09/07/2025 23:00;12/07/2025 21:20;Granel Sólido;Soja;1;;300:30:00;12,52;78;3,47
2025;Santos;BRSSZ;Público;Cabotagem;1598161;9865752;2025-06-27 17:00:00;03/07/2025 02:18;03/07/2025 03:48;04/07/2025 17:40;Granel Líquido e Gasoso;Petróleo E Derivados (Sem Óleo Bruto);1;;129:18:00;5,39;78;3,47
2025;Santos;BRSSZ;Público;Longo Curso;1598146;9846093;2025-06-27 18:42:00;09/07/2025 23:15;10/07/2025 02:00;12/07/2025 17:45;Granel Sólido;Soja;1;;292:33:00;12,19;78;3,47
2025;Santos;BRSSZ;Público;Longo Curso;1598156;9863821;2025-06-28 00:36:00;02/07/2025 18:00;03/07/2025 19:35;07/07/2025 05:50;Granel Sólido;Açúcar;1;;113:24:00;4,72;78;3,47
2025;Santos;BRSSZ;Público;Cabotagem;1598140;9431317;2025-06-28 01:06:00;01/07/2025 22:36;02/07/2025 01:00;02/07/2025 22:50;Granel Líquido e Gasoso;Petróleo E Derivados (Sem Óleo Bruto);1;;93:30:00;3,9;78;3,47
2025;Santos;BRSSZ;Público;Longo Curso;1598132;9941350;2025-06-28 05:30:00;29/06/2025 08:15;29/06/2025 10:01;05/07/2025 18:15;Granel Sólido;Resíduos Da Extração Do Óleo De Soja;1;;26:45:00;1,11;78;3,47
2025;Santos;BRSSZ;Público;Longo Curso;1598149;9363302;2025-06-28 06:30:00;10/07/2025 21:34;10/07/2025 23:45;11/07/2025 20:10;Granel Sólido;Açúcar;1;;303:04:00;12,63;78;3,47
2025;Santos;BRSSZ;Público;Longo Curso;1598129;9524774;2025-06-28 07:30:00;28/06/2025 09:05;28/06/2025 09:05;01/07/2025 11:40;Granel Líquido e Gasoso;Produtos Químicos Orgânicos;1;;1:35:00;0,07;78;3,47
2025;Santos;BRSSZ;Público;Longo Curso;1598157;9660578;2025-06-28 14:00:00;07/07/2025 17:00;07/07/2025 20:39;09/07/2025 06:35;Granel Sólido;Soja;1;;219:00:00;9,13;78;3,47
2025;Santos;BRSSZ;Público;Longo Curso;1598054;9976501;2025-06-28 15:20:00;06/07/2025 14:15;06/07/2025 14:15;11/07/2025 19:50;Carga Geral;Pasta De Celulose;1;;190:55:00;7,95;78;3,47
2025;Santos;BRSSZ;Público;Longo Curso;1598148;9290232;2025-06-28 16:00:00;06/07/2025 05:35;06/07/2025 08:35;08/07/2025 12:25;Granel Sólido;Resíduos Da Extração Do Óleo De Soja;1;;181:35:00;7,57;78;3,47
2025;Santos;BRSSZ;Público;Longo Curso;1598134;9738818;2025-06-28 23:54:00;08/07/2025 01:00;08/07/2025 01:00;09/07/2025 17:40;Granel Sólido;Resíduos Da Extração Do Óleo De Soja;1;;217:06:00;9,05;78;3,47
2025;Santos;BRSSZ;Público;Longo Curso;1598044;9497622;2025-06-29 04:45:00;29/06/2025 05:25;29/06/2025 05:25;05/07/2025 10:30;Granel Sólido;Preparações Alimentícias Diversas;1;;0:40:00;0,03;78;3,47
2025;Santos;BRSSZ;Público;Longo Curso;1598044;9497622;2025-06-29 04:45:00;29/06/2025 05:25;29/06/2025 05:25;05/07/2025 10:30;Granel Sólido;Resíduos Da Extração Do Óleo De Soja;1;;0:40:00;0,03;78;3,47
2025;Santos;BRSSZ;Público;Longo Curso;1598152;9505352;2025-06-29 17:30:00;07/07/2025 06:05;07/07/2025 09:10;09/07/2025 13:10;Granel Sólido;Soja;1;;180:35:00;7,52;78;3,47
2025;Santos;BRSSZ;Público;Longo Curso;1598115;9877901;2025-06-30 03:00:00;08/07/2025 12:33;08/07/2025 14:18;09/07/2025 12:40;Granel Sólido;Açúcar;1;;201:33:00;8,4;79;5,15
2025;Santos;BRSSZ;Público;Longo Curso;1598128;9865350;2025-06-30 05:30:00;06/07/2025 17:25;06/07/2025 19:00;10/07/2025 08:53;Granel Sólido;Adubos (Fertilizantes);1;;155:55:00;6,5;79;5,15
2025;Santos;BRSSZ;Público;Cabotagem;1598147;9070565;2025-06-30 05:40:00;30/06/2025 20:25;01/07/2025 01:00;06/07/2025 14:25;Granel Sólido;Sal;1;;14:45:00;0,61;79;5,15
2025;Santos;BRSSZ;Público;Longo Curso;1598064;9801093;2025-06-30 11:00:00;30/06/2025 15:00;30/06/2025 15:18;08/07/2025 09:13;Granel Líquido e Gasoso;Produtos Químicos Orgânicos;1;;4:00:00;0,17;79;5,15
2025;Santos;BRSSZ;Público;Longo Curso;1598064;9801093;2025-06-30 11:00:00;30/06/2025 15:00;30/06/2025 15:18;08/07/2025 09:13;Granel Líquido e Gasoso;Soda Cáustica;1;;4:00:00;0,17;79;5,15
2025;Santos;BRSSZ;Público;Longo Curso;1598107;9941374;2025-06-30 11:45:00;05/07/2025 16:50;05/07/2025 16:50;07/07/2025 22:05;Granel Sólido;Resíduos Da Extração Do Óleo De Soja;1;;125:05:00;5,21;79;5,15
2025;Santos;BRSSZ;Público;Longo Curso;1598106;9969211;2025-06-30 15:30:00;05/07/2025 18:05;05/07/2025 19:00;07/07/2025 00:12;Granel Sólido;Soja;1;;122:35:00;5,11;79;5,15
2025;Santos;BRSSZ;Público;Longo Curso;1598056;9995428;2025-06-30 20:00:00;04/07/2025 21:55;04/07/2025 21:55;09/07/2025 09:50;Granel Líquido e Gasoso;Soda Cáustica;1;;97:55:00;4,08;79;5,15
2025;Santos;BRSSZ;Público;Longo Curso;1598151;9374533;2025-07-01 02:30:00;01/07/2025 12:45;01/07/2025 16:25;04/07/2025 17:25;Granel Líquido e Gasoso;Gorduras E Óleos Animais Ou Vegetais;1;;10:15:00;0,43;79;5,15
2025;Santos;BRSSZ;Público;Longo Curso;1598022;9597642;2025-07-01 07:00:00;01/07/2025 08:40;01/07/2025 08:40;08/07/2025 20:30;Granel Sólido;Adubos (Fertilizantes);1;;1:40:00;0,07;79;5,15
2025;Santos;BRSSZ;Público;Longo Curso;1598119;1050167;2025-07-01 08:42:00;09/07/2025 17:33;09/07/2025 19:22;12/07/2025 07:55;Granel Sólido;Soja;1;;200:51:00;8,37;79;5,15
2025;Santos;BRSSZ;Público;Longo Curso;1598153;9717333;2025-07-01 16:00:00;12/07/2025 23:50;12/07/2025 23:50;15/07/2025 17:10;Granel Sólido;Soja;1;;271:50:00;11,33;79;5,15
2025;Santos;BRSSZ;Público;Longo Curso;1598159;9832640;2025-07-01 20:00:00;13/07/2025 23:55;14/07/2025 02:26;15/07/2025 16:10;Granel Sólido;Soja;1;;291:55:00;12,16;79;5,15
2025;Santos;BRSSZ;Público;Longo Curso;1598048;9989924;2025-07-02 11:00:00;02/07/2025 12:15;02/07/2025 12:15;10/07/2025 21:55;Granel Sólido;Adubos (Fertilizantes);1;;1:15:00;0,05;79;5,15
2025;Santos;BRSSZ;Público;Longo Curso;1598145;9473121;2025-07-02 13:00:00;14/07/2025 17:10;14/07/2025 20:13;19/07/2025 05:50;Granel Sólido;Soja;1;;292:10:00;12,17;79;5,15
2025;Santos;BRSSZ;Público;Longo Curso;1598208;9407366;2025-07-02 15:00:00;03/07/2025 19:15;04/07/2025 17:15;08/07/2025 00:20;Granel Líquido e Gasoso;Petróleo E Derivados (Sem Óleo Bruto);1;;28:15:00;1,18;79;5,15
2025;Santos;BRSSZ;Público;Longo Curso;1598158;9735000;2025-07-02 16:45:00;09/07/2025 08:25;09/07/2025 11:34;11/07/2025 06:30;Granel Sólido;Soja;1;;159:40:00;6,65;79;5,15
2025;Santos;BRSSZ;Público;Longo Curso;1598177;9421324;2025-07-02 17:30:00;04/07/2025 22:53;04/07/2025 22:53;06/07/2025 05:55;Granel Líquido e Gasoso;Petróleo E Derivados (Sem Óleo Bruto);1;;53:23:00;2,22;79;5,15
2025;Santos;BRSSZ;Público;Longo Curso;1598174;9687710;2025-07-02 21:24:00;07/07/2025 21:15;08/07/2025 01:00;08/07/2025 19:15;Granel Sólido;Açúcar;1;;119:51:00;4,99;79;5,15
2025;Santos;BRSSZ;Público;Longo Curso;1598184;9902548;2025-07-03 02:12:00;12/07/2025 12:40;12/07/2025 14:48;14/07/2025 05:55;Granel Sólido;Açúcar;1;;226:28:00;9,44;79;5,15
2025;Santos;BRSSZ;Público;Longo Curso;1598060;9928891;2025-07-03 13:30:00;05/07/2025 07:15;05/07/2025 09:44;06/07/2025 12:17;Carga Geral;Pasta De Celulose;1;;41:45:00;1,74;79;5,15
2025;Santos;BRSSZ;Público;Longo Curso;1598120;9847205;2025-07-03 14:18:00;15/07/2025 21:00;15/07/2025 21:00;18/07/2025 18:30;Granel Sólido;Soja;1;;294:42:00;12,28;79;5,15
2025;Santos;BRSSZ;Público;Longo Curso;1598164;9543691;2025-07-03 16:00:00;14/07/2025 02:33;14/07/2025 05:15;16/07/2025 09:10;Granel Sólido;Açúcar;1;;250:33:00;10,44;79;5,15
2025;Santos;BRSSZ;Público;Longo Curso;1598155;9713430;2025-07-03 16:54:00;16/07/2025 18:23;16/07/2025 21:04;19/07/2025 05:38;Granel Sólido;Soja;1;;313:29:00;13,06;79;5,15
2025;Santos;BRSSZ;Público;Longo Curso;1598182;9423798;2025-07-03 18:50:00;12/07/2025 20:53;12/07/2025 22:45;14/07/2025 00:45;Granel Sólido;Açúcar;1;;218:03:00;9,09;79;5,15
2025;Santos;BRSSZ;Público;Longo Curso;1598062;9875666;2025-07-03 22:18:00;12/07/2025 23:45;12/07/2025 23:45;17/07/2025 16:40;Granel Sólido;Adubos (Fertilizantes);1;;217:27:00;9,06;79;5,15
2025;Santos;BRSSZ;Público;Longo Curso;1598062;9875666;2025-07-03 22:18:00;12/07/2025 23:45;12/07/2025 23:45;17/07/2025 16:40;Granel Sólido;Terras E Pedras;1;;217:27:00;9,06;79;5,15
2025;Santos;BRSSZ;Público;Longo Curso;1598047;9989194;2025-07-04 02:24:00;10/07/2025 13:10;10/07/2025 19:00;12/07/2025 09:50;Granel Líquido e Gasoso;Produtos Diversos Da Indústria Química;1;;154:46:00;6,45;79;5,15
2025;Santos;BRSSZ;Público;Longo Curso;1598047;9989194;2025-07-04 02:24:00;10/07/2025 13:10;10/07/2025 19:00;12/07/2025 09:50;Granel Líquido e Gasoso;Produtos Químicos Orgânicos;1;;154:46:00;6,45;79;5,15
2025;Santos;BRSSZ;Público;Cabotagem;1598027;9753636;2025-07-04 05:00:00;06/07/2025 07:24;06/07/2025 08:00;09/07/2025 02:15;Granel Líquido e Gasoso;Produtos Químicos Orgânicos;1;;50:24:00;2,1;79;5,15
2025;Santos;BRSSZ;Público;Cabotagem;1598027;9753636;2025-07-04 05:00:00;06/07/2025 07:24;06/07/2025 08:00;09/07/2025 02:15;Granel Líquido e Gasoso;Petróleo E Derivados (Sem Óleo Bruto);1;;50:24:00;2,1;79;5,15
2025;Santos;BRSSZ;Público;Cabotagem;1598027;9753636;2025-07-04 05:00:00;06/07/2025 07:24;06/07/2025 08:00;09/07/2025 02:15;Granel Líquido e Gasoso;Combustíveis, Óleos E Produtos Minerais;1;;50:24:00;2,1;79;5,15
2025;Santos;BRSSZ;Público;Cabotagem;1598027;9753636;2025-07-04 05:00:00;06/07/2025 07:24;06/07/2025 08:00;09/07/2025 02:15;Granel Líquido e Gasoso;Etanol Combustível;1;;50:24:00;2,1;79;5,15
2025;Santos;BRSSZ;Público;Longo Curso;1598131;9367554;2025-07-04 13:00:00;12/07/2025 11:25;12/07/2025 14:20;13/07/2025 00:40;Granel Líquido e Gasoso;Produtos Químicos Orgânicos;1;;190:25:00;7,93;79;5,15
2025;Santos;BRSSZ;Público;Longo Curso;1598111;9738246;2025-07-04 19:30:00;09/07/2025 17:00;10/07/2025 01:48;11/07/2025 03:18;Granel Líquido e Gasoso;Gás De Petróleo;1;;117:30:00;4,9;79;5,15
2025;Santos;BRSSZ;Público;Longo Curso;1598183;9304576;2025-07-04 19:48:00;18/07/2025 15:05;18/07/2025 18:45;20/07/2025 11:35;Granel Sólido;Açúcar;1;;331:17:00;13,8;79;5,15
2025;Santos;BRSSZ;Público;Cabotagem;1598187;9413523;2025-07-04 22:10:00;05/07/2025 06:25;05/07/2025 07:36;06/07/2025 14:50;Granel Líquido e Gasoso;Petróleo E Derivados (Sem Óleo Bruto);1;;8:15:00;0,34;79;5,15
2025;Santos;BRSSZ;Público;Cabotagem;1598094;9829409;2025-07-05 07:06:00;08/07/2025 12:00;09/07/2025 02:00;09/07/2025 18:35;Granel Líquido e Gasoso;Petróleo E Derivados (Sem Óleo Bruto);1;;76:54:00;3,2;79;5,15
2025;Santos;BRSSZ;Público;Longo Curso;1598196;9979199;2025-07-05 07:12:00;08/07/2025 23:50;09/07/2025 03:46;09/07/2025 18:20;Granel Sólido;Açúcar;1;;88:38:00;3,69;79;5,15
2025;Santos;BRSSZ;Público;Longo Curso;1598160;9942639;2025-07-05 08:30:00;15/07/2025 21:00;16/07/2025 00:08;18/07/2025 22:50;Granel Sólido;Soja;1;;252:30:00;10,52;79;5,15
2025;Santos;BRSSZ;Público;Longo Curso;1598169;9316866;2025-07-05 15:24:00;11/07/2025 23:05;12/07/2025 05:51;13/07/2025 21:15;Granel Sólido;Açúcar;1;;151:41:00;6,32;79;5,15
2025;Santos;BRSSZ;Público;Longo Curso;1598173;9629926;2025-07-05 15:42:00;12/07/2025 17:10;12/07/2025 17:10;15/07/2025 17:10;Granel Líquido e Gasoso;Petróleo E Derivados (Sem Óleo Bruto);1;;169:28:00;7,06;79;5,15
2025;Santos;BRSSZ;Público;Longo Curso;1598175;9951800;2025-07-06 03:00:00;17/07/2025 13:10;17/07/2025 13:24;28/07/2025 18:45;Granel Sólido;Trigo;1;;274:10:00;11,42;79;5,15
2025;Santos;BRSSZ;Público;Longo Curso;1598181;9635743;2025-07-06 03:10:00;10/07/2025 11:30;10/07/2025 13:40;12/07/2025 08:39;Granel Sólido;Adubos (Fertilizantes);1;;104:20:00;4,35;79;5,15
2025;Santos;BRSSZ;Público;Longo Curso;1598124;9624330;2025-07-06 03:45:00;06/07/2025 05:30;06/07/2025 06:00;08/07/2025 19:05;Granel Sólido;Adubos (Fertilizantes);1;;1:45:00;0,07;79;5,15
2025;Santos;BRSSZ;Público;Longo Curso;1598038;9593878;2025-07-06 08:00:00;07/07/2025 09:52;07/07/2025 13:20;08/07/2025 18:55;Carga Geral;Pasta De Celulose;1;;25:52:00;1,08;79;5,15
2025;Santos;BRSSZ;Público;Longo Curso;1598016;9685619;2025-07-06 09:00:00;06/07/2025 10:50;06/07/2025 10:50;11/07/2025 19:49;Granel Sólido;Adubos (Fertilizantes);1;;1:50:00;0,08;79;5,15
2025;Santos;BRSSZ;Público;Longo Curso;1598189;9242089;2025-07-06 09:42:00;09/07/2025 17:58;09/07/2025 18:00;13/07/2025 21:15;Granel Líquido e Gasoso;Preparações De Frutas;1;;80:16:00;3,34;79;5,15
2025;Santos;BRSSZ;Público;Longo Curso;1598217;9902847;2025-07-06 09:48:00;09/07/2025 03:50;09/07/2025 03:50;10/07/2025 23:05;Granel Líquido e Gasoso;Gorduras E Óleos Animais Ou Vegetais;1;;66:02:00;2,75;79;5,15
2025;Santos;BRSSZ;Público;Longo Curso;1598102;9651553;2025-07-06 10:00:00;06/07/2025 11:10;06/07/2025 11:10;06/07/2025 19:05;Granel Sólido;Soja;1;;1:10:00;0,05;79;5,15
2025;Santos;BRSSZ;Público;Longo Curso;1598143;9480708;2025-07-06 16:00:00;08/07/2025 23:35;08/07/2025 23:35;15/07/2025 16:05;Granel Sólido;Adubos (Fertilizantes);1;;55:35:00;2,32;79;5,15
2025;Santos;BRSSZ;Público;Longo Curso;1598063;9253870;2025-07-06 21:42:00;08/07/2025 23:55;08/07/2025 23:55;15/07/2025 17:10;Carga Geral;Adubos (Fertilizantes);1;;50:13:00;2,09;79;5,15
2025;Santos;BRSSZ;Público;Longo Curso;1598063;9253870;2025-07-06 21:42:00;08/07/2025 23:55;08/07/2025 23:55;15/07/2025 17:10;Granel Sólido;Adubos (Fertilizantes);1;;50:13:00;2,09;79;5,15
2025;Santos;BRSSZ;Público;Longo Curso;1598206;9454204;2025-07-07 09:00:00;14/07/2025 12:22;14/07/2025 13:55;15/07/2025 10:08;Granel Sólido;Açúcar;1;;171:22:00;7,14;80;4,43
2025;Santos;BRSSZ;Público;Cabotagem;1598186;9660358;2025-07-07 10:00:00;07/07/2025 13:02;07/07/2025 16:18;09/07/2025 18:56;Granel Líquido e Gasoso;Petróleo E Derivados (Sem Óleo Bruto);1;;3:02:00;0,13;80;4,43
2025;Santos;BRSSZ;Público;Longo Curso;1598188;9867607;2025-07-07 12:30:00;09/07/2025 22:25;09/07/2025 22:25;12/07/2025 08:20;Granel Líquido e Gasoso;Etanol Combustível;1;;57:55:00;2,41;80;4,43
2025;Santos;BRSSZ;Público;Cabotagem;1598197;9403968;2025-07-07 13:37:00;11/07/2025 00:29;11/07/2025 00:29;12/07/2025 13:11;Granel Líquido e Gasoso;Soda Cáustica;1;;82:52:00;3,45;80;4,43
2025;Santos;BRSSZ;Público;Longo Curso;1598191;1024455;2025-07-07 13:54:00;16/07/2025 14:20;16/07/2025 16:30;18/07/2025 09:51;Granel Sólido;Milho;1;;216:26:00;9,02;80;4,43
2025;Santos;BRSSZ;Público;Longo Curso;1598203;9805661;2025-07-07 14:00:00;09/07/2025 22:45;10/07/2025 03:56;11/07/2025 10:45;Granel Sólido;Açúcar;1;;56:45:00;2,36;80;4,43
2025;Santos;BRSSZ;Público;Longo Curso;1598222;9480473;2025-07-07 14:10:00;10/07/2025 16:45;10/07/2025 16:45;12/07/2025 17:30;Granel Sólido;Resíduos Da Extração Do Óleo De Soja;1;;74:35:00;3,11;80;4,43
2025;Santos;BRSSZ;Público;Longo Curso;1598058;9374533;2025-07-08 01:15:00;08/07/2025 02:15;08/07/2025 07:00;10/07/2025 08:45;Granel Líquido e Gasoso;Gorduras E Óleos Animais Ou Vegetais;1;;1:00:00;0,04;80;4,43
2025;Santos;BRSSZ;Público;Longo Curso;1598212;9386421;2025-07-08 13:00:00;21/07/2025 16:23;21/07/2025 19:00;24/07/2025 14:51;Granel Sólido;Soja;1;;315:23:00;13,14;80;4,43
2025;Santos;BRSSZ;Público;Longo Curso;1598205;9884277;2025-07-09 08:12:00;13/07/2025 11:25;13/07/2025 11:25;15/07/2025 16:45;Granel Sólido;Resíduos Da Extração Do Óleo De Soja;1;;99:13:00;4,13;80;4,43
2025;Santos;BRSSZ;Público;Longo Curso;1598168;9801093;2025-07-09 10:00:00;09/07/2025 11:15;09/07/2025 14:20;10/07/2025 07:50;Granel Líquido e Gasoso;Produtos Químicos Orgânicos;1;;1:15:00;0,05;80;4,43
2025;Santos;BRSSZ;Público;Longo Curso;1598202;9719355;2025-07-09 12:00:00;15/07/2025 00:15;15/07/2025 07:31;16/07/2025 21:15;Granel Sólido;Açúcar;1;;132:15:00;5,51;80;4,43
2025;Santos;BRSSZ;Público;Longo Curso;1598210;9949247;2025-07-09 16:00:00;16/07/2025 14:30;16/07/2025 14:30;18/07/2025 17:15;Granel Sólido;Resíduos Da Extração Do Óleo De Soja;1;;166:30:00;6,94;80;4,43
2025;Santos;BRSSZ;Público;Longo Curso;1598218;9474709;2025-07-09 16:00:00;11/07/2025 09:50;11/07/2025 12:45;13/07/2025 20:50;Granel Sólido;Resíduos Da Extração Do Óleo De Soja;1;;41:50:00;1,74;80;4,43
2025;Santos;BRSSZ;Público;Cabotagem;1598227;9448322;2025-07-09 20:30:00;11/07/2025 05:20;11/07/2025 08:30;12/07/2025 01:50;Granel Líquido e Gasoso;Petróleo E Derivados (Sem Óleo Bruto);1;;32:50:00;1,37;80;4,43
2025;Santos;BRSSZ;Público;Longo Curso;1598223;9953779;2025-07-09 21:06:00;15/07/2025 12:16;15/07/2025 14:14;16/07/2025 14:50;Granel Sólido;Açúcar;1;;135:10:00;5,63;80;4,43
2025;Santos;BRSSZ;Público;Longo Curso;1598108;9425136;2025-07-09 22:30:00;09/07/2025 23:50;09/07/2025 23:50;10/07/2025 12:45;Granel Sólido;Resíduos Da Extração Do Óleo De Soja;1;;1:20:00;0,06;80;4,43
2025;Santos;BRSSZ;Público;Cabotagem;1598226;9865764;2025-07-10 01:00:00;10/07/2025 04:50;10/07/2025 10:30;12/07/2025 02:18;Granel Líquido e Gasoso;Petróleo E Derivados (Sem Óleo Bruto);1;;3:50:00;0,16;80;4,43
2025;Santos;BRSSZ;Público;Longo Curso;1598215;9777412;2025-07-10 02:00:00;12/07/2025 10:30;12/07/2025 10:30;14/07/2025 08:45;Granel Líquido e Gasoso;Etanol Combustível;1;;56:30:00;2,35;80;4,43
2025;Santos;BRSSZ;Público;Longo Curso;1598178;9421324;2025-07-10 08:30:00;10/07/2025 10:50;10/07/2025 10:50;12/07/2025 13:45;Granel Líquido e Gasoso;Petróleo E Derivados (Sem Óleo Bruto);1;;2:20:00;0,1;80;4,43
2025;Santos;BRSSZ;Público;Cabotagem;1598076;9345893;2025-07-10 13:00:00;12/07/2025 17:15;12/07/2025 17:15;15/07/2025 09:55;Granel Líquido e Gasoso;Soda Cáustica;1;;52:15:00;2,18;80;4,43
2025;Santos;BRSSZ;Público;Cabotagem;1598076;9345893;2025-07-10 13:00:00;12/07/2025 17:15;12/07/2025 17:15;15/07/2025 09:55;Granel Líquido e Gasoso;Produtos Químicos Orgânicos;1;;52:15:00;2,18;80;4,43
2025;Santos;BRSSZ;Público;Longo Curso;1598179;9316854;2025-07-10 17:00:00;19/07/2025 17:45;19/07/2025 20:56;22/07/2025 14:15;Granel Sólido;Soja;1;;216:45:00;9,03;80;4,43
2025;Santos;BRSSZ;Público;Cabotagem;1598230;9391361;2025-07-10 19:30:00;12/07/2025 07:12;12/07/2025 08:30;14/07/2025 08:12;Granel Líquido e Gasoso;Petróleo E Derivados (Sem Óleo Bruto);1;;35:42:00;1,49;80;4,43
2025;Santos;BRSSZ;Público;Longo Curso;1598167;9976446;2025-07-10 19:30:00;10/07/2025 20:25;11/07/2025 01:15;12/07/2025 04:20;Carga Geral;Pasta De Celulose;1;;0:55:00;0,04;80;4,43
2025;Santos;BRSSZ;Público;Longo Curso;1598194;9949352;2025-07-10 20:00:00;18/07/2025 22:25;18/07/2025 22:25;23/07/2025 03:05;Granel Sólido;Soja;1;;194:25:00;8,1;80;4,43
2025;Santos;BRSSZ;Público;Longo Curso;1598171;9467548;2025-07-10 20:30:00;10/07/2025 22:10;11/07/2025 07:00;14/07/2025 04:40;Granel Sólido;Trigo;1;;1:40:00;0,07;80;4,43
2025;Santos;BRSSZ;Público;Longo Curso;1598233;9977385;2025-07-11 02:00:00;11/07/2025 23:50;12/07/2025 02:02;14/07/2025 14:00;Granel Sólido;Resíduos Da Extração Do Óleo De Soja;1;;21:50:00;0,91;80;4,43
2025;Santos;BRSSZ;Público;Longo Curso;1598190;9583756;2025-07-11 05:54:00;21/07/2025 04:33;21/07/2025 08:00;23/07/2025 17:11;Granel Sólido;Milho;1;;238:39:00;9,94;80;4,43
2025;Santos;BRSSZ;Público;Longo Curso;1598028;9502726;2025-07-11 11:00:00;11/07/2025 23:20;11/07/2025 23:20;18/07/2025 06:40;Granel Sólido;Adubos (Fertilizantes);1;;12:20:00;0,51;80;4,43
2025;Santos;BRSSZ;Público;Longo Curso;1598199;9956214;2025-07-11 11:00:00;26/07/2025 23:50;27/07/2025 02:19;31/07/2025 05:44;Granel Sólido;Soja;1;;372:50:00;15,53;80;4,43
2025;Santos;BRSSZ;Público;Longo Curso;1598221;9863833;2025-07-11 14:00:00;18/07/2025 17:35;18/07/2025 19:00;22/07/2025 09:50;Granel Sólido;Açúcar;1;;171:35:00;7,15;80;4,43
2025;Santos;BRSSZ;Público;Longo Curso;1598245;9942108;2025-07-11 21:52:00;18/07/2025 22:55;19/07/2025 01:00;20/07/2025 20:20;Granel Sólido;Resíduos Da Extração Do Óleo De Soja;1;;169:03:00;7,04;80;4,43
2025;Santos;BRSSZ;Público;Longo Curso;1598122;9436654;2025-07-11 22:00:00;11/07/2025 23:05;12/07/2025 01:00;13/07/2025 03:20;Granel Sólido;Açúcar;1;;1:05:00;0,05;80;4,43
2025;Santos;BRSSZ;Público;Longo Curso;1605818;9860673;2025-07-11 22:30:00;24/07/2025 19:08;24/07/2025 21:35;06/08/2025 19:44;Granel Sólido;Açúcar;1;;308:38:00;12,86;80;4,43
2025;Santos;BRSSZ;Público;Longo Curso;1598195;9847865;2025-07-12 01:48:00;23/07/2025 08:45;23/07/2025 08:45;27/07/2025 04:05;Granel Sólido;Soja;1;;270:57:00;11,29;80;4,43
2025;Santos;BRSSZ;Público;Longo Curso;1598079;9293337;2025-07-12 06:48:00;17/07/2025 20:10;17/07/2025 20:10;19/07/2025 18:45;Granel Líquido e Gasoso;Petróleo E Derivados (Sem Óleo Bruto);1;;133:22:00;5,56;80;4,43
2025;Santos;BRSSZ;Público;Longo Curso;1598224;9496226;2025-07-12 09:40:00;12/07/2025 11:00;12/07/2025 14:04;14/07/2025 04:55;Granel Sólido;Adubos (Fertilizantes);1;;1:20:00;0,06;80;4,43
2025;Santos;BRSSZ;Público;Longo Curso;1597937;9336593;2025-07-12 09:42:00;23/07/2025 00:47;23/07/2025 04:15;24/07/2025 16:09;Granel Sólido;Açúcar;1;;255:05:00;10,63;80;4,43
2025;Santos;BRSSZ;Público;Cabotagem;1598080;9547697;2025-07-12 11:45:00;14/07/2025 17:35;14/07/2025 19:00;16/07/2025 10:54;Granel Líquido e Gasoso;Petróleo E Derivados (Sem Óleo Bruto);1;;53:50:00;2,24;80;4,43
2025;Santos;BRSSZ;Público;Longo Curso;1598239;9710799;2025-07-12 19:30:00;26/07/2025 02:05;26/07/2025 05:15;28/07/2025 11:45;Granel Sólido;Resíduos Da Extração Do Óleo De Soja;1;;318:35:00;13,27;80;4,43
2025;Santos;BRSSZ;Público;Longo Curso;1598046;9638678;2025-07-12 20:10:00;12/07/2025 21:10;12/07/2025 21:10;13/07/2025 09:25;Granel Sólido;Resíduos Da Extração Do Óleo De Soja;1;;1:00:00;0,04;80;4,43
2025;Santos;BRSSZ;Público;Longo Curso;1598046;9638678;2025-07-12 20:10:00;12/07/2025 21:10;12/07/2025 21:10;13/07/2025 09:25;Granel Sólido;Soja;1;;1:00:00;0,04;80;4,43
2025;Santos;BRSSZ;Público;Cabotagem;1598240;9431317;2025-07-13 00:24:00;16/07/2025 14:18;16/07/2025 15:20;17/07/2025 16:30;Granel Líquido e Gasoso;Petróleo E Derivados (Sem Óleo Bruto);1;;85:54:00;3,58;80;4,43
2025;Santos;BRSSZ;Público;Longo Curso;1598075;9902847;2025-07-13 00:30:00;13/07/2025 02:25;13/07/2025 02:25;19/07/2025 14:15;Granel Líquido e Gasoso;Gorduras E Óleos Animais Ou Vegetais;1;;1:55:00;0,08;80;4,43
2025;Santos;BRSSZ;Público;Longo Curso;1605826;1065590;2025-07-13 09:30:00;24/07/2025 14:00;25/07/2025 10:36;03/08/2025 01:20;Granel Sólido;Açúcar;1;;268:30:00;11,19;80;4,43
2025;Santos;BRSSZ;Público;Longo Curso;1598150;9689548;2025-07-13 11:42:00;17/07/2025 19:48;18/07/2025 17:00;21/07/2025 18:28;Granel Líquido e Gasoso;Gás De Petróleo;1;;104:06:00;4,34;80;4,43
2025;Santos;BRSSZ;Público;Longo Curso;1598225;9496226;2025-07-14 04:55:00;14/07/2025 05:40;14/07/2025 06:00;18/07/2025 17:40;Granel Sólido;Adubos (Fertilizantes);1;;0:45:00;0,03;81;3,47
2025;Santos;BRSSZ;Público;Longo Curso;1598236;9735452;2025-07-14 06:00:00;14/07/2025 13:10;14/07/2025 13:15;20/07/2025 11:45;Granel Líquido e Gasoso;Preparações De Frutas;1;;7:10:00;0,3;81;3,47
2025;Santos;BRSSZ;Público;Longo Curso;1598074;9777412;2025-07-14 08:45:00;14/07/2025 09:25;14/07/2025 09:25;17/07/2025 15:20;Granel Líquido e Gasoso;Etanol Combustível;1;;0:40:00;0,03;81;3,47
2025;Santos;BRSSZ;Público;Longo Curso;1598078;9881653;2025-07-14 10:30:00;14/07/2025 12:25;14/07/2025 12:25;18/07/2025 12:45;Carga Geral;Pasta De Celulose;1;;1:55:00;0,08;81;3,47
2025;Santos;BRSSZ;Público;Longo Curso;1605869;9593842;2025-07-14 11:30:00;28/07/2025 21:35;29/07/2025 02:01;01/08/2025 05:20;Granel Sólido;Milho;1;;346:05:00;14,42;81;3,47
2025;Santos;BRSSZ;Público;Cabotagem;1598209;9407407;2025-07-14 16:06:00;21/07/2025 10:15;21/07/2025 13:54;22/07/2025 12:52;Granel Líquido e Gasoso;Petróleo E Derivados (Sem Óleo Bruto);1;;162:09:00;6,76;81;3,47
2025;Santos;BRSSZ;Público;Longo Curso;1598250;9381213;2025-07-14 17:00:00;26/07/2025 01:45;26/07/2025 01:45;28/07/2025 00:15;Granel Sólido;Resíduos Da Extração Do Óleo De Soja;1;;272:45:00;11,36;81;3,47
2025;Santos;BRSSZ;Público;Longo Curso;1598238;9956197;2025-07-15 07:15:00;27/07/2025 09:28;27/07/2025 09:28;31/07/2025 22:42;Granel Sólido;Soja;1;;290:13:00;12,09;81;3,47
2025;Santos;BRSSZ;Público;Longo Curso;1598065;9687710;2025-07-15 07:30:00;15/07/2025 08:44;15/07/2025 10:50;16/07/2025 20:08;Granel Sólido;Açúcar;1;;1:14:00;0,05;81;3,47
2025;Santos;BRSSZ;Público;Longo Curso;1598220;9727314;2025-07-15 13:30:00;25/07/2025 01:20;25/07/2025 03:35;27/07/2025 04:10;Granel Sólido;Milho;1;;227:50:00;9,49;81;3,47
2025;Santos;BRSSZ;Público;Longo Curso;1598067;9867607;2025-07-15 19:30:00;15/07/2025 20:55;16/07/2025 01:30;17/07/2025 07:55;Granel Líquido e Gasoso;Petróleo E Derivados (Sem Óleo Bruto);1;;1:25:00;0,06;81;3,47
2025;Santos;BRSSZ;Público;Longo Curso;1598067;9867607;2025-07-15 19:30:00;15/07/2025 20:55;16/07/2025 01:30;17/07/2025 07:55;Granel Líquido e Gasoso;Etanol Combustível;1;;1:25:00;0,06;81;3,47
2025;Santos;BRSSZ;Público;Longo Curso;1598247;9544073;2025-07-16 02:30:00;20/07/2025 02:40;20/07/2025 04:55;21/07/2025 01:15;Granel Sólido;Milho;1;;96:10:00;4,01;81;3,47
2025;Santos;BRSSZ;Público;Longo Curso;1598163;9360958;2025-07-16 04:00:00;16/07/2025 08:35;16/07/2025 17:35;17/07/2025 16:05;Granel Líquido e Gasoso;Petróleo E Derivados (Sem Óleo Bruto);1;;4:35:00;0,19;81;3,47
2025;Santos;BRSSZ;Público;Longo Curso;1598259;9505924;2025-07-16 07:00:00;16/07/2025 08:55;16/07/2025 08:55;17/07/2025 09:10;Granel Líquido e Gasoso;Petróleo E Derivados (Sem Óleo Bruto);1;;1:55:00;0,08;81;3,47
2025;Santos;BRSSZ;Público;Longo Curso;1605863;9290701;2025-07-16 08:00:00;01/08/2025 20:05;02/08/2025 00:06;04/08/2025 18:42;Granel Sólido;Milho;1;;396:05:00;16,5;81;3,47
2025;Santos;BRSSZ;Público;Cabotagem;1598263;1031783;2025-07-16 15:00:00;22/07/2025 14:35;22/07/2025 18:00;25/07/2025 02:15;Granel Líquido e Gasoso;Petróleo E Derivados (Sem Óleo Bruto);1;;143:35:00;5,98;81;3,47
2025;Santos;BRSSZ;Público;Longo Curso;1598071;9976460;2025-07-16 18:00:00;18/07/2025 15:45;18/07/2025 19:00;22/07/2025 17:45;Carga Geral;Pasta De Celulose;1;;45:45:00;1,91;81;3,47
2025;Santos;BRSSZ;Público;Longo Curso;1598207;9609146;2025-07-16 19:00:00;19/07/2025 09:33;19/07/2025 11:40;21/07/2025 12:15;Granel Sólido;Açúcar;1;;62:33:00;2,61;81;3,47
2025;Santos;BRSSZ;Público;Longo Curso;1598185;9902548;2025-07-16 23:30:00;17/07/2025 00:46;17/07/2025 20:30;18/07/2025 11:20;Granel Sólido;Açúcar;1;;1:16:00;0,05;81;3,47
2025;Santos;BRSSZ;Público;Longo Curso;1598201;9257199;2025-07-17 08:15:00;17/07/2025 13:20;17/07/2025 13:20;25/07/2025 22:30;Granel Sólido;Fosfatos De Cálcio Naturais;1;;5:05:00;0,21;81;3,47
2025;Santos;BRSSZ;Público;Longo Curso;1598082;9613329;2025-07-17 10:00:00;17/07/2025 13:10;17/07/2025 19:00;19/07/2025 01:12;Carga Geral;Pasta De Celulose;1;;3:10:00;0,13;81;3,47
2025;Santos;BRSSZ;Público;Cabotagem;1598198;9403968;2025-07-17 12:00:00;17/07/2025 13:00;17/07/2025 13:00;19/07/2025 14:15;Granel Líquido e Gasoso;Soda Cáustica;1;;1:00:00;0,04;81;3,47
2025;Santos;BRSSZ;Público;Longo Curso;1598077;9599016;2025-07-17 14:36:00;17/07/2025 20:35;17/07/2025 21:15;24/07/2025 03:00;Granel Sólido;Adubos (Fertilizantes);1;;5:59:00;0,25;81;3,47
2025;Santos;BRSSZ;Público;Longo Curso;1605875;9605176;2025-07-17 16:45:00;23/07/2025 23:09;24/07/2025 11:58;05/08/2025 23:22;Carga Geral;Açúcar;1;;150:24:00;6,27;81;3,47
2025;Santos;BRSSZ;Público;Longo Curso;1598234;9379909;2025-07-17 18:00:00;17/07/2025 20:35;17/07/2025 20:35;19/07/2025 20:00;Granel Líquido e Gasoso;Etanol Combustível;1;;2:35:00;0,11;81;3,47
2025;Santos;BRSSZ;Público;Longo Curso;1605865;9789726;2025-07-18 00:48:00;02/08/2025 14:40;02/08/2025 21:06;03/08/2025 19:05;Granel Líquido e Gasoso;Gás De Petróleo;1;;373:52:00;15,58;81;3,47
2025;Santos;BRSSZ;Público;Longo Curso;1598019;9897561;2025-07-18 05:06:00;18/07/2025 05:55;18/07/2025 05:55;21/07/2025 06:15;Granel Sólido;Adubos (Fertilizantes);1;;0:49:00;0,03;81;3,47
2025;Santos;BRSSZ;Público;Longo Curso;1598204;9805661;2025-07-18 15:00:00;18/07/2025 16:00;18/07/2025 19:00;19/07/2025 23:05;Granel Sólido;Açúcar;1;;1:00:00;0,04;81;3,47
2025;Santos;BRSSZ;Público;Longo Curso;1605874;9971965;2025-07-18 17:18:00;04/08/2025 16:50;04/08/2025 19:40;07/08/2025 18:45;Granel Sólido;Soja;1;;407:32:00;16,98;81;3,47
2025;Santos;BRSSZ;Público;Longo Curso;1598255;9452139;2025-07-18 20:51:00;18/07/2025 22:05;18/07/2025 22:05;23/07/2025 23:10;Granel Sólido;Produtos Químicos Inorgânicos;1;;1:14:00;0,05;81;3,47
2025;Santos;BRSSZ;Público;Longo Curso;1598262;9585558;2025-07-18 22:54:00;21/07/2025 21:43;22/07/2025 00:15;22/07/2025 22:10;Granel Sólido;Açúcar;1;;70:49:00;2,95;81;3,47
2025;Santos;BRSSZ;Público;Longo Curso;1598042;9364801;2025-07-19 04:22:00;19/07/2025 05:20;19/07/2025 05:20;26/07/2025 02:55;Granel Sólido;Adubos (Fertilizantes);1;;0:58:00;0,04;81;3,47
2025;Santos;BRSSZ;Público;Longo Curso;1605890;9782261;2025-07-19 05:54:00;05/08/2025 07:10;05/08/2025 09:34;08/08/2025 05:50;Granel Sólido;Soja;1;;409:16:00;17,05;81;3,47
2025;Santos;BRSSZ;Público;Longo Curso;1598069;9805257;2025-07-19 08:00:00;19/07/2025 09:50;19/07/2025 09:50;21/07/2025 13:15;Granel Sólido;Adubos (Fertilizantes);1;;1:50:00;0,08;81;3,47
2025;Santos;BRSSZ;Público;Longo Curso;1598253;9160724;2025-07-19 10:00:00;21/07/2025 04:30;21/07/2025 04:30;26/07/2025 06:10;Carga Geral;Adubos (Fertilizantes);1;;42:30:00;1,77;81;3,47
2025;Santos;BRSSZ;Público;Longo Curso;1598193;9271999;2025-07-19 14:00:00;23/07/2025 08:35;23/07/2025 20:18;25/07/2025 11:30;Granel Líquido e Gasoso;Soda Cáustica;1;;90:35:00;3,77;81;3,47
2025;Santos;BRSSZ;Público;Longo Curso;1598254;9738222;2025-07-19 14:30:00;28/07/2025 14:35;28/07/2025 19:00;31/07/2025 09:20;Granel Sólido;Milho;1;;216:05:00;9,0;81;3,47
2025;Santos;BRSSZ;Público;Longo Curso;1598216;9777412;2025-07-19 15:30:00;19/07/2025 16:45;19/07/2025 19:00;23/07/2025 03:18;Granel Líquido e Gasoso;Etanol Combustível;1;;1:15:00;0,05;81;3,47
2025;Santos;BRSSZ;Público;Cabotagem;1598200;9312444;2025-07-19 16:00:00;19/07/2025 21:42;20/07/2025 01:00;21/07/2025 06:25;Granel Líquido e Gasoso;Petróleo E Derivados (Sem Óleo Bruto);1;;5:42:00;0,24;81;3,47
2025;Santos;BRSSZ;Público;Longo Curso;1598029;9505924;2025-07-19 16:00:00;19/07/2025 17:10;19/07/2025 17:10;21/07/2025 22:10;Granel Líquido e Gasoso;Gorduras E Óleos Animais Ou Vegetais;1;;1:10:00;0,05;81;3,47
2025;Santos;BRSSZ;Público;Longo Curso;1598029;9505924;2025-07-19 16:00:00;19/07/2025 17:10;19/07/2025 17:10;21/07/2025 22:10;Granel Líquido e Gasoso;Óleo De Palma;1;;1:10:00;0,05;81;3,47
2025;Santos;BRSSZ;Público;Longo Curso;1598029;9505924;2025-07-19 16:00:00;19/07/2025 17:10;19/07/2025 17:10;21/07/2025 22:10;Granel Líquido e Gasoso;Petróleo E Derivados (Sem Óleo Bruto);1;;1:10:00;0,05;81;3,47
2025;Santos;BRSSZ;Público;Longo Curso;1598135;9738818;2025-07-19 16:00:00;19/07/2025 16:50;19/07/2025 18:35;21/07/2025 17:40;Granel Sólido;Resíduos Da Extração Do Óleo De Soja;1;;0:50:00;0,03;81;3,47
2025;Santos;BRSSZ;Público;Longo Curso;1598219;9911537;2025-07-20 09:00:00;20/07/2025 11:30;20/07/2025 11:30;22/07/2025 14:10;Granel Líquido e Gasoso;Produtos Químicos Orgânicos;1;;2:30:00;0,1;81;3,47
2025;Santos;BRSSZ;Público;Longo Curso;1605829;9945514;2025-07-20 10:00:00;24/07/2025 19:15;24/07/2025 19:15;03/08/2025 04:45;Granel Sólido;Adubos (Fertilizantes);1;;105:15:00;4,39;81;3,47
2025;Santos;BRSSZ;Público;Longo Curso;1597936;9712486;2025-07-20 13:00:00;28/07/2025 08:55;28/07/2025 08:58;30/07/2025 20:10;Granel Sólido;Resíduos Da Extração Do Óleo De Soja;1;;187:55:00;7,83;81;3,47
2025;Santos;BRSSZ;Público;Longo Curso;1598170;9316866;2025-07-20 13:15:00;20/07/2025 14:30;20/07/2025 20:50;21/07/2025 17:49;Granel Sólido;Açúcar;1;;1:15:00;0,05;81;3,47
2025;Santos;BRSSZ;Público;Longo Curso;1598172;9467548;2025-07-20 13:45:00;20/07/2025 14:40;20/07/2025 15:57;23/07/2025 16:05;Granel Sólido;Trigo;1;;0:55:00;0,04;81;3,47
2025;Santos;BRSSZ;Público;Longo Curso;1598081;9682849;2025-07-20 19:15:00;22/07/2025 16:55;22/07/2025 19:00;25/07/2025 21:15;Granel Sólido;Resíduos Da Extração Do Óleo De Soja;1;;45:40:00;1,9;81;3,47
2025;Santos;BRSSZ;Público;Longo Curso;1598081;9682849;2025-07-20 19:15:00;22/07/2025 16:55;22/07/2025 19:00;25/07/2025 21:15;Granel Sólido;Soja;1;;45:40:00;1,9;81;3,47
2025;Santos;BRSSZ;Público;Longo Curso;1598265;9748837;2025-07-21 06:30:00;24/07/2025 19:18;24/07/2025 21:25;26/07/2025 21:03;Granel Sólido;Açúcar;1;;84:48:00;3,53;82;3,22
2025;Santos;BRSSZ;Público;Longo Curso;1598264;9588304;2025-07-21 08:30:00;21/07/2025 21:40;22/07/2025 00:05;25/07/2025 21:50;Granel Sólido;Resíduos Da Extração Do Óleo De Soja;1;;13:10:00;0,55;82;3,22
2025;Santos;BRSSZ;Público;Longo Curso;1598070;9805257;2025-07-21 13:15:00;21/07/2025 13:40;21/07/2025 19:00;23/07/2025 23:15;Granel Sólido;Adubos (Fertilizantes);1;;0:25:00;0,02;82;3,22
2025;Santos;BRSSZ;Público;Longo Curso;1597942;9956903;2025-07-21 15:00:00;25/07/2025 14:20;25/07/2025 14:20;28/07/2025 08:50;Granel Líquido e Gasoso;Produtos Químicos Orgânicos;1;;95:20:00;3,97;82;3,22
2025;Santos;BRSSZ;Público;Longo Curso;1597942;9956903;2025-07-21 15:00:00;25/07/2025 14:20;25/07/2025 14:20;28/07/2025 08:50;Granel Líquido e Gasoso;Produtos Diversos Da Indústria Química;1;;95:20:00;3,97;82;3,22
2025;Santos;BRSSZ;Público;Longo Curso;1605898;9523512;2025-07-22 00:30:00;02/08/2025 19:20;02/08/2025 19:20;05/08/2025 15:20;Granel Sólido;Resíduos Da Extração Do Óleo De Soja;1;;282:50:00;11,78;82;3,22
2025;Santos;BRSSZ;Público;Longo Curso;1598244;9553141;2025-07-22 00:35:00;23/07/2025 20:15;24/07/2025 07:00;28/07/2025 10:55;Granel Sólido;Trigo;1;;43:40:00;1,82;82;3,22
2025;Santos;BRSSZ;Público;Longo Curso;1605877;9313307;2025-07-22 01:00:00;31/07/2025 02:25;31/07/2025 02:25;02/08/2025 06:25;Granel Sólido;Resíduos Da Extração Do Óleo De Soja;1;;217:25:00;9,06;82;3,22
2025;Santos;BRSSZ;Público;Longo Curso;1598025;9379909;2025-07-22 01:15:00;22/07/2025 02:30;22/07/2025 02:30;24/07/2025 19:45;Granel Líquido e Gasoso;Combustíveis, Óleos E Produtos Minerais;1;;1:15:00;0,05;82;3,22
2025;Santos;BRSSZ;Público;Longo Curso;1598025;9379909;2025-07-22 01:15:00;22/07/2025 02:30;22/07/2025 02:30;24/07/2025 19:45;Granel Líquido e Gasoso;Produtos Diversos Da Indústria Química;1;;1:15:00;0,05;82;3,22
2025;Santos;BRSSZ;Público;Longo Curso;1598025;9379909;2025-07-22 01:15:00;22/07/2025 02:30;22/07/2025 02:30;24/07/2025 19:45;Granel Líquido e Gasoso;Produtos Químicos Inorgânicos;1;;1:15:00;0,05;82;3,22
2025;Santos;BRSSZ;Público;Longo Curso;1598025;9379909;2025-07-22 01:15:00;22/07/2025 02:30;22/07/2025 02:30;24/07/2025 19:45;Granel Líquido e Gasoso;Produtos Químicos Orgânicos;1;;1:15:00;0,05;82;3,22
2025;Santos;BRSSZ;Público;Longo Curso;1598023;9866770;2025-07-22 06:30:00;22/07/2025 07:30;22/07/2025 07:30;26/07/2025 03:20;Granel Líquido e Gasoso;Combustíveis, Óleos E Produtos Minerais;1;;1:00:00;0,04;82;3,22
2025;Santos;BRSSZ;Público;Longo Curso;1598023;9866770;2025-07-22 06:30:00;22/07/2025 07:30;22/07/2025 07:30;26/07/2025 03:20;Granel Líquido e Gasoso;Produtos Químicos Orgânicos;1;;1:00:00;0,04;82;3,22
2025;Santos;BRSSZ;Público;Longo Curso;1598011;9995351;2025-07-22 06:48:00;24/07/2025 02:40;24/07/2025 02:40;30/07/2025 13:45;Granel Sólido;Adubos (Fertilizantes);1;;43:52:00;1,83;82;3,22
2025;Santos;BRSSZ;Público;Cabotagem;1598249;9660358;2025-07-22 08:00:00;22/07/2025 09:10;22/07/2025 11:12;25/07/2025 10:54;Granel Líquido e Gasoso;Petróleo E Derivados (Sem Óleo Bruto);1;;1:10:00;0,05;82;3,22
2025;Santos;BRSSZ;Público;Longo Curso;1605831;1013676;2025-07-22 08:06:00;08/08/2025 01:15;08/08/2025 04:10;11/08/2025 07:15;Granel Sólido;Açúcar;1;;401:09:00;16,71;82;3,22
2025;Santos;BRSSZ;Público;Longo Curso;1605830;9605841;2025-07-22 08:42:00;31/07/2025 01:35;31/07/2025 04:18;02/08/2025 08:20;Granel Sólido;Milho;1;;208:53:00;8,7;82;3,22
2025;Santos;BRSSZ;Público;Longo Curso;1605830;9605841;2025-07-22 08:42:00;31/07/2025 01:35;31/07/2025 04:18;02/08/2025 08:20;Granel Sólido;Soja;1;;208:53:00;8,7;82;3,22
2025;Santos;BRSSZ;Público;Longo Curso;1598085;9646429;2025-07-22 15:30:00;24/07/2025 06:50;24/07/2025 06:50;31/07/2025 02:40;Granel Sólido;Adubos (Fertilizantes);1;;39:20:00;1,64;82;3,22
2025;Santos;BRSSZ;Público;Longo Curso;1597946;9363493;2025-07-22 16:00:00;23/07/2025 16:00;23/07/2025 19:10;27/07/2025 09:10;Granel Líquido e Gasoso;Gorduras E Óleos Animais Ou Vegetais;1;;24:00:00;1,0;82;3,22
2025;Santos;BRSSZ;Público;Longo Curso;1605888;9644184;2025-07-22 16:30:00;31/07/2025 00:56;31/07/2025 05:45;02/08/2025 16:11;Granel Sólido;Açúcar;1;;200:26:00;8,35;82;3,22
2025;Santos;BRSSZ;Público;Longo Curso;1597944;9848144;2025-07-23 02:10:00;26/07/2025 09:17;26/07/2025 09:17;30/07/2025 15:20;Granel Sólido;Sal;1;;79:07:00;3,3;82;3,22
2025;Santos;BRSSZ;Público;Cabotagem;1605870;9759264;2025-07-23 05:55:00;01/08/2025 11:23;01/08/2025 19:00;02/08/2025 13:10;Granel Líquido e Gasoso;Petróleo E Derivados (Sem Óleo Bruto);1;;221:28:00;9,23;82;3,22
2025;Santos;BRSSZ;Público;Longo Curso;1598228;9696400;2025-07-23 07:30:00;23/07/2025 11:05;23/07/2025 13:20;25/07/2025 21:40;Granel Sólido;Adubos (Fertilizantes);1;;3:35:00;0,15;82;3,22
2025;Santos;BRSSZ;Público;Longo Curso;1598248;9544073;2025-07-23 08:30:00;23/07/2025 09:25;23/07/2025 09:25;24/07/2025 19:45;Granel Sólido;Resíduos Da Extração Do Óleo De Soja;1;;0:55:00;0,04;82;3,22
2025;Santos;BRSSZ;Público;Cabotagem;1598257;9448322;2025-07-23 10:00:00;25/07/2025 07:23;25/07/2025 12:36;26/07/2025 12:12;Granel Líquido e Gasoso;Petróleo E Derivados (Sem Óleo Bruto);1;;45:23:00;1,89;82;3,22
2025;Santos;BRSSZ;Público;Longo Curso;1605879;9698862;2025-07-24 02:36:00;08/08/2025 08:58;08/08/2025 13:25;13/08/2025 17:52;Granel Sólido;Açúcar;1;;366:22:00;15,27;82;3,22
2025;Santos;BRSSZ;Público;Longo Curso;1598087;9491836;2025-07-24 09:00:00;24/07/2025 09:51;24/07/2025 09:55;30/07/2025 10:41;Granel Líquido e Gasoso;Preparações De Frutas;1;;0:51:00;0,04;82;3,22
2025;Santos;BRSSZ;Público;Longo Curso;1598068;9976070;2025-07-24 18:00:00;24/07/2025 19:05;24/07/2025 19:05;27/07/2025 06:15;Carga Geral;Pasta De Celulose;1;;1:05:00;0,05;82;3,22
2025;Santos;BRSSZ;Público;Longo Curso;1598084;9523500;2025-07-24 19:48:00;26/07/2025 03:15;26/07/2025 05:19;27/07/2025 19:25;Granel Sólido;Resíduos Da Extração Do Óleo De Soja;1;;31:27:00;1,31;82;3,22
2025;Santos;BRSSZ;Público;Longo Curso;1605917;9562491;2025-07-24 21:00:00;03/08/2025 13:20;03/08/2025 16:06;04/08/2025 13:45;Granel Sólido;Resíduos Da Extração Do Óleo De Soja;1;;232:20:00;9,68;82;3,22
2025;Santos;BRSSZ;Público;Longo Curso;1598242;9808326;2025-07-24 23:45:00;25/07/2025 01:00;25/07/2025 01:00;27/07/2025 23:40;Granel Líquido e Gasoso;Soda Cáustica;1;;1:15:00;0,05;82;3,22
2025;Santos;BRSSZ;Público;Longo Curso;1605806;9452543;2025-07-25 16:50:00;31/07/2025 05:30;31/07/2025 05:30;04/08/2025 05:40;Granel Sólido;Adubos (Fertilizantes);1;;132:40:00;5,53;82;3,22
2025;Santos;BRSSZ;Público;Longo Curso;1598252;9836701;2025-07-26 00:30:00;26/07/2025 01:19;26/07/2025 03:44;30/07/2025 10:43;Granel Sólido;Adubos (Fertilizantes);1;;0:49:00;0,03;82;3,22
2025;Santos;BRSSZ;Público;Longo Curso;1598088;9360958;2025-07-26 07:00:00;26/07/2025 08:40;26/07/2025 08:40;28/07/2025 00:40;Granel Líquido e Gasoso;Produtos Químicos Inorgânicos;1;;1:40:00;0,07;82;3,22
2025;Santos;BRSSZ;Público;Longo Curso;1598088;9360958;2025-07-26 07:00:00;26/07/2025 08:40;26/07/2025 08:40;28/07/2025 00:40;Granel Líquido e Gasoso;Produtos Químicos Orgânicos;1;;1:40:00;0,07;82;3,22
2025;Santos;BRSSZ;Público;Longo Curso;1597941;9711913;2025-07-26 07:00:00;26/07/2025 08:48;26/07/2025 08:48;31/07/2025 23:12;Granel Sólido;Adubos (Fertilizantes);1;;1:48:00;0,08;82;3,22
2025;Santos;BRSSZ;Público;Longo Curso;1597943;9185841;2025-07-26 07:30:00;28/07/2025 08:15;28/07/2025 20:35;31/07/2025 10:15;Granel Líquido e Gasoso;Produtos Químicos Orgânicos;1;;48:45:00;2,03;82;3,22
2025;Santos;BRSSZ;Público;Cabotagem;1605912;9416836;2025-07-26 12:00:00;01/08/2025 20:12;01/08/2025 22:00;04/08/2025 12:18;Granel Líquido e Gasoso;Petróleo E Derivados (Sem Óleo Bruto);1;;152:12:00;6,34;82;3,22
2025;Santos;BRSSZ;Público;Longo Curso;1605804;9143207;2025-07-26 22:30:00;28/07/2025 10:40;28/07/2025 10:40;02/08/2025 03:45;Granel Líquido e Gasoso;Combustíveis, Óleos E Produtos Minerais;1;;36:10:00;1,51;82;3,22
2025;Santos;BRSSZ;Público;Longo Curso;1605804;9143207;2025-07-26 22:30:00;28/07/2025 10:40;28/07/2025 10:40;02/08/2025 03:45;Granel Líquido e Gasoso;Petróleo E Derivados (Sem Óleo Bruto);1;;36:10:00;1,51;82;3,22
2025;Santos;BRSSZ;Público;Longo Curso;1605804;9143207;2025-07-26 22:30:00;28/07/2025 10:40;28/07/2025 10:40;02/08/2025 03:45;Granel Líquido e Gasoso;Plásticos E Suas Obras;1;;36:10:00;1,51;82;3,22
2025;Santos;BRSSZ;Público;Longo Curso;1605804;9143207;2025-07-26 22:30:00;28/07/2025 10:40;28/07/2025 10:40;02/08/2025 03:45;Granel Líquido e Gasoso;Produtos Diversos Da Indústria Química;1;;36:10:00;1,51;82;3,22
2025;Santos;BRSSZ;Público;Longo Curso;1605804;9143207;2025-07-26 22:30:00;28/07/2025 10:40;28/07/2025 10:40;02/08/2025 03:45;Granel Líquido e Gasoso;Produtos Químicos Orgânicos;1;;36:10:00;1,51;82;3,22
2025;Santos;BRSSZ;Público;Longo Curso;1605804;9143207;2025-07-26 22:30:00;28/07/2025 10:40;28/07/2025 10:40;02/08/2025 03:45;Granel Líquido e Gasoso;Sabões, Ceras, Velas E Massas;1;;36:10:00;1,51;82;3,22
2025;Santos;BRSSZ;Público;Longo Curso;1605836;9478860;2025-07-27 07:30:00;31/07/2025 00:50;31/07/2025 00:50;04/08/2025 04:45;Granel Sólido;Adubos (Fertilizantes);1;;89:20:00;3,72;82;3,22
2025;Santos;BRSSZ;Público;Cabotagem;1605893;9865752;2025-07-27 08:30:00;30/07/2025 20:00;30/07/2025 21:00;01/08/2025 08:24;Granel Líquido e Gasoso;Petróleo E Derivados (Sem Óleo Bruto);1;;83:30:00;3,48;82;3,22
2025;Santos;BRSSZ;Público;Cabotagem;1598270;9431317;2025-07-27 10:00:00;27/07/2025 11:10;27/07/2025 20:24;30/07/2025 12:42;Granel Líquido e Gasoso;Petróleo E Derivados (Sem Óleo Bruto);1;;1:10:00;0,05;82;3,22
2025;Santos;BRSSZ;Público;Longo Curso;1605919;9865350;2025-07-27 11:48:00;02/08/2025 12:50;02/08/2025 14:14;03/08/2025 09:55;Granel Sólido;Resíduos Da Extração Do Óleo De Soja;1;;145:02:00;6,04;82;3,22
2025;Santos;BRSSZ;Público;Longo Curso;1597947;9424651;2025-07-27 11:54:00;27/07/2025 18:51;28/07/2025 01:00;30/07/2025 11:57;Granel Líquido e Gasoso;Petróleo E Derivados (Sem Óleo Bruto);1;;6:57:00;0,29;82;3,22
2025;Santos;BRSSZ;Público;Cabotagem;1605900;9391361;2025-07-27 21:54:00;04/08/2025 16:48;04/08/2025 19:00;07/08/2025 10:00;Granel Líquido e Gasoso;Petróleo E Derivados (Sem Óleo Bruto);1;;186:54:00;7,79;82;3,22
2025;Santos;BRSSZ;Público;Cabotagem;1605902;9312444;2025-07-28 02:00:00;30/07/2025 18:40;30/07/2025 19:42;01/08/2025 16:20;Granel Líquido e Gasoso;Petróleo E Derivados (Sem Óleo Bruto);1;;64:40:00;2,69;83;3,57
2025;Santos;BRSSZ;Público;Cabotagem;1605909;9577886;2025-07-29 08:40:00;03/08/2025 13:10;03/08/2025 16:50;07/08/2025 09:50;Granel Sólido;Sal;1;;124:30:00;5,19;83;3,57
2025;Santos;BRSSZ;Público;Longo Curso;1605942;9484895;2025-07-29 13:00:00;04/08/2025 17:17;04/08/2025 17:17;08/08/2025 02:10;Granel Líquido e Gasoso;Etanol Combustível;1;;148:17:00;6,18;83;3,57
2025;Santos;BRSSZ;Público;Longo Curso;1605881;9423786;2025-07-29 14:40:00;01/08/2025 02:15;01/08/2025 02:15;07/08/2025 15:10;Granel Sólido;Adubos (Fertilizantes);1;;59:35:00;2,48;83;3,57
2025;Santos;BRSSZ;Público;Longo Curso;1606264;9308156;2025-07-29 20:00:00;31/07/2025 21:45;31/07/2025 21:45;05/08/2025 08:00;Granel Líquido e Gasoso;Petróleo E Derivados (Sem Óleo Bruto);1;;49:45:00;2,07;83;3,57
2025;Santos;BRSSZ;Público;Longo Curso;1605918;9233284;2025-07-29 23:12:00;05/08/2025 06:35;05/08/2025 13:02;10/08/2025 09:32;Granel Sólido;Milho;1;;151:23:00;6,31;83;3,57
2025;Santos;BRSSZ;Público;Longo Curso;1605880;9512214;2025-07-29 23:30:00;02/08/2025 12:10;02/08/2025 14:45;05/08/2025 01:25;Granel Sólido;Açúcar;1;;84:40:00;3,53;83;3,57
2025;Santos;BRSSZ;Público;Longo Curso;1605908;9266188;2025-07-30 10:06:00;31/07/2025 09:00;31/07/2025 14:00;01/08/2025 15:10;Granel Sólido;Açúcar;1;;22:54:00;0,95;83;3,57
2025;Santos;BRSSZ;Público;Longo Curso;1605889;9848144;2025-07-30 15:20:00;30/07/2025 15:43;30/07/2025 19:00;04/08/2025 20:06;Granel Sólido;Sal;1;;0:23:00;0,02;83;3,57
2025;Santos;BRSSZ;Público;Longo Curso;1605907;9660035;2025-07-30 16:00:00;01/08/2025 16:11;01/08/2025 18:17;02/08/2025 08:14;Granel Sólido;Açúcar;1;;48:11:00;2,01;83;3,57
2025;Santos;BRSSZ;Público;Longo Curso;1605864;9731834;2025-07-30 17:45:00;30/07/2025 18:45;30/07/2025 19:00;03/08/2025 09:55;Granel Sólido;Adubos (Fertilizantes);1;;1:00:00;0,04;83;3,57
2025;Santos;BRSSZ;Público;Longo Curso;1605924;9423578;2025-07-31 06:00:00;05/08/2025 06:35;05/08/2025 09:15;07/08/2025 22:25;Granel Sólido;Milho;1;;120:35:00;5,02;83;3,57
2025;Santos;BRSSZ;Público;Longo Curso;1605936;9937268;2025-07-31 07:04:00;01/08/2025 12:25;01/08/2025 15:03;05/08/2025 20:55;Granel Sólido;Milho;1;;29:21:00;1,22;83;3,57
2025;Santos;BRSSZ;Público;Longo Curso;1605828;9907017;2025-07-31 12:00:00;31/07/2025 13:20;31/07/2025 17:00;04/08/2025 18:40;Granel Líquido e Gasoso;Etanol Combustível;1;;1:20:00;0,06;83;3,57
2025;Santos;BRSSZ;Público;Longo Curso;1605842;9977177;2025-07-31 14:42:00;13/08/2025 08:55;13/08/2025 08:55;15/08/2025 23:15;Granel Sólido;Resíduos Da Extração Do Óleo De Soja;1;;306:13:00;12,76;83;3,57
2025;Santos;BRSSZ;Público;Longo Curso;1605834;9928906;2025-07-31 16:00:00;31/07/2025 20:15;31/07/2025 20:15;01/08/2025 23:20;Carga Geral;Pasta De Celulose;1;;4:15:00;0,18;83;3,57
2025;Santos;BRSSZ;Público;Longo Curso;1605915;9460904;2025-07-31 19:30:00;14/08/2025 16:55;14/08/2025 20:13;17/08/2025 02:45;Granel Sólido;Soja;1;;333:25:00;13,89;83;3,57
2025;Santos;BRSSZ;Público;Longo Curso;1605925;9591430;2025-08-01 01:35:00;01/08/2025 02:40;01/08/2025 02:40;05/08/2025 14:40;Granel Sólido;Soja;1;;1:05:00;0,05;83;3,57
2025;Santos;BRSSZ;Público;Longo Curso;1605833;1053298;2025-08-01 08:06:00;02/08/2025 01:55;02/08/2025 07:00;04/08/2025 12:00;Carga Geral;Pasta De Celulose;1;;17:49:00;0,74;83;3,57
2025;Santos;BRSSZ;Público;Longo Curso;1605821;9018646;2025-08-01 10:30:00;01/08/2025 14:47;01/08/2025 14:53;03/08/2025 10:33;Granel Líquido e Gasoso;Preparações De Frutas;1;;4:17:00;0,18;83;3,57
2025;Santos;BRSSZ;Público;Longo Curso;1605930;9897925;2025-08-01 15:48:00;05/08/2025 23:25;06/08/2025 14:33;11/08/2025 01:20;Granel Sólido;Resíduos Da Extração Do Óleo De Soja;1;;103:37:00;4,32;83;3,57
2025;Santos;BRSSZ;Público;Longo Curso;1605809;9143207;2025-08-02 03:45:00;02/08/2025 04:45;02/08/2025 05:05;04/08/2025 01:00;Granel Líquido e Gasoso;Produtos Químicos Orgânicos;1;;1:00:00;0,04;83;3,57
2025;Santos;BRSSZ;Público;Longo Curso;1605923;9658056;2025-08-02 05:00:00;11/08/2025 22:40;12/08/2025 01:00;14/08/2025 05:15;Granel Sólido;Açúcar;1;;233:40:00;9,74;83;3,57
2025;Santos;BRSSZ;Público;Longo Curso;1605832;9363493;2025-08-02 10:00:00;02/08/2025 11:03;02/08/2025 16:00;04/08/2025 12:45;Granel Líquido e Gasoso;Gorduras E Óleos Animais Ou Vegetais;1;;1:03:00;0,04;83;3,57
2025;Santos;BRSSZ;Público;Cabotagem;1605944;9413523;2025-08-02 10:24:00;04/08/2025 04:15;04/08/2025 05:30;05/08/2025 08:00;Granel Líquido e Gasoso;Petróleo E Derivados (Sem Óleo Bruto);1;;41:51:00;1,74;83;3,57
2025;Santos;BRSSZ;Público;Longo Curso;1605820;9552898;2025-08-02 17:12:00;04/08/2025 09:45;04/08/2025 11:25;07/08/2025 10:45;Carga Geral;Pasta De Celulose;1;;40:33:00;1,69;83;3,57
2025;Santos;BRSSZ;Público;Longo Curso;1605843;1036501;2025-08-02 20:24:00;05/08/2025 23:45;05/08/2025 23:45;13/08/2025 23:50;Granel Sólido;Adubos (Fertilizantes);1;;75:21:00;3,14;83;3,57
2025;Santos;BRSSZ;Público;Longo Curso;1605862;9336593;2025-08-03 03:15:00;03/08/2025 04:20;03/08/2025 07:00;08/08/2025 12:45;Granel Sólido;Açúcar;1;;1:05:00;0,05;83;3,57
2025;Santos;BRSSZ;Público;Longo Curso;1605952;9286592;2025-08-03 06:00:00;14/08/2025 20:40;15/08/2025 01:04;20/08/2025 00:55;Granel Sólido;Milho;1;;278:40:00;11,61;83;3,57
2025;Santos;BRSSZ;Público;Longo Curso;1605876;9588316;2025-08-03 08:00:00;10/08/2025 23:55;10/08/2025 23:55;13/08/2025 04:10;Granel Sólido;Resíduos Da Extração Do Óleo De Soja;1;;183:55:00;7,66;83;3,57
2025;Santos;BRSSZ;Público;Longo Curso;1605819;9928932;2025-08-03 13:00:00;08/08/2025 12:10;08/08/2025 13:00;12/08/2025 13:15;Carga Geral;Pasta De Celulose;1;;119:10:00;4,97;83;3,57
2025;Santos;BRSSZ;Público;Longo Curso;1605878;9283992;2025-08-04 07:00:00;08/08/2025 10:00;08/08/2025 14:55;11/08/2025 18:20;Granel Sólido;Açúcar;1;;99:00:00;4,13;84;2,91
2025;Santos;BRSSZ;Público;Longo Curso;1605929;9487419;2025-08-04 08:06:00;05/08/2025 19:15;05/08/2025 19:15;10/08/2025 05:20;Granel Sólido;Soja;1;;35:09:00;1,46;84;2,91
2025;Santos;BRSSZ;Público;Longo Curso;1605837;9478860;2025-08-04 10:30:00;04/08/2025 11:05;04/08/2025 13:00;09/08/2025 23:10;Granel Sólido;Adubos (Fertilizantes);1;;0:35:00;0,02;84;2,91
2025;Santos;BRSSZ;Público;Longo Curso;1605897;9363493;2025-08-04 12:45:00;04/08/2025 13:26;04/08/2025 16:30;05/08/2025 20:31;Granel Líquido e Gasoso;Gorduras E Óleos Animais Ou Vegetais;1;;0:41:00;0,03;84;2,91
2025;Santos;BRSSZ;Público;Longo Curso;1605839;1027366;2025-08-04 13:45:00;04/08/2025 14:20;04/08/2025 15:48;08/08/2025 09:50;Carga Geral;Pasta De Celulose;1;;0:35:00;0,02;84;2,91
2025;Santos;BRSSZ;Público;Longo Curso;1605958;9523201;2025-08-04 16:10:00;18/08/2025 23:55;19/08/2025 04:00;20/08/2025 23:55;Granel Sólido;Milho;1;;343:45:00;14,32;84;2,91
2025;Santos;BRSSZ;Público;Cabotagem;1605957;9407354;2025-08-04 17:30:00;07/08/2025 15:23;07/08/2025 18:30;08/08/2025 14:00;Granel Líquido e Gasoso;Petróleo E Derivados (Sem Óleo Bruto);1;;69:53:00;2,91;84;2,91
2025;Santos;BRSSZ;Público;Longo Curso;1605949;9311165;2025-08-04 19:24:00;07/08/2025 22:20;08/08/2025 02:11;11/08/2025 07:10;Granel Sólido;Milho;1;;74:56:00;3,12;84;2,91
2025;Santos;BRSSZ;Público;Longo Curso;1605850;9861469;2025-08-05 08:00:00;16/08/2025 04:10;16/08/2025 04:10;19/08/2025 00:10;Granel Sólido;Resíduos Da Extração Do Óleo De Soja;1;;260:10:00;10,84;84;2,91
2025;Santos;BRSSZ;Público;Longo Curso;1605840;9804899;2025-08-05 09:30:00;05/08/2025 14:15;05/08/2025 14:15;10/08/2025 09:35;Granel Líquido e Gasoso;Etanol Combustível;1;;4:45:00;0,2;84;2,91
2025;Santos;BRSSZ;Público;Cabotagem;1605851;9759264;2025-08-05 09:50:00;05/08/2025 19:30;06/08/2025 09:48;07/08/2025 10:38;Granel Líquido e Gasoso;Gás De Petróleo;1;;9:40:00;0,4;84;2,91
2025;Santos;BRSSZ;Público;Longo Curso;1605956;9760043;2025-08-06 05:06:00;13/08/2025 09:50;13/08/2025 12:25;15/08/2025 20:10;Granel Sólido;Resíduos Da Extração Do Óleo De Soja;1;;172:44:00;7,2;84;2,91
2025;Santos;BRSSZ;Público;Longo Curso;1605805;9493949;2025-08-06 08:00:00;06/08/2025 09:05;06/08/2025 09:36;10/08/2025 15:10;Granel Sólido;Adubos (Fertilizantes);1;;1:05:00;0,05;84;2,91
2025;Santos;BRSSZ;Público;Longo Curso;1605844;9997921;2025-08-06 14:00:00;07/08/2025 18:45;08/08/2025 01:00;10/08/2025 21:10;Carga Geral;Pasta De Celulose;1;;28:45:00;1,2;84;2,91
2025;Santos;BRSSZ;Público;Longo Curso;1605971;9363118;2025-08-06 15:00:00;11/08/2025 07:10;11/08/2025 09:04;12/08/2025 03:15;Granel Sólido;Resíduos Da Extração Do Óleo De Soja;1;;112:10:00;4,67;84;2,91
2025;Santos;BRSSZ;Público;Longo Curso;1605941;9458858;2025-08-06 15:00:00;07/08/2025 13:45;07/08/2025 13:45;10/08/2025 10:30;Granel Líquido e Gasoso;Soda Cáustica;1;;22:45:00;0,95;84;2,91
2025;Santos;BRSSZ;Público;Longo Curso;1606284;9527283;2025-08-06 16:20:00;21/08/2025 19:50;21/08/2025 23:05;28/08/2025 15:43;Granel Sólido;Açúcar;1;;363:30:00;15,15;84;2,91
2025;Santos;BRSSZ;Público;Longo Curso;1605861;9622667;2025-08-07 00:00:00;07/08/2025 01:00;07/08/2025 03:10;08/08/2025 02:12;Granel Sólido;Açúcar;1;;1:00:00;0,04;84;2,91
2025;Santos;BRSSZ;Público;Cabotagem;1606291;9448322;2025-08-07 08:00:00;23/08/2025 18:25;23/08/2025 20:00;25/08/2025 18:20;Granel Líquido e Gasoso;Petróleo E Derivados (Sem Óleo Bruto);1;;394:25:00;16,43;84;2,91
2025;Santos;BRSSZ;Público;Longo Curso;1606288;9701267;2025-08-07 08:36:00;20/08/2025 05:02;20/08/2025 05:02;29/08/2025 17:35;Granel Sólido;Trigo;1;;308:26:00;12,85;84;2,91
2025;Santos;BRSSZ;Público;Longo Curso;1605841;9380764;2025-08-07 10:00:00;07/08/2025 18:15;07/08/2025 18:15;11/08/2025 08:35;Granel Sólido;Produtos Químicos Inorgânicos;1;;8:15:00;0,34;84;2,91
2025;Santos;BRSSZ;Público;Longo Curso;1605872;9968346;2025-08-07 13:00:00;07/08/2025 14:16;07/08/2025 17:30;08/08/2025 19:45;Granel Sólido;Adubos (Fertilizantes);1;;1:16:00;0,05;84;2,91
2025;Santos;BRSSZ;Público;Cabotagem;1605847;9345893;2025-08-07 16:30:00;07/08/2025 22:00;07/08/2025 22:00;10/08/2025 08:35;Granel Líquido e Gasoso;Produtos Químicos Orgânicos;1;;5:30:00;0,23;84;2,91
2025;Santos;BRSSZ;Público;Cabotagem;1605847;9345893;2025-08-07 16:30:00;07/08/2025 22:00;07/08/2025 22:00;10/08/2025 08:35;Granel Líquido e Gasoso;Soda Cáustica;1;;5:30:00;0,23;84;2,91
2025;Santos;BRSSZ;Público;Longo Curso;1605939;9953339;2025-08-07 21:00:00;10/08/2025 01:45;10/08/2025 01:45;21/08/2025 20:55;Granel Sólido;Sal;1;;52:45:00;2,2;84;2,91
2025;Santos;BRSSZ;Público;Longo Curso;1605946;9604794;2025-08-08 01:00:00;09/08/2025 00:20;09/08/2025 08:10;11/08/2025 01:40;Granel Sólido;Adubos (Fertilizantes);1;;23:20:00;0,97;84;2,91
2025;Santos;BRSSZ;Público;Longo Curso;1605823;9749336;2025-08-08 08:30:00;08/08/2025 09:40;08/08/2025 09:40;10/08/2025 08:45;Granel Líquido e Gasoso;Etanol Combustível;1;;1:10:00;0,05;84;2,91
2025;Santos;BRSSZ;Público;Cabotagem;1605938;9660358;2025-08-08 10:30:00;08/08/2025 19:36;08/08/2025 21:00;10/08/2025 19:20;Granel Líquido e Gasoso;Petróleo E Derivados (Sem Óleo Bruto);1;;9:06:00;0,38;84;2,91
2025;Santos;BRSSZ;Público;Longo Curso;1605845;9956422;2025-08-08 12:36:00;08/08/2025 19:11;08/08/2025 19:48;13/08/2025 09:43;Granel Líquido e Gasoso;Etanol Combustível;1;;6:35:00;0,27;84;2,91
2025;Santos;BRSSZ;Público;Longo Curso;1605845;9956422;2025-08-08 12:36:00;08/08/2025 19:11;08/08/2025 19:48;13/08/2025 09:43;Granel Líquido e Gasoso;Produtos Químicos Orgânicos;1;;6:35:00;0,27;84;2,91
2025;Santos;BRSSZ;Público;Longo Curso;1605931;1041374;2025-08-08 14:02:00;10/08/2025 08:50;10/08/2025 08:50;14/08/2025 05:15;Granel Sólido;Soja;1;;42:48:00;1,78;84;2,91
2025;Santos;BRSSZ;Público;Longo Curso;1605934;9638159;2025-08-09 13:00:00;09/08/2025 13:55;09/08/2025 13:55;16/08/2025 21:10;Granel Líquido e Gasoso;Preparações De Frutas;1;;0:55:00;0,04;84;2,91
2025;Santos;BRSSZ;Público;Cabotagem;1605812;9753636;2025-08-09 15:30:00;10/08/2025 13:56;10/08/2025 14:45;13/08/2025 18:06;Granel Líquido e Gasoso;Combustíveis, Óleos E Produtos Minerais;1;;22:26:00;0,93;84;2,91
2025;Santos;BRSSZ;Público;Cabotagem;1605812;9753636;2025-08-09 15:30:00;10/08/2025 13:56;10/08/2025 14:45;13/08/2025 18:06;Granel Líquido e Gasoso;Etanol Combustível;1;;22:26:00;0,93;84;2,91
2025;Santos;BRSSZ;Público;Cabotagem;1605812;9753636;2025-08-09 15:30:00;10/08/2025 13:56;10/08/2025 14:45;13/08/2025 18:06;Granel Líquido e Gasoso;Petróleo E Derivados (Sem Óleo Bruto);1;;22:26:00;0,93;84;2,91
2025;Santos;BRSSZ;Público;Cabotagem;1605812;9753636;2025-08-09 15:30:00;10/08/2025 13:56;10/08/2025 14:45;13/08/2025 18:06;Granel Líquido e Gasoso;Produtos Químicos Orgânicos;1;;22:26:00;0,93;84;2,91
2025;Santos;BRSSZ;Público;Cabotagem;1605812;9753636;2025-08-09 15:30:00;10/08/2025 13:56;10/08/2025 14:45;13/08/2025 18:06;Granel Líquido e Gasoso;Soda Cáustica;1;;22:26:00;0,93;84;2,91
2025;Santos;BRSSZ;Público;Cabotagem;1605965;9431317;2025-08-10 02:12:00;11/08/2025 16:32;11/08/2025 19:00;12/08/2025 16:22;Granel Líquido e Gasoso;Petróleo E Derivados (Sem Óleo Bruto);1;;38:20:00;1,6;84;2,91
2025;Santos;BRSSZ;Público;Longo Curso;1606309;9473420;2025-08-10 10:00:00;23/08/2025 06:53;23/08/2025 10:00;26/08/2025 13:10;Granel Sólido;Açúcar;1;;308:53:00;12,87;84;2,91
2025;Santos;BRSSZ;Público;Longo Curso;1605951;9948841;2025-08-10 14:00:00;12/08/2025 05:30;12/08/2025 07:25;13/08/2025 04:55;Granel Sólido;Resíduos Da Extração Do Óleo De Soja;1;;39:30:00;1,65;84;2,91
2025;Santos;BRSSZ;Público;Longo Curso;1605838;9323053;2025-08-10 22:18:00;11/08/2025 18:10;11/08/2025 21:29;14/08/2025 14:25;Granel Sólido;Resíduos Da Extração Do Óleo De Soja;1;;19:52:00;0,83;84;2,91
2025;Santos;BRSSZ;Público;Longo Curso;1605838;9323053;2025-08-10 22:18:00;11/08/2025 18:10;11/08/2025 21:29;14/08/2025 14:25;Granel Sólido;Soja;1;;19:52:00;0,83;84;2,91
2025;Santos;BRSSZ;Público;Longo Curso;1605961;9230995;2025-08-10 22:40:00;10/08/2025 23:52;10/08/2025 23:59;14/08/2025 07:40;Granel Líquido e Gasoso;Preparações De Frutas;1;;1:12:00;0,05;84;2,91
2025;Santos;BRSSZ;Público;Longo Curso;1605824;9943396;2025-08-11 00:01:00;11/08/2025 01:20;11/08/2025 01:20;15/08/2025 09:42;Granel Líquido e Gasoso;Petróleo E Derivados (Sem Óleo Bruto);1;;1:19:00;0,05;85;3,4
2025;Santos;BRSSZ;Público;Cabotagem;1605848;9403968;2025-08-11 01:40:00;13/08/2025 14:18;13/08/2025 14:18;15/08/2025 15:37;Granel Líquido e Gasoso;Soda Cáustica;1;;60:38:00;2,53;85;3,4
2025;Santos;BRSSZ;Público;Longo Curso;1605853;9404429;2025-08-11 08:48:00;11/08/2025 17:35;11/08/2025 17:35;18/08/2025 17:50;Granel Sólido;Adubos (Fertilizantes);1;;8:47:00;0,37;85;3,4
2025;Santos;BRSSZ;Público;Longo Curso;1605852;9189940;2025-08-11 11:12:00;11/08/2025 11:55;11/08/2025 11:55;14/08/2025 23:30;Granel Sólido;Adubos (Fertilizantes);1;;0:43:00;0,03;85;3,4
2025;Santos;BRSSZ;Público;Longo Curso;1605903;9986922;2025-08-11 16:00:00;17/08/2025 00:06;17/08/2025 03:00;19/08/2025 10:49;Granel Sólido;Soja;1;;128:06:00;5,34;85;3,4
2025;Santos;BRSSZ;Público;Cabotagem;1605977;9489912;2025-08-11 20:00:00;14/08/2025 02:48;14/08/2025 03:55;15/08/2025 04:30;Granel Líquido e Gasoso;Petróleo E Derivados (Sem Óleo Bruto);1;;54:48:00;2,28;85;3,4
2025;Santos;BRSSZ;Público;Longo Curso;1605937;9569968;2025-08-11 22:00:00;11/08/2025 22:59;12/08/2025 02:00;13/08/2025 17:01;Granel Sólido;Adubos (Fertilizantes);1;;0:59:00;0,04;85;3,4
2025;Santos;BRSSZ;Público;Longo Curso;1605940;9838670;2025-08-12 08:15:00;12/08/2025 12:45;12/08/2025 17:35;15/08/2025 04:45;Granel Líquido e Gasoso;Produtos Químicos Inorgânicos;1;;4:30:00;0,19;85;3,4
2025;Santos;BRSSZ;Público;Longo Curso;1605846;9976422;2025-08-13 09:00:00;13/08/2025 20:50;14/08/2025 01:15;15/08/2025 00:10;Carga Geral;Pasta De Celulose;1;;11:50:00;0,49;85;3,4
2025;Santos;BRSSZ;Público;Longo Curso;1605967;9942110;2025-08-13 10:00:00;14/08/2025 11:50;14/08/2025 13:25;16/08/2025 21:37;Granel Sólido;Açúcar;1;;25:50:00;1,08;85;3,4
2025;Santos;BRSSZ;Público;Cabotagem;1605978;9660358;2025-08-13 22:25:00;13/08/2025 23:55;14/08/2025 01:00;16/08/2025 16:30;Granel Líquido e Gasoso;Petróleo E Derivados (Sem Óleo Bruto);1;;1:30:00;0,06;85;3,4
2025;Santos;BRSSZ;Público;Longo Curso;1605859;9821859;2025-08-14 03:00:00;14/08/2025 14:25;14/08/2025 14:42;16/08/2025 07:30;Granel Líquido e Gasoso;Adubos (Fertilizantes);1;;11:25:00;0,48;85;3,4
2025;Santos;BRSSZ;Público;Longo Curso;1605859;9821859;2025-08-14 03:00:00;14/08/2025 14:25;14/08/2025 14:42;16/08/2025 07:30;Granel Líquido e Gasoso;Soda Cáustica;1;;11:25:00;0,48;85;3,4
2025;Santos;BRSSZ;Público;Longo Curso;1606289;9553141;2025-08-14 08:32:00;17/08/2025 00:25;17/08/2025 03:10;22/08/2025 15:40;Granel Sólido;Trigo;1;;63:53:00;2,66;85;3,4
2025;Santos;BRSSZ;Público;Longo Curso;1605979;9242089;2025-08-14 09:00:00;14/08/2025 12:59;14/08/2025 13:05;17/08/2025 08:16;Granel Líquido e Gasoso;Preparações De Frutas;1;;3:59:00;0,17;85;3,4
2025;Santos;BRSSZ;Público;Longo Curso;1605953;9493535;2025-08-14 12:00:00;17/08/2025 05:35;17/08/2025 07:56;19/08/2025 09:30;Granel Sólido;Milho;1;;65:35:00;2,73;85;3,4
2025;Santos;BRSSZ;Público;Longo Curso;1605858;9919668;2025-08-14 14:00:00;21/08/2025 07:32;21/08/2025 09:40;22/08/2025 14:45;Granel Sólido;Açúcar;1;;161:32:00;6,73;85;3,4
2025;Santos;BRSSZ;Público;Longo Curso;1605972;9459022;2025-08-14 17:00:00;15/08/2025 09:15;15/08/2025 09:15;17/08/2025 22:40;Granel Líquido e Gasoso;Soda Cáustica;1;;16:15:00;0,68;85;3,4
2025;Santos;BRSSZ;Público;Cabotagem;1605973;9312444;2025-08-15 01:00:00;16/08/2025 19:50;16/08/2025 21:06;19/08/2025 05:54;Granel Líquido e Gasoso;Petróleo E Derivados (Sem Óleo Bruto);1;;42:50:00;1,78;85;3,4
2025;Santos;BRSSZ;Público;Longo Curso;1605857;9989223;2025-08-15 04:00:00;15/08/2025 12:50;15/08/2025 12:50;16/08/2025 15:45;Granel Líquido e Gasoso;Produtos Químicos Orgânicos;1;;8:50:00;0,37;85;3,4
2025;Santos;BRSSZ;Público;Longo Curso;1606302;9885910;2025-08-15 06:30:00;25/08/2025 18:05;26/08/2025 01:00;30/08/2025 18:00;Granel Sólido;Açúcar;1;;251:35:00;10,48;85;3,4
2025;Santos;BRSSZ;Público;Longo Curso;1605849;9998092;2025-08-15 08:00:00;15/08/2025 09:20;15/08/2025 13:00;18/08/2025 16:20;Carga Geral;Pasta De Celulose;1;;1:20:00;0,06;85;3,4
2025;Santos;BRSSZ;Público;Longo Curso;1606305;9845271;2025-08-15 17:00:00;21/08/2025 03:30;21/08/2025 03:30;23/08/2025 03:30;Granel Sólido;Resíduos Da Extração Do Óleo De Soja;1;;130:30:00;5,44;85;3,4
2025;Santos;BRSSZ;Público;Cabotagem;1605966;9431317;2025-08-15 18:00:00;15/08/2025 19:14;15/08/2025 22:54;17/08/2025 18:30;Granel Líquido e Gasoso;Petróleo E Derivados (Sem Óleo Bruto);1;;1:14:00;0,05;85;3,4
2025;Santos;BRSSZ;Público;Longo Curso;1606304;9449247;2025-08-15 18:30:00;23/08/2025 09:15;23/08/2025 09:15;27/08/2025 13:30;Granel Sólido;Resíduos Da Extração Do Óleo De Soja;1;;182:45:00;7,61;85;3,4
2025;Santos;BRSSZ;Público;Longo Curso;1605904;9454280;2025-08-15 19:00:00;15/08/2025 20:05;15/08/2025 22:15;17/08/2025 10:40;Granel Sólido;Açúcar;1;;1:05:00;0,05;85;3,4
2025;Santos;BRSSZ;Público;Longo Curso;1606298;9852808;2025-08-16 06:00:00;24/08/2025 17:50;24/08/2025 19:00;29/08/2025 03:35;Granel Sólido;Açúcar;1;;203:50:00;8,49;85;3,4
2025;Santos;BRSSZ;Público;Longo Curso;1606259;9272668;2025-08-16 07:12:00;20/08/2025 17:20;20/08/2025 17:20;25/08/2025 02:10;Granel Líquido e Gasoso;Plásticos E Suas Obras;1;;106:08:00;4,42;85;3,4
2025;Santos;BRSSZ;Público;Longo Curso;1606259;9272668;2025-08-16 07:12:00;20/08/2025 17:20;20/08/2025 17:20;25/08/2025 02:10;Granel Líquido e Gasoso;Produtos Químicos Orgânicos;1;;106:08:00;4,42;85;3,4
2025;Santos;BRSSZ;Público;Longo Curso;1617106;9401518;2025-08-16 10:30:00;01/09/2025 10:20;01/09/2025 10:20;03/09/2025 11:55;Granel Sólido;Soja;1;;383:50:00;15,99;85;3,4
2025;Santos;BRSSZ;Público;Longo Curso;1605860;9881677;2025-08-16 10:36:00;18/08/2025 18:10;18/08/2025 19:00;23/08/2025 00:10;Carga Geral;Pasta De Celulose;1;;55:34:00;2,32;85;3,4
2025;Santos;BRSSZ;Público;Longo Curso;1605816;9989223;2025-08-16 15:45:00;16/08/2025 16:20;16/08/2025 16:20;19/08/2025 14:15;Granel Líquido e Gasoso;Produtos Químicos Orgânicos;1;;0:35:00;0,02;85;3,4
2025;Santos;BRSSZ;Público;Longo Curso;1606283;9641364;2025-08-16 16:30:00;22/08/2025 18:43;22/08/2025 20:35;24/08/2025 14:08;Granel Sólido;Açúcar;1;;146:13:00;6,09;85;3,4
2025;Santos;BRSSZ;Público;Longo Curso;1605974;9731729;2025-08-16 19:27:00;17/08/2025 06:12;17/08/2025 06:12;20/08/2025 18:12;Granel Líquido e Gasoso;Gorduras E Óleos Animais Ou Vegetais;1;;10:45:00;0,45;85;3,4
2025;Santos;BRSSZ;Público;Longo Curso;1605928;9731729;2025-08-16 19:27:00;16/08/2025 20:50;17/08/2025 01:50;17/08/2025 06:11;Granel Líquido e Gasoso;Produtos Diversos Da Indústria Química;1;;1:23:00;0,06;85;3,4
2025;Santos;BRSSZ;Público;Longo Curso;1617117;9919929;2025-08-17 06:00:00;02/09/2025 19:00;02/09/2025 19:00;05/09/2025 14:25;Granel Sólido;Milho;1;;397:00:00;16,54;85;3,4
2025;Santos;BRSSZ;Público;Longo Curso;1606273;9335824;2025-08-17 08:30:00;20/08/2025 21:10;20/08/2025 21:10;25/08/2025 17:50;Granel Líquido e Gasoso;Gorduras E Óleos Animais Ou Vegetais;1;;84:40:00;3,53;85;3,4
2025;Santos;BRSSZ;Público;Cabotagem;1606313;9391361;2025-08-17 08:30:00;17/08/2025 20:04;17/08/2025 22:24;19/08/2025 15:45;Granel Líquido e Gasoso;Petróleo E Derivados (Sem Óleo Bruto);1;;11:34:00;0,48;85;3,4
2025;Santos;BRSSZ;Público;Longo Curso;1606295;9568500;2025-08-17 10:18:00;25/08/2025 11:45;25/08/2025 15:55;28/08/2025 01:50;Granel Líquido e Gasoso;Produtos Químicos Orgânicos;1;;193:27:00;8,06;85;3,4
2025;Santos;BRSSZ;Público;Longo Curso;1605964;9593749;2025-08-17 13:00:00;19/08/2025 09:45;19/08/2025 16:35;22/08/2025 11:15;Granel Sólido;Soja;1;;44:45:00;1,86;85;3,4
2025;Santos;BRSSZ;Público;Longo Curso;1617088;9996939;2025-08-17 22:39:00;01/09/2025 09:55;01/09/2025 14:00;02/09/2025 03:55;Granel Sólido;Açúcar;1;;347:16:00;14,47;85;3,4
2025;Santos;BRSSZ;Público;Longo Curso;1605910;9708320;2025-08-18 02:53:00;18/08/2025 03:47;18/08/2025 19:00;20/08/2025 23:24;Granel Sólido;Adubos (Fertilizantes);1;;0:54:00;0,04;86;3,3
2025;Santos;BRSSZ;Público;Longo Curso;1606303;9591088;2025-08-18 11:00:00;27/08/2025 15:50;27/08/2025 15:50;29/08/2025 23:45;Granel Sólido;Resíduos Da Extração Do Óleo De Soja;1;;220:50:00;9,2;86;3,3
2025;Santos;BRSSZ;Público;Longo Curso;1606290;9529530;2025-08-18 11:10:00;18/08/2025 11:30;18/08/2025 11:42;23/08/2025 09:10;Granel Sólido;Produtos Químicos Inorgânicos;1;;0:20:00;0,01;86;3,3
2025;Santos;BRSSZ;Público;Longo Curso;1606310;9633408;2025-08-18 11:30:00;23/08/2025 21:20;24/08/2025 02:48;29/08/2025 18:30;Granel Sólido;Resíduos Da Extração Do Óleo De Soja;1;;129:50:00;5,41;86;3,3
2025;Santos;BRSSZ;Público;Longo Curso;1606272;9363780;2025-08-18 18:48:00;19/08/2025 08:42;19/08/2025 08:42;23/08/2025 15:10;Granel Líquido e Gasoso;Petróleo E Derivados (Sem Óleo Bruto);1;;13:54:00;0,58;86;3,3
2025;Santos;BRSSZ;Público;Longo Curso;1606316;9640358;2025-08-19 04:06:00;22/08/2025 18:33;22/08/2025 18:45;24/08/2025 21:43;Carga Geral;Móveis;1;;86:27:00;3,6;86;3,3
2025;Santos;BRSSZ;Público;Longo Curso;1605886;9628946;2025-08-19 06:50:00;19/08/2025 07:32;19/08/2025 13:00;21/08/2025 16:11;Granel Sólido;Açúcar;1;;0:42:00;0,03;86;3,3
2025;Santos;BRSSZ;Público;Longo Curso;1605922;9953353;2025-08-19 07:30:00;19/08/2025 08:30;19/08/2025 12:08;20/08/2025 17:50;Granel Sólido;Açúcar;1;;1:00:00;0,04;86;3,3
2025;Santos;BRSSZ;Público;Longo Curso;1605959;9687083;2025-08-19 09:30:00;19/08/2025 22:45;20/08/2025 02:00;21/08/2025 04:15;Granel Sólido;Açúcar;1;;13:15:00;0,55;86;3,3
2025;Santos;BRSSZ;Público;Longo Curso;1606266;9168635;2025-08-19 09:50:00;19/08/2025 14:30;19/08/2025 14:30;20/08/2025 22:05;Granel Líquido e Gasoso;Produtos Químicos Orgânicos;1;;4:40:00;0,19;86;3,3
2025;Santos;BRSSZ;Público;Longo Curso;1606260;9412737;2025-08-19 10:30:00;19/08/2025 18:40;19/08/2025 18:40;22/08/2025 08:00;Granel Líquido e Gasoso;Produtos Químicos Orgânicos;1;;8:10:00;0,34;86;3,3
2025;Santos;BRSSZ;Público;Longo Curso;1606260;9412737;2025-08-19 10:30:00;19/08/2025 18:40;19/08/2025 18:40;22/08/2025 08:00;Granel Líquido e Gasoso;Petróleo E Derivados (Sem Óleo Bruto);1;;8:10:00;0,34;86;3,3
2025;Santos;BRSSZ;Público;Longo Curso;1606260;9412737;2025-08-19 10:30:00;19/08/2025 18:40;19/08/2025 18:40;22/08/2025 08:00;Granel Líquido e Gasoso;Etanol Combustível;1;;8:10:00;0,34;86;3,3
2025;Santos;BRSSZ;Público;Cabotagem;1606300;9539597;2025-08-19 18:48:00;29/08/2025 08:50;29/08/2025 14:30;31/08/2025 00:30;Granel Líquido e Gasoso;Petróleo E Derivados (Sem Óleo Bruto);1;;230:02:00;9,58;86;3,3
2025;Santos;BRSSZ;Público;Cabotagem;1617110;9576832;2025-08-19 21:54:00;31/08/2025 02:08;31/08/2025 07:36;01/09/2025 12:20;Granel Líquido e Gasoso;Petróleo E Derivados (Sem Óleo Bruto);1;;268:14:00;11,18;86;3,3
2025;Santos;BRSSZ;Público;Cabotagem;1606315;9464039;2025-08-20 02:54:00;25/08/2025 10:00;25/08/2025 15:35;29/08/2025 04:55;Granel Sólido;Sal;1;;127:06:00;5,3;86;3,3
2025;Santos;BRSSZ;Público;Longo Curso;1606311;9547714;2025-08-20 03:30:00;20/08/2025 07:50;20/08/2025 10:10;23/08/2025 09:48;Granel Líquido e Gasoso;Petróleo E Derivados (Sem Óleo Bruto);1;;4:20:00;0,18;86;3,3
2025;Santos;BRSSZ;Público;Longo Curso;1617121;9861471;2025-08-20 07:00:00;30/08/2025 02:40;30/08/2025 02:40;01/09/2025 02:35;Granel Sólido;Resíduos Da Extração Do Óleo De Soja;1;;235:40:00;9,82;86;3,3
2025;Santos;BRSSZ;Público;Longo Curso;1606277;9663740;2025-08-20 08:00:00;20/08/2025 08:58;20/08/2025 09:05;23/08/2025 15:11;Granel Líquido e Gasoso;Preparações De Frutas;1;;0:58:00;0,04;86;3,3
2025;Santos;BRSSZ;Público;Cabotagem;1606314;9458157;2025-08-20 09:18:00;26/08/2025 22:45;27/08/2025 11:06;29/08/2025 06:22;Granel Líquido e Gasoso;Gás De Petróleo;1;;157:27:00;6,56;86;3,3
2025;Santos;BRSSZ;Público;Longo Curso;1617109;9777424;2025-08-20 19:24:00;01/09/2025 13:50;01/09/2025 13:50;03/09/2025 23:40;Granel Líquido e Gasoso;Óleo De Palma;1;;282:26:00;11,77;86;3,3
2025;Santos;BRSSZ;Público;Cabotagem;1606318;9489912;2025-08-21 15:00:00;23/08/2025 21:30;23/08/2025 23:00;25/08/2025 13:02;Granel Líquido e Gasoso;Petróleo E Derivados (Sem Óleo Bruto);1;;54:30:00;2,27;86;3,3
2025;Santos;BRSSZ;Público;Longo Curso;1606292;9375941;2025-08-21 18:30:00;21/08/2025 19:50;22/08/2025 01:00;23/08/2025 02:00;Granel Sólido;Açúcar;1;;1:20:00;0,06;86;3,3
2025;Santos;BRSSZ;Público;Longo Curso;1606293;9880295;2025-08-21 23:50:00;22/08/2025 01:04;22/08/2025 09:48;24/08/2025 09:55;Granel Sólido;Adubos (Fertilizantes);1;;1:14:00;0,05;86;3,3
2025;Santos;BRSSZ;Público;Longo Curso;1606282;9763045;2025-08-22 03:00:00;25/08/2025 16:20;26/08/2025 04:24;27/08/2025 07:45;Granel Líquido e Gasoso;Gás De Petróleo;1;;85:20:00;3,56;86;3,3
2025;Santos;BRSSZ;Público;Longo Curso;1606321;9669330;2025-08-22 04:30:00;28/08/2025 19:05;28/08/2025 21:16;31/08/2025 10:15;Granel Sólido;Milho;1;;158:35:00;6,61;86;3,3
2025;Santos;BRSSZ;Público;Longo Curso;1617032;9188908;2025-08-22 10:00:00;22/08/2025 10:55;22/08/2025 10:55;10/09/2025 05:00;Granel Sólido;Adubos (Fertilizantes);1;;0:55:00;0,04;86;3,3
2025;Santos;BRSSZ;Público;Longo Curso;1606275;9660059;2025-08-22 10:30:00;22/08/2025 19:20;22/08/2025 21:13;25/08/2025 11:40;Granel Sólido;Trigo;1;;8:50:00;0,37;86;3,3
2025;Santos;BRSSZ;Público;Longo Curso;1606299;9768019;2025-08-22 15:20:00;22/08/2025 19:55;22/08/2025 21:42;28/08/2025 15:10;Granel Sólido;Resíduos Da Extração Do Óleo De Soja;1;;4:35:00;0,19;86;3,3
2025;Santos;BRSSZ;Público;Longo Curso;1606319;9792008;2025-08-22 23:00:00;23/08/2025 06:50;23/08/2025 07:15;24/08/2025 14:30;Granel Líquido e Gasoso;Produtos Químicos Orgânicos;1;;7:50:00;0,33;86;3,3
2025;Santos;BRSSZ;Público;Longo Curso;1617116;9603283;2025-08-23 10:00:00;01/09/2025 11:30;01/09/2025 14:01;04/09/2025 01:30;Granel Sólido;Resíduos Da Extração Do Óleo De Soja;1;;217:30:00;9,06;86;3,3
2025;Santos;BRSSZ;Público;Longo Curso;1617131;9626663;2025-08-23 11:00:00;03/09/2025 16:45;03/09/2025 16:45;05/09/2025 20:00;Granel Sólido;Resíduos Da Extração Do Óleo De Soja;1;;269:45:00;11,24;86;3,3
2025;Santos;BRSSZ;Público;Cabotagem;1606294;9797266;2025-08-23 15:30:00;23/08/2025 18:15;24/08/2025 08:40;25/08/2025 03:40;Granel Líquido e Gasoso;Petróleo E Derivados (Sem Óleo Bruto);1;;2:45:00;0,11;86;3,3
2025;Santos;BRSSZ;Público;Longo Curso;1606274;9976496;2025-08-25 01:58:00;25/08/2025 02:45;25/08/2025 07:18;28/08/2025 15:35;Carga Geral;Pasta De Celulose;1;;0:47:00;0,03;87;3,65
2025;Santos;BRSSZ;Público;Longo Curso;1606261;9272668;2025-08-25 02:10:00;25/08/2025 03:10;25/08/2025 03:30;26/08/2025 05:45;Granel Líquido e Gasoso;Produtos Químicos Orgânicos;1;;1:00:00;0,04;87;3,65
2025;Santos;BRSSZ;Público;Longo Curso;1617118;9838670;2025-08-25 03:24:00;01/09/2025 19:40;01/09/2025 19:40;05/09/2025 09:15;Granel Líquido e Gasoso;Etanol Combustível;1;;184:16:00;7,68;87;3,65
2025;Santos;BRSSZ;Público;Cabotagem;1617134;9431317;2025-08-25 14:15:00;08/09/2025 00:27;08/09/2025 01:35;09/09/2025 09:00;Granel Líquido e Gasoso;Petróleo E Derivados (Sem Óleo Bruto);1;;322:12:00;13,43;87;3,65
2025;Santos;BRSSZ;Público;Longo Curso;1606256;9168635;2025-08-25 18:15:00;25/08/2025 19:45;25/08/2025 19:45;29/08/2025 23:45;Granel Líquido e Gasoso;Produtos Químicos Orgânicos;1;;1:30:00;0,06;87;3,65
2025;Santos;BRSSZ;Público;Longo Curso;1606256;9168635;2025-08-25 18:15:00;25/08/2025 19:45;25/08/2025 19:45;29/08/2025 23:45;Granel Líquido e Gasoso;Produtos Diversos Da Indústria Química;1;;1:30:00;0,06;87;3,65
2025;Santos;BRSSZ;Público;Longo Curso;1606256;9168635;2025-08-25 18:15:00;25/08/2025 19:45;25/08/2025 19:45;29/08/2025 23:45;Granel Líquido e Gasoso;Combustíveis, Óleos E Produtos Minerais;1;;1:30:00;0,06;87;3,65
2025;Santos;BRSSZ;Público;Longo Curso;1606256;9168635;2025-08-25 18:15:00;25/08/2025 19:45;25/08/2025 19:45;29/08/2025 23:45;Granel Líquido e Gasoso;Petróleo E Derivados (Sem Óleo Bruto);1;;1:30:00;0,06;87;3,65
2025;Santos;BRSSZ;Público;Longo Curso;1606256;9168635;2025-08-25 18:15:00;25/08/2025 19:45;25/08/2025 19:45;29/08/2025 23:45;Granel Líquido e Gasoso;Plásticos E Suas Obras;1;;1:30:00;0,06;87;3,65
2025;Santos;BRSSZ;Público;Longo Curso;1606276;9866770;2025-08-25 20:00:00;25/08/2025 21:20;25/08/2025 21:20;26/08/2025 18:05;Granel Líquido e Gasoso;Gorduras E Óleos Animais Ou Vegetais;1;;1:20:00;0,06;87;3,65
2025;Santos;BRSSZ;Público;Longo Curso;1606322;9565637;2025-08-25 20:08:00;25/08/2025 21:13;25/08/2025 21:13;29/08/2025 22:52;Granel Líquido e Gasoso;Etanol Combustível;1;;1:05:00;0,05;87;3,65
2025;Santos;BRSSZ;Público;Longo Curso;1618817;9959462;2025-08-25 20:36:00;10/09/2025 13:30;10/09/2025 15:00;13/09/2025 09:20;Granel Sólido;Trigo;1;;376:54:00;15,7;87;3,65
2025;Santos;BRSSZ;Público;Longo Curso;1617120;9640592;2025-08-25 21:08:00;25/08/2025 22:25;25/08/2025 22:25;08/09/2025 17:50;Granel Sólido;Adubos (Fertilizantes);1;;1:17:00;0,05;87;3,65
2025;Santos;BRSSZ;Público;Longo Curso;1617128;9732694;2025-08-26 01:00:00;31/08/2025 19:35;31/08/2025 21:24;02/09/2025 02:20;Granel Líquido e Gasoso;Petróleo E Derivados (Sem Óleo Bruto);1;;138:35:00;5,77;87;3,65
2025;Santos;BRSSZ;Público;Longo Curso;1617102;9951783;2025-08-26 05:15:00;29/08/2025 09:00;29/08/2025 12:05;01/09/2025 06:20;Granel Sólido;Soja;1;;75:45:00;3,16;87;3,65
2025;Santos;BRSSZ;Público;Longo Curso;1617139;9931537;2025-08-26 06:12:00;10/09/2025 16:05;10/09/2025 16:05;11/09/2025 15:55;Granel Sólido;Resíduos Da Extração Do Óleo De Soja;1;;369:53:00;15,41;87;3,65
2025;Santos;BRSSZ;Público;Longo Curso;1606262;9725859;2025-08-26 10:00:00;26/08/2025 12:15;26/08/2025 12:15;28/08/2025 23:15;Granel Líquido e Gasoso;Petróleo E Derivados (Sem Óleo Bruto);1;;2:15:00;0,09;87;3,65
2025;Santos;BRSSZ;Público;Longo Curso;1606262;9725859;2025-08-26 10:00:00;26/08/2025 12:15;26/08/2025 12:15;28/08/2025 23:15;Granel Líquido e Gasoso;Produtos Químicos Orgânicos;1;;2:15:00;0,09;87;3,65
2025;Santos;BRSSZ;Público;Longo Curso;1617130;9330329;2025-08-26 13:15:00;29/08/2025 21:25;30/08/2025 03:10;01/09/2025 04:15;Granel Sólido;Milho;1;;80:10:00;3,34;87;3,65
2025;Santos;BRSSZ;Público;Longo Curso;1617060;9589762;2025-08-26 14:30:00;26/08/2025 18:00;26/08/2025 18:00;09/09/2025 12:40;Granel Sólido;Adubos (Fertilizantes);1;;3:30:00;0,15;87;3,65
2025;Santos;BRSSZ;Público;Cabotagem;1617141;9390020;2025-08-27 00:18:00;04/09/2025 07:30;04/09/2025 07:30;06/09/2025 07:32;Granel Líquido e Gasoso;Petróleo E Derivados (Sem Óleo Bruto);1;;199:12:00;8,3;87;3,65
2025;Santos;BRSSZ;Público;Longo Curso;1617026;9746009;2025-08-27 02:54:00;09/09/2025 16:15;09/09/2025 16:15;18/09/2025 16:40;Granel Sólido;Adubos (Fertilizantes);1;;325:21:00;13,56;87;3,65
2025;Santos;BRSSZ;Público;Longo Curso;1606324;9735452;2025-08-27 05:00:00;27/08/2025 09:40;27/08/2025 10:05;30/08/2025 20:30;Granel Líquido e Gasoso;Preparações De Frutas;1;;4:40:00;0,19;87;3,65
2025;Santos;BRSSZ;Público;Cabotagem;1606278;9538153;2025-08-27 05:36:00;28/08/2025 19:20;28/08/2025 20:42;31/08/2025 10:48;Granel Líquido e Gasoso;Petróleo E Derivados (Sem Óleo Bruto);1;;37:44:00;1,57;87;3,65
2025;Santos;BRSSZ;Público;Cabotagem;1617115;9794446;2025-08-27 08:30:00;03/09/2025 21:55;03/09/2025 23:36;06/09/2025 20:25;Granel Líquido e Gasoso;Petróleo E Derivados (Sem Óleo Bruto);1;;181:25:00;7,56;87;3,65
2025;Santos;BRSSZ;Público;Longo Curso;1606312;9547714;2025-08-27 10:00:00;27/08/2025 11:32;27/08/2025 14:18;28/08/2025 16:05;Granel Líquido e Gasoso;Petróleo E Derivados (Sem Óleo Bruto);1;;1:32:00;0,06;87;3,65
2025;Santos;BRSSZ;Público;Longo Curso;1617137;9568562;2025-08-27 10:00:00;31/08/2025 20:00;31/08/2025 23:36;02/09/2025 19:55;Granel Sólido;Milho;1;;106:00:00;4,42;87;3,65
2025;Santos;BRSSZ;Público;Longo Curso;1606326;9275141;2025-08-27 10:30:00;27/08/2025 16:10;27/08/2025 16:10;31/08/2025 21:45;Granel Sólido;Milho;1;;5:40:00;0,24;87;3,65
2025;Santos;BRSSZ;Público;Longo Curso;1617129;9379648;2025-08-27 14:30:00;27/08/2025 18:35;27/08/2025 18:35;08/09/2025 23:35;Granel Sólido;Adubos (Fertilizantes);1;;4:05:00;0,17;87;3,65
2025;Santos;BRSSZ;Público;Longo Curso;1617155;9294484;2025-08-28 01:30:00;10/09/2025 01:00;10/09/2025 01:00;11/09/2025 18:40;Granel Sólido;Milho;1;;311:30:00;12,98;87;3,65
2025;Santos;BRSSZ;Público;Longo Curso;1617124;9143207;2025-08-28 03:36:00;05/09/2025 04:15;05/09/2025 17:40;07/09/2025 09:15;Granel Líquido e Gasoso;Soda Cáustica;1;;192:39:00;8,03;87;3,65
2025;Santos;BRSSZ;Público;Longo Curso;1606265;9412737;2025-08-28 06:30:00;28/08/2025 07:35;28/08/2025 07:35;31/08/2025 02:40;Granel Líquido e Gasoso;Produtos Químicos Orgânicos;1;;1:05:00;0,05;87;3,65
2025;Santos;BRSSZ;Público;Longo Curso;1606265;9412737;2025-08-28 06:30:00;28/08/2025 07:35;28/08/2025 07:35;31/08/2025 02:40;Granel Líquido e Gasoso;Gorduras E Óleos Animais Ou Vegetais;1;;1:05:00;0,05;87;3,65
2025;Santos;BRSSZ;Público;Longo Curso;1606265;9412737;2025-08-28 06:30:00;28/08/2025 07:35;28/08/2025 07:35;31/08/2025 02:40;Granel Líquido e Gasoso;Produtos Químicos Inorgânicos;1;;1:05:00;0,05;87;3,65
2025;Santos;BRSSZ;Público;Cabotagem;1617160;9448322;2025-08-28 07:00:00;06/09/2025 23:54;07/09/2025 00:48;07/09/2025 20:55;Granel Líquido e Gasoso;Petróleo E Derivados (Sem Óleo Bruto);1;;232:54:00;9,7;87;3,65
2025;Santos;BRSSZ;Público;Longo Curso;1606328;9968487;2025-08-28 09:00:00;29/08/2025 08:40;29/08/2025 11:40;31/08/2025 14:05;Granel Sólido;Adubos (Fertilizantes);1;;23:40:00;0,99;87;3,65
2025;Santos;BRSSZ;Público;Cabotagem;1617133;9660358;2025-08-28 18:00:00;06/09/2025 10:40;06/09/2025 13:18;08/09/2025 05:30;Granel Líquido e Gasoso;Petróleo E Derivados (Sem Óleo Bruto);1;;208:40:00;8,69;87;3,65
2025;Santos;BRSSZ;Público;Longo Curso;1617091;9813101;2025-08-28 18:00:00;28/08/2025 19:05;28/08/2025 21:00;01/09/2025 02:47;Granel Sólido;Açúcar;1;;1:05:00;0,05;87;3,65
2025;Santos;BRSSZ;Público;Longo Curso;1617063;9392092;2025-08-29 01:00:00;29/08/2025 02:55;29/08/2025 03:00;05/09/2025 03:40;Granel Sólido;Adubos (Fertilizantes);1;;1:55:00;0,08;87;3,65
2025;Santos;BRSSZ;Público;Longo Curso;1606320;9644524;2025-08-29 04:06:00;29/08/2025 09:13;29/08/2025 13:00;30/08/2025 01:28;Carga Geral;Pasta De Celulose;1;;5:07:00;0,21;87;3,65
2025;Santos;BRSSZ;Público;Longo Curso;1606323;9767235;2025-08-29 10:00:00;29/08/2025 10:45;29/08/2025 10:45;31/08/2025 12:40;Granel Líquido e Gasoso;Produtos Químicos Orgânicos;1;;0:45:00;0,03;87;3,65
2025;Santos;BRSSZ;Público;Longo Curso;1617153;9767235;2025-08-29 10:00:00;07/09/2025 15:20;07/09/2025 15:20;09/09/2025 10:00;Granel Líquido e Gasoso;Etanol Combustível;1;;221:20:00;9,22;87;3,65
2025;Santos;BRSSZ;Público;Longo Curso;1617152;9423360;2025-08-29 14:00:00;06/09/2025 07:38;06/09/2025 12:43;10/09/2025 13:50;Granel Sólido;Soja;1;;185:38:00;7,73;87;3,65
2025;Santos;BRSSZ;Público;Longo Curso;1606268;9955428;2025-08-29 15:12:00;30/08/2025 00:10;30/08/2025 00:10;31/08/2025 12:20;Granel Líquido e Gasoso;Produtos Químicos Orgânicos;1;;8:58:00;0,37;87;3,65
2025;Santos;BRSSZ;Público;Cabotagem;1617095;9413523;2025-08-29 16:24:00;02/09/2025 05:10;02/09/2025 07:18;03/09/2025 18:55;Granel Líquido e Gasoso;Petróleo E Derivados (Sem Óleo Bruto);1;;84:46:00;3,53;87;3,65
2025;Santos;BRSSZ;Público;Longo Curso;1617158;9661091;2025-08-29 16:42:00;11/09/2025 01:45;11/09/2025 06:06;12/09/2025 20:30;Granel Sólido;Soja;1;;297:03:00;12,38;87;3,65
2025;Santos;BRSSZ;Público;Longo Curso;1617044;9993872;2025-08-29 17:30:00;09/09/2025 12:35;09/09/2025 12:35;11/09/2025 21:45;Granel Líquido e Gasoso;Petróleo E Derivados (Sem Óleo Bruto);1;;259:05:00;10,8;87;3,65
2025;Santos;BRSSZ;Público;Longo Curso;1617093;9729312;2025-08-29 21:30:00;29/08/2025 22:20;30/08/2025 03:00;01/09/2025 11:00;Granel Sólido;Milho;1;;0:50:00;0,03;87;3,65
2025;Santos;BRSSZ;Público;Longo Curso;1617065;9976408;2025-08-30 01:30:00;30/08/2025 01:55;30/08/2025 07:00;01/09/2025 02:40;Carga Geral;Pasta De Celulose;1;;0:25:00;0,02;87;3,65
2025;Santos;BRSSZ;Público;Longo Curso;1617054;9317858;2025-08-30 01:30:00;30/08/2025 02:45;30/08/2025 11:30;03/09/2025 03:05;Granel Líquido e Gasoso;Etanol Combustível;1;;1:15:00;0,05;87;3,65
2025;Santos;BRSSZ;Público;Longo Curso;1617140;9705744;2025-08-30 03:06:00;07/09/2025 14:40;08/09/2025 01:00;09/09/2025 04:05;Granel Líquido e Gasoso;Produtos Químicos Orgânicos;1;;203:34:00;8,48;87;3,65
2025;Santos;BRSSZ;Público;Longo Curso;1617147;9617997;2025-08-30 13:00:00;01/09/2025 15:50;01/09/2025 18:39;03/09/2025 17:25;Granel Sólido;Milho;1;;50:50:00;2,12;87;3,65
2025;Santos;BRSSZ;Público;Longo Curso;1617064;1051109;2025-08-30 17:18:00;01/09/2025 09:25;01/09/2025 13:15;05/09/2025 16:10;Carga Geral;Pasta De Celulose;1;;40:07:00;1,67;87;3,65
2025;Santos;BRSSZ;Público;Longo Curso;1617061;9792008;2025-08-31 02:30:00;31/08/2025 04:05;31/08/2025 06:45;01/09/2025 16:10;Granel Líquido e Gasoso;Plásticos E Suas Obras;1;;1:35:00;0,07;87;3,65
2025;Santos;BRSSZ;Público;Longo Curso;1617061;9792008;2025-08-31 02:30:00;31/08/2025 04:05;31/08/2025 06:45;01/09/2025 16:10;Granel Líquido e Gasoso;Produtos Químicos Orgânicos;1;;1:35:00;0,07;87;3,65
2025;Santos;BRSSZ;Público;Longo Curso;1617031;9615157;2025-08-31 02:59:00;31/08/2025 04:14;31/08/2025 04:14;04/09/2025 03:14;Granel Sólido;Adubos (Fertilizantes);1;;1:15:00;0,05;87;3,65
2025;Santos;BRSSZ;Público;Cabotagem;1617036;9753636;2025-08-31 05:50:00;31/08/2025 21:09;31/08/2025 21:45;04/09/2025 20:14;Granel Líquido e Gasoso;Combustíveis, Óleos E Produtos Minerais;1;;15:19:00;0,64;87;3,65
2025;Santos;BRSSZ;Público;Cabotagem;1617036;9753636;2025-08-31 05:50:00;31/08/2025 21:09;31/08/2025 21:45;04/09/2025 20:14;Granel Líquido e Gasoso;Etanol Combustível;1;;15:19:00;0,64;87;3,65
2025;Santos;BRSSZ;Público;Cabotagem;1617036;9753636;2025-08-31 05:50:00;31/08/2025 21:09;31/08/2025 21:45;04/09/2025 20:14;Granel Líquido e Gasoso;Petróleo E Derivados (Sem Óleo Bruto);1;;15:19:00;0,64;87;3,65
2025;Santos;BRSSZ;Público;Cabotagem;1617036;9753636;2025-08-31 05:50:00;31/08/2025 21:09;31/08/2025 21:45;04/09/2025 20:14;Granel Líquido e Gasoso;Produtos Químicos Orgânicos;1;;15:19:00;0,64;87;3,65
2025;Santos;BRSSZ;Público;Longo Curso;1617170;9971898;2025-08-31 07:00:00;08/09/2025 10:45;08/09/2025 10:45;10/09/2025 13:25;Granel Sólido;Resíduos Da Extração Do Óleo De Soja;1;;195:45:00;8,16;87;3,65
2025;Santos;BRSSZ;Público;Longo Curso;1617108;9793820;2025-08-31 07:45:00;01/09/2025 10:00;01/09/2025 14:03;08/09/2025 22:05;Granel Sólido;Trigo;1;;26:15:00;1,09;87;3,65
2025;Santos;BRSSZ;Público;Longo Curso;1617066;9537379;2025-08-31 09:00:00;16/09/2025 21:10;17/09/2025 04:00;19/09/2025 10:00;Granel Sólido;Açúcar;1;;396:10:00;16,51;87;3,65
2025;Santos;BRSSZ;Público;Longo Curso;1617146;9628087;2025-08-31 12:54:00;11/09/2025 16:15;11/09/2025 16:15;14/09/2025 05:00;Granel Sólido;Milho;1;;267:21:00;11,14;87;3,65
2025;Santos;BRSSZ;Público;Longo Curso;1617098;9952165;2025-08-31 13:18:00;31/08/2025 21:55;31/08/2025 22:54;02/09/2025 20:35;Granel Líquido e Gasoso;Etanol Combustível;1;;8:37:00;0,36;87;3,65
2025;Santos;BRSSZ;Público;Longo Curso;1617113;9949285;2025-08-31 21:42:00;03/09/2025 00:25;03/09/2025 03:03;04/09/2025 10:15;Granel Sólido;Resíduos Da Extração Do Óleo De Soja;1;;50:43:00;2,11;87;3,65
2025;Santos;BRSSZ;Público;Longo Curso;1617125;9711133;2025-09-01 04:12:00;02/09/2025 06:09;02/09/2025 08:10;04/09/2025 02:53;Granel Sólido;Açúcar;1;;25:57:00;1,08;88;3,84
2025;Santos;BRSSZ;Público;Longo Curso;1617149;9354832;2025-09-01 08:00:00;04/09/2025 13:55;04/09/2025 16:35;08/09/2025 23:20;Granel Sólido;Milho;1;;77:55:00;3,25;88;3,84
2025;Santos;BRSSZ;Público;Longo Curso;1617090;9364758;2025-09-01 08:30:00;01/09/2025 09:47;01/09/2025 12:35;02/09/2025 11:10;Granel Sólido;Açúcar;1;;1:17:00;0,05;88;3,84
2025;Santos;BRSSZ;Público;Longo Curso;1617172;9821859;2025-09-01 14:18:00;03/09/2025 03:15;03/09/2025 07:10;06/09/2025 17:20;Granel Líquido e Gasoso;Gorduras E Óleos Animais Ou Vegetais;1;;36:57:00;1,54;88;3,84
2025;Santos;BRSSZ;Público;Longo Curso;1617159;9687849;2025-09-01 15:30:00;03/09/2025 15:30;03/09/2025 18:50;09/09/2025 03:40;Granel Sólido;Açúcar;1;;48:00:00;2,0;88;3,84
2025;Santos;BRSSZ;Público;Longo Curso;1617173;9955014;2025-09-01 17:30:00;04/09/2025 08:27;04/09/2025 10:35;06/09/2025 03:35;Granel Sólido;Açúcar;1;;62:57:00;2,62;88;3,84
2025;Santos;BRSSZ;Público;Longo Curso;1617174;9663336;2025-09-01 20:06:00;13/09/2025 12:25;13/09/2025 13:00;15/09/2025 07:55;Granel Sólido;Milho;1;;280:19:00;11,68;88;3,84
2025;Santos;BRSSZ;Público;Longo Curso;1617167;9621895;2025-09-02 08:00:00;10/09/2025 08:20;10/09/2025 08:20;14/09/2025 02:10;Granel Sólido;Adubos (Fertilizantes);1;;192:20:00;8,01;88;3,84
2025;Santos;BRSSZ;Público;Cabotagem;1617175;9458157;2025-09-02 08:30:00;08/09/2025 06:53;09/09/2025 17:24;10/09/2025 22:22;Granel Líquido e Gasoso;Gás De Petróleo;1;;142:23:00;5,93;88;3,84
2025;Santos;BRSSZ;Público;Longo Curso;1617043;9626986;2025-09-02 15:30:00;04/09/2025 07:32;04/09/2025 07:32;17/09/2025 00:06;Granel Sólido;Adubos (Fertilizantes);1;;40:02:00;1,67;88;3,84
2025;Santos;BRSSZ;Público;Longo Curso;1617136;9725859;2025-09-03 06:00:00;03/09/2025 07:15;03/09/2025 07:15;05/09/2025 00:45;Granel Líquido e Gasoso;Produtos Diversos Da Indústria Química;1;;1:15:00;0,05;88;3,84
2025;Santos;BRSSZ;Público;Longo Curso;1617148;9707845;2025-09-03 07:00:00;05/09/2025 00:01;05/09/2025 00:01;06/09/2025 17:05;Granel Líquido e Gasoso;Soda Cáustica;1;;41:01:00;1,71;88;3,84
2025;Santos;BRSSZ;Público;Longo Curso;1617062;9911587;2025-09-03 09:30:00;04/09/2025 09:10;04/09/2025 11:30;10/09/2025 22:10;Granel Sólido;Milho;1;;23:40:00;0,99;88;3,84
2025;Santos;BRSSZ;Público;Longo Curso;1617062;9911587;2025-09-03 09:30:00;04/09/2025 09:10;04/09/2025 11:30;10/09/2025 22:10;Granel Sólido;Resíduos Da Extração Do Óleo De Soja;1;;23:40:00;0,99;88;3,84
2025;Santos;BRSSZ;Público;Longo Curso;1617165;9370769;2025-09-03 12:00:00;14/09/2025 02:30;14/09/2025 02:30;18/09/2025 17:45;Granel Sólido;Milho;1;;254:30:00;10,6;88;3,84
2025;Santos;BRSSZ;Público;Longo Curso;1617181;9798856;2025-09-03 15:30:00;12/09/2025 23:20;13/09/2025 01:12;15/09/2025 19:40;Granel Sólido;Resíduos Da Extração Do Óleo De Soja;1;;223:50:00;9,33;88;3,84
2025;Santos;BRSSZ;Público;Longo Curso;1617092;9701267;2025-09-03 22:30:00;03/09/2025 22:50;03/09/2025 22:50;10/09/2025 11:15;Granel Sólido;Trigo;1;;0:20:00;0,01;88;3,84
2025;Santos;BRSSZ;Público;Longo Curso;1617171;9392432;2025-09-04 17:30:00;14/09/2025 07:25;14/09/2025 07:25;16/09/2025 11:30;Granel Sólido;Resíduos Da Extração Do Óleo De Soja;1;;229:55:00;9,58;88;3,84
2025;Santos;BRSSZ;Público;Longo Curso;1617101;9885910;2025-09-04 23:00:00;05/09/2025 00:10;05/09/2025 02:40;08/09/2025 16:50;Granel Sólido;Açúcar;1;;1:10:00;0,05;88;3,84
2025;Santos;BRSSZ;Público;Longo Curso;1617166;9286621;2025-09-05 00:01:00;09/09/2025 08:45;09/09/2025 11:08;12/09/2025 09:15;Granel Sólido;Milho;1;;104:44:00;4,36;88;3,84
2025;Santos;BRSSZ;Público;Longo Curso;1617067;9626314;2025-09-05 01:30:00;16/09/2025 05:12;16/09/2025 05:12;22/09/2025 14:22;Granel Sólido;Adubos (Fertilizantes);1;;267:42:00;11,15;88;3,84
2025;Santos;BRSSZ;Público;Cabotagem;1617070;9800702;2025-09-05 08:45:00;13/09/2025 08:50;13/09/2025 08:50;15/09/2025 07:10;Granel Líquido e Gasoso;Soda Cáustica;1;;192:05:00;8,0;88;3,84
2025;Santos;BRSSZ;Público;Longo Curso;1617071;9955428;2025-09-05 12:00:00;05/09/2025 13:25;05/09/2025 13:25;07/09/2025 08:25;Granel Líquido e Gasoso;Plásticos E Suas Obras;1;;1:25:00;0,06;88;3,84
2025;Santos;BRSSZ;Público;Longo Curso;1617071;9955428;2025-09-05 12:00:00;05/09/2025 13:25;05/09/2025 13:25;07/09/2025 08:25;Granel Líquido e Gasoso;Produtos Químicos Orgânicos;1;;1:25:00;0,06;88;3,84
2025;Santos;BRSSZ;Público;Longo Curso;1617107;9401518;2025-09-05 19:30:00;05/09/2025 20:30;05/09/2025 20:30;08/09/2025 08:15;Granel Sólido;Soja;1;;1:00:00;0,04;88;3,84
2025;Santos;BRSSZ;Público;Longo Curso;1617169;9494383;2025-09-05 23:10:00;12/09/2025 12:33;12/09/2025 13:51;18/09/2025 04:30;Granel Sólido;Soja;1;;157:23:00;6,56;88;3,84
2025;Santos;BRSSZ;Público;Cabotagem;1617187;9849265;2025-09-06 03:30:00;13/09/2025 12:15;13/09/2025 14:30;15/09/2025 08:25;Granel Líquido e Gasoso;Petróleo E Derivados (Sem Óleo Bruto);1;;176:45:00;7,36;88;3,84
2025;Santos;BRSSZ;Público;Longo Curso;1617179;9566576;2025-09-06 03:58:00;06/09/2025 06:35;08/09/2025 07:00;10/09/2025 16:25;Granel Sólido;Adubos (Fertilizantes);1;;2:37:00;0,11;88;3,84
2025;Santos;BRSSZ;Público;Longo Curso;1617164;9934814;2025-09-06 15:00:00;09/09/2025 02:15;09/09/2025 07:00;11/09/2025 17:15;Carga Geral;Açúcar;1;;59:15:00;2,47;88;3,84
2025;Santos;BRSSZ;Público;Longo Curso;1617193;9985849;2025-09-06 16:00:00;14/09/2025 05:20;14/09/2025 11:40;18/09/2025 09:50;Granel Líquido e Gasoso;Petróleo E Derivados (Sem Óleo Bruto);1;;181:20:00;7,56;88;3,84
2025;Santos;BRSSZ;Público;Longo Curso;1617177;9423621;2025-09-07 14:00:00;07/09/2025 15:45;07/09/2025 15:45;11/09/2025 02:05;Granel Líquido e Gasoso;Etanol Combustível;1;;1:45:00;0,07;88;3,84
2025;Santos;BRSSZ;Público;Cabotagem;1617190;9345893;2025-09-07 18:15:00;07/09/2025 19:35;07/09/2025 19:35;08/09/2025 23:45;Granel Líquido e Gasoso;Soda Cáustica;1;;1:20:00;0,06;88;3,84
2025;Santos;BRSSZ;Público;Longo Curso;1617073;9474228;2025-09-07 23:00:00;15/09/2025 19:20;15/09/2025 19:20;18/09/2025 17:10;Granel Sólido;Adubos (Fertilizantes);1;;188:20:00;7,85;88;3,84
2025;Santos;BRSSZ;Público;Longo Curso;1617047;9928877;2025-09-08 03:05:00;08/09/2025 04:10;08/09/2025 04:10;09/09/2025 10:05;Carga Geral;Pasta De Celulose;1;;1:05:00;0,05;89;3,62
2025;Santos;BRSSZ;Público;Longo Curso;1617075;9791884;2025-09-08 09:06:00;09/09/2025 07:29;09/09/2025 10:54;17/09/2025 18:05;Granel Sólido;Trigo;1;;22:23:00;0,93;89;3,62
2025;Santos;BRSSZ;Público;Longo Curso;1617199;9587441;2025-09-08 09:25:00;18/09/2025 09:20;18/09/2025 13:00;20/09/2025 20:15;Granel Sólido;Milho;1;;239:55:00;10,0;89;3,62
2025;Santos;BRSSZ;Público;Longo Curso;1617204;9255244;2025-09-08 11:30:00;15/09/2025 17:40;16/09/2025 00:35;20/09/2025 10:50;Granel Líquido e Gasoso;Petróleo E Derivados (Sem Óleo Bruto);1;;174:10:00;7,26;89;3,62
2025;Santos;BRSSZ;Público;Longo Curso;1617197;9465174;2025-09-08 17:00:00;15/09/2025 04:05;15/09/2025 08:01;18/09/2025 09:50;Granel Sólido;Açúcar;1;;155:05:00;6,46;89;3,62
2025;Santos;BRSSZ;Público;Longo Curso;1617068;9968487;2025-09-08 19:45:00;08/09/2025 21:00;08/09/2025 21:00;16/09/2025 02:25;Granel Sólido;Adubos (Fertilizantes);1;;1:15:00;0,05;89;3,62
2025;Santos;BRSSZ;Público;Longo Curso;1617114;9476288;2025-09-08 20:15:00;08/09/2025 21:22;08/09/2025 22:40;09/09/2025 16:44;Granel Sólido;Açúcar;1;;1:07:00;0,05;89;3,62
2025;Santos;BRSSZ;Público;Longo Curso;1617069;9497373;2025-09-09 06:00:00;09/09/2025 12:15;09/09/2025 19:00;17/09/2025 10:45;Carga Geral;Pasta De Celulose;1;;6:15:00;0,26;89;3,62
2025;Santos;BRSSZ;Público;Cabotagem;1617186;9431305;2025-09-09 06:18:00;12/09/2025 06:46;12/09/2025 09:20;13/09/2025 17:20;Granel Líquido e Gasoso;Petróleo E Derivados (Sem Óleo Bruto);1;;72:28:00;3,02;89;3,62
2025;Santos;BRSSZ;Público;Cabotagem;1617151;9403968;2025-09-09 07:30:00;09/09/2025 08:45;09/09/2025 08:45;10/09/2025 16:51;Granel Líquido e Gasoso;Soda Cáustica;1;;1:15:00;0,05;89;3,62
2025;Santos;BRSSZ;Público;Longo Curso;1617078;9881665;2025-09-09 12:00:00;09/09/2025 12:40;09/09/2025 19:05;12/09/2025 17:25;Carga Geral;Pasta De Celulose;1;;0:40:00;0,03;89;3,62
2025;Santos;BRSSZ;Público;Longo Curso;1617076;9491836;2025-09-09 13:00:00;09/09/2025 16:01;09/09/2025 16:10;13/09/2025 08:42;Granel Líquido e Gasoso;Preparações De Frutas;1;;3:01:00;0,13;89;3,62
2025;Santos;BRSSZ;Público;Longo Curso;1617194;9913030;2025-09-09 17:00:00;21/09/2025 01:20;21/09/2025 03:46;24/09/2025 07:10;Granel Sólido;Milho;1;;272:20:00;11,35;89;3,62
2025;Santos;BRSSZ;Público;Longo Curso;1617161;9757034;2025-09-10 01:30:00;10/09/2025 21:37;10/09/2025 23:30;12/09/2025 03:42;Granel Sólido;Açúcar;1;;20:07:00;0,84;89;3,62
2025;Santos;BRSSZ;Público;Longo Curso;1617183;9786023;2025-09-10 08:10:00;15/09/2025 22:30;16/09/2025 01:15;17/09/2025 23:40;Granel Sólido;Soja;1;;134:20:00;5,6;89;3,62
2025;Santos;BRSSZ;Público;Longo Curso;1617052;9952165;2025-09-10 20:00:00;10/09/2025 21:15;11/09/2025 03:15;13/09/2025 04:20;Granel Líquido e Gasoso;Combustíveis, Óleos E Produtos Minerais;1;;1:15:00;0,05;89;3,62
2025;Santos;BRSSZ;Público;Longo Curso;1617052;9952165;2025-09-10 20:00:00;10/09/2025 21:15;11/09/2025 03:15;13/09/2025 04:20;Granel Líquido e Gasoso;Produtos Diversos Da Indústria Química;1;;1:15:00;0,05;89;3,62
2025;Santos;BRSSZ;Público;Cabotagem;1617096;9797266;2025-09-11 00:01:00;11/09/2025 01:37;11/09/2025 01:42;12/09/2025 03:45;Granel Líquido e Gasoso;Petróleo E Derivados (Sem Óleo Bruto);1;;1:36:00;0,07;89;3,62
2025;Santos;BRSSZ;Público;Longo Curso;1617195;9597783;2025-09-11 00:42:00;18/09/2025 03:05;18/09/2025 08:35;24/09/2025 13:10;Granel Sólido;Soja;1;;170:23:00;7,1;89;3,62
2025;Santos;BRSSZ;Público;Cabotagem;1617168;9391361;2025-09-11 00:45:00;11/09/2025 02:05;11/09/2025 07:48;13/09/2025 09:42;Granel Líquido e Gasoso;Petróleo E Derivados (Sem Óleo Bruto);1;;1:20:00;0,06;89;3,62
2025;Santos;BRSSZ;Público;Longo Curso;1617192;9663350;2025-09-11 10:12:00;22/09/2025 20:25;22/09/2025 23:55;26/09/2025 17:55;Granel Sólido;Milho;1;;274:13:00;11,43;89;3,62
2025;Santos;BRSSZ;Público;Longo Curso;1617081;9947249;2025-09-11 16:30:00;20/09/2025 15:40;20/09/2025 15:40;23/09/2025 18:15;Granel Sólido;Milho;1;;215:10:00;8,97;89;3,62
2025;Santos;BRSSZ;Público;Longo Curso;1617081;9947249;2025-09-11 16:30:00;20/09/2025 15:40;20/09/2025 15:40;23/09/2025 18:15;Granel Sólido;Resíduos Da Extração Do Óleo De Soja;1;;215:10:00;8,97;89;3,62
2025;Santos;BRSSZ;Público;Longo Curso;1617072;9821859;2025-09-11 22:30:00;11/09/2025 23:40;12/09/2025 01:00;14/09/2025 02:10;Granel Líquido e Gasoso;Gorduras E Óleos Animais Ou Vegetais;1;;1:10:00;0,05;89;3,62
2025;Santos;BRSSZ;Público;Longo Curso;1617184;9595852;2025-09-12 05:50:00;12/09/2025 06:45;12/09/2025 08:18;14/09/2025 08:50;Granel Sólido;Açúcar;1;;0:55:00;0,04;89;3,62
2025;Santos;BRSSZ;Público;Longo Curso;1617211;9960198;2025-09-12 16:06:00;20/09/2025 19:40;20/09/2025 22:35;23/09/2025 11:55;Granel Sólido;Açúcar;1;;195:34:00;8,15;89;3,62
2025;Santos;BRSSZ;Público;Longo Curso;1617180;9232814;2025-09-13 01:00:00;15/09/2025 05:20;15/09/2025 07:25;18/09/2025 09:54;Carga Geral;Pasta De Celulose;1;;52:20:00;2,18;89;3,62
2025;Santos;BRSSZ;Público;Longo Curso;1617205;9230995;2025-09-13 08:15:00;13/09/2025 09:55;13/09/2025 10:12;16/09/2025 02:12;Granel Líquido e Gasoso;Preparações De Frutas;1;;1:40:00;0,07;89;3,62
2025;Santos;BRSSZ;Público;Cabotagem;1617188;9312444;2025-09-13 09:24:00;13/09/2025 20:15;13/09/2025 23:00;15/09/2025 09:10;Granel Líquido e Gasoso;Petróleo E Derivados (Sem Óleo Bruto);1;;10:51:00;0,45;89;3,62
2025;Santos;BRSSZ;Público;Longo Curso;1629616;9425837;2025-09-14 02:00:00;22/09/2025 23:24;22/09/2025 23:24;06/10/2025 16:53;Granel Sólido;Sal;1;;213:24:00;8,89;89;3,62
2025;Santos;BRSSZ;Público;Longo Curso;1617034;9751248;2025-09-14 04:00:00;14/09/2025 04:50;14/09/2025 04:50;20/09/2025 15:40;Granel Sólido;Adubos (Fertilizantes);1;;0:50:00;0,03;89;3,62
2025;Santos;BRSSZ;Público;Longo Curso;1629629;9289312;2025-09-14 08:12:00;01/10/2025 14:00;01/10/2025 17:00;03/10/2025 17:15;Granel Sólido;Milho;1;;413:48:00;17,24;89;3,62
2025;Santos;BRSSZ;Público;Cabotagem;1617206;9660358;2025-09-14 14:00:00;17/09/2025 04:00;17/09/2025 07:00;18/09/2025 23:56;Granel Líquido e Gasoso;Petróleo E Derivados (Sem Óleo Bruto);1;;62:00:00;2,58;89;3,62
2025;Santos;BRSSZ;Público;Longo Curso;1617213;9788435;2025-09-14 14:00:00;15/09/2025 12:50;15/09/2025 16:12;17/09/2025 00:12;Granel Líquido e Gasoso;Petróleo E Derivados (Sem Óleo Bruto);1;;22:50:00;0,95;89;3,62
2025;Santos;BRSSZ;Público;Longo Curso;1620490;9956915;2025-09-14 14:00:00;14/09/2025 17:30;15/09/2025 03:15;15/09/2025 23:15;Granel Líquido e Gasoso;Petróleo E Derivados (Sem Óleo Bruto);1;;3:30:00;0,15;89;3,62
2025;Santos;BRSSZ;Público;Cabotagem;1618832;9416836;2025-09-14 23:15:00;21/09/2025 19:55;21/09/2025 21:48;24/09/2025 21:56;Granel Líquido e Gasoso;Petróleo E Derivados (Sem Óleo Bruto);1;;164:40:00;6,86;89;3,62
2025;Santos;BRSSZ;Público;Cabotagem;1617038;9753636;2025-09-15 01:53:00;15/09/2025 02:56;15/09/2025 02:56;18/09/2025 04:56;Granel Líquido e Gasoso;Produtos Químicos Orgânicos;1;;1:03:00;0,04;90;3,3
2025;Santos;BRSSZ;Público;Cabotagem;1617038;9753636;2025-09-15 01:53:00;15/09/2025 02:56;15/09/2025 02:56;18/09/2025 04:56;Granel Líquido e Gasoso;Petróleo E Derivados (Sem Óleo Bruto);1;;1:03:00;0,04;90;3,3
2025;Santos;BRSSZ;Público;Cabotagem;1617038;9753636;2025-09-15 01:53:00;15/09/2025 02:56;15/09/2025 02:56;18/09/2025 04:56;Granel Líquido e Gasoso;Combustíveis, Óleos E Produtos Minerais;1;;1:03:00;0,04;90;3,3
2025;Santos;BRSSZ;Público;Cabotagem;1617038;9753636;2025-09-15 01:53:00;15/09/2025 02:56;15/09/2025 02:56;18/09/2025 04:56;Granel Líquido e Gasoso;Etanol Combustível;1;;1:03:00;0,04;90;3,3
2025;Santos;BRSSZ;Público;Longo Curso;1617209;9577006;2025-09-15 09:45:00;18/09/2025 20:59;18/09/2025 20:59;20/09/2025 21:48;Granel Sólido;Milho;1;;83:14:00;3,47;90;3,3
2025;Santos;BRSSZ;Público;Cabotagem;1617207;9448322;2025-09-15 16:00:00;21/09/2025 01:10;21/09/2025 14:00;22/09/2025 14:22;Granel Líquido e Gasoso;Petróleo E Derivados (Sem Óleo Bruto);1;;129:10:00;5,38;90;3,3
2025;Santos;BRSSZ;Público;Longo Curso;1617178;9423621;2025-09-15 16:30:00;15/09/2025 17:45;16/09/2025 16:30;19/09/2025 00:10;Granel Líquido e Gasoso;Etanol Combustível;1;;1:15:00;0,05;90;3,3
2025;Santos;BRSSZ;Público;Longo Curso;1629622;9872353;2025-09-15 22:00:00;01/10/2025 09:35;01/10/2025 13:05;03/10/2025 11:20;Granel Sólido;Soja;1;;371:35:00;15,48;90;3,3
2025;Santos;BRSSZ;Público;Longo Curso;1617219;9599066;2025-09-16 00:36:00;17/09/2025 22:50;17/09/2025 22:50;20/09/2025 11:45;Granel Sólido;Resíduos Da Extração Do Óleo De Soja;1;;46:14:00;1,93;90;3,3
2025;Santos;BRSSZ;Público;Cabotagem;1629580;9391476;2025-09-16 00:54:00;29/09/2025 06:23;29/09/2025 10:42;02/10/2025 15:52;Granel Líquido e Gasoso;Petróleo E Derivados (Sem Óleo Bruto);1;;317:29:00;13,23;90;3,3
2025;Santos;BRSSZ;Público;Longo Curso;1629539;9668063;2025-09-16 05:20:00;22/09/2025 03:15;22/09/2025 03:15;04/10/2025 09:50;Granel Sólido;Adubos (Fertilizantes);1;;141:55:00;5,91;90;3,3
2025;Santos;BRSSZ;Público;Longo Curso;1618821;9393010;2025-09-16 06:20:00;16/09/2025 07:35;16/09/2025 07:35;18/09/2025 14:40;Granel Líquido e Gasoso;Etanol Combustível;1;;1:15:00;0,05;90;3,3
2025;Santos;BRSSZ;Público;Longo Curso;1617221;9850020;2025-09-16 09:00:00;16/09/2025 22:35;17/09/2025 02:25;20/09/2025 02:30;Granel Sólido;Milho;1;;13:35:00;0,57;90;3,3
2025;Santos;BRSSZ;Público;Longo Curso;1629626;9461166;2025-09-16 13:36:00;29/09/2025 20:45;29/09/2025 22:30;02/10/2025 14:50;Granel Sólido;Milho;1;;319:09:00;13,3;90;3,3
2025;Santos;BRSSZ;Público;Cabotagem;1618825;9416381;2025-09-16 14:12:00;25/09/2025 02:25;25/09/2025 03:30;27/09/2025 13:50;Granel Líquido e Gasoso;Petróleo E Derivados (Sem Óleo Bruto);1;;204:13:00;8,51;90;3,3
2025;Santos;BRSSZ;Público;Longo Curso;1620488;9470507;2025-09-16 14:30:00;16/09/2025 15:25;16/09/2025 15:25;17/09/2025 18:20;Granel Sólido;Resíduos Da Extração Do Óleo De Soja;1;;0:55:00;0,04;90;3,3
2025;Santos;BRSSZ;Público;Longo Curso;1618822;9883120;2025-09-16 16:30:00;21/09/2025 18:40;22/09/2025 20:27;24/09/2025 21:58;Granel Sólido;Açúcar;1;;122:10:00;5,09;90;3,3
2025;Santos;BRSSZ;Público;Longo Curso;1617220;9965552;2025-09-17 01:48:00;18/09/2025 13:00;18/09/2025 13:42;20/09/2025 15:45;Granel Líquido e Gasoso;Produtos Químicos Orgânicos;1;;35:12:00;1,47;90;3,3
2025;Santos;BRSSZ;Público;Longo Curso;1617104;9789726;2025-09-17 19:00:00;19/09/2025 06:02;19/09/2025 14:48;20/09/2025 21:25;Granel Líquido e Gasoso;Gás De Petróleo;1;;35:02:00;1,46;90;3,3
2025;Santos;BRSSZ;Público;Longo Curso;1618834;9687837;2025-09-17 19:30:00;23/09/2025 22:40;23/09/2025 22:40;27/09/2025 17:25;Granel Sólido;Resíduos Da Extração Do Óleo De Soja;1;;147:10:00;6,13;90;3,3
2025;Santos;BRSSZ;Público;Longo Curso;1617051;9613329;2025-09-17 21:00:00;18/09/2025 12:45;18/09/2025 15:35;20/09/2025 08:10;Carga Geral;Pasta De Celulose;1;;15:45:00;0,66;90;3,3
2025;Santos;BRSSZ;Público;Cabotagem;1617223;9431317;2025-09-17 23:06:00;20/09/2025 15:05;20/09/2025 20:30;21/09/2025 17:10;Granel Líquido e Gasoso;Petróleo E Derivados (Sem Óleo Bruto);1;;63:59:00;2,67;90;3,3
2025;Santos;BRSSZ;Público;Longo Curso;1617212;9846304;2025-09-18 02:00:00;18/09/2025 08:38;18/09/2025 08:38;21/09/2025 23:08;Granel Sólido;Produtos Químicos Inorgânicos;1;;6:38:00;0,28;90;3,3
2025;Santos;BRSSZ;Público;Cabotagem;1617085;9345893;2025-09-18 07:45:00;18/09/2025 16:35;18/09/2025 17:00;20/09/2025 01:30;Granel Líquido e Gasoso;Produtos Químicos Orgânicos;1;;8:50:00;0,37;90;3,3
2025;Santos;BRSSZ;Público;Cabotagem;1617085;9345893;2025-09-18 07:45:00;18/09/2025 16:35;18/09/2025 17:00;20/09/2025 01:30;Granel Líquido e Gasoso;Soda Cáustica;1;;8:50:00;0,37;90;3,3
2025;Santos;BRSSZ;Público;Longo Curso;1617049;9976513;2025-09-18 11:10:00;18/09/2025 11:40;18/09/2025 12:36;20/09/2025 12:20;Carga Geral;Pasta De Celulose;1;;0:30:00;0,02;90;3,3
2025;Santos;BRSSZ;Público;Longo Curso;1617080;9808326;2025-09-18 11:40:00;18/09/2025 13:10;18/09/2025 13:10;21/09/2025 06:16;Granel Líquido e Gasoso;Soda Cáustica;1;;1:30:00;0,06;90;3,3
2025;Santos;BRSSZ;Público;Longo Curso;1617208;9949467;2025-09-18 13:00:00;23/09/2025 22:20;24/09/2025 00:25;26/09/2025 22:25;Granel Sólido;Açúcar;1;;129:20:00;5,39;90;3,3
2025;Santos;BRSSZ;Público;Longo Curso;1617074;9474228;2025-09-18 17:10:00;18/09/2025 17:40;18/09/2025 18:00;22/09/2025 22:35;Granel Sólido;Adubos (Fertilizantes);1;;0:30:00;0,02;90;3,3
2025;Santos;BRSSZ;Público;Cabotagem;1617222;9070565;2025-09-18 21:25:00;21/09/2025 05:25;21/09/2025 08:53;26/09/2025 17:10;Granel Sólido;Sal;1;;56:00:00;2,33;90;3,3
2025;Santos;BRSSZ;Público;Longo Curso;1618812;9324320;2025-09-19 05:36:00;24/09/2025 17:10;24/09/2025 17:10;30/09/2025 08:55;Granel Líquido e Gasoso;Petróleo E Derivados (Sem Óleo Bruto);1;;131:34:00;5,48;90;3,3
2025;Santos;BRSSZ;Público;Longo Curso;1618826;9364277;2025-09-19 07:24:00;27/09/2025 01:26;27/09/2025 02:45;29/09/2025 15:40;Granel Sólido;Açúcar;1;;186:02:00;7,75;90;3,3
2025;Santos;BRSSZ;Público;Longo Curso;1618809;9393010;2025-09-19 07:30:00;19/09/2025 08:50;20/09/2025 01:00;24/09/2025 13:15;Granel Líquido e Gasoso;Plásticos E Suas Obras;1;;1:20:00;0,06;90;3,3
2025;Santos;BRSSZ;Público;Longo Curso;1618809;9393010;2025-09-19 07:30:00;19/09/2025 08:50;20/09/2025 01:00;24/09/2025 13:15;Granel Líquido e Gasoso;Produtos Químicos Inorgânicos;1;;1:20:00;0,06;90;3,3
2025;Santos;BRSSZ;Público;Longo Curso;1618835;9626651;2025-09-19 11:30:00;24/09/2025 16:40;24/09/2025 23:38;28/09/2025 21:05;Granel Sólido;Resíduos Da Extração Do Óleo De Soja;1;;125:10:00;5,22;90;3,3
2025;Santos;BRSSZ;Público;Longo Curso;1617163;9979357;2025-09-19 12:15:00;19/09/2025 13:15;19/09/2025 15:20;20/09/2025 07:13;Granel Sólido;Açúcar;1;;1:00:00;0,04;90;3,3
2025;Santos;BRSSZ;Público;Longo Curso;1618830;9597795;2025-09-19 13:00:00;27/09/2025 21:45;27/09/2025 21:45;30/09/2025 03:45;Granel Sólido;Resíduos Da Extração Do Óleo De Soja;1;;200:45:00;8,36;90;3,3
2025;Santos;BRSSZ;Público;Longo Curso;1629577;9860283;2025-09-19 15:48:00;20/09/2025 19:50;20/09/2025 19:50;04/10/2025 14:05;Granel Sólido;Adubos (Fertilizantes);1;;28:02:00;1,17;90;3,3
2025;Santos;BRSSZ;Público;Longo Curso;1618823;9721982;2025-09-19 16:30:00;25/09/2025 02:37;25/09/2025 11:10;28/09/2025 15:00;Granel Sólido;Açúcar;1;;130:07:00;5,42;90;3,3
2025;Santos;BRSSZ;Público;Longo Curso;1618836;9965851;2025-09-19 16:30:00;24/09/2025 09:05;24/09/2025 11:33;27/09/2025 16:50;Granel Sólido;Milho;1;;112:35:00;4,69;90;3,3
2025;Santos;BRSSZ;Público;Longo Curso;1629612;9665554;2025-09-20 00:01:00;02/10/2025 21:37;02/10/2025 23:40;04/10/2025 11:48;Granel Sólido;Açúcar;1;;309:36:00;12,9;90;3,3
2025;Santos;BRSSZ;Público;Longo Curso;1617225;9018646;2025-09-20 07:00:00;20/09/2025 10:44;20/09/2025 10:50;22/09/2025 05:35;Granel Líquido e Gasoso;Preparações De Frutas;1;;3:44:00;0,16;90;3,3
2025;Santos;BRSSZ;Público;Longo Curso;1617226;9266243;2025-09-20 08:00:00;20/09/2025 19:00;20/09/2025 19:00;22/09/2025 12:05;Granel Líquido e Gasoso;Etanol Combustível;1;;11:00:00;0,46;90;3,3
2025;Santos;BRSSZ;Público;Longo Curso;1618818;9959462;2025-09-20 13:30:00;20/09/2025 15:00;20/09/2025 15:18;30/09/2025 15:45;Granel Sólido;Trigo;1;;1:30:00;0,06;90;3,3
2025;Santos;BRSSZ;Público;Longo Curso;1617084;1027380;2025-09-20 14:30:00;20/09/2025 15:25;20/09/2025 19:00;21/09/2025 21:15;Carga Geral;Pasta De Celulose;1;;0:55:00;0,04;90;3,3
2025;Santos;BRSSZ;Público;Longo Curso;1629575;9284245;2025-09-20 18:00:00;20/09/2025 18:50;20/09/2025 18:50;02/10/2025 11:40;Granel Sólido;Adubos (Fertilizantes);1;;0:50:00;0,03;90;3,3
2025;Santos;BRSSZ;Público;Cabotagem;1618838;9660358;2025-09-21 03:20:00;22/09/2025 19:35;22/09/2025 20:48;25/09/2025 18:51;Granel Líquido e Gasoso;Petróleo E Derivados (Sem Óleo Bruto);1;;40:15:00;1,68;90;3,3
2025;Santos;BRSSZ;Público;Longo Curso;1629630;9316048;2025-09-21 06:00:00;30/09/2025 15:45;30/09/2025 15:45;03/10/2025 07:45;Granel Sólido;Milho;1;;225:45:00;9,41;90;3,3
2025;Santos;BRSSZ;Público;Longo Curso;1618811;9311012;2025-09-21 08:15:00;21/09/2025 09:14;21/09/2025 12:00;24/09/2025 13:05;Granel Líquido e Gasoso;Etanol Combustível;1;;0:59:00;0,04;90;3,3
2025;Santos;BRSSZ;Público;Longo Curso;1618842;9427031;2025-09-21 08:30:00;26/09/2025 21:15;27/09/2025 00:30;29/09/2025 15:15;Granel Sólido;Milho;1;;132:45:00;5,53;90;3,3
2025;Santos;BRSSZ;Público;Longo Curso;1618806;9762481;2025-09-21 17:24:00;26/09/2025 21:37;26/09/2025 23:40;29/09/2025 21:15;Granel Sólido;Adubos (Fertilizantes);1;;124:13:00;5,18;90;3,3
2025;Santos;BRSSZ;Público;Longo Curso;1617203;9392092;2025-09-22 03:45:00;22/09/2025 04:45;22/09/2025 13:00;23/09/2025 18:40;Granel Sólido;Açúcar;1;;1:00:00;0,04;91;3,24
2025;Santos;BRSSZ;Público;Longo Curso;1618840;9612296;2025-09-22 06:30:00;23/09/2025 00:45;23/09/2025 07:00;29/09/2025 21:08;Carga Geral;Açúcar;1;;18:15:00;0,76;91;3,24
2025;Santos;BRSSZ;Público;Cabotagem;1618833;9447768;2025-09-22 07:45:00;25/09/2025 22:20;25/09/2025 23:30;30/09/2025 03:52;Granel Líquido e Gasoso;Petróleo E Derivados (Sem Óleo Bruto);1;;86:35:00;3,61;91;3,24
2025;Santos;BRSSZ;Público;Longo Curso;1629627;9474644;2025-09-22 10:00:00;05/10/2025 18:03;05/10/2025 22:10;11/10/2025 07:53;Granel Sólido;Açúcar;1;;320:03:00;13,34;91;3,24
2025;Santos;BRSSZ;Público;Cabotagem;1618843;9391361;2025-09-22 10:24:00;27/09/2025 17:07;27/09/2025 18:06;29/09/2025 04:23;Granel Líquido e Gasoso;Petróleo E Derivados (Sem Óleo Bruto);1;;126:43:00;5,28;91;3,24
2025;Santos;BRSSZ;Público;Longo Curso;1618813;9459022;2025-09-22 13:40:00;24/09/2025 15:50;24/09/2025 15:50;28/09/2025 16:15;Granel Líquido e Gasoso;Etanol Combustível;1;;50:10:00;2,09;91;3,24
2025;Santos;BRSSZ;Público;Longo Curso;1618813;9459022;2025-09-22 13:40:00;24/09/2025 15:50;24/09/2025 15:50;28/09/2025 16:15;Granel Líquido e Gasoso;Gorduras E Óleos Animais Ou Vegetais;1;;50:10:00;2,09;91;3,24
2025;Santos;BRSSZ;Público;Longo Curso;1629614;9644196;2025-09-22 17:00:00;04/10/2025 14:56;04/10/2025 17:00;10/10/2025 12:30;Granel Sólido;Adubos (Fertilizantes);1;;285:56:00;11,91;91;3,24
2025;Santos;BRSSZ;Público;Longo Curso;1618814;9242089;2025-09-23 06:00:00;23/09/2025 06:58;23/09/2025 07:00;27/09/2025 10:24;Granel Líquido e Gasoso;Preparações De Frutas;1;;0:58:00;0,04;91;3,24
2025;Santos;BRSSZ;Público;Longo Curso;1629579;9539987;2025-09-23 10:00:00;23/09/2025 21:15;24/09/2025 01:00;03/10/2025 17:45;Carga Geral;Pasta De Celulose;1;;11:15:00;0,47;91;3,24
2025;Santos;BRSSZ;Público;Longo Curso;1629649;9843405;2025-09-23 14:15:00;28/09/2025 23:25;29/09/2025 01:44;01/10/2025 05:45;Granel Sólido;Resíduos Da Extração Do Óleo De Soja;1;;129:10:00;5,38;91;3,24
2025;Santos;BRSSZ;Público;Longo Curso;1618804;9317860;2025-09-23 22:56:00;24/09/2025 00:01;24/09/2025 00:01;26/09/2025 17:10;Granel Líquido e Gasoso;Produtos Químicos Orgânicos;1;;1:05:00;0,05;91;3,24
2025;Santos;BRSSZ;Público;Longo Curso;1618804;9317860;2025-09-23 22:56:00;24/09/2025 00:01;24/09/2025 00:01;26/09/2025 17:10;Granel Líquido e Gasoso;Adubos (Fertilizantes);1;;1:05:00;0,05;91;3,24
2025;Santos;BRSSZ;Público;Longo Curso;1617201;9454204;2025-09-24 14:30:00;24/09/2025 15:28;24/09/2025 16:30;27/09/2025 04:09;Granel Sólido;Açúcar;1;;0:58:00;0,04;91;3,24
2025;Santos;BRSSZ;Público;Longo Curso;1620491;9989194;2025-09-24 20:00:00;24/09/2025 21:00;24/09/2025 21:00;25/09/2025 17:05;Granel Líquido e Gasoso;Produtos Químicos Orgânicos;1;;1:00:00;0,04;91;3,24
2025;Santos;BRSSZ;Público;Longo Curso;1629581;9905411;2025-09-24 20:06:00;30/09/2025 15:30;30/09/2025 15:30;04/10/2025 00:30;Granel Líquido e Gasoso;Petróleo E Derivados (Sem Óleo Bruto);1;;139:24:00;5,81;91;3,24
2025;Santos;BRSSZ;Público;Longo Curso;1629565;9401922;2025-09-25 18:30:00;02/10/2025 12:40;02/10/2025 12:40;11/10/2025 22:50;Granel Sólido;Adubos (Fertilizantes);1;;162:10:00;6,76;91;3,24
2025;Santos;BRSSZ;Público;Longo Curso;1620485;9214317;2025-09-25 22:55:00;26/09/2025 00:01;26/09/2025 00:01;27/09/2025 09:40;Granel Líquido e Gasoso;Produtos Químicos Orgânicos;1;;1:06:00;0,05;91;3,24
2025;Santos;BRSSZ;Público;Longo Curso;1617156;9294484;2025-09-26 11:30:00;26/09/2025 12:25;26/09/2025 12:25;27/09/2025 19:15;Granel Sólido;Milho;1;;0:55:00;0,04;91;3,24
2025;Santos;BRSSZ;Público;Longo Curso;1629583;9522881;2025-09-26 12:00:00;26/09/2025 16:45;26/09/2025 16:45;02/10/2025 14:40;Granel Sólido;Adubos (Fertilizantes);1;;4:45:00;0,2;91;3,24
2025;Santos;BRSSZ;Público;Longo Curso;1629656;9747235;2025-09-26 14:24:00;05/10/2025 05:20;05/10/2025 05:20;17/10/2025 08:05;Granel Sólido;Fosfatos De Cálcio Naturais;1;;206:56:00;8,62;91;3,24
2025;Santos;BRSSZ;Público;Longo Curso;1618820;9511428;2025-09-27 06:00:00;27/09/2025 07:19;27/09/2025 10:50;29/09/2025 06:00;Granel Sólido;Açúcar;1;;1:19:00;0,05;91;3,24
2025;Santos;BRSSZ;Público;Longo Curso;1618845;9315056;2025-09-27 11:00:00;27/09/2025 13:15;27/09/2025 13:30;28/09/2025 13:20;Granel Líquido e Gasoso;Soda Cáustica;1;;2:15:00;0,09;91;3,24
2025;Santos;BRSSZ;Público;Longo Curso;1629663;9895927;2025-09-27 12:30:00;02/10/2025 18:30;02/10/2025 18:30;05/10/2025 14:40;Granel Líquido e Gasoso;Petróleo E Derivados (Sem Óleo Bruto);1;;126:00:00;5,25;91;3,24
2025;Santos;BRSSZ;Público;Longo Curso;1629654;9670731;2025-09-27 14:24:00;03/10/2025 21:26;04/10/2025 00:01;05/10/2025 20:15;Granel Sólido;Açúcar;1;;151:02:00;6,29;91;3,24
2025;Santos;BRSSZ;Público;Longo Curso;1629634;9363637;2025-09-27 19:00:00;12/10/2025 02:15;12/10/2025 02:15;16/10/2025 16:05;Granel Sólido;Adubos (Fertilizantes);1;;343:15:00;14,3;91;3,24
2025;Santos;BRSSZ;Público;Longo Curso;1629665;9828857;2025-09-28 00:06:00;30/09/2025 00:10;30/09/2025 01:00;01/10/2025 15:10;Granel Sólido;Adubos (Fertilizantes);1;;48:04:00;2,0;91;3,24
2025;Santos;BRSSZ;Público;Longo Curso;1618816;9975478;2025-09-28 02:04:00;28/09/2025 02:45;28/09/2025 05:29;30/09/2025 17:10;Granel Sólido;Resíduos Da Extração Do Óleo De Soja;1;;0:41:00;0,03;91;3,24
2025;Santos;BRSSZ;Público;Longo Curso;1618816;9975478;2025-09-28 02:04:00;28/09/2025 02:45;28/09/2025 05:29;30/09/2025 17:10;Granel Sólido;Soja;1;;0:41:00;0,03;91;3,24
2025;Santos;BRSSZ;Público;Longo Curso;1629586;9918743;2025-09-28 03:20:00;01/10/2025 18:05;01/10/2025 21:00;04/10/2025 09:10;Granel Sólido;Adubos (Fertilizantes);1;;86:45:00;3,61;91;3,24
2025;Santos;BRSSZ;Público;Longo Curso;1631554;9537264;2025-09-28 04:45:00;06/10/2025 19:25;06/10/2025 19:25;16/10/2025 16:55;Granel Sólido;Adubos (Fertilizantes);1;;206:40:00;8,61;91;3,24
2025;Santos;BRSSZ;Público;Longo Curso;1629592;9472737;2025-09-28 09:30:00;28/09/2025 11:15;28/09/2025 11:15;02/10/2025 15:05;Granel Líquido e Gasoso;Soda Cáustica;1;;1:45:00;0,07;91;3,24
2025;Santos;BRSSZ;Público;Longo Curso;1629672;9593775;2025-09-28 14:54:00;04/10/2025 20:40;04/10/2025 22:55;06/10/2025 22:20;Granel Sólido;Soja;1;;149:46:00;6,24;91;3,24
2025;Santos;BRSSZ;Público;Longo Curso;1618831;9317860;2025-09-28 17:30:00;28/09/2025 18:50;28/09/2025 18:50;29/09/2025 11:15;Granel Líquido e Gasoso;Produtos Químicos Orgânicos;1;;1:20:00;0,06;91;3,24
2025;Santos;BRSSZ;Público;Longo Curso;1629660;9834155;2025-09-28 19:30:00;28/09/2025 20:30;28/09/2025 21:00;02/10/2025 02:30;Granel Líquido e Gasoso;Produtos Químicos Orgânicos;1;;1:00:00;0,04;91;3,24
2025;Santos;BRSSZ;Público;Longo Curso;1629589;9335044;2025-09-29 04:48:00;04/10/2025 09:35;04/10/2025 09:35;06/10/2025 03:50;Granel Líquido e Gasoso;Soda Cáustica;1;;124:47:00;5,2;92;3,88
2025;Santos;BRSSZ;Público;Longo Curso;1629648;9638159;2025-09-29 05:45:00;30/09/2025 21:43;30/09/2025 21:50;05/10/2025 23:36;Granel Líquido e Gasoso;Preparações De Frutas;1;;39:58:00;1,67;92;3,88
2025;Santos;BRSSZ;Público;Longo Curso;1629587;9767041;2025-09-29 06:00:00;06/10/2025 19:20;06/10/2025 19:45;10/10/2025 15:45;Granel Sólido;Adubos (Fertilizantes);1;;181:20:00;7,56;92;3,88
2025;Santos;BRSSZ;Público;Cabotagem;1629678;9345893;2025-09-29 06:00:00;02/10/2025 05:00;02/10/2025 05:00;04/10/2025 02:40;Granel Líquido e Gasoso;Soda Cáustica;1;;71:00:00;2,96;92;3,88
2025;Santos;BRSSZ;Público;Longo Curso;1618829;9847877;2025-09-29 09:00:00;29/09/2025 09:55;29/09/2025 11:50;30/09/2025 06:45;Granel Sólido;Açúcar;1;;0:55:00;0,04;92;3,88
2025;Santos;BRSSZ;Público;Longo Curso;1629644;9554183;2025-09-29 12:30:00;30/09/2025 22:30;01/10/2025 00:49;03/10/2025 16:40;Granel Sólido;Milho;1;;34:00:00;1,42;92;3,88
2025;Santos;BRSSZ;Público;Longo Curso;1629564;9989194;2025-09-29 13:00:00;29/09/2025 14:15;29/09/2025 17:30;01/10/2025 04:20;Granel Líquido e Gasoso;Plásticos E Suas Obras;1;;1:15:00;0,05;92;3,88
2025;Santos;BRSSZ;Público;Longo Curso;1629564;9989194;2025-09-29 13:00:00;29/09/2025 14:15;29/09/2025 17:30;01/10/2025 04:20;Granel Líquido e Gasoso;Produtos Diversos Da Indústria Química;1;;1:15:00;0,05;92;3,88
2025;Santos;BRSSZ;Público;Longo Curso;1629564;9989194;2025-09-29 13:00:00;29/09/2025 14:15;29/09/2025 17:30;01/10/2025 04:20;Granel Líquido e Gasoso;Produtos Químicos Orgânicos;1;;1:15:00;0,05;92;3,88
2025;Santos;BRSSZ;Público;Longo Curso;1629646;9952220;2025-09-29 14:00:00;03/10/2025 01:05;03/10/2025 02:45;04/10/2025 11:20;Granel Sólido;Açúcar;1;;83:05:00;3,46;92;3,88
2025;Santos;BRSSZ;Público;Cabotagem;1629681;9448322;2025-09-29 15:30:00;30/09/2025 14:15;30/09/2025 15:18;04/10/2025 01:17;Granel Líquido e Gasoso;Petróleo E Derivados (Sem Óleo Bruto);1;;22:45:00;0,95;92;3,88
2025;Santos;BRSSZ;Público;Longo Curso;1629675;9575230;2025-09-29 15:48:00;02/10/2025 18:27;02/10/2025 18:27;06/10/2025 16:40;Granel Sólido;Adubos (Fertilizantes);1;;74:39:00;3,11;92;3,88
2025;Santos;BRSSZ;Público;Cabotagem;1629551;9753636;2025-09-29 15:50:00;02/10/2025 18:54;02/10/2025 18:54;05/10/2025 14:19;Granel Líquido e Gasoso;Combustíveis, Óleos E Produtos Minerais;1;;75:04:00;3,13;92;3,88
2025;Santos;BRSSZ;Público;Cabotagem;1629551;9753636;2025-09-29 15:50:00;02/10/2025 18:54;02/10/2025 18:54;05/10/2025 14:19;Granel Líquido e Gasoso;Etanol Combustível;1;;75:04:00;3,13;92;3,88
2025;Santos;BRSSZ;Público;Cabotagem;1629551;9753636;2025-09-29 15:50:00;02/10/2025 18:54;02/10/2025 18:54;05/10/2025 14:19;Granel Líquido e Gasoso;Petróleo E Derivados (Sem Óleo Bruto);1;;75:04:00;3,13;92;3,88
2025;Santos;BRSSZ;Público;Cabotagem;1629551;9753636;2025-09-29 15:50:00;02/10/2025 18:54;02/10/2025 18:54;05/10/2025 14:19;Granel Líquido e Gasoso;Produtos Químicos Orgânicos;1;;75:04:00;3,13;92;3,88
2025;Santos;BRSSZ;Público;Longo Curso;1629621;9883120;2025-09-29 18:30:00;29/09/2025 19:50;29/09/2025 22:10;01/10/2025 10:00;Granel Sólido;Açúcar;1;;1:20:00;0,06;92;3,88
2025;Santos;BRSSZ;Público;Longo Curso;1629674;9841184;2025-09-30 06:24:00;05/10/2025 20:05;05/10/2025 20:05;11/10/2025 13:45;Granel Sólido;Resíduos Da Extração Do Óleo De Soja;1;;133:41:00;5,57;92;3,88
2025;Santos;BRSSZ;Público;Longo Curso;1629667;9854313;2025-09-30 10:30:00;03/10/2025 16:00;03/10/2025 19:32;06/10/2025 11:20;Granel Sólido;Soja;1;;77:30:00;3,23;92;3,88
2025;Santos;BRSSZ;Público;Longo Curso;1629631;9990337;2025-09-30 14:00:00;30/09/2025 14:50;30/09/2025 16:55;01/10/2025 17:45;Granel Sólido;Açúcar;1;;0:50:00;0,03;92;3,88
2025;Santos;BRSSZ;Público;Longo Curso;1629661;9591818;2025-09-30 14:12:00;12/10/2025 20:40;12/10/2025 23:13;15/10/2025 07:55;Granel Sólido;Resíduos Da Extração Do Óleo De Soja;1;;294:28:00;12,27;92;3,88
2025;Santos;BRSSZ;Público;Longo Curso;1629676;9525625;2025-09-30 15:36:00;03/10/2025 09:40;03/10/2025 09:40;05/10/2025 19:35;Granel Sólido;Resíduos Da Extração Do Óleo De Soja;1;;66:04:00;2,75;92;3,88
2025;Santos;BRSSZ;Público;Longo Curso;1629696;9897597;2025-09-30 16:55:00;11/10/2025 20:35;11/10/2025 20:35;14/10/2025 10:05;Granel Sólido;Milho;1;;267:40:00;11,15;92;3,88
2025;Santos;BRSSZ;Público;Longo Curso;1629633;9955428;2025-09-30 20:00:00;04/10/2025 05:00;04/10/2025 05:00;06/10/2025 09:20;Granel Líquido e Gasoso;Combustíveis, Óleos E Produtos Minerais;1;;81:00:00;3,38;92;3,88
2025;Santos;BRSSZ;Público;Longo Curso;1629593;1051111;2025-10-01 03:30:00;03/10/2025 20:10;03/10/2025 20:20;10/10/2025 07:50;Carga Geral;Pasta De Celulose;1;;64:40:00;2,69;92;3,88
2025;Santos;BRSSZ;Público;Cabotagem;1629591;9461855;2025-10-01 06:00:00;06/10/2025 03:25;06/10/2025 05:00;08/10/2025 14:25;Granel Líquido e Gasoso;Petróleo E Derivados (Sem Óleo Bruto);1;;117:25:00;4,89;92;3,88
2025;Santos;BRSSZ;Público;Longo Curso;1629556;9955478;2025-10-01 07:00:00;06/10/2025 15:50;06/10/2025 15:50;08/10/2025 19:57;Granel Líquido e Gasoso;Produtos Químicos Orgânicos;1;;128:50:00;5,37;92;3,88
2025;Santos;BRSSZ;Público;Longo Curso;1629623;9272955;2025-10-01 07:55:00;01/10/2025 08:40;01/10/2025 13:58;03/10/2025 10:05;Granel Sólido;Açúcar;1;;0:45:00;0,03;92;3,88
2025;Santos;BRSSZ;Público;Longo Curso;1629545;9214317;2025-10-01 08:00:00;01/10/2025 09:20;01/10/2025 09:20;04/10/2025 22:55;Granel Líquido e Gasoso;Combustíveis, Óleos E Produtos Minerais;1;;1:20:00;0,06;92;3,88
2025;Santos;BRSSZ;Público;Longo Curso;1629545;9214317;2025-10-01 08:00:00;01/10/2025 09:20;01/10/2025 09:20;04/10/2025 22:55;Granel Líquido e Gasoso;Petróleo E Derivados (Sem Óleo Bruto);1;;1:20:00;0,06;92;3,88
2025;Santos;BRSSZ;Público;Longo Curso;1629545;9214317;2025-10-01 08:00:00;01/10/2025 09:20;01/10/2025 09:20;04/10/2025 22:55;Granel Líquido e Gasoso;Plásticos E Suas Obras;1;;1:20:00;0,06;92;3,88
2025;Santos;BRSSZ;Público;Longo Curso;1629545;9214317;2025-10-01 08:00:00;01/10/2025 09:20;01/10/2025 09:20;04/10/2025 22:55;Granel Líquido e Gasoso;Produtos Diversos Da Indústria Química;1;;1:20:00;0,06;92;3,88
2025;Santos;BRSSZ;Público;Longo Curso;1629545;9214317;2025-10-01 08:00:00;01/10/2025 09:20;01/10/2025 09:20;04/10/2025 22:55;Granel Líquido e Gasoso;Produtos Químicos Orgânicos;1;;1:20:00;0,06;92;3,88
2025;Santos;BRSSZ;Público;Longo Curso;1629625;9324667;2025-10-01 20:00:00;01/10/2025 20:53;01/10/2025 23:35;02/10/2025 19:15;Granel Sólido;Açúcar;1;;0:53:00;0,04;92;3,88
2025;Santos;BRSSZ;Público;Longo Curso;1629584;9189770;2025-10-02 07:00:00;05/10/2025 23:53;06/10/2025 03:20;11/10/2025 06:20;Granel Sólido;Milho;1;;88:53:00;3,7;92;3,88
2025;Santos;BRSSZ;Público;Longo Curso;1629561;9595204;2025-10-02 08:00:00;07/10/2025 09:15;07/10/2025 09:15;15/10/2025 11:24;Granel Sólido;Adubos (Fertilizantes);1;;121:15:00;5,05;92;3,88
2025;Santos;BRSSZ;Público;Longo Curso;1629702;9875331;2025-10-02 08:00:00;15/10/2025 06:10;15/10/2025 09:00;17/10/2025 03:46;Granel Sólido;Milho;1;;310:10:00;12,92;92;3,88
2025;Santos;BRSSZ;Público;Cabotagem;1629662;9797254;2025-10-02 09:00:00;08/10/2025 02:10;09/10/2025 16:10;10/10/2025 09:52;Granel Líquido e Gasoso;Petróleo E Derivados (Sem Óleo Bruto);1;;137:10:00;5,72;92;3,88
2025;Santos;BRSSZ;Público;Cabotagem;1629585;9416393;2025-10-02 09:30:00;11/10/2025 05:00;11/10/2025 09:36;13/10/2025 18:51;Granel Líquido e Gasoso;Petróleo E Derivados (Sem Óleo Bruto);1;;211:30:00;8,81;92;3,88
2025;Santos;BRSSZ;Público;Longo Curso;1629557;9663635;2025-10-02 14:00:00;07/10/2025 08:25;07/10/2025 08:25;16/10/2025 12:35;Granel Sólido;Adubos (Fertilizantes);1;;114:25:00;4,77;92;3,88
2025;Santos;BRSSZ;Público;Cabotagem;1629694;9431317;2025-10-02 18:00:00;05/10/2025 18:21;05/10/2025 19:54;06/10/2025 19:20;Granel Líquido e Gasoso;Petróleo E Derivados (Sem Óleo Bruto);1;;72:21:00;3,01;92;3,88
2025;Santos;BRSSZ;Público;Longo Curso;1629706;9942615;2025-10-03 01:18:00;11/10/2025 22:30;11/10/2025 22:30;14/10/2025 09:50;Granel Sólido;Resíduos Da Extração Do Óleo De Soja;1;;213:12:00;8,88;92;3,88
2025;Santos;BRSSZ;Público;Longo Curso;1629677;9847205;2025-10-03 02:10:00;03/10/2025 19:50;04/10/2025 01:58;12/10/2025 04:40;Granel Sólido;Açúcar;1;;17:40:00;0,74;92;3,88
2025;Santos;BRSSZ;Público;Cabotagem;1629680;9413523;2025-10-03 05:54:00;04/10/2025 08:46;04/10/2025 09:42;06/10/2025 00:01;Granel Líquido e Gasoso;Petróleo E Derivados (Sem Óleo Bruto);1;;26:52:00;1,12;92;3,88
2025;Santos;BRSSZ;Público;Longo Curso;1629635;9919319;2025-10-03 09:00:00;04/10/2025 15:50;04/10/2025 17:30;06/10/2025 16:00;Granel Sólido;Açúcar;1;;30:50:00;1,28;92;3,88
2025;Santos;BRSSZ;Público;Longo Curso;1629666;9568500;2025-10-03 15:00:00;06/10/2025 11:15;06/10/2025 15:00;09/10/2025 11:00;Granel Líquido e Gasoso;Produtos Químicos Orgânicos;1;;68:15:00;2,84;92;3,88
2025;Santos;BRSSZ;Público;Longo Curso;1629683;9384980;2025-10-03 22:12:00;18/10/2025 04:15;18/10/2025 06:34;21/10/2025 08:10;Granel Sólido;Milho;1;;342:03:00;14,25;92;3,88
2025;Santos;BRSSZ;Público;Longo Curso;1629590;1051862;2025-10-04 05:45:00;04/10/2025 20:45;05/10/2025 01:08;07/10/2025 04:35;Carga Geral;Pasta De Celulose;1;;15:00:00;0,63;92;3,88
2025;Santos;BRSSZ;Público;Longo Curso;1629636;9846122;2025-10-04 06:30:00;06/10/2025 19:35;06/10/2025 21:30;11/10/2025 16:15;Granel Sólido;Açúcar;1;;61:05:00;2,55;92;3,88
2025;Santos;BRSSZ;Público;Longo Curso;1629624;9272955;2025-10-04 13:30:00;04/10/2025 14:15;04/10/2025 16:50;05/10/2025 15:20;Granel Sólido;Açúcar;1;;0:45:00;0,03;92;3,88
2025;Santos;BRSSZ;Público;Longo Curso;1629615;9860283;2025-10-04 14:05:00;04/10/2025 15:10;04/10/2025 19:00;05/10/2025 01:45;Granel Sólido;Adubos (Fertilizantes);1;;1:05:00;0,05;92;3,88
2025;Santos;BRSSZ;Público;Cabotagem;1629714;9391361;2025-10-04 15:00:00;07/10/2025 13:22;07/10/2025 14:30;09/10/2025 04:24;Granel Líquido e Gasoso;Petróleo E Derivados (Sem Óleo Bruto);1;;70:22:00;2,93;92;3,88
2025;Santos;BRSSZ;Público;Longo Curso;1629669;9442859;2025-10-05 00:30:00;06/10/2025 16:20;06/10/2025 20:10;11/10/2025 23:20;Granel Sólido;Milho;1;;39:50:00;1,66;92;3,88
2025;Santos;BRSSZ;Público;Longo Curso;1629673;9268980;2025-10-05 00:30:00;14/10/2025 14:45;14/10/2025 14:45;17/10/2025 08:14;Granel Sólido;Milho;1;;230:15:00;9,59;92;3,88
2025;Santos;BRSSZ;Público;Longo Curso;1629679;9737591;2025-10-05 05:00:00;12/10/2025 02:40;12/10/2025 05:38;17/10/2025 23:05;Granel Sólido;Resíduos Da Extração Do Óleo De Soja;1;;165:40:00;6,9;92;3,88
2025;Santos;BRSSZ;Público;Longo Curso;1637852;9397236;2025-10-05 07:00:00;22/10/2025 09:10;22/10/2025 09:10;01/11/2025 13:40;Granel Sólido;Adubos (Fertilizantes);1;;410:10:00;17,09;92;3,88
2025;Santos;BRSSZ;Público;Longo Curso;1629703;9942110;2025-10-05 12:00:00;07/10/2025 09:45;09/10/2025 00:03;12/10/2025 20:15;Granel Sólido;Resíduos Da Extração Do Óleo De Soja;1;;45:45:00;1,91;92;3,88
2025;Santos;BRSSZ;Público;Longo Curso;1629709;9602394;2025-10-05 12:12:00;17/10/2025 07:40;17/10/2025 10:05;21/10/2025 00:37;Granel Sólido;Milho;1;;283:28:00;11,81;92;3,88
2025;Santos;BRSSZ;Público;Longo Curso;1629664;9895927;2025-10-05 14:40:00;05/10/2025 15:30;05/10/2025 18:35;08/10/2025 01:15;Granel Líquido e Gasoso;Petróleo E Derivados (Sem Óleo Bruto);1;;0:50:00;0,03;92;3,88
2025;Santos;BRSSZ;Público;Longo Curso;1629682;9279795;2025-10-05 15:00:00;11/10/2025 11:45;11/10/2025 15:00;13/10/2025 09:10;Granel Sólido;Milho;1;;140:45:00;5,86;92;3,88
2025;Santos;BRSSZ;Público;Longo Curso;1629596;9621182;2025-10-05 17:18:00;17/10/2025 06:49;17/10/2025 09:22;19/10/2025 10:20;Granel Sólido;Açúcar;1;;277:31:00;11,56;92;3,88
2025;Santos;BRSSZ;Público;Cabotagem;1629713;9660358;2025-10-06 06:00:00;11/10/2025 11:32;11/10/2025 12:36;13/10/2025 14:43;Granel Líquido e Gasoso;Petróleo E Derivados (Sem Óleo Bruto);1;;125:32:00;5,23;93;3,85
2025;Santos;BRSSZ;Público;Longo Curso;1629704;9478913;2025-10-06 06:45:00;06/10/2025 22:30;07/10/2025 01:50;12/10/2025 09:00;Granel Sólido;Milho;1;;15:45:00;0,66;93;3,85
2025;Santos;BRSSZ;Público;Longo Curso;1629697;9783954;2025-10-06 09:30:00;12/10/2025 09:35;12/10/2025 13:00;14/10/2025 15:25;Granel Sólido;Milho;1;;144:05:00;6,0;93;3,85
2025;Santos;BRSSZ;Público;Longo Curso;1629685;9599389;2025-10-06 14:24:00;10/10/2025 15:20;11/10/2025 01:00;13/10/2025 21:45;Granel Sólido;Adubos (Fertilizantes);1;;96:56:00;4,04;93;3,85
2025;Santos;BRSSZ;Público;Longo Curso;1629657;9305087;2025-10-06 15:00:00;06/10/2025 16:10;06/10/2025 16:10;11/10/2025 12:50;Granel Sólido;Milho;1;;1:10:00;0,05;93;3,85
2025;Santos;BRSSZ;Público;Longo Curso;1629684;9937593;2025-10-06 15:00:00;15/10/2025 10:55;15/10/2025 13:54;17/10/2025 17:20;Granel Sólido;Soja;1;;211:55:00;8,83;93;3,85
2025;Santos;BRSSZ;Público;Longo Curso;1629699;9774575;2025-10-06 17:00:00;06/10/2025 20:50;06/10/2025 20:50;08/10/2025 16:40;Granel Líquido e Gasoso;Óleo De Palma;1;;3:50:00;0,16;93;3,85
2025;Santos;BRSSZ;Público;Longo Curso;1629708;9279484;2025-10-07 05:06:00;22/10/2025 04:45;22/10/2025 06:22;24/10/2025 18:50;Granel Sólido;Milho;1;;359:39:00;14,99;93;3,85
2025;Santos;BRSSZ;Público;Longo Curso;1629611;9738246;2025-10-07 11:36:00;08/10/2025 23:55;09/10/2025 10:06;10/10/2025 19:20;Granel Líquido e Gasoso;Gás De Petróleo;1;;36:19:00;1,51;93;3,85
2025;Santos;BRSSZ;Público;Longo Curso;1629566;9955478;2025-10-08 19:57:00;08/10/2025 20:41;08/10/2025 20:41;11/10/2025 22:49;Granel Líquido e Gasoso;Produtos Químicos Orgânicos;1;;0:44:00;0,03;93;3,85
2025;Santos;BRSSZ;Público;Longo Curso;1629566;9955478;2025-10-08 19:57:00;08/10/2025 20:41;08/10/2025 20:41;11/10/2025 22:49;Granel Líquido e Gasoso;Plásticos E Suas Obras;1;;0:44:00;0,03;93;3,85
2025;Santos;BRSSZ;Público;Cabotagem;1629670;9635767;2025-10-08 20:54:00;13/10/2025 17:48;13/10/2025 20:12;17/10/2025 02:00;Granel Líquido e Gasoso;Petróleo E Derivados (Sem Óleo Bruto);1;;116:54:00;4,87;93;3,85
2025;Santos;BRSSZ;Público;Longo Curso;1629688;9843730;2025-10-08 22:00:00;22/10/2025 21:35;23/10/2025 03:19;27/10/2025 05:15;Granel Sólido;Açúcar;1;;335:35:00;13,98;93;3,85
2025;Santos;BRSSZ;Público;Longo Curso;1629653;9764506;2025-10-09 16:00:00;09/10/2025 17:30;09/10/2025 22:05;12/10/2025 06:44;Granel Líquido e Gasoso;Etanol Combustível;1;;1:30:00;0,06;93;3,85
2025;Santos;BRSSZ;Público;Longo Curso;1629715;9387695;2025-10-09 19:29:00;09/10/2025 20:45;09/10/2025 21:00;11/10/2025 23:00;Granel Líquido e Gasoso;Produtos Químicos Orgânicos;1;;1:16:00;0,05;93;3,85
2025;Santos;BRSSZ;Público;Longo Curso;1629727;9732424;2025-10-09 21:18:00;15/10/2025 16:20;16/10/2025 01:20;17/10/2025 09:48;Granel Sólido;Açúcar;1;;139:02:00;5,79;93;3,85
2025;Santos;BRSSZ;Público;Longo Curso;1637833;9278870;2025-10-10 08:00:00;26/10/2025 01:15;26/10/2025 01:15;01/11/2025 14:08;Granel Sólido;Adubos (Fertilizantes);1;;377:15:00;15,72;93;3,85
2025;Santos;BRSSZ;Público;Longo Curso;1629671;9762493;2025-10-10 08:30:00;10/10/2025 18:35;10/10/2025 18:35;15/10/2025 13:10;Granel Sólido;Adubos (Fertilizantes);1;;10:05:00;0,42;93;3,85
2025;Santos;BRSSZ;Público;Longo Curso;1629730;9486477;2025-10-10 13:30:00;14/10/2025 20:25;14/10/2025 21:40;15/10/2025 19:10;Granel Sólido;Açúcar;1;;102:55:00;4,29;93;3,85
2025;Santos;BRSSZ;Público;Longo Curso;1631558;9780976;2025-10-10 20:25:00;14/10/2025 00:25;14/10/2025 01:00;15/10/2025 17:03;Granel Sólido;Adubos (Fertilizantes);1;;76:00:00;3,17;93;3,85
2025;Santos;BRSSZ;Público;Longo Curso;1629710;9577898;2025-10-11 00:27:00;11/10/2025 01:25;11/10/2025 10:47;16/10/2025 21:30;Granel Sólido;Trigo;1;;0:58:00;0,04;93;3,85
2025;Santos;BRSSZ;Público;Longo Curso;1629750;9582556;2025-10-11 01:00:00;17/10/2025 22:05;17/10/2025 22:05;21/10/2025 18:40;Granel Sólido;Soja;1;;165:05:00;6,88;93;3,85
2025;Santos;BRSSZ;Público;Cabotagem;1629723;9788540;2025-10-11 08:00:00;17/10/2025 16:54;17/10/2025 18:24;19/10/2025 09:09;Granel Líquido e Gasoso;Petróleo E Derivados (Sem Óleo Bruto);1;;152:54:00;6,37;93;3,85
2025;Santos;BRSSZ;Público;Longo Curso;1629640;9746023;2025-10-11 12:28:00;11/10/2025 13:12;11/10/2025 15:00;12/10/2025 14:48;Granel Sólido;Açúcar;1;;0:44:00;0,03;93;3,85
2025;Santos;BRSSZ;Público;Apoio Marítimo;1629595;9928889;2025-10-11 14:15:00;11/10/2025 14:40;11/10/2025 15:06;12/10/2025 14:40;Carga Geral;Pasta De Celulose;1;;0:25:00;0,02;93;3,85
2025;Santos;BRSSZ;Público;Cabotagem;1629737;9345893;2025-10-11 14:35:00;11/10/2025 19:35;11/10/2025 19:35;13/10/2025 08:15;Granel Líquido e Gasoso;Soda Cáustica;1;;5:00:00;0,21;93;3,85
2025;Santos;BRSSZ;Público;Longo Curso;1629691;9872183;2025-10-11 18:54:00;12/10/2025 15:15;12/10/2025 15:15;13/10/2025 05:35;Carga Geral;Pasta De Celulose;1;;20:21:00;0,85;93;3,85
2025;Santos;BRSSZ;Público;Longo Curso;1629599;9976472;2025-10-12 01:18:00;13/10/2025 08:10;13/10/2025 13:20;17/10/2025 23:30;Carga Geral;Pasta De Celulose;1;;30:52:00;1,29;93;3,85
2025;Santos;BRSSZ;Público;Cabotagem;1629722;9312444;2025-10-12 05:24:00;15/10/2025 10:45;15/10/2025 13:12;17/10/2025 08:25;Granel Líquido e Gasoso;Petróleo E Derivados (Sem Óleo Bruto);1;;77:21:00;3,22;93;3,85
2025;Santos;BRSSZ;Público;Longo Curso;1629726;1018016;2025-10-12 10:18:00;21/10/2025 04:50;21/10/2025 07:50;23/10/2025 00:01;Granel Sólido;Milho;1;;210:32:00;8,77;93;3,85
2025;Santos;BRSSZ;Público;Longo Curso;1629728;9749910;2025-10-12 11:50:00;17/10/2025 23:05;18/10/2025 07:20;23/10/2025 01:10;Granel Sólido;Resíduos Da Extração Do Óleo De Soja;1;;131:15:00;5,47;93;3,85
2025;Santos;BRSSZ;Público;Longo Curso;1629721;9767534;2025-10-12 22:52:00;13/10/2025 00:35;13/10/2025 06:03;16/10/2025 12:40;Granel Sólido;Açúcar;1;;1:43:00;0,07;93;3,85
2025;Santos;BRSSZ;Público;Longo Curso;1629617;9626986;2025-10-13 08:45:00;13/10/2025 10:05;13/10/2025 13:48;15/10/2025 03:10;Granel Sólido;Açúcar;1;;1:20:00;0,06;94;2,78
2025;Santos;BRSSZ;Público;Longo Curso;1629752;9582441;2025-10-13 14:00:00;17/10/2025 16:40;17/10/2025 18:13;21/10/2025 16:12;Granel Sólido;Açúcar;1;;98:40:00;4,11;94;2,78
2025;Santos;BRSSZ;Público;Cabotagem;1629735;9448322;2025-10-13 16:30:00;17/10/2025 06:45;17/10/2025 07:54;21/10/2025 01:06;Granel Líquido e Gasoso;Petróleo E Derivados (Sem Óleo Bruto);1;;86:15:00;3,59;94;2,78
2025;Santos;BRSSZ;Público;Longo Curso;1629739;9760110;2025-10-13 23:30:00;20/10/2025 20:35;21/10/2025 00:05;22/10/2025 09:45;Granel Sólido;Açúcar;1;;165:05:00;6,88;94;2,78
2025;Santos;BRSSZ;Público;Longo Curso;1629736;9598787;2025-10-14 00:12:00;14/10/2025 19:45;15/10/2025 00:22;17/10/2025 12:25;Granel Sólido;Milho;1;;19:33:00;0,81;94;2,78
2025;Santos;BRSSZ;Público;Longo Curso;1629568;9804825;2025-10-14 11:30:00;14/10/2025 14:30;14/10/2025 14:30;16/10/2025 04:55;Granel Líquido e Gasoso;Adubos (Fertilizantes);1;;3:00:00;0,13;94;2,78
2025;Santos;BRSSZ;Público;Longo Curso;1629568;9804825;2025-10-14 11:30:00;14/10/2025 14:30;14/10/2025 14:30;16/10/2025 04:55;Granel Líquido e Gasoso;Produtos Químicos Orgânicos;1;;3:00:00;0,13;94;2,78
2025;Santos;BRSSZ;Público;Longo Curso;1629600;9663740;2025-10-14 13:18:00;18/10/2025 12:39;18/10/2025 13:00;22/10/2025 05:05;Granel Líquido e Gasoso;Preparações De Frutas;1;;95:21:00;3,97;94;2,78
2025;Santos;BRSSZ;Público;Longo Curso;1629569;9610690;2025-10-14 16:00:00;17/10/2025 00:55;17/10/2025 07:37;21/10/2025 23:40;Carga Geral;Açúcar;1;;56:55:00;2,37;94;2,78
2025;Santos;BRSSZ;Público;Longo Curso;1629569;9610690;2025-10-14 16:00:00;17/10/2025 00:55;17/10/2025 07:37;21/10/2025 23:40;Carga Geral;Fibras, Fios, Tecidos E Outros Artefatos;1;;56:55:00;2,37;94;2,78
2025;Santos;BRSSZ;Público;Longo Curso;1631560;9905708;2025-10-15 05:00:00;15/10/2025 17:50;15/10/2025 21:30;16/10/2025 21:45;Granel Sólido;Adubos (Fertilizantes);1;;12:50:00;0,53;94;2,78
2025;Santos;BRSSZ;Público;Longo Curso;1629743;9517927;2025-10-15 06:00:00;20/10/2025 02:20;20/10/2025 02:20;23/10/2025 21:05;Carga Geral;Adubos (Fertilizantes);1;;116:20:00;4,85;94;2,78
2025;Santos;BRSSZ;Público;Longo Curso;1629732;9877901;2025-10-15 08:00:00;22/10/2025 13:35;22/10/2025 15:15;24/10/2025 14:17;Granel Sólido;Açúcar;1;;173:35:00;7,23;94;2,78
2025;Santos;BRSSZ;Público;Longo Curso;1629607;9824992;2025-10-15 09:00:00;15/10/2025 11:55;15/10/2025 16:00;16/10/2025 15:35;Carga Geral;Pasta De Celulose;1;;2:55:00;0,12;94;2,78
2025;Santos;BRSSZ;Público;Longo Curso;1629718;9443920;2025-10-15 14:00:00;15/10/2025 14:30;15/10/2025 14:48;25/10/2025 15:10;Granel Sólido;Produtos Químicos Inorgânicos;1;;0:30:00;0,02;94;2,78
2025;Santos;BRSSZ;Público;Longo Curso;1629749;9317418;2025-10-15 23:30:00;25/10/2025 19:40;25/10/2025 19:50;29/10/2025 02:40;Granel Sólido;Produtos Químicos Inorgânicos;1;;236:10:00;9,84;94;2,78
2025;Santos;BRSSZ;Público;Longo Curso;1637884;9070565;2025-10-16 09:00:00;16/10/2025 15:50;16/10/2025 15:50;05/11/2025 23:20;Granel Sólido;Trigo;1;;6:50:00;0,28;94;2,78
2025;Santos;BRSSZ;Público;Longo Curso;1629716;9938781;2025-10-16 12:30:00;19/10/2025 08:50;19/10/2025 19:13;22/10/2025 05:15;Granel Sólido;Soja;1;;68:20:00;2,85;94;2,78
2025;Santos;BRSSZ;Público;Longo Curso;1629764;9913688;2025-10-16 15:00:00;23/10/2025 04:33;23/10/2025 06:36;25/10/2025 11:15;Granel Sólido;Açúcar;1;;157:33:00;6,56;94;2,78
2025;Santos;BRSSZ;Público;Longo Curso;1629606;9936836;2025-10-16 15:30:00;21/10/2025 22:40;21/10/2025 22:40;24/10/2025 17:20;Granel Sólido;Resíduos Da Extração Do Óleo De Soja;1;;127:10:00;5,3;94;2,78
2025;Santos;BRSSZ;Público;Longo Curso;1631549;9537264;2025-10-16 16:55:00;16/10/2025 17:10;16/10/2025 17:15;23/10/2025 20:10;Granel Sólido;Adubos (Fertilizantes);1;;0:15:00;0,01;94;2,78
2025;Santos;BRSSZ;Público;Longo Curso;1629690;9594925;2025-10-16 19:30:00;16/10/2025 20:40;17/10/2025 02:12;18/10/2025 00:25;Granel Sólido;Açúcar;1;;1:10:00;0,05;94;2,78
2025;Santos;BRSSZ;Público;Longo Curso;1629637;9595204;2025-10-16 19:30:00;16/10/2025 20:29;16/10/2025 20:29;20/10/2025 02:30;Granel Sólido;Adubos (Fertilizantes);1;;0:59:00;0,04;94;2,78
2025;Santos;BRSSZ;Público;Cabotagem;1629762;9391361;2025-10-16 20:12:00;21/10/2025 15:56;21/10/2025 17:06;23/10/2025 10:53;Granel Líquido e Gasoso;Petróleo E Derivados (Sem Óleo Bruto);1;;115:44:00;4,82;94;2,78
2025;Santos;BRSSZ;Público;Longo Curso;1629755;9490832;2025-10-16 20:36:00;17/10/2025 01:23;17/10/2025 07:00;21/10/2025 23:05;Granel Sólido;Adubos (Fertilizantes);1;;4:47:00;0,2;94;2,78
2025;Santos;BRSSZ;Público;Cabotagem;1629550;9753636;2025-10-16 23:00:00;17/10/2025 00:35;17/10/2025 00:35;19/10/2025 14:26;Granel Líquido e Gasoso;Combustíveis, Óleos E Produtos Minerais;1;;1:35:00;0,07;94;2,78
2025;Santos;BRSSZ;Público;Cabotagem;1629550;9753636;2025-10-16 23:00:00;17/10/2025 00:35;17/10/2025 00:35;19/10/2025 14:26;Granel Líquido e Gasoso;Etanol Combustível;1;;1:35:00;0,07;94;2,78
2025;Santos;BRSSZ;Público;Cabotagem;1629550;9753636;2025-10-16 23:00:00;17/10/2025 00:35;17/10/2025 00:35;19/10/2025 14:26;Granel Líquido e Gasoso;Petróleo E Derivados (Sem Óleo Bruto);1;;1:35:00;0,07;94;2,78
2025;Santos;BRSSZ;Público;Cabotagem;1629550;9753636;2025-10-16 23:00:00;17/10/2025 00:35;17/10/2025 00:35;19/10/2025 14:26;Granel Líquido e Gasoso;Produtos Químicos Orgânicos;1;;1:35:00;0,07;94;2,78
2025;Santos;BRSSZ;Público;Cabotagem;1629744;9431317;2025-10-17 00:30:00;19/10/2025 18:05;19/10/2025 20:24;21/10/2025 08:22;Granel Líquido e Gasoso;Petróleo E Derivados (Sem Óleo Bruto);1;;65:35:00;2,73;94;2,78
2025;Santos;BRSSZ;Público;Longo Curso;1631561;9714513;2025-10-17 02:18:00;25/10/2025 14:10;25/10/2025 14:10;29/10/2025 18:45;Granel Líquido e Gasoso;Etanol Combustível;1;;203:52:00;8,49;94;2,78
2025;Santos;BRSSZ;Público;Longo Curso;1629717;9279800;2025-10-17 11:18:00;24/10/2025 21:39;25/10/2025 02:35;27/10/2025 15:30;Granel Sólido;Açúcar;1;;178:21:00;7,43;94;2,78
2025;Santos;BRSSZ;Público;Longo Curso;1629748;9952127;2025-10-17 12:40:00;17/10/2025 21:34;17/10/2025 21:34;18/10/2025 20:34;Granel Líquido e Gasoso;Produtos Químicos Orgânicos;1;;8:54:00;0,37;94;2,78
2025;Santos;BRSSZ;Público;Longo Curso;1629588;9767041;2025-10-17 15:00:00;17/10/2025 16:17;17/10/2025 16:17;26/10/2025 07:36;Granel Sólido;Adubos (Fertilizantes);1;;1:17:00;0,05;94;2,78
2025;Santos;BRSSZ;Público;Cabotagem;1629758;9660358;2025-10-17 18:18:00;24/10/2025 13:30;24/10/2025 14:48;27/10/2025 00:25;Granel Líquido e Gasoso;Petróleo E Derivados (Sem Óleo Bruto);1;;163:12:00;6,8;94;2,78
2025;Santos;BRSSZ;Público;Longo Curso;1629571;9824980;2025-10-17 20:00:00;20/10/2025 06:20;20/10/2025 08:30;22/10/2025 22:40;Carga Geral;Pasta De Celulose;1;;58:20:00;2,43;94;2,78
2025;Santos;BRSSZ;Público;Cabotagem;1629756;9390020;2025-10-18 03:06:00;23/10/2025 13:36;23/10/2025 14:48;25/10/2025 09:49;Granel Líquido e Gasoso;Petróleo E Derivados (Sem Óleo Bruto);1;;130:30:00;5,44;94;2,78
2025;Santos;BRSSZ;Público;Cabotagem;1629757;9647863;2025-10-18 04:35:00;22/10/2025 03:40;22/10/2025 07:00;25/10/2025 09:15;Granel Sólido;Sal;1;;95:05:00;3,96;94;2,78
2025;Santos;BRSSZ;Público;Longo Curso;1629746;9422237;2025-10-18 07:00:00;18/10/2025 09:15;18/10/2025 23:40;21/10/2025 09:10;Granel Líquido e Gasoso;Petróleo E Derivados (Sem Óleo Bruto);1;;2:15:00;0,09;94;2,78
2025;Santos;BRSSZ;Público;Longo Curso;1629751;9595266;2025-10-18 09:42:00;21/10/2025 07:40;21/10/2025 07:40;24/10/2025 14:20;Granel Sólido;Milho;1;;69:58:00;2,92;94;2,78
2025;Santos;BRSSZ;Público;Longo Curso;1629738;9996977;2025-10-18 14:30:00;25/10/2025 08:55;25/10/2025 11:12;28/10/2025 22:45;Granel Sólido;Resíduos Da Extração Do Óleo De Soja;1;;162:25:00;6,77;94;2,78
2025;Santos;BRSSZ;Público;Cabotagem;1637919;9407354;2025-10-18 15:30:00;01/11/2025 22:40;01/11/2025 23:30;03/11/2025 09:08;Granel Líquido e Gasoso;Petróleo E Derivados (Sem Óleo Bruto);1;;343:10:00;14,3;94;2,78
2025;Santos;BRSSZ;Público;Longo Curso;1629560;9114244;2025-10-18 17:00:00;18/10/2025 18:45;18/10/2025 18:45;21/10/2025 10:10;Granel Líquido e Gasoso;Combustíveis, Óleos E Produtos Minerais;1;;1:45:00;0,07;94;2,78
2025;Santos;BRSSZ;Público;Longo Curso;1629560;9114244;2025-10-18 17:00:00;18/10/2025 18:45;18/10/2025 18:45;21/10/2025 10:10;Granel Líquido e Gasoso;Petróleo E Derivados (Sem Óleo Bruto);1;;1:45:00;0,07;94;2,78
2025;Santos;BRSSZ;Público;Longo Curso;1629560;9114244;2025-10-18 17:00:00;18/10/2025 18:45;18/10/2025 18:45;21/10/2025 10:10;Granel Líquido e Gasoso;Produtos Diversos Da Indústria Química;1;;1:45:00;0,07;94;2,78
2025;Santos;BRSSZ;Público;Longo Curso;1629560;9114244;2025-10-18 17:00:00;18/10/2025 18:45;18/10/2025 18:45;21/10/2025 10:10;Granel Líquido e Gasoso;Produtos Químicos Orgânicos;1;;1:45:00;0,07;94;2,78
2025;Santos;BRSSZ;Público;Longo Curso;1629760;9929015;2025-10-18 17:30:00;23/10/2025 04:45;23/10/2025 08:18;25/10/2025 03:40;Granel Sólido;Soja;1;;107:15:00;4,47;94;2,78
2025;Santos;BRSSZ;Público;Cabotagem;1629753;9312444;2025-10-18 20:42:00;22/10/2025 12:42;22/10/2025 15:42;24/10/2025 09:50;Granel Líquido e Gasoso;Petróleo E Derivados (Sem Óleo Bruto);1;;88:00:00;3,67;94;2,78
2025;Santos;BRSSZ;Público;Longo Curso;1629686;9725548;2025-10-19 12:00:00;19/10/2025 13:05;19/10/2025 14:20;20/10/2025 16:50;Granel Sólido;Açúcar;1;;1:05:00;0,05;94;2,78
2025;Santos;BRSSZ;Público;Longo Curso;1629658;9305087;2025-10-19 13:00:00;19/10/2025 14:15;19/10/2025 19:00;21/10/2025 04:45;Granel Sólido;Milho;1;;1:15:00;0,05;94;2,78
2025;Santos;BRSSZ;Público;Longo Curso;1629733;9986219;2025-10-19 14:00:00;24/10/2025 18:10;24/10/2025 19:00;25/10/2025 15:10;Granel Sólido;Resíduos Da Extração Do Óleo De Soja;1;;124:10:00;5,17;94;2,78
2025;Santos;BRSSZ;Público;Longo Curso;1629763;1043607;2025-10-19 16:36:00;25/10/2025 15:10;25/10/2025 18:10;27/10/2025 11:55;Granel Sólido;Milho;1;;142:34:00;5,94;94;2,78
2025;Santos;BRSSZ;Público;Longo Curso;1629742;9317860;2025-10-19 17:00:00;19/10/2025 18:00;19/10/2025 18:25;20/10/2025 21:10;Granel Líquido e Gasoso;Combustíveis, Óleos E Produtos Minerais;1;;1:00:00;0,04;94;2,78
2025;Santos;BRSSZ;Público;Cabotagem;1629695;9458157;2025-10-19 20:06:00;21/10/2025 04:15;21/10/2025 13:00;22/10/2025 09:50;Granel Líquido e Gasoso;Gás De Petróleo;1;;32:09:00;1,34;94;2,78
2025;Santos;BRSSZ;Público;Longo Curso;1637892;9609354;2025-10-20 01:00:00;01/11/2025 15:50;01/11/2025 15:50;03/11/2025 22:00;Granel Sólido;Adubos (Fertilizantes);1;;302:50:00;12,62;95;4,13
2025;Santos;BRSSZ;Público;Longo Curso;1629754;9491288;2025-10-20 01:25:00;25/10/2025 19:20;25/10/2025 19:20;28/10/2025 04:15;Granel Sólido;Soja;1;;137:55:00;5,75;95;4,13
2025;Santos;BRSSZ;Público;Longo Curso;1629598;9735452;2025-10-20 06:00:00;20/10/2025 06:53;20/10/2025 07:00;28/10/2025 06:22;Granel Líquido e Gasoso;Preparações De Frutas;1;;0:53:00;0,04;95;4,13
2025;Santos;BRSSZ;Público;Cabotagem;1637856;9489900;2025-10-20 11:12:00;29/10/2025 20:45;29/10/2025 23:00;01/11/2025 14:05;Granel Líquido e Gasoso;Petróleo E Derivados (Sem Óleo Bruto);1;;225:33:00;9,4;95;4,13
2025;Santos;BRSSZ;Público;Longo Curso;1629761;9283992;2025-10-20 20:50:00;22/10/2025 08:55;22/10/2025 13:44;25/10/2025 02:45;Granel Sólido;Milho;1;;36:05:00;1,5;95;4,13
2025;Santos;BRSSZ;Público;Longo Curso;1637897;9727493;2025-10-20 21:48:00;02/11/2025 19:25;02/11/2025 19:25;07/11/2025 20:15;Granel Sólido;Adubos (Fertilizantes);1;;309:37:00;12,9;95;4,13
2025;Santos;BRSSZ;Público;Longo Curso;1631557;9945514;2025-10-21 01:18:00;24/10/2025 02:00;24/10/2025 02:00;28/10/2025 21:30;Granel Sólido;Adubos (Fertilizantes);1;;72:42:00;3,03;95;4,13
2025;Santos;BRSSZ;Público;Longo Curso;1629552;9114244;2025-10-21 10:10:00;21/10/2025 11:15;21/10/2025 11:45;23/10/2025 10:05;Granel Líquido e Gasoso;Produtos Químicos Orgânicos;1;;1:05:00;0,05;95;4,13
2025;Santos;BRSSZ;Público;Longo Curso;1629570;9952127;2025-10-21 15:00:00;21/10/2025 16:24;21/10/2025 16:24;23/10/2025 20:10;Granel Líquido e Gasoso;Petróleo E Derivados (Sem Óleo Bruto);1;;1:24:00;0,06;95;4,13
2025;Santos;BRSSZ;Público;Longo Curso;1629570;9952127;2025-10-21 15:00:00;21/10/2025 16:24;21/10/2025 16:24;23/10/2025 20:10;Granel Líquido e Gasoso;Produtos Diversos Da Indústria Química;1;;1:24:00;0,06;95;4,13
2025;Santos;BRSSZ;Público;Longo Curso;1629570;9952127;2025-10-21 15:00:00;21/10/2025 16:24;21/10/2025 16:24;23/10/2025 20:10;Granel Líquido e Gasoso;Produtos Químicos Orgânicos;1;;1:24:00;0,06;95;4,13
2025;Santos;BRSSZ;Público;Longo Curso;1637910;9687124;2025-10-21 16:00:00;28/10/2025 06:15;28/10/2025 06:15;01/11/2025 17:10;Granel Sólido;Resíduos Da Extração Do Óleo De Soja;1;;158:15:00;6,59;95;4,13
2025;Santos;BRSSZ;Público;Longo Curso;1629608;9565730;2025-10-21 17:54:00;23/10/2025 21:55;23/10/2025 21:55;29/10/2025 08:20;Granel Líquido e Gasoso;Etanol Combustível;1;;52:01:00;2,17;95;4,13
2025;Santos;BRSSZ;Público;Longo Curso;1629559;9367554;2025-10-21 19:10:00;21/10/2025 19:40;22/10/2025 00:42;24/10/2025 22:05;Granel Líquido e Gasoso;Combustíveis, Óleos E Produtos Minerais;1;;0:30:00;0,02;95;4,13
2025;Santos;BRSSZ;Público;Longo Curso;1629559;9367554;2025-10-21 19:10:00;21/10/2025 19:40;22/10/2025 00:42;24/10/2025 22:05;Granel Líquido e Gasoso;Plásticos E Suas Obras;1;;0:30:00;0,02;95;4,13
2025;Santos;BRSSZ;Público;Longo Curso;1629559;9367554;2025-10-21 19:10:00;21/10/2025 19:40;22/10/2025 00:42;24/10/2025 22:05;Granel Líquido e Gasoso;Produtos Diversos Da Indústria Química;1;;0:30:00;0,02;95;4,13
2025;Santos;BRSSZ;Público;Longo Curso;1629559;9367554;2025-10-21 19:10:00;21/10/2025 19:40;22/10/2025 00:42;24/10/2025 22:05;Granel Líquido e Gasoso;Produtos Químicos Inorgânicos;1;;0:30:00;0,02;95;4,13
2025;Santos;BRSSZ;Público;Longo Curso;1629559;9367554;2025-10-21 19:10:00;21/10/2025 19:40;22/10/2025 00:42;24/10/2025 22:05;Granel Líquido e Gasoso;Produtos Químicos Orgânicos;1;;0:30:00;0,02;95;4,13
2025;Santos;BRSSZ;Público;Longo Curso;1629765;9944144;2025-10-21 19:45:00;25/10/2025 01:15;25/10/2025 01:15;27/10/2025 16:15;Granel Líquido e Gasoso;Petróleo E Derivados (Sem Óleo Bruto);1;;77:30:00;3,23;95;4,13
2025;Santos;BRSSZ;Público;Longo Curso;1637909;9593842;2025-10-21 20:24:00;30/10/2025 20:45;30/10/2025 23:51;03/11/2025 03:55;Granel Sólido;Milho;1;;216:21:00;9,01;95;4,13
2025;Santos;BRSSZ;Público;Longo Curso;1629768;9908358;2025-10-21 21:00:00;25/10/2025 14:40;25/10/2025 16:10;26/10/2025 13:37;Granel Sólido;Açúcar;1;;89:40:00;3,74;95;4,13
2025;Santos;BRSSZ;Público;Longo Curso;1631552;9629938;2025-10-21 23:30:00;27/10/2025 18:50;27/10/2025 18:50;30/10/2025 21:05;Granel Líquido e Gasoso;Petróleo E Derivados (Sem Óleo Bruto);1;;139:20:00;5,81;95;4,13
2025;Santos;BRSSZ;Público;Longo Curso;1631562;9465710;2025-10-22 02:40:00;25/10/2025 07:25;25/10/2025 13:11;30/10/2025 13:15;Granel Sólido;Soja;1;;76:45:00;3,2;95;4,13
2025;Santos;BRSSZ;Público;Longo Curso;1629562;9595204;2025-10-22 02:45:00;22/10/2025 03:40;22/10/2025 03:40;25/10/2025 23:57;Granel Sólido;Adubos (Fertilizantes);1;;0:55:00;0,04;95;4,13
2025;Santos;BRSSZ;Público;Longo Curso;1629604;9230995;2025-10-22 08:00:00;22/10/2025 08:47;22/10/2025 09:00;25/10/2025 03:48;Granel Líquido e Gasoso;Preparações De Frutas;1;;0:47:00;0,03;95;4,13
2025;Santos;BRSSZ;Público;Longo Curso;1637935;9409077;2025-10-23 00:01:00;04/11/2025 11:35;04/11/2025 14:30;08/11/2025 01:20;Granel Sólido;Milho;1;;299:34:00;12,48;95;4,13
2025;Santos;BRSSZ;Público;Longo Curso;1629650;9723045;2025-10-23 03:30:00;23/10/2025 04:25;23/10/2025 07:00;23/10/2025 20:40;Granel Sólido;Adubos (Fertilizantes);1;;0:55:00;0,04;95;4,13
2025;Santos;BRSSZ;Público;Longo Curso;1631563;9456367;2025-10-23 15:40:00;27/10/2025 19:55;27/10/2025 22:35;29/10/2025 02:30;Granel Sólido;Açúcar;1;;100:15:00;4,18;95;4,13
2025;Santos;BRSSZ;Público;Longo Curso;1629651;9723045;2025-10-23 20:40:00;23/10/2025 21:15;24/10/2025 01:00;27/10/2025 15:10;Granel Sólido;Adubos (Fertilizantes);1;;0:35:00;0,02;95;4,13
2025;Santos;BRSSZ;Público;Longo Curso;1629725;1051939;2025-10-24 00:44:00;24/10/2025 01:20;24/10/2025 01:20;25/10/2025 15:35;Carga Geral;Pasta De Celulose;1;;0:36:00;0,02;95;4,13
2025;Santos;BRSSZ;Público;Longo Curso;1637859;9380051;2025-10-24 05:00:00;31/10/2025 00:25;31/10/2025 00:25;04/11/2025 22:40;Granel Líquido e Gasoso;Petróleo E Derivados (Sem Óleo Bruto);1;;163:25:00;6,81;95;4,13
2025;Santos;BRSSZ;Público;Longo Curso;1637930;9326885;2025-10-24 11:30:00;01/11/2025 17:30;02/11/2025 04:40;07/11/2025 02:05;Granel Líquido e Gasoso;Petróleo E Derivados (Sem Óleo Bruto);1;;198:00:00;8,25;95;4,13
2025;Santos;BRSSZ;Público;Longo Curso;1637916;9520649;2025-10-24 13:00:00;07/11/2025 23:30;08/11/2025 01:07;10/11/2025 03:15;Granel Sólido;Açúcar;1;;346:30:00;14,44;95;4,13
2025;Santos;BRSSZ;Público;Longo Curso;1637934;9953444;2025-10-24 17:30:00;05/11/2025 02:25;05/11/2025 07:30;08/11/2025 11:40;Granel Líquido e Gasoso;Petróleo E Derivados (Sem Óleo Bruto);1;;272:55:00;11,37;95;4,13
2025;Santos;BRSSZ;Público;Cabotagem;1629609;9345893;2025-10-24 19:41:00;24/10/2025 20:20;24/10/2025 20:48;26/10/2025 16:15;Granel Líquido e Gasoso;Produtos Químicos Orgânicos;1;;0:39:00;0,03;95;4,13
2025;Santos;BRSSZ;Público;Cabotagem;1629609;9345893;2025-10-24 19:41:00;24/10/2025 20:20;24/10/2025 20:48;26/10/2025 16:15;Granel Líquido e Gasoso;Soda Cáustica;1;;0:39:00;0,03;95;4,13
2025;Santos;BRSSZ;Público;Longo Curso;1631551;9956410;2025-10-24 20:54:00;24/10/2025 22:00;24/10/2025 22:00;26/10/2025 04:40;Granel Líquido e Gasoso;Produtos Químicos Orgânicos;1;;1:06:00;0,05;95;4,13
2025;Santos;BRSSZ;Público;Longo Curso;1637933;9746035;2025-10-24 23:42:00;04/11/2025 06:14;04/11/2025 10:55;05/11/2025 23:15;Granel Sólido;Açúcar;1;;246:32:00;10,27;95;4,13
2025;Santos;BRSSZ;Público;Longo Curso;1637902;9512214;2025-10-25 02:48:00;08/11/2025 08:30;08/11/2025 12:00;10/11/2025 18:10;Granel Sólido;Açúcar;1;;341:42:00;14,24;95;4,13
2025;Santos;BRSSZ;Público;Longo Curso;1631559;9640140;2025-10-25 04:36:00;26/10/2025 10:45;26/10/2025 16:40;26/10/2025 23:45;Granel Líquido e Gasoso;Petróleo E Derivados (Sem Óleo Bruto);1;;30:09:00;1,26;95;4,13
2025;Santos;BRSSZ;Público;Longo Curso;1637925;1033664;2025-10-25 09:24:00;04/11/2025 02:00;04/11/2025 05:37;07/11/2025 19:50;Granel Sólido;Soja;1;;232:36:00;9,69;95;4,13
2025;Santos;BRSSZ;Público;Longo Curso;1637932;9964883;2025-10-25 09:30:00;29/10/2025 06:28;29/10/2025 10:05;04/11/2025 03:13;Granel Sólido;Açúcar;1;;92:58:00;3,87;95;4,13
2025;Santos;BRSSZ;Público;Cabotagem;1629773;9836440;2025-10-25 14:00:00;29/10/2025 01:58;29/10/2025 04:30;30/10/2025 15:02;Granel Líquido e Gasoso;Petróleo E Derivados (Sem Óleo Bruto);1;;83:58:00;3,5;95;4,13
2025;Santos;BRSSZ;Público;Longo Curso;1629771;9491836;2025-10-25 16:00:00;25/10/2025 18:28;25/10/2025 19:00;29/10/2025 22:35;Granel Líquido e Gasoso;Preparações De Frutas;1;;2:28:00;0,1;95;4,13
2025;Santos;BRSSZ;Público;Longo Curso;1629605;9976410;2025-10-25 16:00:00;25/10/2025 18:40;25/10/2025 19:00;29/10/2025 07:55;Carga Geral;Pasta De Celulose;1;;2:40:00;0,11;95;4,13
2025;Santos;BRSSZ;Público;Longo Curso;1637948;9728801;2025-10-25 18:12:00;03/11/2025 07:20;03/11/2025 11:29;09/11/2025 04:40;Granel Sólido;Soja;1;;205:08:00;8,55;95;4,13
2025;Santos;BRSSZ;Público;Longo Curso;1629769;9687083;2025-10-25 18:50:00;25/10/2025 19:49;25/10/2025 22:34;29/10/2025 07:51;Granel Sólido;Adubos (Fertilizantes);1;;0:59:00;0,04;95;4,13
2025;Santos;BRSSZ;Público;Longo Curso;1637929;9542520;2025-10-26 00:30:00;05/11/2025 02:35;05/11/2025 09:07;10/11/2025 04:30;Granel Sólido;Açúcar;1;;242:05:00;10,09;95;4,13
2025;Santos;BRSSZ;Público;Longo Curso;1637860;1048372;2025-10-26 05:00:00;29/10/2025 14:40;29/10/2025 19:00;03/11/2025 16:10;Carga Geral;Pasta De Celulose;1;;81:40:00;3,4;95;4,13
2025;Santos;BRSSZ;Público;Longo Curso;1637928;9959149;2025-10-26 11:48:00;29/10/2025 02:25;29/10/2025 05:12;03/11/2025 08:10;Granel Sólido;Resíduos Da Extração Do Óleo De Soja;1;;62:37:00;2,61;95;4,13
2025;Santos;BRSSZ;Público;Longo Curso;1637862;9959785;2025-10-26 18:00:00;01/11/2025 13:20;01/11/2025 14:54;05/11/2025 03:57;Granel Sólido;Açúcar;1;;139:20:00;5,81;95;4,13
2025;Santos;BRSSZ;Público;Longo Curso;1637862;9959785;2025-10-26 18:00:00;01/11/2025 13:20;01/11/2025 14:54;05/11/2025 03:57;Granel Sólido;Milho;1;;139:20:00;5,81;95;4,13
2025;Santos;BRSSZ;Público;Longo Curso;1637908;9729910;2025-10-26 23:48:00;29/10/2025 14:20;29/10/2025 15:00;01/11/2025 22:37;Granel Sólido;Adubos (Fertilizantes);1;;62:32:00;2,61;95;4,13
2025;Santos;BRSSZ;Público;Longo Curso;1637936;9730347;2025-10-27 04:24:00;03/11/2025 20:00;03/11/2025 20:00;05/11/2025 19:20;Granel Líquido e Gasoso;Soda Cáustica;1;;183:36:00;7,65;96;5,38
2025;Santos;BRSSZ;Público;Longo Curso;1637913;9723980;2025-10-27 06:50:00;01/11/2025 08:30;01/11/2025 11:50;04/11/2025 09:10;Granel Sólido;Milho;1;;121:40:00;5,07;96;5,38
2025;Santos;BRSSZ;Público;Longo Curso;1637922;9291092;2025-10-27 09:30:00;02/11/2025 04:55;02/11/2025 16:41;04/11/2025 18:10;Granel Sólido;Açúcar;1;;139:25:00;5,81;96;5,38
2025;Santos;BRSSZ;Público;Longo Curso;1637847;9472086;2025-10-27 12:00:00;28/10/2025 10:30;28/10/2025 19:00;07/11/2025 15:50;Granel Sólido;Trigo;1;;22:30:00;0,94;96;5,38
2025;Santos;BRSSZ;Público;Longo Curso;1629741;9789726;2025-10-27 12:00:00;27/10/2025 15:12;27/10/2025 23:00;28/10/2025 22:25;Granel Líquido e Gasoso;Gás De Petróleo;1;;3:12:00;0,13;96;5,38
2025;Santos;BRSSZ;Público;Longo Curso;1637890;9316866;2025-10-27 14:00:00;27/10/2025 15:05;27/10/2025 23:11;02/11/2025 00:45;Granel Sólido;Açúcar;1;;1:05:00;0,05;96;5,38
2025;Santos;BRSSZ;Público;Longo Curso;1638918;9450727;2025-10-27 14:20:00;29/10/2025 06:15;29/10/2025 06:15;05/11/2025 16:10;Granel Sólido;Produtos Químicos Inorgânicos;1;;39:55:00;1,66;96;5,38
2025;Santos;BRSSZ;Público;Longo Curso;1629772;9317705;2025-10-27 14:30:00;28/10/2025 00:55;28/10/2025 03:55;29/10/2025 17:17;Granel Sólido;Açúcar;1;;10:25:00;0,43;96;5,38
2025;Santos;BRSSZ;Público;Longo Curso;1629610;9985837;2025-10-27 14:42:00;28/10/2025 20:30;28/10/2025 20:30;30/10/2025 15:50;Granel Líquido e Gasoso;Petróleo E Derivados (Sem Óleo Bruto);1;;29:48:00;1,24;96;5,38
2025;Santos;BRSSZ;Público;Longo Curso;1637901;9503782;2025-10-27 15:00:00;08/11/2025 08:00;08/11/2025 11:00;11/11/2025 03:40;Granel Sólido;Milho;1;;281:00:00;11,71;96;5,38
2025;Santos;BRSSZ;Público;Longo Curso;1637952;9366108;2025-10-27 23:50:00;12/11/2025 04:35;12/11/2025 08:04;15/11/2025 07:25;Granel Sólido;Milho;1;;364:45:00;15,2;96;5,38
2025;Santos;BRSSZ;Público;Longo Curso;1637865;1034395;2025-10-28 01:54:00;29/10/2025 01:40;29/10/2025 05:15;01/11/2025 08:40;Carga Geral;Pasta De Celulose;1;;23:46:00;0,99;96;5,38
2025;Santos;BRSSZ;Público;Longo Curso;1637917;9735012;2025-10-28 02:18:00;01/11/2025 13:10;01/11/2025 13:10;03/11/2025 21:25;Granel Sólido;Adubos (Fertilizantes);1;;106:52:00;4,45;96;5,38
2025;Santos;BRSSZ;Público;Longo Curso;1637957;9947251;2025-10-28 17:00:00;01/11/2025 22:20;01/11/2025 22:20;04/11/2025 16:40;Granel Sólido;Resíduos Da Extração Do Óleo De Soja;1;;101:20:00;4,22;96;5,38
2025;Santos;BRSSZ;Público;Longo Curso;1637980;9697222;2025-10-28 17:30:00;07/11/2025 06:30;07/11/2025 06:30;12/11/2025 23:55;Granel Líquido e Gasoso;Petróleo E Derivados (Sem Óleo Bruto);1;;229:00:00;9,54;96;5,38
2025;Santos;BRSSZ;Público;Longo Curso;1637896;9970246;2025-10-28 19:42:00;30/10/2025 20:30;30/10/2025 23:35;03/11/2025 19:45;Granel Sólido;Resíduos Da Extração Do Óleo De Soja;1;;48:48:00;2,03;96;5,38
2025;Santos;BRSSZ;Público;Longo Curso;1637956;9606118;2025-10-29 12:30:00;29/10/2025 22:00;30/10/2025 01:00;01/11/2025 09:40;Granel Sólido;Açúcar;1;;9:30:00;0,4;96;5,38
2025;Santos;BRSSZ;Público;Longo Curso;1631548;9956410;2025-10-29 13:00:00;29/10/2025 14:25;29/10/2025 18:05;31/10/2025 06:15;Granel Líquido e Gasoso;Plásticos E Suas Obras;1;;1:25:00;0,06;96;5,38
2025;Santos;BRSSZ;Público;Longo Curso;1631548;9956410;2025-10-29 13:00:00;29/10/2025 14:25;29/10/2025 18:05;31/10/2025 06:15;Granel Líquido e Gasoso;Produtos Químicos Orgânicos;1;;1:25:00;0,06;96;5,38
2025;Santos;BRSSZ;Público;Longo Curso;1637864;1051939;2025-10-29 13:42:00;05/11/2025 12:40;05/11/2025 13:00;12/11/2025 20:15;Carga Geral;Pasta De Celulose;1;;166:58:00;6,96;96;5,38
2025;Santos;BRSSZ;Público;Longo Curso;1637823;9473690;2025-10-29 14:45:00;06/11/2025 13:00;06/11/2025 13:00;12/11/2025 11:45;Granel Sólido;Adubos (Fertilizantes);1;;190:15:00;7,93;96;5,38
2025;Santos;BRSSZ;Público;Longo Curso;1637906;9764075;2025-10-29 14:50:00;03/11/2025 12:00;03/11/2025 14:05;05/11/2025 02:25;Granel Sólido;Resíduos Da Extração Do Óleo De Soja;1;;117:10:00;4,88;96;5,38
2025;Santos;BRSSZ;Público;Longo Curso;1637955;9977971;2025-10-29 15:48:00;10/11/2025 22:25;10/11/2025 22:25;15/11/2025 03:35;Granel Sólido;Adubos (Fertilizantes);1;;294:37:00;12,28;96;5,38
2025;Santos;BRSSZ;Público;Cabotagem;1637839;9753636;2025-10-29 16:30:00;29/10/2025 17:20;29/10/2025 17:20;01/11/2025 00:44;Granel Líquido e Gasoso;Combustíveis, Óleos E Produtos Minerais;1;;0:50:00;0,03;96;5,38
2025;Santos;BRSSZ;Público;Cabotagem;1637839;9753636;2025-10-29 16:30:00;29/10/2025 17:20;29/10/2025 17:20;01/11/2025 00:44;Granel Líquido e Gasoso;Etanol Combustível;1;;0:50:00;0,03;96;5,38
2025;Santos;BRSSZ;Público;Cabotagem;1637839;9753636;2025-10-29 16:30:00;29/10/2025 17:20;29/10/2025 17:20;01/11/2025 00:44;Granel Líquido e Gasoso;Petróleo E Derivados (Sem Óleo Bruto);1;;0:50:00;0,03;96;5,38
2025;Santos;BRSSZ;Público;Cabotagem;1637839;9753636;2025-10-29 16:30:00;29/10/2025 17:20;29/10/2025 17:20;01/11/2025 00:44;Granel Líquido e Gasoso;Produtos Químicos Orgânicos;1;;0:50:00;0,03;96;5,38
2025;Santos;BRSSZ;Público;Longo Curso;1629770;9733351;2025-10-29 17:42:00;30/10/2025 19:05;31/10/2025 02:05;31/10/2025 22:10;Granel Líquido e Gasoso;Petróleo E Derivados (Sem Óleo Bruto);1;;25:23:00;1,06;96;5,38
2025;Santos;BRSSZ;Público;Longo Curso;1637866;9711755;2025-10-29 19:24:00;05/11/2025 20:16;05/11/2025 20:16;13/11/2025 03:32;Granel Sólido;Produtos Químicos Inorgânicos;1;;168:52:00;7,04;96;5,38
2025;Santos;BRSSZ;Público;Longo Curso;1637926;9893539;2025-10-29 20:36:00;04/11/2025 22:20;04/11/2025 22:20;08/11/2025 15:50;Granel Sólido;Resíduos Da Extração Do Óleo De Soja;1;;145:44:00;6,07;96;5,38
2025;Santos;BRSSZ;Público;Longo Curso;1637903;9544073;2025-10-30 04:30:00;13/11/2025 07:30;13/11/2025 09:45;15/11/2025 11:05;Granel Sólido;Açúcar;1;;339:00:00;14,13;96;5,38
2025;Santos;BRSSZ;Público;Longo Curso;1637857;9442548;2025-10-30 06:00:00;05/11/2025 21:03;06/11/2025 01:15;09/11/2025 06:13;Granel Líquido e Gasoso;Petróleo E Derivados (Sem Óleo Bruto);1;;159:03:00;6,63;96;5,38
2025;Santos;BRSSZ;Público;Longo Curso;1637857;9442548;2025-10-30 06:00:00;05/11/2025 21:03;06/11/2025 01:15;09/11/2025 06:13;Granel Líquido e Gasoso;Produtos Químicos Orgânicos;1;;159:03:00;6,63;96;5,38
2025;Santos;BRSSZ;Público;Longo Curso;1637868;1033688;2025-10-30 07:00:00;13/11/2025 14:25;13/11/2025 16:40;16/11/2025 00:10;Granel Sólido;Resíduos Da Extração Do Óleo De Soja;1;;343:25:00;14,31;96;5,38
2025;Santos;BRSSZ;Público;Longo Curso;1637868;1033688;2025-10-30 07:00:00;13/11/2025 14:25;13/11/2025 16:40;16/11/2025 00:10;Granel Sólido;Soja;1;;343:25:00;14,31;96;5,38
2025;Santos;BRSSZ;Público;Longo Curso;1637953;9266906;2025-10-30 07:00:00;02/11/2025 05:55;02/11/2025 13:00;05/11/2025 13:00;Granel Sólido;Adubos (Fertilizantes);1;;70:55:00;2,95;96;5,38
2025;Santos;BRSSZ;Público;Cabotagem;1637945;9448322;2025-10-30 08:00:00;30/10/2025 18:40;30/10/2025 21:30;01/11/2025 19:02;Granel Líquido e Gasoso;Petróleo E Derivados (Sem Óleo Bruto);1;;10:40:00;0,44;96;5,38
2025;Santos;BRSSZ;Público;Cabotagem;1637972;9849265;2025-10-30 13:30:00;13/11/2025 06:55;13/11/2025 11:12;15/11/2025 16:00;Granel Líquido e Gasoso;Petróleo E Derivados (Sem Óleo Bruto);1;;329:25:00;13,73;96;5,38
2025;Santos;BRSSZ;Público;Longo Curso;1637958;9354868;2025-10-30 20:12:00;09/11/2025 10:05;09/11/2025 13:50;11/11/2025 23:40;Granel Sólido;Milho;1;;229:53:00;9,58;96;5,38
2025;Santos;BRSSZ;Público;Longo Curso;1637943;9594236;2025-10-31 02:55:00;15/11/2025 03:20;15/11/2025 03:20;22/11/2025 09:40;Granel Sólido;Adubos (Fertilizantes);1;;360:25:00;15,02;96;5,38
2025;Santos;BRSSZ;Público;Longo Curso;1637964;1026489;2025-10-31 06:00:00;12/11/2025 04:57;12/11/2025 07:35;14/11/2025 16:00;Granel Sólido;Milho;1;;286:57:00;11,96;96;5,38
2025;Santos;BRSSZ;Público;Longo Curso;1637853;9640140;2025-10-31 08:00:00;31/10/2025 09:05;31/10/2025 13:00;03/11/2025 16:20;Granel Líquido e Gasoso;Petróleo E Derivados (Sem Óleo Bruto);1;;1:05:00;0,05;96;5,38
2025;Santos;BRSSZ;Público;Longo Curso;1637853;9640140;2025-10-31 08:00:00;31/10/2025 09:05;31/10/2025 13:00;03/11/2025 16:20;Granel Líquido e Gasoso;Produtos Diversos Da Indústria Química;1;;1:05:00;0,05;96;5,38
2025;Santos;BRSSZ;Público;Longo Curso;1637968;9919668;2025-10-31 12:00:00;05/11/2025 20:55;05/11/2025 21:40;14/11/2025 11:45;Granel Sólido;Adubos (Fertilizantes);1;;128:55:00;5,37;96;5,38
2025;Santos;BRSSZ;Público;Longo Curso;1637842;9143207;2025-10-31 20:00:00;31/10/2025 23:00;31/10/2025 23:00;02/11/2025 20:40;Granel Líquido e Gasoso;Produtos Químicos Orgânicos;1;;3:00:00;0,13;96;5,38
2025;Santos;BRSSZ;Público;Longo Curso;1637942;9853890;2025-11-01 04:00:00;08/11/2025 00:20;08/11/2025 07:48;13/11/2025 10:35;Granel Sólido;Resíduos Da Extração Do Óleo De Soja;1;;164:20:00;6,85;96;5,38
2025;Santos;BRSSZ;Público;Longo Curso;1637867;9613056;2025-11-01 08:00:00;09/11/2025 09:55;09/11/2025 09:55;11/11/2025 13:00;Granel Sólido;Resíduos Da Extração Do Óleo De Soja;1;;193:55:00;8,08;96;5,38
2025;Santos;BRSSZ;Público;Cabotagem;1637858;9804825;2025-11-01 12:45:00;09/11/2025 09:26;09/11/2025 18:10;13/11/2025 00:05;Granel Líquido e Gasoso;Etanol Combustível;1;;188:41:00;7,86;96;5,38
2025;Santos;BRSSZ;Público;Longo Curso;1637838;9278870;2025-11-01 14:08:00;01/11/2025 14:40;01/11/2025 14:40;06/11/2025 15:38;Granel Sólido;Adubos (Fertilizantes);1;;0:32:00;0,02;96;5,38
2025;Santos;BRSSZ;Público;Longo Curso;1637963;9622174;2025-11-01 22:40:00;06/11/2025 15:55;06/11/2025 15:55;10/11/2025 15:40;Granel Sólido;Milho;1;;113:15:00;4,72;96;5,38
2025;Santos;BRSSZ;Público;Longo Curso;1637830;9848144;2025-11-02 07:00:00;12/11/2025 18:25;12/11/2025 18:25;16/11/2025 00:30;Granel Sólido;Adubos (Fertilizantes);1;;251:25:00;10,48;96;5,38
2025;Santos;BRSSZ;Público;Longo Curso;1637829;9522908;2025-11-02 14:30:00;16/11/2025 05:50;16/11/2025 05:50;27/11/2025 00:40;Granel Sólido;Adubos (Fertilizantes);1;;327:20:00;13,64;96;5,38
2025;Santos;BRSSZ;Público;Longo Curso;1637962;9631371;2025-11-02 17:00:00;02/11/2025 19:30;02/11/2025 19:30;06/11/2025 09:45;Carga Geral;Adubos (Fertilizantes);1;;2:30:00;0,1;96;5,38
2025;Santos;BRSSZ;Público;Longo Curso;1637938;9707833;2025-11-03 01:12:00;05/11/2025 06:18;05/11/2025 09:00;07/11/2025 18:42;Granel Sólido;Açúcar;1;;53:06:00;2,21;97;3,97
2025;Santos;BRSSZ;Público;Longo Curso;1637915;9738246;2025-11-03 02:00:00;08/11/2025 08:48;08/11/2025 15:18;10/11/2025 03:50;Granel Líquido e Gasoso;Gás De Petróleo;1;;126:48:00;5,28;97;3,97
2025;Santos;BRSSZ;Público;Longo Curso;1637960;9828326;2025-11-03 05:30:00;05/11/2025 07:45;05/11/2025 10:20;09/11/2025 10:45;Granel Sólido;Milho;1;;50:15:00;2,09;97;3,97
2025;Santos;BRSSZ;Público;Longo Curso;1637967;9840881;2025-11-03 05:48:00;10/11/2025 07:10;10/11/2025 09:13;11/11/2025 22:58;Granel Sólido;Açúcar;1;;169:22:00;7,06;97;3,97
2025;Santos;BRSSZ;Público;Longo Curso;1637974;9801718;2025-11-03 06:36:00;03/11/2025 16:20;03/11/2025 16:20;06/11/2025 06:10;Granel Sólido;Milho;1;;9:44:00;0,41;97;3,97
2025;Santos;BRSSZ;Público;Longo Curso;1637979;1040825;2025-11-03 06:40:00;14/11/2025 21:59;14/11/2025 23:42;16/11/2025 23:10;Granel Sólido;Açúcar;1;;279:19:00;11,64;97;3,97
2025;Santos;BRSSZ;Público;Longo Curso;1637848;9881641;2025-11-03 19:00:00;03/11/2025 20:45;03/11/2025 20:46;05/11/2025 12:10;Carga Geral;Pasta De Celulose;1;;1:45:00;0,07;97;3,97
2025;Santos;BRSSZ;Público;Longo Curso;1637976;9742247;2025-11-03 21:42:00;12/11/2025 17:50;12/11/2025 22:45;14/11/2025 17:29;Granel Sólido;Milho;1;;212:08:00;8,84;97;3,97
2025;Santos;BRSSZ;Público;Longo Curso;1637904;9714513;2025-11-04 00:00:00;04/11/2025 01:15;04/11/2025 01:15;06/11/2025 19:35;Granel Líquido e Gasoso;Produtos Químicos Orgânicos;1;;1:15:00;0,05;97;3,97
2025;Santos;BRSSZ;Público;Longo Curso;1637891;9727326;2025-11-04 00:30:00;14/11/2025 06:20;14/11/2025 06:25;19/11/2025 02:05;Granel Sólido;Resíduos Da Extração Do Óleo De Soja;1;;245:50:00;10,24;97;3,97
2025;Santos;BRSSZ;Público;Longo Curso;1637893;9609354;2025-11-04 20:30:00;04/11/2025 21:25;04/11/2025 21:25;06/11/2025 00:50;Granel Sólido;Adubos (Fertilizantes);1;;0:55:00;0,04;97;3,97
2025;Santos;BRSSZ;Público;Longo Curso;1637887;9945514;2025-11-04 21:00:00;04/11/2025 21:50;05/11/2025 01:00;06/11/2025 19:00;Granel Sólido;Adubos (Fertilizantes);1;;0:50:00;0,03;97;3,97
2025;Santos;BRSSZ;Público;Cabotagem;1637871;9345893;2025-11-04 22:00:00;04/11/2025 23:15;04/11/2025 23:15;08/11/2025 10:15;Granel Líquido e Gasoso;Produtos Químicos Orgânicos;1;;1:15:00;0,05;97;3,97
2025;Santos;BRSSZ;Público;Cabotagem;1637871;9345893;2025-11-04 22:00:00;04/11/2025 23:15;04/11/2025 23:15;08/11/2025 10:15;Granel Líquido e Gasoso;Soda Cáustica;1;;1:15:00;0,05;97;3,97
2025;Santos;BRSSZ;Público;Cabotagem;1637985;9391361;2025-11-04 22:30:00;05/11/2025 01:58;05/11/2025 05:36;06/11/2025 19:50;Granel Líquido e Gasoso;Petróleo E Derivados (Sem Óleo Bruto);1;;3:28:00;0,14;97;3,97
2025;Santos;BRSSZ;Público;Cabotagem;1637965;9413523;2025-11-04 23:24:00;07/11/2025 01:10;07/11/2025 03:24;08/11/2025 00:04;Granel Líquido e Gasoso;Petróleo E Derivados (Sem Óleo Bruto);1;;49:46:00;2,07;97;3,97
2025;Santos;BRSSZ;Público;Longo Curso;1637940;9536428;2025-11-05 01:12:00;07/11/2025 18:00;07/11/2025 21:59;16/11/2025 01:45;Granel Sólido;Trigo;1;;64:48:00;2,7;97;3,97
2025;Santos;BRSSZ;Público;Longo Curso;1637969;9403023;2025-11-05 10:48:00;10/11/2025 22:05;10/11/2025 22:05;13/11/2025 19:15;Granel Sólido;Milho;1;;131:17:00;5,47;97;3,97
2025;Santos;BRSSZ;Público;Cabotagem;1637981;9660358;2025-11-05 14:36:00;10/11/2025 08:57;10/11/2025 10:06;12/11/2025 10:06;Granel Líquido e Gasoso;Petróleo E Derivados (Sem Óleo Bruto);1;;114:21:00;4,76;97;3,97
2025;Santos;BRSSZ;Público;Longo Curso;1637886;9936240;2025-11-06 04:30:00;06/11/2025 05:05;06/11/2025 07:50;08/11/2025 00:15;Granel Sólido;Açúcar;1;;0:35:00;0,02;97;3,97
2025;Santos;BRSSZ;Público;Longo Curso;1637894;9905708;2025-11-06 05:00:00;06/11/2025 05:30;06/11/2025 05:30;12/11/2025 16:15;Granel Sólido;Adubos (Fertilizantes);1;;0:30:00;0,02;97;3,97
2025;Santos;BRSSZ;Público;Longo Curso;1638905;9474694;2025-11-06 11:48:00;11/11/2025 15:55;11/11/2025 15:55;14/11/2025 02:05;Granel Sólido;Resíduos Da Extração Do Óleo De Soja;1;;124:07:00;5,17;97;3,97
2025;Santos;BRSSZ;Público;Longo Curso;1638905;9474694;2025-11-06 11:48:00;11/11/2025 15:55;11/11/2025 15:55;14/11/2025 02:05;Granel Sólido;Soja;1;;124:07:00;5,17;97;3,97
2025;Santos;BRSSZ;Público;Longo Curso;1637845;9907005;2025-11-06 16:00:00;07/11/2025 00:30;07/11/2025 00:30;09/11/2025 14:35;Granel Líquido e Gasoso;Produtos Químicos Orgânicos;1;;8:30:00;0,35;97;3,97
2025;Santos;BRSSZ;Público;Longo Curso;1637918;9735012;2025-11-06 18:00:00;06/11/2025 18:45;06/11/2025 19:00;15/11/2025 01:05;Granel Sólido;Adubos (Fertilizantes);1;;0:45:00;0,03;97;3,97
2025;Santos;BRSSZ;Público;Longo Curso;1637989;9740823;2025-11-07 03:00:00;17/11/2025 04:10;17/11/2025 06:00;20/11/2025 06:10;Granel Sólido;Açúcar;1;;241:10:00;10,05;97;3,97
2025;Santos;BRSSZ;Público;Longo Curso;1637991;9363118;2025-11-07 13:35:00;11/11/2025 16:10;11/11/2025 19:10;13/11/2025 23:50;Granel Sólido;Resíduos Da Extração Do Óleo De Soja;1;;98:35:00;4,11;97;3,97
2025;Santos;BRSSZ;Público;Longo Curso;1637990;9242089;2025-11-07 18:00:00;08/11/2025 00:18;08/11/2025 00:45;11/11/2025 23:12;Granel Líquido e Gasoso;Preparações De Frutas;1;;6:18:00;0,26;97;3,97
2025;Santos;BRSSZ;Público;Longo Curso;1637973;9286592;2025-11-07 18:45:00;18/11/2025 14:05;18/11/2025 20:40;21/11/2025 15:20;Granel Sólido;Milho;1;;259:20:00;10,81;97;3,97
2025;Santos;BRSSZ;Público;Longo Curso;1637898;9727493;2025-11-07 20:15:00;07/11/2025 20:40;08/11/2025 01:00;09/11/2025 17:55;Granel Sólido;Adubos (Fertilizantes);1;;0:25:00;0,02;97;3,97
2025;Santos;BRSSZ;Público;Longo Curso;1637995;9498561;2025-11-07 22:00:00;14/11/2025 15:18;14/11/2025 18:05;20/11/2025 04:45;Granel Sólido;Adubos (Fertilizantes);1;;161:18:00;6,72;97;3,97
2025;Santos;BRSSZ;Público;Longo Curso;1637951;9952165;2025-11-08 00:54:00;13/11/2025 07:55;13/11/2025 13:00;14/11/2025 22:40;Granel Líquido e Gasoso;Produtos Diversos Da Indústria Química;1;;127:01:00;5,29;97;3,97
2025;Santos;BRSSZ;Público;Longo Curso;1638028;9567233;2025-11-08 02:40:00;23/11/2025 05:25;24/11/2025 08:00;26/11/2025 14:10;Granel Sólido;Açúcar;1;;362:45:00;15,11;97;3,97
2025;Santos;BRSSZ;Público;Cabotagem;1638007;9489924;2025-11-08 06:00:00;19/11/2025 20:20;19/11/2025 23:48;21/11/2025 16:14;Granel Líquido e Gasoso;Petróleo E Derivados (Sem Óleo Bruto);1;;278:20:00;11,6;97;3,97
2025;Santos;BRSSZ;Público;Longo Curso;1637986;9985837;2025-11-08 07:48:00;15/11/2025 19:45;15/11/2025 20:48;17/11/2025 00:45;Granel Líquido e Gasoso;Petróleo E Derivados (Sem Óleo Bruto);1;;179:57:00;7,5;97;3,97
2025;Santos;BRSSZ;Público;Longo Curso;1637861;9953444;2025-11-08 11:40:00;08/11/2025 12:30;08/11/2025 13:06;11/11/2025 11:55;Granel Líquido e Gasoso;Petróleo E Derivados (Sem Óleo Bruto);1;;0:50:00;0,03;97;3,97
2025;Santos;BRSSZ;Público;Longo Curso;1637836;9143207;2025-11-08 13:00:00;08/11/2025 14:35;08/11/2025 14:35;10/11/2025 03:20;Granel Líquido e Gasoso;Plásticos E Suas Obras;1;;1:35:00;0,07;97;3,97
2025;Santos;BRSSZ;Público;Longo Curso;1637836;9143207;2025-11-08 13:00:00;08/11/2025 14:35;08/11/2025 14:35;10/11/2025 03:20;Granel Líquido e Gasoso;Produtos Químicos Orgânicos;1;;1:35:00;0,07;97;3,97
2025;Santos;BRSSZ;Público;Longo Curso;1637836;9143207;2025-11-08 13:00:00;08/11/2025 14:35;08/11/2025 14:35;10/11/2025 03:20;Granel Líquido e Gasoso;Sabões, Ceras, Velas E Massas;1;;1:35:00;0,07;97;3,97
2025;Santos;BRSSZ;Público;Longo Curso;1637863;9567233;2025-11-08 17:30:00;13/11/2025 08:20;13/11/2025 08:20;17/11/2025 16:05;Granel Sólido;Adubos (Fertilizantes);1;;110:50:00;4,62;97;3,97
2025;Santos;BRSSZ;Público;Longo Curso;1637988;9233284;2025-11-09 11:00:00;21/11/2025 23:45;21/11/2025 23:45;26/11/2025 22:20;Granel Sólido;Milho;1;;300:45:00;12,53;97;3,97
2025;Santos;BRSSZ;Público;Longo Curso;1638014;9510345;2025-11-10 02:00:00;17/11/2025 10:05;17/11/2025 20:00;21/11/2025 07:50;Granel Sólido;Milho;1;;176:05:00;7,34;98;4,07
2025;Santos;BRSSZ;Público;Longo Curso;1637924;9294501;2025-11-10 07:00:00;20/11/2025 09:18;20/11/2025 11:02;22/11/2025 14:08;Granel Sólido;Açúcar;1;;242:18:00;10,1;98;4,07
2025;Santos;BRSSZ;Público;Cabotagem;1637994;9759264;2025-11-10 07:00:00;16/11/2025 00:22;16/11/2025 14:36;18/11/2025 07:41;Granel Líquido e Gasoso;Gás De Petróleo;1;;137:22:00;5,72;98;4,07
2025;Santos;BRSSZ;Público;Longo Curso;1637905;9714513;2025-11-10 08:30:00;10/11/2025 09:50;10/11/2025 09:50;12/11/2025 05:25;Granel Líquido e Gasoso;Gorduras E Óleos Animais Ou Vegetais;1;;1:20:00;0,06;98;4,07
2025;Santos;BRSSZ;Público;Longo Curso;1637997;9303601;2025-11-10 09:00:00;19/11/2025 18:40;19/11/2025 19:00;22/11/2025 01:15;Granel Sólido;Açúcar;1;;225:40:00;9,4;98;4,07
2025;Santos;BRSSZ;Público;Cabotagem;1638006;9448322;2025-11-10 13:25:00;17/11/2025 09:20;17/11/2025 13:00;18/11/2025 14:48;Granel Líquido e Gasoso;Petróleo E Derivados (Sem Óleo Bruto);1;;163:55:00;6,83;98;4,07
2025;Santos;BRSSZ;Público;Longo Curso;1638001;9018646;2025-11-10 18:30:00;12/11/2025 05:05;12/11/2025 05:15;16/11/2025 01:06;Granel Líquido e Gasoso;Preparações De Frutas;1;;34:35:00;1,44;98;4,07
2025;Santos;BRSSZ;Público;Cabotagem;1637876;9424039;2025-11-10 19:15:00;15/11/2025 03:52;15/11/2025 11:45;16/11/2025 23:41;Granel Líquido e Gasoso;Produtos Químicos Orgânicos;1;;104:37:00;4,36;98;4,07
2025;Santos;BRSSZ;Público;Longo Curso;1637870;9872169;2025-11-10 20:20:00;10/11/2025 20:50;11/11/2025 01:11;12/11/2025 00:40;Carga Geral;Pasta De Celulose;1;;0:30:00;0,02;98;4,07
2025;Santos;BRSSZ;Público;Longo Curso;1637923;9291092;2025-11-10 21:00:00;10/11/2025 22:05;11/11/2025 00:20;11/11/2025 18:10;Granel Sólido;Açúcar;1;;1:05:00;0,05;98;4,07
2025;Santos;BRSSZ;Público;Longo Curso;1638922;9539963;2025-11-10 21:30:00;25/11/2025 21:15;25/11/2025 21:15;27/11/2025 23:25;Granel Sólido;Resíduos Da Extração Do Óleo De Soja;1;;359:45:00;14,99;98;4,07
2025;Santos;BRSSZ;Público;Longo Curso;1637874;1027380;2025-11-10 21:36:00;13/11/2025 23:50;14/11/2025 07:00;18/11/2025 16:25;Carga Geral;Pasta De Celulose;1;;74:14:00;3,09;98;4,07
2025;Santos;BRSSZ;Público;Longo Curso;1637947;9514066;2025-11-11 04:45:00;11/11/2025 05:50;11/11/2025 09:00;12/11/2025 14:45;Granel Sólido;Açúcar;1;;1:05:00;0,05;98;4,07
2025;Santos;BRSSZ;Público;Longo Curso;1638000;9965863;2025-11-11 14:30:00;14/11/2025 20:51;14/11/2025 23:25;17/11/2025 04:30;Granel Sólido;Milho;1;;78:21:00;3,26;98;4,07
2025;Santos;BRSSZ;Público;Longo Curso;1637878;9808326;2025-11-11 18:18:00;15/11/2025 06:25;15/11/2025 06:25;17/11/2025 05:05;Granel Líquido e Gasoso;Soda Cáustica;1;;84:07:00;3,5;98;4,07
2025;Santos;BRSSZ;Público;Longo Curso;1637921;9813113;2025-11-11 21:30:00;11/11/2025 22:30;12/11/2025 00:40;12/11/2025 22:40;Granel Sólido;Açúcar;1;;1:00:00;0,04;98;4,07
2025;Santos;BRSSZ;Público;Longo Curso;1637982;9547714;2025-11-11 22:36:00;13/11/2025 09:56;13/11/2025 11:24;15/11/2025 21:15;Granel Líquido e Gasoso;Petróleo E Derivados (Sem Óleo Bruto);1;;35:20:00;1,47;98;4,07
2025;Santos;BRSSZ;Público;Longo Curso;1637993;9461336;2025-11-12 06:00:00;19/11/2025 00:35;19/11/2025 01:00;21/11/2025 10:25;Granel Sólido;Soja;1;;162:35:00;6,77;98;4,07
2025;Santos;BRSSZ;Público;Longo Curso;1637873;9786217;2025-11-12 07:30:00;12/11/2025 08:40;12/11/2025 12:24;15/11/2025 04:10;Granel Líquido e Gasoso;Petróleo E Derivados (Sem Óleo Bruto);1;;1:10:00;0,05;98;4,07
2025;Santos;BRSSZ;Público;Longo Curso;1638924;1082782;2025-11-12 12:40:00;13/11/2025 07:05;13/11/2025 07:15;19/11/2025 15:55;Granel Sólido;Adubos (Fertilizantes);1;;18:25:00;0,77;98;4,07
2025;Santos;BRSSZ;Público;Longo Curso;1638022;9286619;2025-11-12 16:30:00;21/11/2025 10:35;21/11/2025 12:50;26/11/2025 04:35;Granel Sólido;Milho;1;;210:05:00;8,75;98;4,07
2025;Santos;BRSSZ;Público;Longo Curso;1637850;9956903;2025-11-12 19:06:00;17/11/2025 04:40;17/11/2025 04:40;19/11/2025 03:10;Granel Líquido e Gasoso;Produtos Diversos Da Indústria Química;1;;105:34:00;4,4;98;4,07
2025;Santos;BRSSZ;Público;Longo Curso;1637850;9956903;2025-11-12 19:06:00;17/11/2025 04:40;17/11/2025 04:40;19/11/2025 03:10;Granel Líquido e Gasoso;Produtos Químicos Orgânicos;1;;105:34:00;4,4;98;4,07
2025;Santos;BRSSZ;Público;Longo Curso;1637850;9956903;2025-11-12 19:06:00;17/11/2025 04:40;17/11/2025 04:40;19/11/2025 03:10;Granel Líquido e Gasoso;Petróleo E Derivados (Sem Óleo Bruto);1;;105:34:00;4,4;98;4,07
2025;Santos;BRSSZ;Público;Longo Curso;1648975;9837016;2025-11-12 20:12:00;29/11/2025 16:55;29/11/2025 16:55;04/12/2025 13:05;Granel Sólido;Resíduos Da Extração Do Óleo De Soja;1;;404:43:00;16,86;98;4,07
2025;Santos;BRSSZ;Público;Longo Curso;1637869;9976434;2025-11-12 21:45:00;12/11/2025 22:35;13/11/2025 01:00;13/11/2025 22:15;Carga Geral;Pasta De Celulose;1;;0:50:00;0,03;98;4,07
2025;Santos;BRSSZ;Público;Longo Curso;1637999;9959400;2025-11-13 04:54:00;13/11/2025 16:50;13/11/2025 21:43;19/11/2025 11:20;Granel Sólido;Açúcar;1;;11:56:00;0,5;98;4,07
2025;Santos;BRSSZ;Público;Longo Curso;1638926;9675468;2025-11-13 07:00:00;22/11/2025 17:35;22/11/2025 19:00;27/11/2025 08:04;Granel Sólido;Milho;1;;226:35:00;9,44;98;4,07
2025;Santos;BRSSZ;Público;Cabotagem;1638901;9753636;2025-11-13 13:00:00;13/11/2025 14:05;13/11/2025 14:05;16/11/2025 23:37;Granel Líquido e Gasoso;Etanol Combustível;1;;1:05:00;0,05;98;4,07
2025;Santos;BRSSZ;Público;Cabotagem;1638901;9753636;2025-11-13 13:00:00;13/11/2025 14:05;13/11/2025 14:05;16/11/2025 23:37;Granel Líquido e Gasoso;Petróleo E Derivados (Sem Óleo Bruto);1;;1:05:00;0,05;98;4,07
2025;Santos;BRSSZ;Público;Cabotagem;1638901;9753636;2025-11-13 13:00:00;13/11/2025 14:05;13/11/2025 14:05;16/11/2025 23:37;Granel Líquido e Gasoso;Produtos Químicos Orgânicos;1;;1:05:00;0,05;98;4,07
2025;Santos;BRSSZ;Público;Cabotagem;1638901;9753636;2025-11-13 13:00:00;13/11/2025 14:05;13/11/2025 14:05;16/11/2025 23:37;Granel Líquido e Gasoso;Soda Cáustica;1;;1:05:00;0,05;98;4,07
2025;Santos;BRSSZ;Público;Longo Curso;1637966;9713193;2025-11-13 15:30:00;14/11/2025 01:35;14/11/2025 04:00;18/11/2025 14:10;Granel Sólido;Preparações Alimentícias Diversas;1;;10:05:00;0,42;98;4,07
2025;Santos;BRSSZ;Público;Longo Curso;1637834;9866770;2025-11-13 22:50:00;14/11/2025 00:01;14/11/2025 00:01;17/11/2025 06:00;Granel Líquido e Gasoso;Produtos Químicos Orgânicos;1;;1:11:00;0,05;98;4,07
2025;Santos;BRSSZ;Público;Cabotagem;1638020;9660358;2025-11-14 02:30:00;22/11/2025 00:01;22/11/2025 02:18;24/11/2025 15:55;Granel Líquido e Gasoso;Petróleo E Derivados (Sem Óleo Bruto);1;;189:31:00;7,9;98;4,07
2025;Santos;BRSSZ;Público;Longo Curso;1638005;1027366;2025-11-14 10:00:00;14/11/2025 10:50;14/11/2025 13:00;15/11/2025 14:55;Carga Geral;Produtos Químicos Inorgânicos;1;;0:50:00;0,03;98;4,07
2025;Santos;BRSSZ;Público;Longo Curso;1637872;9928932;2025-11-14 19:24:00;16/11/2025 03:20;16/11/2025 08:06;17/11/2025 21:15;Carga Geral;Pasta De Celulose;1;;31:56:00;1,33;98;4,07
2025;Santos;BRSSZ;Público;Cabotagem;1638017;9836440;2025-11-14 21:00:00;20/11/2025 23:40;21/11/2025 01:00;24/11/2025 01:32;Granel Líquido e Gasoso;Petróleo E Derivados (Sem Óleo Bruto);1;;146:40:00;6,11;98;4,07
2025;Santos;BRSSZ;Público;Cabotagem;1638929;9391361;2025-11-15 00:06:00;27/11/2025 17:15;27/11/2025 21:36;29/11/2025 10:15;Granel Líquido e Gasoso;Petróleo E Derivados (Sem Óleo Bruto);1;;305:09:00;12,71;98;4,07
2025;Santos;BRSSZ;Público;Longo Curso;1638013;9632959;2025-11-15 06:25:00;21/11/2025 13:40;21/11/2025 14:58;26/11/2025 17:30;Granel Sólido;Resíduos Da Extração Do Óleo De Soja;1;;151:15:00;6,3;98;4,07
2025;Santos;BRSSZ;Público;Longo Curso;1638919;9667722;2025-11-15 11:00:00;15/11/2025 14:00;15/11/2025 14:00;30/11/2025 16:20;Granel Sólido;Trigo;1;;3:00:00;0,13;98;4,07
2025;Santos;BRSSZ;Público;Longo Curso;1638012;9867607;2025-11-15 11:12:00;19/11/2025 07:40;19/11/2025 07:40;21/11/2025 01:10;Granel Líquido e Gasoso;Óleo De Palma;1;;92:28:00;3,85;98;4,07
2025;Santos;BRSSZ;Público;Longo Curso;1638003;9638159;2025-11-15 14:30:00;16/11/2025 04:44;16/11/2025 04:45;23/11/2025 23:40;Granel Líquido e Gasoso;Preparações De Frutas;1;;14:14:00;0,59;98;4,07
2025;Santos;BRSSZ;Público;Longo Curso;1637970;9403023;2025-11-15 23:30:00;16/11/2025 00:13;16/11/2025 00:13;17/11/2025 15:35;Granel Sólido;Milho;1;;0:43:00;0,03;98;4,07
2025;Santos;BRSSZ;Público;Longo Curso;1638928;9611242;2025-11-16 01:30:00;27/11/2025 11:05;27/11/2025 14:37;29/11/2025 09:21;Granel Sólido;Açúcar;1;;273:35:00;11,4;98;4,07
2025;Santos;BRSSZ;Público;Longo Curso;1637899;9727493;2025-11-16 02:30:00;16/11/2025 03:10;16/11/2025 03:10;17/11/2025 22:05;Granel Sólido;Adubos (Fertilizantes);1;;0:40:00;0,03;98;4,07
2025;Santos;BRSSZ;Público;Longo Curso;1638912;9562491;2025-11-16 12:00:00;27/11/2025 05:00;27/11/2025 07:05;28/11/2025 13:20;Granel Sólido;Preparações Alimentícias Diversas;1;;257:00:00;10,71;98;4,07
2025;Santos;BRSSZ;Público;Longo Curso;1638912;9562491;2025-11-16 12:00:00;27/11/2025 05:00;27/11/2025 07:05;28/11/2025 13:20;Granel Sólido;Resíduos Da Extração Do Óleo De Soja;1;;257:00:00;10,71;98;4,07
2025;Santos;BRSSZ;Público;Longo Curso;1638021;1047067;2025-11-16 15:48:00;19/11/2025 09:30;19/11/2025 11:55;20/11/2025 19:16;Granel Sólido;Açúcar;1;;65:42:00;2,74;98;4,07
2025;Santos;BRSSZ;Público;Cabotagem;1638002;9797723;2025-11-16 17:00:00;18/11/2025 10:15;18/11/2025 13:30;19/11/2025 15:20;Granel Líquido e Gasoso;Petróleo E Derivados (Sem Óleo Bruto);1;;41:15:00;1,72;98;4,07
2025;Santos;BRSSZ;Público;Longo Curso;1638004;9964663;2025-11-16 19:32:00;19/11/2025 02:10;19/11/2025 05:28;23/11/2025 00:23;Granel Sólido;Resíduos Da Extração Do Óleo De Soja;1;;54:38:00;2,28;98;4,07
2025;Santos;BRSSZ;Público;Longo Curso;1637877;9866770;2025-11-17 06:00:00;17/11/2025 06:35;17/11/2025 06:35;19/11/2025 19:05;Granel Líquido e Gasoso;Produtos Químicos Orgânicos;1;;0:35:00;0,02;99;3,36
2025;Santos;BRSSZ;Público;Cabotagem;1638024;9641807;2025-11-17 09:42:00;22/11/2025 06:05;22/11/2025 08:25;26/11/2025 23:10;Granel Sólido;Sal;1;;116:23:00;4,85;99;3,36
2025;Santos;BRSSZ;Público;Longo Curso;1649013;9664952;2025-11-17 13:00:00;30/11/2025 01:10;30/11/2025 01:10;03/12/2025 13:15;Granel Sólido;Milho;1;;300:10:00;12,51;99;3,36
2025;Santos;BRSSZ;Público;Cabotagem;1637879;9345893;2025-11-18 01:57:00;18/11/2025 02:55;18/11/2025 02:55;20/11/2025 09:10;Granel Líquido e Gasoso;Produtos Químicos Orgânicos;1;;0:58:00;0,04;99;3,36
2025;Santos;BRSSZ;Público;Cabotagem;1637879;9345893;2025-11-18 01:57:00;18/11/2025 02:55;18/11/2025 02:55;20/11/2025 09:10;Granel Líquido e Gasoso;Soda Cáustica;1;;0:58:00;0,04;99;3,36
2025;Santos;BRSSZ;Público;Longo Curso;1648976;9591545;2025-11-18 13:00:00;28/11/2025 21:55;29/11/2025 01:52;01/12/2025 16:50;Granel Sólido;Soja;1;;248:55:00;10,37;99;3,36
2025;Santos;BRSSZ;Público;Longo Curso;1648976;9591545;2025-11-18 13:00:00;28/11/2025 21:55;29/11/2025 01:52;01/12/2025 16:50;Granel Sólido;Resíduos Da Extração Do Óleo De Soja;1;;248:55:00;10,37;99;3,36
2025;Santos;BRSSZ;Público;Longo Curso;1638932;9595589;2025-11-18 13:30:00;18/11/2025 14:30;18/11/2025 14:30;21/11/2025 17:50;Granel Sólido;Milho;1;;1:00:00;0,04;99;3,36
2025;Santos;BRSSZ;Público;Longo Curso;1649020;9476939;2025-11-19 05:54:00;01/12/2025 02:00;01/12/2025 05:40;05/12/2025 12:00;Granel Sólido;Milho;1;;284:06:00;11,84;99;3,36
2025;Santos;BRSSZ;Público;Cabotagem;1638934;9312444;2025-11-19 15:00:00;24/11/2025 21:15;24/11/2025 23:48;26/11/2025 23:22;Granel Líquido e Gasoso;Petróleo E Derivados (Sem Óleo Bruto);1;;126:15:00;5,26;99;3,36
2025;Santos;BRSSZ;Público;Longo Curso;1637927;9893539;2025-11-19 23:30:00;20/11/2025 00:10;20/11/2025 00:10;21/11/2025 14:15;Granel Sólido;Resíduos Da Extração Do Óleo De Soja;1;;0:40:00;0,03;99;3,36
2025;Santos;BRSSZ;Público;Longo Curso;1638907;9459539;2025-11-20 06:50:00;20/11/2025 11:36;20/11/2025 11:36;22/11/2025 00:10;Granel Líquido e Gasoso;Produtos Químicos Orgânicos;1;;4:46:00;0,2;99;3,36
2025;Santos;BRSSZ;Público;Longo Curso;1637944;9567233;2025-11-20 07:45:00;20/11/2025 08:45;20/11/2025 13:00;22/11/2025 02:40;Granel Sólido;Adubos (Fertilizantes);1;;1:00:00;0,04;99;3,36
2025;Santos;BRSSZ;Público;Longo Curso;1649014;9681950;2025-11-20 09:30:00;01/12/2025 21:00;02/12/2025 01:00;06/12/2025 14:25;Granel Sólido;Resíduos Da Extração Do Óleo De Soja;1;;275:30:00;11,48;99;3,36
2025;Santos;BRSSZ;Público;Longo Curso;1638937;9869588;2025-11-20 11:45:00;28/11/2025 21:32;29/11/2025 00:13;30/11/2025 22:20;Granel Sólido;Milho;1;;201:47:00;8,41;99;3,36
2025;Santos;BRSSZ;Público;Longo Curso;1638019;9984493;2025-11-20 12:24:00;20/11/2025 17:30;20/11/2025 17:30;26/11/2025 05:45;Granel Sólido;Adubos (Fertilizantes);1;;5:06:00;0,21;99;3,36
2025;Santos;BRSSZ;Público;Cabotagem;1637996;9786152;2025-11-20 15:00:00;20/11/2025 17:14;21/11/2025 06:30;22/11/2025 06:51;Granel Líquido e Gasoso;Petróleo E Derivados (Sem Óleo Bruto);1;;2:14:00;0,09;99;3,36
2025;Santos;BRSSZ;Público;Longo Curso;1638025;9260627;2025-11-20 17:00:00;23/11/2025 05:45;23/11/2025 10:00;26/11/2025 23:05;Granel Sólido;Milho;1;;60:45:00;2,53;99;3,36
2025;Santos;BRSSZ;Público;Longo Curso;1638906;9453054;2025-11-21 05:48:00;21/11/2025 23:55;21/11/2025 23:55;25/11/2025 16:30;Granel Sólido;Resíduos Da Extração Do Óleo De Soja;1;;18:07:00;0,75;99;3,36
2025;Santos;BRSSZ;Público;Longo Curso;1638906;9453054;2025-11-21 05:48:00;21/11/2025 23:55;21/11/2025 23:55;25/11/2025 16:30;Granel Sólido;Soja;1;;18:07:00;0,75;99;3,36
2025;Santos;BRSSZ;Público;Longo Curso;1638908;9459539;2025-11-22 00:10:00;22/11/2025 00:50;22/11/2025 13:00;24/11/2025 09:43;Granel Líquido e Gasoso;Plásticos E Suas Obras;1;;0:40:00;0,03;99;3,36
2025;Santos;BRSSZ;Público;Longo Curso;1638908;9459539;2025-11-22 00:10:00;22/11/2025 00:50;22/11/2025 13:00;24/11/2025 09:43;Granel Líquido e Gasoso;Produtos Químicos Orgânicos;1;;0:40:00;0,03;99;3,36
2025;Santos;BRSSZ;Público;Longo Curso;1649025;9478030;2025-11-22 08:30:00;05/12/2025 16:30;05/12/2025 16:30;08/12/2025 21:46;Granel Sólido;Resíduos Da Extração Do Óleo De Soja;1;;320:00:00;13,33;99;3,36
2025;Santos;BRSSZ;Público;Longo Curso;1649018;9746798;2025-11-22 10:50:00;26/11/2025 09:00;26/11/2025 09:00;01/12/2025 22:13;Granel Sólido;Sal;1;;94:10:00;3,92;99;3,36
2025;Santos;BRSSZ;Público;Longo Curso;1648977;9990674;2025-11-22 11:00:00;28/11/2025 20:45;28/11/2025 20:45;05/12/2025 16:20;Granel Sólido;Adubos (Fertilizantes);1;;153:45:00;6,41;99;3,36
2025;Santos;BRSSZ;Público;Longo Curso;1638027;9952165;2025-11-22 11:15:00;22/11/2025 12:10;22/11/2025 12:10;23/11/2025 18:45;Granel Líquido e Gasoso;Petróleo E Derivados (Sem Óleo Bruto);1;;0:55:00;0,04;99;3,36
2025;Santos;BRSSZ;Público;Longo Curso;1638936;9948255;2025-11-22 11:30:00;29/11/2025 12:30;29/11/2025 14:00;30/11/2025 09:43;Granel Sólido;Açúcar;1;;169:00:00;7,04;99;3,36
2025;Santos;BRSSZ;Público;Longo Curso;1638931;9328936;2025-11-22 13:42:00;26/11/2025 09:07;26/11/2025 11:10;28/11/2025 13:34;Granel Sólido;Milho;1;;91:25:00;3,81;99;3,36
2025;Santos;BRSSZ;Público;Longo Curso;1638943;9309629;2025-11-22 23:28:00;23/11/2025 00:40;23/11/2025 00:40;27/11/2025 18:45;Granel Líquido e Gasoso;Etanol Combustível;1;;1:12:00;0,05;99;3,36
2025;Santos;BRSSZ;Público;Longo Curso;1638016;9843364;2025-11-23 06:10:00;23/11/2025 07:40;24/11/2025 07:50;27/11/2025 08:12;Granel Sólido;Açúcar;1;;1:30:00;0,06;99;3,36
2025;Santos;BRSSZ;Público;Longo Curso;1638023;9951898;2025-11-23 08:12:00;24/11/2025 21:18;24/11/2025 21:18;27/11/2025 07:46;Granel Sólido;Adubos (Fertilizantes);1;;37:06:00;1,55;99;3,36
2025;Santos;BRSSZ;Público;Longo Curso;1638910;9676527;2025-11-23 14:00:00;24/11/2025 12:30;24/11/2025 12:30;27/11/2025 18:59;Granel Líquido e Gasoso;Petróleo E Derivados (Sem Óleo Bruto);1;;22:30:00;0,94;99;3,36
2025;Santos;BRSSZ;Público;Longo Curso;1638909;9976501;2025-11-23 16:00:00;24/11/2025 01:50;24/11/2025 01:50;27/11/2025 20:15;Carga Geral;Pasta De Celulose;1;;9:50:00;0,41;99;3,36
2025;Santos;BRSSZ;Público;Longo Curso;1637880;9952165;2025-11-23 18:45:00;23/11/2025 19:30;23/11/2025 22:25;25/11/2025 10:40;Granel Líquido e Gasoso;Combustíveis, Óleos E Produtos Minerais;1;;0:45:00;0,03;99;3,36
2025;Santos;BRSSZ;Público;Longo Curso;1637880;9952165;2025-11-23 18:45:00;23/11/2025 19:30;23/11/2025 22:25;25/11/2025 10:40;Granel Líquido e Gasoso;Produtos Químicos Orgânicos;1;;0:45:00;0,03;99;3,36
2025;Santos;BRSSZ;Público;Longo Curso;1649032;9442378;2025-11-24 10:15:00;07/12/2025 01:25;07/12/2025 01:25;11/12/2025 07:50;Granel Sólido;Milho;1;;303:10:00;12,63;100;2,65
2025;Santos;BRSSZ;Público;Cabotagem;1649010;9788552;2025-11-24 19:18:00;08/12/2025 05:48;08/12/2025 10:36;10/12/2025 03:22;Granel Líquido e Gasoso;Petróleo E Derivados (Sem Óleo Bruto);1;;322:30:00;13,44;100;2,65
2025;Santos;BRSSZ;Público;Longo Curso;1638916;9663702;2025-11-24 22:42:00;28/11/2025 22:15;29/11/2025 01:33;30/11/2025 14:35;Granel Sólido;Preparações Alimentícias Diversas;1;;95:33:00;3,98;100;2,65
2025;Santos;BRSSZ;Público;Longo Curso;1638916;9663702;2025-11-24 22:42:00;28/11/2025 22:15;29/11/2025 01:33;30/11/2025 14:35;Granel Sólido;Resíduos Da Extração Do Óleo De Soja;1;;95:33:00;3,98;100;2,65
2025;Santos;BRSSZ;Público;Longo Curso;1638945;9450703;2025-11-25 00:15:00;29/11/2025 16:20;29/11/2025 18:10;30/11/2025 14:40;Granel Sólido;Açúcar;1;;112:05:00;4,67;100;2,65
2025;Santos;BRSSZ;Público;Cabotagem;1649034;9413523;2025-11-25 01:18:00;29/11/2025 05:30;29/11/2025 08:24;03/12/2025 17:19;Granel Líquido e Gasoso;Petróleo E Derivados (Sem Óleo Bruto);1;;100:12:00;4,17;100;2,65
2025;Santos;BRSSZ;Público;Cabotagem;1649038;9448322;2025-11-25 06:00:00;07/12/2025 00:20;07/12/2025 04:12;08/12/2025 08:30;Granel Líquido e Gasoso;Petróleo E Derivados (Sem Óleo Bruto);1;;282:20:00;11,76;100;2,65
2025;Santos;BRSSZ;Público;Longo Curso;1638944;9635391;2025-11-25 08:30:00;26/11/2025 21:15;27/11/2025 00:15;28/11/2025 08:55;Granel Sólido;Açúcar;1;;36:45:00;1,53;100;2,65
2025;Santos;BRSSZ;Público;Longo Curso;1638930;9583756;2025-11-25 16:45:00;25/11/2025 21:00;26/11/2025 00:23;28/11/2025 01:40;Granel Sólido;Milho;1;;4:15:00;0,18;100;2,65
2025;Santos;BRSSZ;Público;Cabotagem;1638921;9797254;2025-11-25 19:30:00;25/11/2025 20:48;25/11/2025 23:24;27/11/2025 14:11;Granel Líquido e Gasoso;Petróleo E Derivados (Sem Óleo Bruto);1;;1:18:00;0,05;100;2,65
2025;Santos;BRSSZ;Público;Cabotagem;1638927;9763045;2025-11-26 16:48:00;27/11/2025 18:15;28/11/2025 03:00;29/11/2025 03:18;Granel Líquido e Gasoso;Gás De Petróleo;1;;25:27:00;1,06;100;2,65
2025;Santos;BRSSZ;Público;Cabotagem;1638903;9753636;2025-11-27 03:00:00;27/11/2025 04:10;27/11/2025 04:10;29/11/2025 17:44;Granel Líquido e Gasoso;Combustíveis, Óleos E Produtos Minerais;1;;1:10:00;0,05;100;2,65
2025;Santos;BRSSZ;Público;Cabotagem;1638903;9753636;2025-11-27 03:00:00;27/11/2025 04:10;27/11/2025 04:10;29/11/2025 17:44;Granel Líquido e Gasoso;Etanol Combustível;1;;1:10:00;0,05;100;2,65
2025;Santos;BRSSZ;Público;Cabotagem;1638903;9753636;2025-11-27 03:00:00;27/11/2025 04:10;27/11/2025 04:10;29/11/2025 17:44;Granel Líquido e Gasoso;Petróleo E Derivados (Sem Óleo Bruto);1;;1:10:00;0,05;100;2,65
2025;Santos;BRSSZ;Público;Cabotagem;1638903;9753636;2025-11-27 03:00:00;27/11/2025 04:10;27/11/2025 04:10;29/11/2025 17:44;Granel Líquido e Gasoso;Produtos Químicos Orgânicos;1;;1:10:00;0,05;100;2,65
2025;Santos;BRSSZ;Público;Longo Curso;1638913;1082782;2025-11-27 03:30:00;27/11/2025 04:15;27/11/2025 06:45;28/11/2025 14:45;Granel Sólido;Adubos (Fertilizantes);1;;0:45:00;0,03;100;2,65
2025;Santos;BRSSZ;Público;Longo Curso;1638933;9595589;2025-11-27 03:30:00;27/11/2025 04:55;27/11/2025 04:55;27/11/2025 18:35;Granel Sólido;Milho;1;;1:25:00;0,06;100;2,65
2025;Santos;BRSSZ;Público;Longo Curso;1649036;9971460;2025-11-27 05:48:00;30/11/2025 21:40;30/11/2025 23:17;03/12/2025 12:42;Granel Sólido;Milho;1;;87:52:00;3,66;100;2,65
2025;Santos;BRSSZ;Público;Cabotagem;1649048;9326512;2025-11-27 05:54:00;02/12/2025 14:45;02/12/2025 16:00;03/12/2025 08:15;Granel Líquido e Gasoso;Petróleo E Derivados (Sem Óleo Bruto);1;;128:51:00;5,37;100;2,65
2025;Santos;BRSSZ;Público;Longo Curso;1649033;9644184;2025-11-27 16:00:00;28/11/2025 21:35;29/11/2025 00:00;03/12/2025 09:10;Granel Sólido;Adubos (Fertilizantes);1;;29:35:00;1,23;100;2,65
2025;Santos;BRSSZ;Público;Longo Curso;1649027;9517549;2025-11-27 21:54:00;27/11/2025 23:10;27/11/2025 23:10;03/12/2025 22:30;Granel Sólido;Adubos (Fertilizantes);1;;1:16:00;0,05;100;2,65
2025;Santos;BRSSZ;Público;Longo Curso;1638938;9453054;2025-11-28 00:30:00;28/11/2025 01:15;28/11/2025 07:00;29/11/2025 12:20;Granel Sólido;Soja;1;;0:45:00;0,03;100;2,65
2025;Santos;BRSSZ;Público;Cabotagem;1638942;9424039;2025-11-28 03:33:00;28/11/2025 04:50;28/11/2025 04:50;29/11/2025 18:15;Granel Líquido e Gasoso;Soda Cáustica;1;;1:17:00;0,05;100;2,65
2025;Santos;BRSSZ;Público;Longo Curso;1651212;9714733;2025-11-28 04:54:00;03/12/2025 12:20;03/12/2025 16:45;07/12/2025 07:45;Granel Sólido;Adubos (Fertilizantes);1;;127:26:00;5,31;100;2,65
2025;Santos;BRSSZ;Público;Longo Curso;1648955;9168635;2025-11-28 08:00:00;28/11/2025 09:20;28/11/2025 09:20;02/12/2025 04:35;Granel Líquido e Gasoso;Combustíveis, Óleos E Produtos Minerais;1;;1:20:00;0,06;100;2,65
2025;Santos;BRSSZ;Público;Longo Curso;1648955;9168635;2025-11-28 08:00:00;28/11/2025 09:20;28/11/2025 09:20;02/12/2025 04:35;Granel Líquido e Gasoso;Petróleo E Derivados (Sem Óleo Bruto);1;;1:20:00;0,06;100;2,65
2025;Santos;BRSSZ;Público;Longo Curso;1648955;9168635;2025-11-28 08:00:00;28/11/2025 09:20;28/11/2025 09:20;02/12/2025 04:35;Granel Líquido e Gasoso;Plásticos E Suas Obras;1;;1:20:00;0,06;100;2,65
2025;Santos;BRSSZ;Público;Longo Curso;1648955;9168635;2025-11-28 08:00:00;28/11/2025 09:20;28/11/2025 09:20;02/12/2025 04:35;Granel Líquido e Gasoso;Produtos Diversos Da Indústria Química;1;;1:20:00;0,06;100;2,65
2025;Santos;BRSSZ;Público;Longo Curso;1648955;9168635;2025-11-28 08:00:00;28/11/2025 09:20;28/11/2025 09:20;02/12/2025 04:35;Granel Líquido e Gasoso;Produtos Químicos Orgânicos;1;;1:20:00;0,06;100;2,65
2025;Santos;BRSSZ;Público;Longo Curso;1638940;9595852;2025-11-28 10:45:00;28/11/2025 11:40;28/11/2025 12:30;29/11/2025 13:15;Granel Sólido;Açúcar;1;;0:55:00;0,04;100;2,65
2025;Santos;BRSSZ;Público;Longo Curso;1649050;9474254;2025-11-28 12:24:00;03/12/2025 11:55;03/12/2025 15:00;04/12/2025 19:05;Granel Sólido;Açúcar;1;;119:31:00;4,98;100;2,65
2025;Santos;BRSSZ;Público;Longo Curso;1649039;9956214;2025-11-28 15:00:00;14/12/2025 12:50;14/12/2025 16:32;19/12/2025 15:55;Granel Sólido;Resíduos Da Extração Do Óleo De Soja;1;;381:50:00;15,91;100;2,65
2025;Santos;BRSSZ;Público;Longo Curso;1648958;9594717;2025-11-29 07:30:00;29/11/2025 16:20;29/11/2025 16:20;03/12/2025 15:40;Granel Sólido;Adubos (Fertilizantes);1;;8:50:00;0,37;100;2,65
2025;Santos;BRSSZ;Público;Longo Curso;1649012;9386421;2025-11-29 12:00:00;30/11/2025 20:25;30/11/2025 23:00;03/12/2025 00:45;Granel Sólido;Açúcar;1;;32:25:00;1,35;100;2,65
2025;Santos;BRSSZ;Público;Longo Curso;1649016;9804825;2025-11-29 16:00:00;29/11/2025 20:20;30/11/2025 07:00;03/12/2025 10:10;Granel Líquido e Gasoso;Etanol Combustível;1;;4:20:00;0,18;100;2,65
2025;Santos;BRSSZ;Público;Longo Curso;1649029;1024522;2025-11-30 03:18:00;07/12/2025 12:00;07/12/2025 13:00;09/12/2025 17:00;Granel Sólido;Adubos (Fertilizantes);1;;176:42:00;7,36;100;2,65
2025;Santos;BRSSZ;Público;Longo Curso;1649022;9631826;2025-11-30 11:30:00;01/12/2025 15:55;01/12/2025 19:00;04/12/2025 02:10;Granel Sólido;Açúcar;1;;28:25:00;1,18;100;2,65
2025;Santos;BRSSZ;Público;Longo Curso;1648968;9610688;2025-11-30 15:00:00;01/12/2025 20:50;02/12/2025 07:00;04/12/2025 20:10;Carga Geral;Açúcar;1;;29:50:00;1,24;100;2,65
2025;Santos;BRSSZ;Público;Longo Curso;1648968;9610688;2025-11-30 15:00:00;01/12/2025 20:50;02/12/2025 07:00;04/12/2025 20:10;Carga Geral;Fibras, Fios, Tecidos E Outros Artefatos;1;;29:50:00;1,24;100;2,65
2025;Santos;BRSSZ;Público;Longo Curso;1649041;9623726;2025-11-30 15:00:00;06/12/2025 20:15;06/12/2025 23:29;08/12/2025 17:10;Granel Sólido;Milho;1;;149:15:00;6,22;100;2,65
2025;Santos;BRSSZ;Público;Longo Curso;1649051;9764491;2025-11-30 17:00:00;30/11/2025 20:25;30/11/2025 20:25;06/12/2025 15:00;Granel Líquido e Gasoso;Etanol Combustível;1;;3:25:00;0,14;100;2,65
2025;Santos;BRSSZ;Público;Longo Curso;1648959;9414474;2025-11-30 19:30:00;30/11/2025 21:03;30/11/2025 21:03;04/12/2025 23:11;Granel Sólido;Adubos (Fertilizantes);1;;1:33:00;0,06;100;2,65
2025;Santos;BRSSZ;Público;Longo Curso;1649028;9699842;2025-11-30 20:00:00;30/11/2025 21:20;01/12/2025 01:38;03/12/2025 05:40;Granel Sólido;Milho;1;;1:20:00;0,06;100;2,65
2025;Santos;BRSSZ;Público;Longo Curso;1648966;9976460;2025-12-01 01:24:00;01/12/2025 21:25;02/12/2025 01:17;03/12/2025 23:35;Carga Geral;Pasta De Celulose;1;;20:01:00;0,83;101;2,76
2025;Santos;BRSSZ;Público;Cabotagem;1649058;9836440;2025-12-01 03:42:00;03/12/2025 20:33;03/12/2025 23:54;04/12/2025 17:08;Granel Líquido e Gasoso;Petróleo E Derivados (Sem Óleo Bruto);1;;64:51:00;2,7;101;2,76
2025;Santos;BRSSZ;Público;Longo Curso;1648980;9301914;2025-12-01 06:12:00;02/12/2025 09:00;02/12/2025 09:00;06/12/2025 11:50;Granel Líquido e Gasoso;Petróleo E Derivados (Sem Óleo Bruto);1;;26:48:00;1,12;101;2,76
2025;Santos;BRSSZ;Público;Longo Curso;1649061;9607813;2025-12-01 11:36:00;14/12/2025 02:40;14/12/2025 02:40;17/12/2025 14:45;Granel Sólido;Milho;1;;303:04:00;12,63;101;2,76
2025;Santos;BRSSZ;Público;Cabotagem;1649059;9431305;2025-12-01 16:42:00;05/12/2025 08:40;05/12/2025 11:54;06/12/2025 15:13;Granel Líquido e Gasoso;Petróleo E Derivados (Sem Óleo Bruto);1;;87:58:00;3,67;101;2,76
2025;Santos;BRSSZ;Público;Longo Curso;1649019;9746798;2025-12-01 22:13:00;01/12/2025 22:39;02/12/2025 01:00;06/12/2025 12:12;Granel Sólido;Sal;1;;0:26:00;0,02;101;2,76
2025;Santos;BRSSZ;Público;Longo Curso;1649030;9168635;2025-12-02 04:35:00;02/12/2025 05:05;02/12/2025 05:35;03/12/2025 04:55;Granel Líquido e Gasoso;Produtos Químicos Orgânicos;1;;0:30:00;0,02;101;2,76
2025;Santos;BRSSZ;Público;Longo Curso;1648984;9950909;2025-12-02 08:24:00;10/12/2025 10:30;10/12/2025 10:30;12/12/2025 04:08;Granel Sólido;Resíduos Da Extração Do Óleo De Soja;1;;194:06:00;8,09;101;2,76
2025;Santos;BRSSZ;Público;Longo Curso;1648984;9950909;2025-12-02 08:24:00;10/12/2025 10:30;10/12/2025 10:30;12/12/2025 04:08;Granel Sólido;Soja;1;;194:06:00;8,09;101;2,76
2025;Santos;BRSSZ;Público;Longo Curso;1649044;9291781;2025-12-02 09:46:00;05/12/2025 15:40;05/12/2025 19:20;09/12/2025 08:15;Granel Sólido;Milho;1;;77:54:00;3,25;101;2,76
2025;Santos;BRSSZ;Público;Longo Curso;1649045;9425148;2025-12-02 14:00:00;09/12/2025 11:35;09/12/2025 20:00;15/12/2025 04:05;Granel Sólido;Milho;1;;165:35:00;6,9;101;2,76
2025;Santos;BRSSZ;Público;Longo Curso;1649070;9964106;2025-12-02 16:00:00;09/12/2025 19:40;10/12/2025 01:00;15/12/2025 03:15;Granel Sólido;Adubos (Fertilizantes);1;;171:40:00;7,15;101;2,76
2025;Santos;BRSSZ;Público;Longo Curso;1649057;9893266;2025-12-03 07:00:00;07/12/2025 17:55;07/12/2025 20:10;10/12/2025 17:27;Granel Sólido;Milho;1;;106:55:00;4,45;101;2,76
2025;Santos;BRSSZ;Público;Longo Curso;1648982;1027366;2025-12-03 18:00:00;03/12/2025 20:15;03/12/2025 20:16;05/12/2025 11:45;Carga Geral;Pasta De Celulose;1;;2:15:00;0,09;101;2,76
2025;Santos;BRSSZ;Público;Longo Curso;1649003;9404429;2025-12-03 18:42:00;18/12/2025 15:35;18/12/2025 18:27;22/12/2025 18:00;Granel Sólido;Preparações Alimentícias Diversas;1;;356:53:00;14,87;101;2,76
2025;Santos;BRSSZ;Público;Longo Curso;1648983;9404429;2025-12-03 18:42:00;07/12/2025 21:45;07/12/2025 21:45;14/12/2025 08:15;Granel Sólido;Adubos (Fertilizantes);1;;99:03:00;4,13;101;2,76
2025;Santos;BRSSZ;Público;Longo Curso;1649047;9624665;2025-12-03 20:05:00;03/12/2025 21:15;04/12/2025 01:00;06/12/2025 11:10;Granel Sólido;Soja;1;;1:10:00;0,05;101;2,76
2025;Santos;BRSSZ;Público;Longo Curso;1649066;9838436;2025-12-03 20:12:00;03/12/2025 21:10;04/12/2025 10:38;11/12/2025 21:30;Granel Sólido;Trigo;1;;0:58:00;0,04;101;2,76
2025;Santos;BRSSZ;Público;Longo Curso;1648970;9412737;2025-12-04 00:01:00;04/12/2025 01:15;04/12/2025 04:06;06/12/2025 20:10;Granel Líquido e Gasoso;Plásticos E Suas Obras;1;;1:14:00;0,05;101;2,76
2025;Santos;BRSSZ;Público;Longo Curso;1648970;9412737;2025-12-04 00:01:00;04/12/2025 01:15;04/12/2025 04:06;06/12/2025 20:10;Granel Líquido e Gasoso;Produtos Químicos Inorgânicos;1;;1:14:00;0,05;101;2,76
2025;Santos;BRSSZ;Público;Longo Curso;1648970;9412737;2025-12-04 00:01:00;04/12/2025 01:15;04/12/2025 04:06;06/12/2025 20:10;Granel Líquido e Gasoso;Produtos Químicos Orgânicos;1;;1:14:00;0,05;101;2,76
2025;Santos;BRSSZ;Público;Longo Curso;1648965;9837640;2025-12-04 00:59:00;04/12/2025 01:45;04/12/2025 08:05;05/12/2025 23:45;Carga Geral;Pasta De Celulose;1;;0:46:00;0,03;101;2,76
2025;Santos;BRSSZ;Público;Longo Curso;1649037;9107318;2025-12-04 08:00:00;04/12/2025 09:30;04/12/2025 09:30;07/12/2025 18:50;Granel Sólido;Produtos Químicos Inorgânicos;1;;1:30:00;0,06;101;2,76
2025;Santos;BRSSZ;Público;Longo Curso;1648962;9594717;2025-12-05 01:30:00;05/12/2025 02:50;05/12/2025 02:51;08/12/2025 07:55;Granel Sólido;Adubos (Fertilizantes);1;;1:20:00;0,06;101;2,76
2025;Santos;BRSSZ;Público;Longo Curso;1648981;9997919;2025-12-05 07:30:00;05/12/2025 20:05;06/12/2025 01:40;12/12/2025 13:35;Carga Geral;Pasta De Celulose;1;;12:35:00;0,52;101;2,76
2025;Santos;BRSSZ;Público;Cabotagem;1649035;9759264;2025-12-05 08:00:00;05/12/2025 15:10;05/12/2025 21:42;06/12/2025 21:30;Granel Líquido e Gasoso;Gás De Petróleo;1;;7:10:00;0,3;101;2,76
2025;Santos;BRSSZ;Público;Longo Curso;1649042;9503976;2025-12-05 10:56:00;05/12/2025 20:20;05/12/2025 22:13;07/12/2025 12:48;Granel Sólido;Açúcar;1;;9:24:00;0,39;101;2,76
2025;Santos;BRSSZ;Público;Longo Curso;1649072;9815264;2025-12-05 19:00:00;06/12/2025 14:25;06/12/2025 19:45;10/12/2025 12:05;Granel Líquido e Gasoso;Produtos Químicos Inorgânicos;1;;19:25:00;0,81;101;2,76
2025;Santos;BRSSZ;Público;Longo Curso;1649082;9510357;2025-12-05 22:19:00;05/12/2025 23:22;06/12/2025 03:31;10/12/2025 12:00;Granel Sólido;Açúcar;1;;1:03:00;0,04;101;2,76
2025;Santos;BRSSZ;Público;Cabotagem;1649102;9407407;2025-12-06 08:30:00;06/12/2025 19:41;06/12/2025 22:54;08/12/2025 03:22;Granel Líquido e Gasoso;Petróleo E Derivados (Sem Óleo Bruto);1;;11:11:00;0,47;101;2,76
2025;Santos;BRSSZ;Público;Longo Curso;1649076;9491836;2025-12-06 10:30:00;06/12/2025 14:32;06/12/2025 14:32;09/12/2025 19:43;Granel Líquido e Gasoso;Preparações De Frutas;1;;4:02:00;0,17;101;2,76
2025;Santos;BRSSZ;Público;Longo Curso;1649063;9589164;2025-12-06 11:24:00;06/12/2025 20:50;06/12/2025 23:50;07/12/2025 18:40;Granel Sólido;Açúcar;1;;9:26:00;0,39;101;2,76
2025;Santos;BRSSZ;Público;Longo Curso;1649049;9296626;2025-12-06 19:45:00;08/12/2025 20:35;09/12/2025 00:28;11/12/2025 17:45;Granel Sólido;Milho;1;;48:50:00;2,03;101;2,76
2025;Santos;BRSSZ;Público;Longo Curso;1649065;9412737;2025-12-06 20:10:00;06/12/2025 21:00;06/12/2025 21:00;07/12/2025 23:40;Granel Líquido e Gasoso;Produtos Químicos Orgânicos;1;;0:50:00;0,03;101;2,76
2025;Santos;BRSSZ;Público;Longo Curso;1649069;9425136;2025-12-07 08:30:00;11/12/2025 20:50;12/12/2025 01:01;16/12/2025 00:05;Granel Sólido;Milho;1;;108:20:00;4,51;101;2,76
2025;Santos;BRSSZ;Público;Longo Curso;1649078;9490624;2025-12-07 17:30:00;15/12/2025 09:20;15/12/2025 14:25;19/12/2025 16:00;Granel Sólido;Adubos (Fertilizantes);1;;183:50:00;7,66;101;2,76
2025;Santos;BRSSZ;Público;Longo Curso;1649105;9541631;2025-12-07 18:00:00;11/12/2025 02:00;11/12/2025 03:48;12/12/2025 09:47;Granel Sólido;Açúcar;1;;80:00:00;3,33;101;2,76
2025;Santos;BRSSZ;Público;Cabotagem;1649080;9660358;2025-12-07 18:24:00;10/12/2025 15:48;10/12/2025 19:42;13/12/2025 14:45;Granel Líquido e Gasoso;Petróleo E Derivados (Sem Óleo Bruto);1;;69:24:00;2,89;101;2,76
2025;Santos;BRSSZ;Público;Cabotagem;1649108;9391361;2025-12-07 19:30:00;13/12/2025 16:02;13/12/2025 20:30;15/12/2025 16:20;Granel Líquido e Gasoso;Petróleo E Derivados (Sem Óleo Bruto);1;;140:32:00;5,86;101;2,76
2025;Santos;BRSSZ;Público;Longo Curso;1649093;9594705;2025-12-08 00:40:00;08/12/2025 21:16;08/12/2025 23:49;14/12/2025 02:15;Granel Sólido;Resíduos Da Extração Do Óleo De Soja;1;;20:36:00;0,86;102;3,13
2025;Santos;BRSSZ;Público;Longo Curso;1649103;9664964;2025-12-08 16:48:00;21/12/2025 21:23;21/12/2025 21:23;24/12/2025 08:33;Granel Sólido;Milho;1;;316:35:00;13,19;102;3,13
2025;Santos;BRSSZ;Público;Longo Curso;1648972;9956915;2025-12-08 19:27:00;08/12/2025 20:54;08/12/2025 20:54;09/12/2025 22:52;Granel Líquido e Gasoso;Petróleo E Derivados (Sem Óleo Bruto);1;;1:27:00;0,06;102;3,13
2025;Santos;BRSSZ;Público;Longo Curso;1648972;9956915;2025-12-08 19:27:00;08/12/2025 20:54;08/12/2025 20:54;09/12/2025 22:52;Granel Líquido e Gasoso;Produtos Diversos Da Indústria Química;1;;1:27:00;0,06;102;3,13
2025;Santos;BRSSZ;Público;Longo Curso;1648972;9956915;2025-12-08 19:27:00;08/12/2025 20:54;08/12/2025 20:54;09/12/2025 22:52;Granel Líquido e Gasoso;Produtos Químicos Orgânicos;1;;1:27:00;0,06;102;3,13
2025;Santos;BRSSZ;Público;Longo Curso;1649087;1023970;2025-12-08 19:48:00;18/12/2025 15:06;18/12/2025 15:06;21/12/2025 12:11;Granel Sólido;Resíduos Da Extração Do Óleo De Soja;1;;235:18:00;9,8;102;3,13
2025;Santos;BRSSZ;Público;Longo Curso;1648988;9344069;2025-12-08 23:00:00;14/12/2025 05:45;14/12/2025 08:38;15/12/2025 18:10;Granel Sólido;Milho;1;;126:45:00;5,28;102;3,13
2025;Santos;BRSSZ;Público;Longo Curso;1648988;9344069;2025-12-08 23:00:00;14/12/2025 05:45;14/12/2025 08:38;15/12/2025 18:10;Granel Sólido;Resíduos Da Extração Do Óleo De Soja;1;;126:45:00;5,28;102;3,13
2025;Santos;BRSSZ;Público;Longo Curso;1649015;9941374;2025-12-08 23:30:00;09/12/2025 00:33;09/12/2025 00:33;10/12/2025 08:05;Granel Sólido;Resíduos Da Extração Do Óleo De Soja;1;;1:03:00;0,04;102;3,13
2025;Santos;BRSSZ;Público;Cabotagem;1649011;9458157;2025-12-09 01:56:00;09/12/2025 03:25;10/12/2025 16:54;11/12/2025 14:00;Granel Líquido e Gasoso;Gás De Petróleo;1;;1:29:00;0,06;102;3,13
2025;Santos;BRSSZ;Público;Longo Curso;1649099;9865245;2025-12-09 06:08:00;09/12/2025 13:20;09/12/2025 13:20;17/12/2025 23:37;Granel Sólido;Produtos Químicos Inorgânicos;1;;7:12:00;0,3;102;3,13
2025;Santos;BRSSZ;Público;Longo Curso;1649086;9317705;2025-12-09 06:45:00;12/12/2025 10:37;12/12/2025 13:00;14/12/2025 08:45;Granel Sólido;Açúcar;1;;75:52:00;3,16;102;3,13
2025;Santos;BRSSZ;Público;Longo Curso;1649091;9777400;2025-12-09 10:12:00;09/12/2025 11:05;09/12/2025 11:24;11/12/2025 21:35;Granel Líquido e Gasoso;Soda Cáustica;1;;0:53:00;0,04;102;3,13
2025;Santos;BRSSZ;Público;Longo Curso;1649079;9313058;2025-12-09 12:30:00;15/12/2025 21:55;16/12/2025 01:00;19/12/2025 07:43;Granel Sólido;Milho;1;;153:25:00;6,39;102;3,13
2025;Santos;BRSSZ;Público;Longo Curso;1649100;9458767;2025-12-09 22:06:00;11/12/2025 01:30;11/12/2025 04:50;13/12/2025 22:45;Granel Sólido;Açúcar;1;;27:24:00;1,14;102;3,13
2025;Santos;BRSSZ;Público;Longo Curso;1649095;9956915;2025-12-09 22:52:00;10/12/2025 00:08;10/12/2025 04:06;11/12/2025 02:48;Granel Líquido e Gasoso;Petróleo E Derivados (Sem Óleo Bruto);1;;1:16:00;0,05;102;3,13
2025;Santos;BRSSZ;Público;Longo Curso;1649052;9764491;2025-12-10 14:00:00;10/12/2025 15:10;10/12/2025 23:40;13/12/2025 00:10;Granel Líquido e Gasoso;Etanol Combustível;1;;1:10:00;0,05;102;3,13
2025;Santos;BRSSZ;Público;Longo Curso;1648987;9663740;2025-12-10 16:00:00;14/12/2025 21:51;14/12/2025 21:55;20/12/2025 02:03;Granel Líquido e Gasoso;Preparações De Frutas;1;;101:51:00;4,24;102;3,13
2025;Santos;BRSSZ;Público;Cabotagem;1648989;9758038;2025-12-11 04:24:00;11/12/2025 05:20;11/12/2025 05:20;14/12/2025 03:15;Granel Líquido e Gasoso;Produtos Químicos Orgânicos;1;;0:56:00;0,04;102;3,13
2025;Santos;BRSSZ;Público;Cabotagem;1648989;9758038;2025-12-11 04:24:00;11/12/2025 05:20;11/12/2025 05:20;14/12/2025 03:15;Granel Líquido e Gasoso;Soda Cáustica;1;;0:56:00;0,04;102;3,13
2025;Santos;BRSSZ;Público;Longo Curso;1649106;9230995;2025-12-11 12:00:00;11/12/2025 13:37;11/12/2025 13:40;14/12/2025 18:32;Granel Líquido e Gasoso;Preparações De Frutas;1;;1:37:00;0,07;102;3,13
2025;Santos;BRSSZ;Público;Cabotagem;1649089;9777395;2025-12-11 16:55:00;11/12/2025 17:50;11/12/2025 17:50;13/12/2025 10:45;Granel Líquido e Gasoso;Produtos Químicos Orgânicos;1;;0:55:00;0,04;102;3,13
2025;Santos;BRSSZ;Público;Longo Curso;1649098;9937581;2025-12-11 23:24:00;28/12/2025 00:34;28/12/2025 00:34;29/12/2025 04:45;Granel Sólido;Resíduos Da Extração Do Óleo De Soja;1;;385:10:00;16,05;102;3,13
2025;Santos;BRSSZ;Público;Longo Curso;1648985;9426300;2025-12-11 23:36:00;12/12/2025 00:40;12/12/2025 00:40;14/12/2025 13:15;Granel Líquido e Gasoso;Soda Cáustica;1;;1:04:00;0,04;102;3,13
2025;Santos;BRSSZ;Público;Longo Curso;1649124;9405497;2025-12-12 03:00:00;19/12/2025 20:09;20/12/2025 01:50;24/12/2025 17:15;Granel Sólido;Adubos (Fertilizantes);1;;185:09:00;7,71;102;3,13
2025;Santos;BRSSZ;Público;Longo Curso;1649114;9575242;2025-12-12 03:38:00;12/12/2025 04:30;12/12/2025 04:30;22/12/2025 12:15;Granel Sólido;Adubos (Fertilizantes);1;;0:52:00;0,04;102;3,13
2025;Santos;BRSSZ;Público;Longo Curso;1649135;9575242;2025-12-12 03:38:00;23/12/2025 17:55;23/12/2025 21:00;25/12/2025 22:50;Granel Sólido;Açúcar;1;;278:17:00;11,6;102;3,13
2025;Santos;BRSSZ;Público;Longo Curso;1648956;9668922;2025-12-12 07:00:00;12/12/2025 19:20;12/12/2025 19:20;18/12/2025 03:25;Granel Sólido;Adubos (Fertilizantes);1;;12:20:00;0,51;102;3,13
2025;Santos;BRSSZ;Público;Cabotagem;1649113;9413523;2025-12-12 08:30:00;15/12/2025 23:20;16/12/2025 01:42;18/12/2025 00:20;Granel Líquido e Gasoso;Petróleo E Derivados (Sem Óleo Bruto);1;;86:50:00;3,62;102;3,13
2025;Santos;BRSSZ;Público;Longo Curso;1649085;9275141;2025-12-13 04:15:00;20/12/2025 14:15;20/12/2025 19:00;28/12/2025 07:45;Granel Sólido;Milho;1;;178:00:00;7,42;102;3,13
2025;Santos;BRSSZ;Público;Longo Curso;1649104;9438121;2025-12-13 08:00:00;14/12/2025 02:15;14/12/2025 08:35;15/12/2025 03:25;Granel Sólido;Açúcar;1;;18:15:00;0,76;102;3,13
2025;Santos;BRSSZ;Público;Longo Curso;1649084;1026568;2025-12-13 09:00:00;18/12/2025 15:00;18/12/2025 17:30;21/12/2025 02:40;Granel Sólido;Açúcar;1;;126:00:00;5,25;102;3,13
2025;Santos;BRSSZ;Público;Cabotagem;1649097;9788540;2025-12-13 10:00:00;13/12/2025 11:53;13/12/2025 15:24;14/12/2025 09:50;Granel Líquido e Gasoso;Petróleo E Derivados (Sem Óleo Bruto);1;;1:53:00;0,08;102;3,13
2025;Santos;BRSSZ;Público;Cabotagem;1649107;9447768;2025-12-13 10:42:00;14/12/2025 12:55;14/12/2025 16:12;15/12/2025 15:20;Granel Líquido e Gasoso;Petróleo E Derivados (Sem Óleo Bruto);1;;26:13:00;1,09;102;3,13
2025;Santos;BRSSZ;Público;Longo Curso;1649112;9577898;2025-12-13 15:00:00;13/12/2025 17:45;13/12/2025 19:00;21/12/2025 12:05;Granel Sólido;Trigo;1;;2:45:00;0,11;102;3,13
2025;Santos;BRSSZ;Público;Longo Curso;1649125;9255244;2025-12-13 17:00:00;13/12/2025 21:00;14/12/2025 20:35;19/12/2025 02:35;Granel Líquido e Gasoso;Petróleo E Derivados (Sem Óleo Bruto);1;;4:00:00;0,17;102;3,13
2025;Santos;BRSSZ;Público;Longo Curso;1649111;9779032;2025-12-13 20:15:00;14/12/2025 17:30;14/12/2025 17:30;19/12/2025 07:45;Granel Sólido;Adubos (Fertilizantes);1;;21:15:00;0,89;102;3,13
2025;Santos;BRSSZ;Público;Longo Curso;1649068;9568495;2025-12-14 06:30:00;14/12/2025 08:45;14/12/2025 16:20;16/12/2025 16:46;Granel Líquido e Gasoso;Produtos Químicos Orgânicos;1;;2:15:00;0,09;102;3,13
2025;Santos;BRSSZ;Público;Cabotagem;1649130;9759264;2025-12-14 07:50:00;18/12/2025 03:20;18/12/2025 10:30;19/12/2025 13:05;Granel Líquido e Gasoso;Gás De Petróleo;1;;91:30:00;3,81;102;3,13
2025;Santos;BRSSZ;Público;Longo Curso;1649081;9749867;2025-12-14 11:45:00;15/12/2025 22:50;16/12/2025 00:22;17/12/2025 12:55;Granel Sólido;Resíduos Da Extração Do Óleo De Soja;1;;35:05:00;1,46;102;3,13
2025;Santos;BRSSZ;Público;Cabotagem;1649129;9431317;2025-12-14 13:30:00;20/12/2025 12:05;20/12/2025 17:48;22/12/2025 10:20;Granel Líquido e Gasoso;Petróleo E Derivados (Sem Óleo Bruto);1;;142:35:00;5,94;102;3,13
2025;Santos;BRSSZ;Público;Longo Curso;1649121;9659799;2025-12-14 14:40:00;17/12/2025 02:00;17/12/2025 08:15;18/12/2025 12:15;Granel Sólido;Açúcar;1;;59:20:00;2,47;102;3,13
2025;Santos;BRSSZ;Público;Longo Curso;1648990;1060435;2025-12-14 17:15:00;24/12/2025 17:21;24/12/2025 17:21;27/12/2025 21:47;Granel Sólido;Milho;1;;240:06:00;10,0;102;3,13
2025;Santos;BRSSZ;Público;Longo Curso;1648990;1060435;2025-12-14 17:15:00;24/12/2025 17:21;24/12/2025 17:21;27/12/2025 21:47;Granel Sólido;Resíduos Da Extração Do Óleo De Soja;1;;240:06:00;10,0;102;3,13
2025;Santos;BRSSZ;Público;Longo Curso;1649075;1018755;2025-12-14 19:00:00;16/12/2025 04:30;16/12/2025 07:42;19/12/2025 12:10;Granel Sólido;Soja;1;;33:30:00;1,4;102;3,13
2025;Santos;BRSSZ;Público;Longo Curso;1651222;9553141;2025-12-15 07:30:00;15/12/2025 08:35;15/12/2025 08:35;31/12/2025 18:40;Granel Sólido;Trigo;1;;1:05:00;0,05;103;3,46
2025;Santos;BRSSZ;Público;Longo Curso;1661502;9523512;2025-12-15 10:00:00;30/12/2025 15:06;30/12/2025 15:06;03/01/2026 11:12;Granel Sólido;Resíduos Da Extração Do Óleo De Soja;1;;365:06:00;15,21;103;3,46
2025;Santos;BRSSZ;Público;Longo Curso;1649119;9953339;2025-12-15 16:00:00;18/12/2025 03:35;18/12/2025 03:35;21/12/2025 07:50;Granel Sólido;Adubos (Fertilizantes);1;;59:35:00;2,48;103;3,46
2025;Santos;BRSSZ;Público;Longo Curso;1651224;9518153;2025-12-15 16:00:00;27/12/2025 18:00;27/12/2025 18:00;30/12/2025 05:08;Granel Sólido;Milho;1;;290:00:00;12,08;103;3,46
2025;Santos;BRSSZ;Público;Longo Curso;1649110;9951898;2025-12-15 16:00:00;21/12/2025 06:29;21/12/2025 08:30;23/12/2025 04:20;Granel Sólido;Milho;1;;134:29:00;5,6;103;3,46
2025;Santos;BRSSZ;Público;Longo Curso;1649000;9334557;2025-12-15 20:15:00;15/12/2025 21:30;16/12/2025 05:00;20/12/2025 09:00;Granel Líquido e Gasoso;Petróleo E Derivados (Sem Óleo Bruto);1;;1:15:00;0,05;103;3,46
2025;Santos;BRSSZ;Público;Longo Curso;1661500;9801249;2025-12-16 03:48:00;01/01/2026 19:00;02/01/2026 01:00;07/01/2026 00:00;Granel Sólido;Adubos (Fertilizantes);1;;399:12:00;16,63;103;3,46
2025;Santos;BRSSZ;Público;Longo Curso;1649122;9722625;2025-12-16 06:24:00;16/12/2025 20:15;17/12/2025 03:00;20/12/2025 05:50;Granel Líquido e Gasoso;Petróleo E Derivados (Sem Óleo Bruto);1;;13:51:00;0,58;103;3,46
2025;Santos;BRSSZ;Público;Longo Curso;1661505;9364447;2025-12-16 12:00:00;02/01/2026 04:40;02/01/2026 10:29;07/01/2026 16:15;Granel Sólido;Milho;1;;400:40:00;16,69;103;3,46
2025;Santos;BRSSZ;Público;Longo Curso;1648973;9379911;2025-12-16 15:00:00;19/12/2025 05:50;19/12/2025 05:50;23/12/2025 23:49;Granel Líquido e Gasoso;Petróleo E Derivados (Sem Óleo Bruto);1;;62:50:00;2,62;103;3,46
2025;Santos;BRSSZ;Público;Cabotagem;1649137;9660358;2025-12-16 17:00:00;23/12/2025 23:47;24/12/2025 02:48;26/12/2025 23:05;Granel Líquido e Gasoso;Petróleo E Derivados (Sem Óleo Bruto);1;;174:47:00;7,28;103;3,46
2025;Santos;BRSSZ;Público;Longo Curso;1649096;9731365;2025-12-16 19:00:00;19/12/2025 11:55;19/12/2025 13:48;21/12/2025 12:20;Granel Sólido;Açúcar;1;;64:55:00;2,7;103;3,46
2025;Santos;BRSSZ;Público;Longo Curso;1649118;9540871;2025-12-17 01:00:00;22/12/2025 21:40;23/12/2025 01:15;26/12/2025 04:25;Granel Sólido;Milho;1;;140:40:00;5,86;103;3,46
2025;Santos;BRSSZ;Público;Longo Curso;1649006;9443918;2025-12-17 09:00:00;17/12/2025 12:05;17/12/2025 13:00;18/12/2025 21:37;Carga Geral;Pasta De Celulose;1;;3:05:00;0,13;103;3,46
2025;Santos;BRSSZ;Público;Longo Curso;1649001;9730452;2025-12-17 14:00:00;20/12/2025 22:45;21/12/2025 02:19;22/12/2025 18:50;Granel Sólido;Soja;1;;80:45:00;3,36;103;3,46
2025;Santos;BRSSZ;Público;Cabotagem;1649128;9448322;2025-12-17 21:00:00;22/12/2025 21:35;23/12/2025 01:06;23/12/2025 19:20;Granel Líquido e Gasoso;Petróleo E Derivados (Sem Óleo Bruto);1;;120:35:00;5,02;103;3,46
2025;Santos;BRSSZ;Público;Longo Curso;1649004;1027354;2025-12-18 01:45:00;18/12/2025 02:20;18/12/2025 07:00;19/12/2025 04:15;Carga Geral;Pasta De Celulose;1;;0:35:00;0,02;103;3,46
2025;Santos;BRSSZ;Público;Longo Curso;1649067;9986233;2025-12-18 05:42:00;23/12/2025 07:40;23/12/2025 09:25;27/12/2025 19:30;Granel Sólido;Milho;1;;121:58:00;5,08;103;3,46
2025;Santos;BRSSZ;Público;Cabotagem;1648964;9753636;2025-12-18 06:30:00;18/12/2025 08:30;18/12/2025 08:30;20/12/2025 20:22;Granel Líquido e Gasoso;Produtos Químicos Orgânicos;1;;2:00:00;0,08;103;3,46
2025;Santos;BRSSZ;Público;Cabotagem;1648964;9753636;2025-12-18 06:30:00;18/12/2025 08:30;18/12/2025 08:30;20/12/2025 20:22;Granel Líquido e Gasoso;Petróleo E Derivados (Sem Óleo Bruto);1;;2:00:00;0,08;103;3,46
2025;Santos;BRSSZ;Público;Cabotagem;1648964;9753636;2025-12-18 06:30:00;18/12/2025 08:30;18/12/2025 08:30;20/12/2025 20:22;Granel Líquido e Gasoso;Combustíveis, Óleos E Produtos Minerais;1;;2:00:00;0,08;103;3,46
2025;Santos;BRSSZ;Público;Cabotagem;1648964;9753636;2025-12-18 06:30:00;18/12/2025 08:30;18/12/2025 08:30;20/12/2025 20:22;Granel Líquido e Gasoso;Etanol Combustível;1;;2:00:00;0,08;103;3,46
2025;Santos;BRSSZ;Público;Longo Curso;1649115;9866770;2025-12-18 07:00:00;18/12/2025 11:45;18/12/2025 11:45;20/12/2025 02:40;Granel Líquido e Gasoso;Combustíveis, Óleos E Produtos Minerais;1;;4:45:00;0,2;103;3,46
2025;Santos;BRSSZ;Público;Longo Curso;1649064;9589164;2025-12-18 20:55:00;18/12/2025 22:30;19/12/2025 08:15;21/12/2025 17:05;Granel Sólido;Açúcar;1;;1:35:00;0,07;103;3,46
2025;Santos;BRSSZ;Público;Cabotagem;1649140;9312444;2025-12-18 21:18:00;19/12/2025 15:30;19/12/2025 19:30;20/12/2025 23:35;Granel Líquido e Gasoso;Petróleo E Derivados (Sem Óleo Bruto);1;;18:12:00;0,76;103;3,46
2025;Santos;BRSSZ;Público;Longo Curso;1661456;1084807;2025-12-18 23:00:00;03/01/2026 15:50;03/01/2026 15:50;08/01/2026 01:03;Granel Sólido;Resíduos Da Extração Do Óleo De Soja;1;;376:50:00;15,7;103;3,46
2025;Santos;BRSSZ;Público;Longo Curso;1649005;1094993;2025-12-19 08:00:00;19/12/2025 11:25;19/12/2025 13:00;21/12/2025 02:35;Carga Geral;Pasta De Celulose;1;;3:25:00;0,14;103;3,46
2025;Santos;BRSSZ;Público;Longo Curso;1649136;9762883;2025-12-19 11:30:00;21/12/2025 05:40;21/12/2025 07:55;21/12/2025 21:15;Granel Sólido;Açúcar;1;;42:10:00;1,76;103;3,46
2025;Santos;BRSSZ;Público;Longo Curso;1649138;9443918;2025-12-19 19:15:00;19/12/2025 20:20;20/12/2025 01:10;20/12/2025 15:09;Carga Geral;Pasta De Celulose;1;;1:05:00;0,05;103;3,46
2025;Santos;BRSSZ;Público;Longo Curso;1649083;9950909;2025-12-19 20:15:00;19/12/2025 20:55;20/12/2025 00:05;20/12/2025 20:00;Granel Sólido;Soja;1;;0:40:00;0,03;103;3,46
2025;Santos;BRSSZ;Público;Longo Curso;1649131;9754824;2025-12-19 22:12:00;21/12/2025 05:42;21/12/2025 14:12;22/12/2025 17:31;Granel Líquido e Gasoso;Gás De Petróleo;1;;31:30:00;1,31;103;3,46
2025;Santos;BRSSZ;Público;Longo Curso;1649133;9942689;2025-12-20 04:25:00;20/12/2025 05:43;20/12/2025 05:43;21/12/2025 21:42;Granel Líquido e Gasoso;Soda Cáustica;1;;1:18:00;0,05;103;3,46
2025;Santos;BRSSZ;Público;Longo Curso;1649123;9242089;2025-12-20 04:28:00;20/12/2025 05:57;20/12/2025 06:00;23/12/2025 08:05;Granel Líquido e Gasoso;Preparações De Frutas;1;;1:29:00;0,06;103;3,46
2025;Santos;BRSSZ;Público;Longo Curso;1648997;9426300;2025-12-20 13:12:00;20/12/2025 13:45;20/12/2025 18:25;23/12/2025 04:53;Granel Líquido e Gasoso;Etanol Combustível;1;;0:33:00;0,02;103;3,46
2025;Santos;BRSSZ;Público;Longo Curso;1651231;9852925;2025-12-20 20:24:00;25/12/2025 08:55;25/12/2025 11:40;26/12/2025 08:00;Granel Sólido;Açúcar;1;;108:31:00;4,52;103;3,46
2025;Santos;BRSSZ;Público;Longo Curso;1648991;9815264;2025-12-21 04:45:00;21/12/2025 06:00;21/12/2025 06:00;26/12/2025 15:05;Granel Líquido e Gasoso;Etanol Combustível;1;;1:15:00;0,05;103;3,46
2025;Santos;BRSSZ;Público;Longo Curso;1648991;9815264;2025-12-21 04:45:00;21/12/2025 06:00;21/12/2025 06:00;26/12/2025 15:05;Granel Líquido e Gasoso;Produtos Químicos Orgânicos;1;;1:15:00;0,05;103;3,46
2025;Santos;BRSSZ;Público;Cabotagem;1649139;9391361;2025-12-21 10:30:00;25/12/2025 18:27;25/12/2025 21:12;27/12/2025 12:20;Granel Líquido e Gasoso;Petróleo E Derivados (Sem Óleo Bruto);1;;103:57:00;4,33;103;3,46
2025;Santos;BRSSZ;Público;Longo Curso;1651236;9965849;2025-12-21 18:30:00;29/12/2025 08:30;29/12/2025 08:30;30/12/2025 12:14;Granel Sólido;Soja;1;;182:00:00;7,58;103;3,46
2025;Santos;BRSSZ;Público;Longo Curso;1648992;1051977;2025-12-21 20:26:00;21/12/2025 21:10;22/12/2025 07:23;26/12/2025 20:20;Carga Geral;Pasta De Celulose;1;;0:44:00;0,03;103;3,46
2025;Santos;BRSSZ;Público;Longo Curso;1651211;1053298;2025-12-22 00:58:00;22/12/2025 01:45;22/12/2025 07:35;25/12/2025 10:45;Carga Geral;Pasta De Celulose;1;;0:47:00;0,03;104;3,46
2025;Santos;BRSSZ;Público;Longo Curso;1661504;9294484;2025-12-22 05:16:00;07/01/2026 21:00;08/01/2026 00:43;10/01/2026 18:10;Granel Sólido;Milho;1;;399:44:00;16,66;104;3,46
2025;Santos;BRSSZ;Público;Longo Curso;1651214;9018646;2025-12-22 11:48:00;23/12/2025 13:28;23/12/2025 13:33;29/12/2025 12:33;Granel Líquido e Gasoso;Preparações De Frutas;1;;25:40:00;1,07;104;3,46
2025;Santos;BRSSZ;Público;Longo Curso;1651230;9500584;2025-12-22 11:50:00;28/12/2025 13:10;28/12/2025 15:15;29/12/2025 21:35;Granel Sólido;Açúcar;1;;145:20:00;6,06;104;3,46
2025;Santos;BRSSZ;Público;Cabotagem;1651221;9865740;2025-12-22 14:00:00;22/12/2025 15:30;22/12/2025 19:00;25/12/2025 16:33;Granel Líquido e Gasoso;Petróleo E Derivados (Sem Óleo Bruto);1;;1:30:00;0,06;104;3,46
2025;Santos;BRSSZ;Público;Longo Curso;1661454;9081801;2025-12-23 00:24:00;02/01/2026 04:50;02/01/2026 04:50;09/01/2026 02:40;Granel Sólido;Produtos Químicos Inorgânicos;1;;244:26:00;10,18;104;3,46
2025;Santos;BRSSZ;Público;Longo Curso;1649127;9375915;2025-12-23 03:14:00;23/12/2025 04:26;23/12/2025 14:15;29/12/2025 01:24;Granel Sólido;Açúcar;1;;1:12:00;0,05;104;3,46
2025;Santos;BRSSZ;Público;Longo Curso;1649002;9808314;2025-12-23 11:30:00;23/12/2025 12:45;23/12/2025 12:45;25/12/2025 12:40;Granel Líquido e Gasoso;Soda Cáustica;1;;1:15:00;0,05;104;3,46
2025;Santos;BRSSZ;Público;Longo Curso;1649132;9713179;2025-12-23 11:51:00;23/12/2025 13:00;23/12/2025 13:00;26/12/2025 20:40;Granel Sólido;Adubos (Fertilizantes);1;;1:09:00;0,05;104;3,46
2025;Santos;BRSSZ;Público;Longo Curso;1651216;9824992;2025-12-23 13:54:00;25/12/2025 13:50;25/12/2025 19:00;27/12/2025 01:45;Carga Geral;Pasta De Celulose;1;;47:56:00;2,0;104;3,46
2025;Santos;BRSSZ;Público;Longo Curso;1661518;9331397;2025-12-23 14:48:00;02/01/2026 20:30;02/01/2026 20:30;07/01/2026 00:01;Granel Sólido;Milho;1;;245:42:00;10,24;104;3,46
2025;Santos;BRSSZ;Público;Longo Curso;1651228;9830070;2025-12-23 17:00:00;27/12/2025 17:51;27/12/2025 19:33;30/12/2025 05:23;Granel Sólido;Milho;1;;96:51:00;4,04;104;3,46
2025;Santos;BRSSZ;Público;Cabotagem;1661457;9070565;2025-12-23 17:08:00;27/12/2025 05:30;27/12/2025 10:05;01/01/2026 17:40;Granel Sólido;Sal;1;;84:22:00;3,52;104;3,46
2025;Santos;BRSSZ;Público;Longo Curso;1661506;9958896;2025-12-23 18:24:00;29/12/2025 16:06;29/12/2025 16:06;13/01/2026 17:36;Granel Sólido;Sal;1;;141:42:00;5,9;104;3,46
2025;Santos;BRSSZ;Público;Longo Curso;1661515;9812482;2025-12-24 01:30:00;31/12/2025 02:50;31/12/2025 05:18;02/01/2026 11:15;Granel Sólido;Açúcar;1;;169:20:00;7,06;104;3,46
2025;Santos;BRSSZ;Público;Longo Curso;1661531;9860685;2025-12-24 05:12:00;26/12/2025 13:30;26/12/2025 16:16;02/01/2026 20:45;Granel Sólido;Resíduos Da Extração Do Óleo De Soja;1;;56:18:00;2,35;104;3,46
2025;Santos;BRSSZ;Público;Longo Curso;1651213;9610717;2025-12-24 05:42:00;26/12/2025 01:10;26/12/2025 07:00;30/12/2025 17:10;Carga Geral;Açúcar;1;;43:28:00;1,81;104;3,46
2025;Santos;BRSSZ;Público;Longo Curso;1651213;9610717;2025-12-24 05:42:00;26/12/2025 01:10;26/12/2025 07:00;30/12/2025 17:10;Carga Geral;Fibras, Fios, Tecidos E Outros Artefatos;1;;43:28:00;1,81;104;3,46
2025;Santos;BRSSZ;Público;Longo Curso;1651232;9749233;2025-12-24 11:00:00;24/12/2025 12:16;24/12/2025 13:00;31/12/2025 18:06;Granel Sólido;Trigo;1;;1:16:00;0,05;104;3,46
2025;Santos;BRSSZ;Público;Longo Curso;1648994;9779032;2025-12-24 17:00:00;24/12/2025 17:50;25/12/2025 10:23;26/12/2025 22:34;Granel Sólido;Adubos (Fertilizantes);1;;0:50:00;0,03;104;3,46
2025;Santos;BRSSZ;Público;Longo Curso;1651217;9866782;2025-12-24 20:05:00;25/12/2025 14:20;25/12/2025 14:20;28/12/2025 00:15;Granel Líquido e Gasoso;Soda Cáustica;1;;18:15:00;0,76;104;3,46
2025;Santos;BRSSZ;Público;Longo Curso;1651225;9717981;2025-12-24 22:30:00;26/12/2025 12:25;26/12/2025 15:02;30/12/2025 17:10;Granel Sólido;Resíduos Da Extração Do Óleo De Soja;1;;37:55:00;1,58;104;3,46
2025;Santos;BRSSZ;Público;Longo Curso;1649141;9710555;2025-12-24 23:30:00;26/12/2025 11:40;26/12/2025 13:00;28/12/2025 10:10;Granel Sólido;Açúcar;1;;36:10:00;1,51;104;3,46
2025;Santos;BRSSZ;Público;Cabotagem;1651234;9759264;2025-12-25 08:18:00;27/12/2025 03:27;27/12/2025 11:18;28/12/2025 13:10;Granel Líquido e Gasoso;Gás De Petróleo;1;;43:09:00;1,8;104;3,46
2025;Santos;BRSSZ;Público;Cabotagem;1651235;9836452;2025-12-25 10:30:00;27/12/2025 17:28;27/12/2025 21:06;29/12/2025 04:40;Granel Líquido e Gasoso;Petróleo E Derivados (Sem Óleo Bruto);1;;54:58:00;2,29;104;3,46
2025;Santos;BRSSZ;Público;Longo Curso;1651218;9739305;2025-12-25 16:07:00;25/12/2025 17:32;25/12/2025 17:32;26/12/2025 23:40;Granel Líquido e Gasoso;Produtos Químicos Orgânicos;1;;1:25:00;0,06;104;3,46
2025;Santos;BRSSZ;Público;Longo Curso;1661495;9296066;2025-12-26 06:30:00;30/12/2025 05:05;31/12/2025 10:56;04/01/2026 03:45;Granel Sólido;Soja;1;;94:35:00;3,94;104;3,46
2025;Santos;BRSSZ;Público;Longo Curso;1651215;9976408;2025-12-26 21:50:00;26/12/2025 22:25;27/12/2025 07:22;30/12/2025 15:40;Carga Geral;Pasta De Celulose;1;;0:35:00;0,02;104;3,46
2025;Santos;BRSSZ;Público;Longo Curso;1651209;9739305;2025-12-26 23:40:00;27/12/2025 00:16;27/12/2025 01:00;28/12/2025 09:14;Granel Líquido e Gasoso;Produtos Químicos Orgânicos;1;;0:36:00;0,03;104;3,46
2025;Santos;BRSSZ;Público;Cabotagem;1661537;9547673;2025-12-27 08:30:00;31/12/2025 06:38;31/12/2025 12:00;03/01/2026 18:27;Granel Líquido e Gasoso;Petróleo E Derivados (Sem Óleo Bruto);1;;94:08:00;3,92;104;3,46
2025;Santos;BRSSZ;Público;Longo Curso;1661550;9905617;2025-12-27 11:18:00;07/01/2026 14:25;07/01/2026 19:00;10/01/2026 17:10;Granel Sólido;Milho;1;;267:07:00;11,13;104;3,46
2025;Santos;BRSSZ;Público;Longo Curso;1661499;9427029;2025-12-28 12:25:00;08/01/2026 05:48;08/01/2026 05:48;10/01/2026 12:40;Granel Sólido;Resíduos Da Extração Do Óleo De Soja;1;;257:23:00;10,72;104;3,46
2025;Santos;BRSSZ;Público;Longo Curso;1661519;9852925;2025-12-29 04:00:00;29/12/2025 04:50;29/12/2025 07:00;08/01/2026 02:13;Granel Sólido;Açúcar;1;;0:50:00;0,03;105;2,31
2025;Santos;BRSSZ;Público;Longo Curso;1661524;9725457;2025-12-29 10:30:00;06/01/2026 21:50;07/01/2026 00:20;08/01/2026 07:50;Granel Sólido;Açúcar;1;;203:20:00;8,47;105;2,31
2025;Santos;BRSSZ;Público;Cabotagem;1661507;9416836;2025-12-29 19:28:00;29/12/2025 20:36;30/12/2025 09:30;01/01/2026 10:54;Granel Líquido e Gasoso;Petróleo E Derivados (Sem Óleo Bruto);1;;1:08:00;0,05;105;2,31
2025;Santos;BRSSZ;Público;Longo Curso;1661530;9695640;2025-12-30 00:07:00;30/12/2025 15:14;30/12/2025 17:30;01/01/2026 09:15;Granel Sólido;Açúcar;1;;15:07:00;0,63;105;2,31
2025;Santos;BRSSZ;Público;Longo Curso;1651226;1014474;2025-12-30 03:00:00;30/12/2025 03:54;30/12/2025 06:15;30/12/2025 23:15;Granel Sólido;Açúcar;1;;0:54:00;0,04;105;2,31
2025;Santos;BRSSZ;Público;Longo Curso;1661460;9412737;2025-12-30 05:54:00;30/12/2025 10:50;30/12/2025 10:50;01/01/2026 09:50;Granel Líquido e Gasoso;Gorduras E Óleos Animais Ou Vegetais;1;;4:56:00;0,21;105;2,31
2025;Santos;BRSSZ;Público;Longo Curso;1661459;1053327;2025-12-30 16:30:00;30/12/2025 17:10;30/12/2025 19:00;07/01/2026 16:15;Carga Geral;Pasta De Celulose;1;;0:40:00;0,03;105;2,31
2025;Santos;BRSSZ;Público;Longo Curso;1661521;9601168;2025-12-30 22:12:00;01/01/2026 13:30;01/01/2026 15:16;03/01/2026 16:22;Granel Sólido;Açúcar;1;;39:18:00;1,64;105;2,31
2025;Santos;BRSSZ;Público;Longo Curso;1661497;9450844;2025-12-31 03:15:00;07/01/2026 04:05;07/01/2026 06:00;08/01/2026 07:33;Granel Sólido;Adubos (Fertilizantes);1;;168:50:00;7,03;105;2,31
2025;Santos;BRSSZ;Público;Cabotagem;1661548;9660358;2025-12-31 04:30:00;06/01/2026 10:52;06/01/2026 14:18;09/01/2026 20:25;Granel Líquido e Gasoso;Petróleo E Derivados (Sem Óleo Bruto);1;;150:22:00;6,27;105;2,31
2025;Santos;BRSSZ;Público;Longo Curso;1661467;9942689;2025-12-31 07:25:00;31/12/2025 09:40;31/12/2025 10:05;01/01/2026 22:16;Granel Líquido e Gasoso;Produtos Químicos Inorgânicos;1;;2:15:00;0,09;105;2,31
2025;Santos;BRSSZ;Público;Longo Curso;1661467;9942689;2025-12-31 07:25:00;31/12/2025 09:40;31/12/2025 10:05;01/01/2026 22:16;Granel Líquido e Gasoso;Produtos Químicos Orgânicos;1;;2:15:00;0,09;105;2,31
2025;Santos;BRSSZ;Público;Longo Curso;1661520;9637416;2025-12-31 15:36:00;08/01/2026 12:23;08/01/2026 15:20;10/01/2026 01:20;Granel Sólido;Açúcar;1;;188:47:00;7,87;105;2,31
2025;Santos;BRSSZ;Público;Cabotagem;1661528;9431317;2025-12-31 21:30:00;07/01/2026 20:35;08/01/2026 00:24;09/01/2026 02:49;Granel Líquido e Gasoso;Petróleo E Derivados (Sem Óleo Bruto);1;;167:05:00;6,96;105;2,31
2025;Santos;BRSSZ;Público;Longo Curso;1661461;9989194;2025-12-31 23:06:00;01/01/2026 08:55;01/01/2026 13:00;03/01/2026 17:35;Granel Líquido e Gasoso;Produtos Diversos Da Indústria Química;1;;9:49:00;0,41;105;2,31
2025;Santos;BRSSZ;Público;Longo Curso;1661461;9989194;2025-12-31 23:06:00;01/01/2026 08:55;01/01/2026 13:00;03/01/2026 17:35;Granel Líquido e Gasoso;Produtos Químicos Orgânicos;1;;9:49:00;0,41;105;2,31
2025;Santos;BRSSZ;Público;Longo Curso;1661453;9393010;2025-12-31 23:48:00;01/01/2026 16:50;01/01/2026 21:30;03/01/2026 09:30;Granel Líquido e Gasoso;Combustíveis, Óleos E Produtos Minerais;1;;17:02:00;0,71;105;2,31
2025;Santos;BRSSZ;Público;Longo Curso;1661453;9393010;2025-12-31 23:48:00;01/01/2026 16:50;01/01/2026 21:30;03/01/2026 09:30;Granel Líquido e Gasoso;Produtos Químicos Orgânicos;1;;17:02:00;0,71;105;2,31
