Ano,Mês,Data da Chegada,Data da Atracação,Total de Atracações,atracação - chegada,em dias,,,,,,,,,,
2024,1,01/01/2024 07:58:00,02/01/2024 16:00:00,1,32:02:00,"1,33",Normal,,,,tempo de espera em dias,,,,,
2024,1,01/01/2024 09:00:00,01/01/2024 11:30:00,1,2:30:00,"0,10",Normal,,,Máximo,"95,28","56,23","56,12","51,87",,
2024,1,01/01/2024 12:30:00,04/01/2024 12:10:00,1,71:40:00,"2,99",Normal,,,Mínimo,"0,00",,,,,
2024,1,01/01/2024 15:15:00,06/01/2024 12:00:00,1,116:45:00,"4,86",Normal,,,Média,"5,24",,lim. inf,"-16,71",,ajustado -> 0
2024,1,01/01/2024 20:00:00,01/01/2024 21:10:00,1,1:10:00,"0,05",Normal,,,Mediana,"2,51",,lim. sup,"27,19",,
2024,1,02/01/2024 01:12:00,05/01/2024 18:00:00,1,88:48:00,"3,70",Normal,,,Desv. padrão,"7,32",,,,,
2024,1,02/01/2024 04:30:00,02/01/2024 05:48:00,1,1:18:00,"0,05",Normal,,,,,,,,,
2024,1,02/01/2024 08:00:00,07/01/2024 16:38:00,1,128:38:00,"5,36",Normal,,,Quartil1,"0,076",,lim. inf,"-11,114",,ajustado -> 0
2024,1,03/01/2024 05:00:00,03/01/2024 05:50:00,1,0:50:00,"0,03",Normal,,,Quartil3,"7,536",,lim. sup,"18,727",,
2024,1,03/01/2024 10:15:00,04/01/2024 08:40:00,1,22:25:00,"0,93",Normal,,(IQR),Q3 - Q1,"7,460",,,,,
2024,1,03/01/2024 11:00:00,03/01/2024 12:30:00,1,1:30:00,"0,06",Normal,,,,,,,,,
2024,1,03/01/2024 18:58:00,03/01/2024 20:00:00,1,1:02:00,"0,04",Normal,,,nº de ocorrencias entre,,,(feito para entender melhor o min),,,
2024,1,03/01/2024 19:09:00,03/01/2024 20:05:00,1,0:56:00,"0,04",Normal,,,"0,0","0,1",1107,,,,
2024,1,03/01/2024 19:30:00,06/01/2024 05:54:00,1,58:24:00,"2,43",Normal,,,"0,11","0,2",117,,,,
2024,1,04/01/2024 07:30:00,04/01/2024 08:15:00,1,0:45:00,"0,03",Normal,,,"0,21","0,3",81,,,,
2024,1,04/01/2024 13:12:00,17/01/2024 01:10:00,1,299:58:00,"12,50",Normal,,,"0,31","0,4",46,,,,
2024,1,04/01/2024 17:00:00,04/01/2024 18:20:00,1,1:20:00,"0,06",Normal,,,"0,41","0,5",39,,,,
2024,1,04/01/2024 22:06:00,11/01/2024 20:02:00,1,165:56:00,"6,91",Normal,,,"0,51",1,222,,,,
2024,1,05/01/2024 08:30:00,07/01/2024 00:15:00,1,39:45:00,"1,66",Normal,,,"1,01","1,5",167,,,,
2024,1,06/01/2024 07:40:00,15/01/2024 01:40:00,1,210:00:00,"8,75",Normal,,,"1,51",2,133,,,,
2024,1,06/01/2024 08:25:00,11/01/2024 20:13:00,1,131:48:00,"5,49",Normal,,,,,,,,,
2024,1,06/01/2024 09:00:00,14/01/2024 22:20:00,1,205:20:00,"8,56",Normal,,,"18,8","56,2",250,-> outliers pela metodo do Quartil,,,
2024,1,06/01/2024 09:29:00,28/01/2024 16:36:00,1,535:07:00,"22,30",Outlier,,,"27,19","56,2",94,-> outliers pela metodo da Média,,,
2024,1,06/01/2024 11:20:00,09/01/2024 18:50:00,1,79:30:00,"3,31",,,,"56,3",96,1,-> outlier mais distante dos outros; identificado manualmente,,,
2024,1,06/01/2024 16:15:00,06/01/2024 17:20:00,1,1:05:00,"0,05",,,,,,,,,,
2024,1,06/01/2024 23:30:00,10/01/2024 13:10:00,1,85:40:00,"3,57",,,,,,,,,,
2024,1,07/01/2024 01:00:00,14/01/2024 22:05:00,1,189:05:00,"7,88",,,,,,,,,,
2024,1,07/01/2024 04:06:00,07/01/2024 20:33:00,1,16:27:00,"0,69",,,,,,,,,,
2024,1,07/01/2024 08:30:00,07/01/2024 09:25:00,1,0:55:00,"0,04",,,,,,,,,,
2024,1,07/01/2024 09:45:00,08/01/2024 07:40:00,1,21:55:00,"0,91",,,,,,,,,,
2024,1,07/01/2024 10:30:00,08/01/2024 04:15:00,1,17:45:00,"0,74",,,,,,,,,,
2024,1,07/01/2024 14:00:00,09/01/2024 10:20:00,1,44:20:00,"1,85",,,,,,,,,,
2024,1,07/01/2024 16:18:00,08/01/2024 14:17:00,1,21:59:00,"0,92",,,,,,,,,,
2024,1,07/01/2024 18:30:00,10/01/2024 12:49:00,1,66:19:00,"2,76",,,,,,,,,,
2024,1,07/01/2024 18:37:00,07/01/2024 19:10:00,1,0:33:00,"0,02",,,,,,,,,,
2024,1,07/01/2024 20:00:00,07/01/2024 20:20:00,1,0:20:00,"0,01",,,,,,,,,,
2024,1,07/01/2024 20:00:00,07/01/2024 20:50:00,1,0:50:00,"0,03",,,,,,,,,,
2024,1,07/01/2024 21:00:00,07/01/2024 21:20:00,1,0:20:00,"0,01",,,,,,,,,,
2024,1,08/01/2024 06:40:00,08/01/2024 07:30:00,1,0:50:00,"0,03",,,,,,,,,,
2024,1,08/01/2024 07:00:00,17/01/2024 01:40:00,1,210:40:00,"8,78",,,,,,,,,,
2024,1,08/01/2024 08:00:00,10/01/2024 14:20:00,1,54:20:00,"2,26",,,,,,,,,,
2024,1,08/01/2024 22:30:00,08/01/2024 23:59:00,1,1:29:00,"0,06",,,,,,,,,,
2024,1,09/01/2024 11:45:00,09/01/2024 12:10:00,1,0:25:00,"0,02",,,,,,,,,,
2024,1,10/01/2024 01:00:00,10/01/2024 01:55:00,1,0:55:00,"0,04",,,,,,,,,,
2024,1,10/01/2024 06:00:00,10/01/2024 09:05:00,1,3:05:00,"0,13",,,,,,,,,,
2024,1,10/01/2024 06:41:00,14/01/2024 12:10:00,1,101:29:00,"4,23",,,,,,,,,,
2024,1,10/01/2024 08:30:00,10/01/2024 09:10:00,1,0:40:00,"0,03",,,,,,,,,,
2024,1,10/01/2024 09:30:00,27/01/2024 23:40:00,1,422:10:00,"17,59",,,,,,,,,,
2024,1,10/01/2024 10:30:00,19/01/2024 19:40:00,1,225:10:00,"9,38",,,,,,,,,,
2024,1,11/01/2024 04:15:00,11/01/2024 05:10:00,1,0:55:00,"0,04",,,,,,,,,,
2024,1,11/01/2024 05:42:00,11/01/2024 23:25:00,1,17:43:00,"0,74",,,,,,,,,,
2024,1,11/01/2024 06:00:00,11/01/2024 08:15:00,1,2:15:00,"0,09",,,,,,,,,,
2024,1,11/01/2024 10:00:00,15/01/2024 04:23:00,1,90:23:00,"3,77",,,,,,,,,,
2024,1,11/01/2024 22:00:00,11/01/2024 22:30:00,1,0:30:00,"0,02",,,,,,,,,,
2024,1,12/01/2024 06:27:00,12/01/2024 07:40:00,1,1:13:00,"0,05",,,,,,,,,,
2024,1,12/01/2024 10:00:00,12/01/2024 11:20:00,1,1:20:00,"0,06",,,,,,,,,,
2024,1,12/01/2024 16:35:00,12/01/2024 17:25:00,1,0:50:00,"0,03",,,,,,,,,,
2024,1,12/01/2024 18:30:00,15/01/2024 08:00:00,1,61:30:00,"2,56",,,,,,,,,,
2024,1,13/01/2024 02:52:00,15/01/2024 17:30:00,1,62:38:00,"2,61",,,,,,,,,,
2024,1,13/01/2024 10:00:00,13/01/2024 22:40:00,1,12:40:00,"0,53",,,,,,,,,,
2024,1,13/01/2024 12:00:00,13/01/2024 13:33:00,1,1:33:00,"0,06",,,,,,,,,,
2024,1,13/01/2024 14:40:00,21/01/2024 22:20:00,1,199:40:00,"8,32",,,,,,,,,,
2024,1,13/01/2024 21:00:00,13/01/2024 22:10:00,1,1:10:00,"0,05",,,,,,,,,,
2024,1,13/01/2024 21:24:00,13/01/2024 22:39:00,1,1:15:00,"0,05",,,,,,,,,,
2024,1,14/01/2024 08:30:00,17/01/2024 08:22:00,1,71:52:00,"2,99",,,,,,,,,,
2024,1,14/01/2024 09:00:00,18/01/2024 04:20:00,1,91:20:00,"3,81",,,,,,,,,,
2024,1,14/01/2024 15:13:00,25/01/2024 02:35:00,1,251:22:00,"10,47",,,,,,,,,,
2024,1,14/01/2024 16:50:00,15/01/2024 22:50:00,1,30:00:00,"1,25",,,,,,,,,,
2024,1,14/01/2024 18:22:00,15/01/2024 16:50:00,1,22:28:00,"0,94",,,,,,,,,,
2024,1,14/01/2024 22:15:00,14/01/2024 23:27:00,1,1:12:00,"0,05",,,,,,,,,,
2024,1,15/01/2024 11:05:00,16/01/2024 11:08:00,1,24:03:00,"1,00",,,,,,,,,,
2024,1,15/01/2024 11:45:00,17/01/2024 01:15:00,1,37:30:00,"1,56",,,,,,,,,,
2024,1,15/01/2024 15:48:00,20/01/2024 03:20:00,1,107:32:00,"4,48",,,,,,,,,,
2024,1,16/01/2024 10:00:00,16/01/2024 11:00:00,1,1:00:00,"0,04",,,,,,,,,,
2024,1,16/01/2024 12:00:00,17/01/2024 19:15:00,1,31:15:00,"1,30",,,,,,,,,,
2024,1,16/01/2024 20:30:00,17/01/2024 09:45:00,1,13:15:00,"0,55",,,,,,,,,,
2024,1,18/01/2024 06:00:00,20/01/2024 04:12:00,1,46:12:00,"1,93",,,,,,,,,,
2024,1,18/01/2024 08:00:00,20/01/2024 02:35:00,1,42:35:00,"1,77",,,,,,,,,,
2024,1,18/01/2024 13:40:00,18/01/2024 14:10:00,1,0:30:00,"0,02",,,,,,,,,,
2024,1,18/01/2024 20:18:00,21/01/2024 22:15:00,1,73:57:00,"3,08",,,,,,,,,,
2024,1,19/01/2024 12:15:00,21/01/2024 17:12:00,1,52:57:00,"2,21",,,,,,,,,,
2024,1,19/01/2024 20:05:00,19/01/2024 20:40:00,1,0:35:00,"0,02",,,,,,,,,,
2024,1,19/01/2024 23:50:00,27/01/2024 22:20:00,1,190:30:00,"7,94",,,,,,,,,,
2024,1,20/01/2024 01:45:00,20/01/2024 03:00:00,1,1:15:00,"0,05",,,,,,,,,,
2024,1,20/01/2024 11:15:00,20/01/2024 11:45:00,1,0:30:00,"0,02",,,,,,,,,,
2024,1,21/01/2024 08:00:00,25/01/2024 02:46:00,1,90:46:00,"3,78",,,,,,,,,,
2024,1,21/01/2024 11:24:00,23/01/2024 05:22:00,1,41:58:00,"1,75",,,,,,,,,,
2024,1,21/01/2024 15:05:00,21/01/2024 15:50:00,1,0:45:00,"0,03",,,,,,,,,,
2024,1,21/01/2024 17:30:00,24/01/2024 14:55:00,1,69:25:00,"2,89",,,,,,,,,,
2024,1,22/01/2024 08:30:00,27/01/2024 22:09:00,1,133:39:00,"5,57",,,,,,,,,,
2024,1,22/01/2024 08:45:00,22/01/2024 20:45:00,1,12:00:00,"0,50",,,,,,,,,,
2024,1,22/01/2024 09:00:00,22/01/2024 11:40:00,1,2:40:00,"0,11",,,,,,,,,,
2024,1,22/01/2024 11:54:00,22/01/2024 13:03:00,1,1:09:00,"0,05",,,,,,,,,,
2024,1,22/01/2024 14:00:00,22/01/2024 15:00:00,1,1:00:00,"0,04",,,,,,,,,,
2024,1,22/01/2024 20:03:00,22/01/2024 21:40:00,1,1:37:00,"0,07",,,,,,,,,,
2024,1,23/01/2024 03:37:00,23/01/2024 04:30:00,1,0:53:00,"0,04",,,,,,,,,,
2024,1,23/01/2024 08:00:00,24/01/2024 13:40:00,1,29:40:00,"1,24",,,,,,,,,,
2024,1,23/01/2024 09:48:00,25/01/2024 20:00:00,1,58:12:00,"2,43",,,,,,,,,,
2024,1,23/01/2024 19:48:00,29/01/2024 05:00:00,1,129:12:00,"5,38",,,,,,,,,,
2024,1,24/01/2024 06:40:00,25/01/2024 20:45:00,1,38:05:00,"1,59",,,,,,,,,,
2024,1,24/01/2024 09:24:00,27/01/2024 22:20:00,1,84:56:00,"3,54",,,,,,,,,,
2024,1,24/01/2024 11:18:00,26/01/2024 19:05:00,1,55:47:00,"2,32",,,,,,,,,,
2024,1,24/01/2024 16:15:00,27/01/2024 16:27:00,1,72:12:00,"3,01",,,,,,,,,,
2024,1,25/01/2024 00:24:00,26/01/2024 22:15:00,1,45:51:00,"1,91",,,,,,,,,,
2024,1,26/01/2024 02:00:00,26/01/2024 03:20:00,1,1:20:00,"0,06",,,,,,,,,,
2024,1,27/01/2024 14:48:00,28/01/2024 23:35:00,1,32:47:00,"1,37",,,,,,,,,,
2024,1,28/01/2024 20:54:00,29/01/2024 08:35:00,1,11:41:00,"0,49",,,,,,,,,,
2024,1,28/01/2024 22:00:00,28/01/2024 23:05:00,1,1:05:00,"0,05",,,,,,,,,,
2024,1,29/01/2024 04:30:00,29/01/2024 05:35:00,1,1:05:00,"0,05",,,,,,,,,,
2024,1,29/01/2024 05:15:00,29/01/2024 06:45:00,1,1:30:00,"0,06",,,,,,,,,,
2024,1,29/01/2024 21:10:00,29/01/2024 21:35:00,1,0:25:00,"0,02",,,,,,,,,,
2024,2,25/12/2023 09:00:00,06/02/2024 02:40:00,1,1025:40:00,"42,74",,,,,,,,,,
2024,2,26/12/2023 20:18:00,03/02/2024 21:50:00,1,937:32:00,"39,06",,,,,,,,,,
2024,2,28/12/2023 02:30:00,31/01/2024 18:20:00,1,831:50:00,"34,66",,,,,,,,,,
2024,2,28/12/2023 11:54:00,06/02/2024 03:40:00,1,951:46:00,"39,66",,,,,,,,,,
2024,2,28/12/2023 12:30:00,17/01/2024 17:15:00,1,484:45:00,"20,20",,,,,,,,,,
2024,2,28/12/2023 16:00:00,05/02/2024 18:00:00,1,938:00:00,"39,08",,,,,,,,,,
2024,2,30/12/2023 19:06:00,07/02/2024 03:40:00,1,920:34:00,"38,36",,,,,,,,,,
2024,2,04/01/2024 11:15:00,10/02/2024 22:25:00,1,899:10:00,"37,47",,,,,,,,,,
2024,2,10/01/2024 08:00:00,12/02/2024 08:25:00,1,792:25:00,"33,02",,,,,,,,,,
2024,2,11/01/2024 10:30:00,12/02/2024 13:35:00,1,771:05:00,"32,13",,,,,,,,,,
2024,2,12/01/2024 08:54:00,14/02/2024 16:45:00,1,799:51:00,"33,33",,,,,,,,,,
2024,2,12/01/2024 20:06:00,03/02/2024 01:00:00,1,508:54:00,"21,20",,,,,,,,,,
2024,2,13/01/2024 00:30:00,01/02/2024 07:00:00,1,462:30:00,"19,27",,,,,,,,,,
2024,2,13/01/2024 11:00:00,31/01/2024 11:31:00,1,432:31:00,"18,02",,,,,,,,,,
2024,2,15/01/2024 16:00:00,17/02/2024 20:55:00,1,796:55:00,"33,20",,,,,,,,,,
2024,2,16/01/2024 12:00:00,17/02/2024 22:10:00,1,778:10:00,"32,42",,,,,,,,,,
2024,2,18/01/2024 12:05:00,29/01/2024 15:55:00,1,267:50:00,"11,16",,,,,,,,,,
2024,2,19/01/2024 10:45:00,10/02/2024 02:55:00,1,520:10:00,"21,67",,,,,,,,,,
2024,2,19/01/2024 13:30:00,21/02/2024 13:25:00,1,791:55:00,"33,00",,,,,,,,,,
2024,2,20/01/2024 20:30:00,28/01/2024 23:04:00,1,194:34:00,"8,11",,,,,,,,,,
2024,2,21/01/2024 07:36:00,22/02/2024 20:46:00,1,781:10:00,"32,55",,,,,,,,,,
2024,2,21/01/2024 19:00:00,30/01/2024 19:00:00,1,216:00:00,"9,00",,,,,,,,,,
2024,2,22/01/2024 01:06:00,30/01/2024 20:20:00,1,211:14:00,"8,80",,,,,,,,,,
2024,2,23/01/2024 13:00:00,04/02/2024 02:30:00,1,277:30:00,"11,56",,,,,,,,,,
2024,2,23/01/2024 16:00:00,31/01/2024 12:10:00,1,188:10:00,"7,84",,,,,,,,,,
2024,2,23/01/2024 17:12:00,02/02/2024 21:45:00,1,244:33:00,"10,19",,,,,,,,,,
2024,2,24/01/2024 05:35:00,05/02/2024 20:10:00,1,302:35:00,"12,61",,,,,,,,,,
2024,2,24/01/2024 18:18:00,04/02/2024 15:20:00,1,261:02:00,"10,88",,,,,,,,,,
2024,2,24/01/2024 23:48:00,08/02/2024 01:25:00,1,337:37:00,"14,07",,,,,,,,,,
2024,2,25/01/2024 06:36:00,26/02/2024 00:35:00,1,761:59:00,"31,75",,,,,,,,,,
2024,2,25/01/2024 11:18:00,29/01/2024 21:10:00,1,105:52:00,"4,41",,,,,,,,,,
2024,2,25/01/2024 12:50:00,08/02/2024 01:25:00,1,324:35:00,"13,52",,,,,,,,,,
2024,2,25/01/2024 21:00:00,01/02/2024 22:25:00,1,169:25:00,"7,06",,,,,,,,,,
2024,2,26/01/2024 01:36:00,01/02/2024 00:48:00,1,143:12:00,"5,97",,,,,,,,,,
2024,2,26/01/2024 06:48:00,13/02/2024 03:15:00,1,428:27:00,"17,85",,,,,,,,,,
2024,2,26/01/2024 20:54:00,03/02/2024 01:12:00,1,172:18:00,"7,18",,,,,,,,,,
2024,2,27/01/2024 00:01:00,05/02/2024 02:55:00,1,218:54:00,"9,12",,,,,,,,,,
2024,2,27/01/2024 03:10:00,31/01/2024 22:15:00,1,115:05:00,"4,80",,,,,,,,,,
2024,2,27/01/2024 13:00:00,12/02/2024 09:25:00,1,380:25:00,"15,85",,,,,,,,,,
2024,2,27/01/2024 15:30:00,29/01/2024 20:45:00,1,53:15:00,"2,22",,,,,,,,,,
2024,2,27/01/2024 16:42:00,25/02/2024 20:35:00,1,699:53:00,"29,16",,,,,,,,,,
2024,2,28/01/2024 00:10:00,28/01/2024 01:05:00,1,0:55:00,"0,04",,,,,,,,,,
2024,2,28/01/2024 00:54:00,06/02/2024 14:10:00,1,229:16:00,"9,55",,,,,,,,,,
2024,2,28/01/2024 02:10:00,10/02/2024 22:30:00,1,332:20:00,"13,85",,,,,,,,,,
2024,2,28/01/2024 14:00:00,28/01/2024 16:40:00,1,2:40:00,"0,11",,,,,,,,,,
2024,2,28/01/2024 17:36:00,30/01/2024 06:20:00,1,36:44:00,"1,53",,,,,,,,,,
2024,2,28/01/2024 21:00:00,28/01/2024 21:50:00,1,0:50:00,"0,03",,,,,,,,,,
2024,2,28/01/2024 21:30:00,08/02/2024 01:10:00,1,243:40:00,"10,15",,,,,,,,,,
2024,2,28/01/2024 22:00:00,28/01/2024 22:50:00,1,0:50:00,"0,03",,,,,,,,,,
2024,2,28/01/2024 23:45:00,02/02/2024 21:06:00,1,117:21:00,"4,89",,,,,,,,,,
2024,2,29/01/2024 01:42:00,06/02/2024 18:45:00,1,209:03:00,"8,71",,,,,,,,,,
2024,2,29/01/2024 12:25:00,31/01/2024 09:15:00,1,44:50:00,"1,87",,,,,,,,,,
2024,2,29/01/2024 16:45:00,28/02/2024 07:35:00,1,710:50:00,"29,62",,,,,,,,,,
2024,2,29/01/2024 20:42:00,01/02/2024 17:55:00,1,69:13:00,"2,88",,,,,,,,,,
2024,2,30/01/2024 06:30:00,15/02/2024 11:14:00,1,388:44:00,"16,20",,,,,,,,,,
2024,2,30/01/2024 10:00:00,12/02/2024 17:15:00,1,319:15:00,"13,30",,,,,,,,,,
2024,2,30/01/2024 19:24:00,31/01/2024 23:00:00,1,27:36:00,"1,15",,,,,,,,,,
2024,2,30/01/2024 22:00:00,01/02/2024 22:55:00,1,48:55:00,"2,04",,,,,,,,,,
2024,2,31/01/2024 08:00:00,05/02/2024 16:40:00,1,128:40:00,"5,36",,,,,,,,,,
2024,2,31/01/2024 12:00:00,31/01/2024 14:50:00,1,2:50:00,"0,12",,,,,,,,,,
2024,2,31/01/2024 16:30:00,31/01/2024 17:20:00,1,0:50:00,"0,03",,,,,,,,,,
2024,2,31/01/2024 23:30:00,19/02/2024 07:15:00,1,439:45:00,"18,32",,,,,,,,,,
2024,2,01/02/2024 07:48:00,04/02/2024 11:20:00,1,75:32:00,"3,15",,,,,,,,,,
2024,2,01/02/2024 09:25:00,08/02/2024 04:45:00,1,163:20:00,"6,81",,,,,,,,,,
2024,2,01/02/2024 10:00:00,11/02/2024 05:20:00,1,235:20:00,"9,81",,,,,,,,,,
2024,2,01/02/2024 15:00:00,01/02/2024 15:50:00,1,0:50:00,"0,03",,,,,,,,,,
2024,2,01/02/2024 17:00:00,01/02/2024 18:00:00,1,1:00:00,"0,04",,,,,,,,,,
2024,2,01/02/2024 17:20:00,09/02/2024 14:07:00,1,188:47:00,"7,87",,,,,,,,,,
2024,2,01/02/2024 19:15:00,01/02/2024 20:30:00,1,1:15:00,"0,05",,,,,,,,,,
2024,2,02/02/2024 07:35:00,21/02/2024 18:35:00,1,467:00:00,"19,46",,,,,,,,,,
2024,2,02/02/2024 15:32:00,02/02/2024 20:55:00,1,5:23:00,"0,22",,,,,,,,,,
2024,2,02/02/2024 16:30:00,06/02/2024 10:30:00,1,90:00:00,"3,75",,,,,,,,,,
2024,2,02/02/2024 22:48:00,05/02/2024 19:55:00,1,69:07:00,"2,88",,,,,,,,,,
2024,2,03/02/2024 00:24:00,12/02/2024 00:55:00,1,216:31:00,"9,02",,,,,,,,,,
2024,2,03/02/2024 05:48:00,05/02/2024 06:47:00,1,48:59:00,"2,04",,,,,,,,,,
2024,2,03/02/2024 06:42:00,08/02/2024 15:39:00,1,128:57:00,"5,37",,,,,,,,,,
2024,2,03/02/2024 07:00:00,08/02/2024 21:30:00,1,134:30:00,"5,60",,,,,,,,,,
2024,2,03/02/2024 09:00:00,03/02/2024 13:50:00,1,4:50:00,"0,20",,,,,,,,,,
2024,2,03/02/2024 10:06:00,04/02/2024 23:40:00,1,37:34:00,"1,57",,,,,,,,,,
2024,2,03/02/2024 15:34:00,03/02/2024 15:58:00,1,0:24:00,"0,02",,,,,,,,,,
2024,2,03/02/2024 16:30:00,03/02/2024 17:37:00,1,1:07:00,"0,05",,,,,,,,,,
2024,2,03/02/2024 17:42:00,06/02/2024 02:27:00,1,56:45:00,"2,36",,,,,,,,,,
2024,2,04/02/2024 02:00:00,24/02/2024 12:35:00,1,490:35:00,"20,44",,,,,,,,,,
2024,2,04/02/2024 02:30:00,07/02/2024 07:10:00,1,76:40:00,"3,19",,,,,,,,,,
2024,2,04/02/2024 04:30:00,04/02/2024 05:15:00,1,0:45:00,"0,03",,,,,,,,,,
2024,2,04/02/2024 07:30:00,08/02/2024 11:10:00,1,99:40:00,"4,15",,,,,,,,,,
2024,2,04/02/2024 08:30:00,13/02/2024 14:12:00,1,221:42:00,"9,24",,,,,,,,,,
2024,2,04/02/2024 15:55:00,13/02/2024 01:05:00,1,201:10:00,"8,38",,,,,,,,,,
2024,2,04/02/2024 16:30:00,11/02/2024 22:00:00,1,173:30:00,"7,23",,,,,,,,,,
2024,2,04/02/2024 17:12:00,06/02/2024 02:57:00,1,33:45:00,"1,41",,,,,,,,,,
2024,2,05/02/2024 06:00:00,09/02/2024 15:50:00,1,105:50:00,"4,41",,,,,,,,,,
2024,2,05/02/2024 06:15:00,09/02/2024 19:55:00,1,109:40:00,"4,57",,,,,,,,,,
2024,2,05/02/2024 07:06:00,09/02/2024 10:05:00,1,98:59:00,"4,12",,,,,,,,,,
2024,2,06/02/2024 03:00:00,13/02/2024 20:30:00,1,185:30:00,"7,73",,,,,,,,,,
2024,2,06/02/2024 05:11:00,06/02/2024 06:40:00,1,1:29:00,"0,06",,,,,,,,,,
2024,2,06/02/2024 10:30:00,15/02/2024 23:35:00,1,229:05:00,"9,55",,,,,,,,,,
2024,2,06/02/2024 17:30:00,12/02/2024 00:55:00,1,127:25:00,"5,31",,,,,,,,,,
2024,2,07/02/2024 05:00:00,18/02/2024 23:17:00,1,282:17:00,"11,76",,,,,,,,,,
2024,2,07/02/2024 06:00:00,09/02/2024 22:00:00,1,64:00:00,"2,67",,,,,,,,,,
2024,2,07/02/2024 07:48:00,15/02/2024 13:12:00,1,197:24:00,"8,23",,,,,,,,,,
2024,2,07/02/2024 11:37:00,07/02/2024 12:46:00,1,1:09:00,"0,05",,,,,,,,,,
2024,2,07/02/2024 14:00:00,11/02/2024 16:55:00,1,98:55:00,"4,12",,,,,,,,,,
2024,2,07/02/2024 15:30:00,11/02/2024 02:28:00,1,82:58:00,"3,46",,,,,,,,,,
2024,2,07/02/2024 18:00:00,09/02/2024 00:40:00,1,30:40:00,"1,28",,,,,,,,,,
2024,2,07/02/2024 22:30:00,12/02/2024 08:50:00,1,106:20:00,"4,43",,,,,,,,,,
2024,2,08/02/2024 12:00:00,08/02/2024 12:55:00,1,0:55:00,"0,04",,,,,,,,,,
2024,2,08/02/2024 19:35:00,08/02/2024 20:05:00,1,0:30:00,"0,02",,,,,,,,,,
2024,2,09/02/2024 05:54:00,18/02/2024 07:00:00,1,217:06:00,"9,05",,,,,,,,,,
2024,2,09/02/2024 06:00:00,16/02/2024 18:10:00,1,180:10:00,"7,51",,,,,,,,,,
2024,2,09/02/2024 06:12:00,16/02/2024 02:50:00,1,164:38:00,"6,86",,,,,,,,,,
2024,2,09/02/2024 09:18:00,24/02/2024 14:40:00,1,365:22:00,"15,22",,,,,,,,,,
2024,2,09/02/2024 16:00:00,09/02/2024 19:45:00,1,3:45:00,"0,16",,,,,,,,,,
2024,2,09/02/2024 16:30:00,13/02/2024 03:05:00,1,82:35:00,"3,44",,,,,,,,,,
2024,2,09/02/2024 19:00:00,13/02/2024 20:30:00,1,97:30:00,"4,06",,,,,,,,,,
2024,2,10/02/2024 04:12:00,17/02/2024 21:50:00,1,185:38:00,"7,73",,,,,,,,,,
2024,2,10/02/2024 08:45:00,17/02/2024 21:40:00,1,180:55:00,"7,54",,,,,,,,,,
2024,2,10/02/2024 10:00:00,17/02/2024 09:40:00,1,167:40:00,"6,99",,,,,,,,,,
2024,2,10/02/2024 17:00:00,18/02/2024 05:34:00,1,180:34:00,"7,52",,,,,,,,,,
2024,2,10/02/2024 20:00:00,17/02/2024 14:30:00,1,162:30:00,"6,77",,,,,,,,,,
2024,2,11/02/2024 08:56:00,11/02/2024 22:00:00,1,13:04:00,"0,54",,,,,,,,,,
2024,2,11/02/2024 14:00:00,21/02/2024 09:15:00,1,235:15:00,"9,80",,,,,,,,,,
2024,2,11/02/2024 16:42:00,13/02/2024 14:00:00,1,45:18:00,"1,89",,,,,,,,,,
2024,2,11/02/2024 18:36:00,24/02/2024 08:25:00,1,301:49:00,"12,58",,,,,,,,,,
2024,2,12/02/2024 06:45:00,12/02/2024 08:15:00,1,1:30:00,"0,06",,,,,,,,,,
2024,2,12/02/2024 08:00:00,23/02/2024 04:00:00,1,260:00:00,"10,83",,,,,,,,,,
2024,2,12/02/2024 13:20:00,26/02/2024 02:10:00,1,324:50:00,"13,53",,,,,,,,,,
2024,2,13/02/2024 02:12:00,17/02/2024 00:40:00,1,94:28:00,"3,94",,,,,,,,,,
2024,2,13/02/2024 18:36:00,22/02/2024 08:40:00,1,206:04:00,"8,59",,,,,,,,,,
2024,2,13/02/2024 19:30:00,20/02/2024 03:30:00,1,152:00:00,"6,33",,,,,,,,,,
2024,2,13/02/2024 20:20:00,18/02/2024 23:34:00,1,123:14:00,"5,13",,,,,,,,,,
2024,2,13/02/2024 20:30:00,13/02/2024 21:50:00,1,1:20:00,"0,06",,,,,,,,,,
2024,2,14/02/2024 03:15:00,14/02/2024 04:22:00,1,1:07:00,"0,05",,,,,,,,,,
2024,2,14/02/2024 05:42:00,18/02/2024 05:28:00,1,95:46:00,"3,99",,,,,,,,,,
2024,2,14/02/2024 09:40:00,22/02/2024 10:45:00,1,193:05:00,"8,05",,,,,,,,,,
2024,2,15/02/2024 01:00:00,15/02/2024 16:00:00,1,15:00:00,"0,63",,,,,,,,,,
2024,2,15/02/2024 07:12:00,23/02/2024 23:50:00,1,208:38:00,"8,69",,,,,,,,,,
2024,2,15/02/2024 14:56:00,18/02/2024 00:35:00,1,57:39:00,"2,40",,,,,,,,,,
2024,2,16/02/2024 01:38:00,16/02/2024 02:50:00,1,1:12:00,"0,05",,,,,,,,,,
2024,2,16/02/2024 07:42:00,19/02/2024 19:00:00,1,83:18:00,"3,47",,,,,,,,,,
2024,2,16/02/2024 15:00:00,22/02/2024 07:05:00,1,136:05:00,"5,67",,,,,,,,,,
2024,2,16/02/2024 17:30:00,23/02/2024 03:05:00,1,153:35:00,"6,40",,,,,,,,,,
2024,2,16/02/2024 20:15:00,16/02/2024 21:30:00,1,1:15:00,"0,05",,,,,,,,,,
2024,2,16/02/2024 23:00:00,21/02/2024 04:55:00,1,101:55:00,"4,25",,,,,,,,,,
2024,2,17/02/2024 07:12:00,19/02/2024 23:55:00,1,64:43:00,"2,70",,,,,,,,,,
2024,2,17/02/2024 09:30:00,25/02/2024 20:55:00,1,203:25:00,"8,48",,,,,,,,,,
2024,2,17/02/2024 11:00:00,17/02/2024 11:50:00,1,0:50:00,"0,03",,,,,,,,,,
2024,2,17/02/2024 11:00:00,23/02/2024 11:50:00,1,144:50:00,"6,03",,,,,,,,,,
2024,2,17/02/2024 11:30:00,19/02/2024 09:45:00,1,46:15:00,"1,93",,,,,,,,,,
2024,2,17/02/2024 12:00:00,17/02/2024 13:35:00,1,1:35:00,"0,07",,,,,,,,,,
2024,2,17/02/2024 12:15:00,17/02/2024 13:35:00,1,1:20:00,"0,06",,,,,,,,,,
2024,2,17/02/2024 14:12:00,26/02/2024 12:12:00,1,214:00:00,"8,92",,,,,,,,,,
2024,2,17/02/2024 16:30:00,18/02/2024 23:10:00,1,30:40:00,"1,28",,,,,,,,,,
2024,2,17/02/2024 22:45:00,17/02/2024 23:40:00,1,0:55:00,"0,04",,,,,,,,,,
2024,2,17/02/2024 23:54:00,24/02/2024 02:47:00,1,146:53:00,"6,12",,,,,,,,,,
2024,2,18/02/2024 03:18:00,23/02/2024 14:35:00,1,131:17:00,"5,47",,,,,,,,,,
2024,2,18/02/2024 05:00:00,18/02/2024 05:35:00,1,0:35:00,"0,02",,,,,,,,,,
2024,2,18/02/2024 07:36:00,19/02/2024 00:15:00,1,16:39:00,"0,69",,,,,,,,,,
2024,2,18/02/2024 07:42:00,20/02/2024 21:05:00,1,61:23:00,"2,56",,,,,,,,,,
2024,2,18/02/2024 07:42:00,27/02/2024 03:00:00,1,211:18:00,"8,80",,,,,,,,,,
2024,2,19/02/2024 04:30:00,29/02/2024 00:30:00,1,236:00:00,"9,83",,,,,,,,,,
2024,2,19/02/2024 08:30:00,19/02/2024 09:40:00,1,1:10:00,"0,05",,,,,,,,,,
2024,2,19/02/2024 12:00:00,19/02/2024 12:40:00,1,0:40:00,"0,03",,,,,,,,,,
2024,2,19/02/2024 12:00:00,20/02/2024 17:55:00,1,29:55:00,"1,25",,,,,,,,,,
2024,2,19/02/2024 15:45:00,19/02/2024 16:40:00,1,0:55:00,"0,04",,,,,,,,,,
2024,2,20/02/2024 01:15:00,26/02/2024 12:03:00,1,154:48:00,"6,45",,,,,,,,,,
2024,2,20/02/2024 01:36:00,20/02/2024 10:20:00,1,8:44:00,"0,36",,,,,,,,,,
2024,2,20/02/2024 09:45:00,24/02/2024 10:47:00,1,97:02:00,"4,04",,,,,,,,,,
2024,2,21/02/2024 03:30:00,21/02/2024 04:55:00,1,1:25:00,"0,06",,,,,,,,,,
2024,2,21/02/2024 18:30:00,24/02/2024 12:38:00,1,66:08:00,"2,76",,,,,,,,,,
2024,2,23/02/2024 01:05:00,23/02/2024 01:50:00,1,0:45:00,"0,03",,,,,,,,,,
2024,2,23/02/2024 08:00:00,27/02/2024 21:25:00,1,109:25:00,"4,56",,,,,,,,,,
2024,2,23/02/2024 11:36:00,24/02/2024 10:45:00,1,23:09:00,"0,96",,,,,,,,,,
2024,2,23/02/2024 18:48:00,27/02/2024 21:30:00,1,98:42:00,"4,11",,,,,,,,,,
2024,2,23/02/2024 22:34:00,23/02/2024 23:05:00,1,0:31:00,"0,02",,,,,,,,,,
2024,2,24/02/2024 02:54:00,26/02/2024 01:15:00,1,46:21:00,"1,93",,,,,,,,,,
2024,2,24/02/2024 06:30:00,26/02/2024 00:05:00,1,41:35:00,"1,73",,,,,,,,,,
2024,2,24/02/2024 11:30:00,24/02/2024 12:40:00,1,1:10:00,"0,05",,,,,,,,,,
2024,2,25/02/2024 20:00:00,25/02/2024 20:50:00,1,0:50:00,"0,03",,,,,,,,,,
2024,3,30/01/2024 02:54:00,09/03/2024 07:35:00,1,940:41:00,"39,20",,,,,,,,,,
2024,3,01/02/2024 09:30:00,03/03/2024 05:58:00,1,740:28:00,"30,85",,,,,,,,,,
2024,3,04/02/2024 07:00:00,04/03/2024 16:30:00,1,705:30:00,"29,40",,,,,,,,,,
2024,3,06/02/2024 09:54:00,01/03/2024 01:03:00,1,567:09:00,"23,63",,,,,,,,,,
2024,3,06/02/2024 17:30:00,12/03/2024 10:06:00,1,832:36:00,"34,69",,,,,,,,,,
2024,3,07/02/2024 00:00:00,09/03/2024 21:05:00,1,765:05:00,"31,88",,,,,,,,,,
2024,3,07/02/2024 16:00:00,26/03/2024 23:45:00,1,1159:45:00,"48,32",,,,,,,,,,
2024,3,08/02/2024 08:00:00,05/03/2024 15:30:00,1,631:30:00,"26,31",,,,,,,,,,
2024,3,09/02/2024 15:48:00,28/02/2024 18:10:00,1,458:22:00,"19,10",,,,,,,,,,
2024,3,10/02/2024 06:00:00,14/03/2024 04:20:00,1,790:20:00,"32,93",,,,,,,,,,
2024,3,11/02/2024 10:30:00,28/02/2024 03:10:00,1,400:40:00,"16,69",,,,,,,,,,
2024,3,11/02/2024 19:15:00,12/03/2024 09:10:00,1,709:55:00,"29,58",,,,,,,,,,
2024,3,12/02/2024 23:50:00,12/03/2024 08:30:00,1,680:40:00,"28,36",,,,,,,,,,
2024,3,16/02/2024 16:48:00,26/02/2024 04:32:00,1,227:44:00,"9,49",,,,,,,,,,
2024,3,17/02/2024 08:00:00,02/03/2024 12:25:00,1,340:25:00,"14,18",,,,,,,,,,
2024,3,17/02/2024 15:00:00,05/03/2024 15:15:00,1,408:15:00,"17,01",,,,,,,,,,
2024,3,18/02/2024 14:30:00,27/02/2024 13:00:00,1,214:30:00,"8,94",,,,,,,,,,
2024,3,18/02/2024 18:15:00,09/03/2024 17:25:00,1,479:10:00,"19,97",,,,,,,,,,
2024,3,19/02/2024 21:30:00,29/02/2024 21:40:00,1,240:10:00,"10,01",,,,,,,,,,
2024,3,21/02/2024 08:00:00,14/03/2024 22:00:00,1,542:00:00,"22,58",,,,,,,,,,
2024,3,21/02/2024 11:12:00,05/03/2024 20:20:00,1,321:08:00,"13,38",,,,,,,,,,
2024,3,21/02/2024 12:24:00,23/02/2024 12:00:00,1,47:36:00,"1,98",,,,,,,,,,
2024,3,22/02/2024 17:30:00,26/02/2024 21:20:00,1,99:50:00,"4,16",,,,,,,,,,
2024,3,23/02/2024 00:06:00,29/02/2024 11:55:00,1,155:49:00,"6,49",,,,,,,,,,
2024,3,23/02/2024 13:00:00,09/03/2024 14:15:00,1,361:15:00,"15,05",,,,,,,,,,
2024,3,24/02/2024 00:01:00,01/03/2024 07:45:00,1,151:44:00,"6,32",,,,,,,,,,
2024,3,24/02/2024 06:00:00,26/02/2024 23:55:00,1,65:55:00,"2,75",,,,,,,,,,
2024,3,24/02/2024 19:30:00,20/03/2024 19:20:00,1,599:50:00,"24,99",,,,,,,,,,
2024,3,24/02/2024 22:42:00,25/03/2024 12:10:00,1,709:28:00,"29,56",,,,,,,,,,
2024,3,24/02/2024 23:30:00,16/03/2024 03:15:00,1,483:45:00,"20,16",,,,,,,,,,
2024,3,25/02/2024 00:18:00,01/03/2024 12:52:00,1,132:34:00,"5,52",,,,,,,,,,
2024,3,25/02/2024 03:42:00,04/03/2024 20:30:00,1,208:48:00,"8,70",,,,,,,,,,
2024,3,25/02/2024 04:45:00,28/02/2024 17:20:00,1,84:35:00,"3,52",,,,,,,,,,
2024,3,25/02/2024 05:00:00,13/03/2024 13:20:00,1,416:20:00,"17,35",,,,,,,,,,
2024,3,25/02/2024 08:15:00,28/02/2024 04:10:00,1,67:55:00,"2,83",,,,,,,,,,
2024,3,26/02/2024 05:42:00,04/03/2024 09:15:00,1,171:33:00,"7,15",,,,,,,,,,
2024,3,26/02/2024 09:55:00,26/02/2024 14:45:00,1,4:50:00,"0,20",,,,,,,,,,
2024,3,26/02/2024 15:30:00,04/03/2024 09:10:00,1,161:40:00,"6,74",,,,,,,,,,
2024,3,26/02/2024 20:40:00,27/02/2024 23:00:00,1,26:20:00,"1,10",,,,,,,,,,
2024,3,26/02/2024 23:30:00,03/03/2024 21:25:00,1,141:55:00,"5,91",,,,,,,,,,
2024,3,27/02/2024 02:28:00,28/02/2024 13:10:00,1,34:42:00,"1,45",,,,,,,,,,
2024,3,27/02/2024 09:00:00,29/03/2024 12:40:00,1,747:40:00,"31,15",,,,,,,,,,
2024,3,27/02/2024 10:00:00,12/03/2024 03:15:00,1,329:15:00,"13,72",,,,,,,,,,
2024,3,27/02/2024 20:30:00,01/03/2024 17:40:00,1,69:10:00,"2,88",,,,,,,,,,
2024,3,27/02/2024 20:39:00,27/02/2024 21:40:00,1,1:01:00,"0,04",,,,,,,,,,
2024,3,28/02/2024 18:57:00,28/02/2024 20:28:00,1,1:31:00,"0,06",,,,,,,,,,
2024,3,28/02/2024 19:00:00,29/02/2024 07:15:00,1,12:15:00,"0,51",,,,,,,,,,
2024,3,28/02/2024 22:00:00,03/03/2024 21:52:00,1,95:52:00,"3,99",,,,,,,,,,
2024,3,28/02/2024 22:55:00,02/03/2024 00:16:00,1,49:21:00,"2,06",,,,,,,,,,
2024,3,29/02/2024 14:00:00,21/03/2024 12:15:00,1,502:15:00,"20,93",,,,,,,,,,
2024,3,29/02/2024 14:30:00,29/02/2024 15:20:00,1,0:50:00,"0,03",,,,,,,,,,
2024,3,29/02/2024 15:46:00,04/03/2024 16:30:00,1,96:44:00,"4,03",,,,,,,,,,
2024,3,29/02/2024 18:00:00,05/03/2024 07:10:00,1,109:10:00,"4,55",,,,,,,,,,
2024,3,29/02/2024 21:00:00,03/03/2024 05:55:00,1,56:55:00,"2,37",,,,,,,,,,
2024,3,29/02/2024 22:12:00,18/03/2024 21:10:00,1,430:58:00,"17,96",,,,,,,,,,
2024,3,01/03/2024 02:30:00,02/03/2024 00:50:00,1,22:20:00,"0,93",,,,,,,,,,
2024,3,01/03/2024 05:36:00,26/03/2024 10:45:00,1,605:09:00,"25,21",,,,,,,,,,
2024,3,01/03/2024 08:00:00,03/03/2024 01:15:00,1,41:15:00,"1,72",,,,,,,,,,
2024,3,01/03/2024 09:00:00,19/03/2024 07:10:00,1,430:10:00,"17,92",,,,,,,,,,
2024,3,01/03/2024 14:06:00,09/03/2024 14:10:00,1,192:04:00,"8,00",,,,,,,,,,
2024,3,01/03/2024 19:48:00,16/03/2024 03:25:00,1,343:37:00,"14,32",,,,,,,,,,
2024,3,02/03/2024 00:06:00,21/03/2024 05:30:00,1,461:24:00,"19,22",,,,,,,,,,
2024,3,02/03/2024 05:30:00,17/03/2024 05:20:00,1,359:50:00,"14,99",,,,,,,,,,
2024,3,02/03/2024 08:00:00,02/03/2024 08:50:00,1,0:50:00,"0,03",,,,,,,,,,
2024,3,02/03/2024 08:30:00,17/03/2024 01:16:00,1,352:46:00,"14,70",,,,,,,,,,
2024,3,02/03/2024 09:00:00,02/03/2024 10:00:00,1,1:00:00,"0,04",,,,,,,,,,
2024,3,02/03/2024 10:48:00,02/03/2024 16:15:00,1,5:27:00,"0,23",,,,,,,,,,
2024,3,02/03/2024 11:00:00,27/03/2024 07:25:00,1,596:25:00,"24,85",,,,,,,,,,
2024,3,03/03/2024 06:30:00,03/03/2024 07:45:00,1,1:15:00,"0,05",,,,,,,,,,
2024,3,03/03/2024 11:54:00,19/03/2024 22:30:00,1,394:36:00,"16,44",,,,,,,,,,
2024,3,03/03/2024 13:05:00,03/03/2024 13:40:00,1,0:35:00,"0,02",,,,,,,,,,
2024,3,03/03/2024 18:30:00,09/03/2024 04:50:00,1,130:20:00,"5,43",,,,,,,,,,
2024,3,03/03/2024 20:00:00,05/03/2024 20:33:00,1,48:33:00,"2,02",,,,,,,,,,
2024,3,03/03/2024 22:36:00,11/03/2024 04:45:00,1,174:09:00,"7,26",,,,,,,,,,
2024,3,04/03/2024 06:08:00,12/03/2024 10:20:00,1,196:12:00,"8,17",,,,,,,,,,
2024,3,04/03/2024 07:00:00,04/03/2024 08:55:00,1,1:55:00,"0,08",,,,,,,,,,
2024,3,04/03/2024 10:30:00,04/03/2024 11:23:00,1,0:53:00,"0,04",,,,,,,,,,
2024,3,04/03/2024 11:45:00,04/03/2024 13:00:00,1,1:15:00,"0,05",,,,,,,,,,
2024,3,04/03/2024 15:45:00,13/03/2024 00:45:00,1,201:00:00,"8,38",,,,,,,,,,
2024,3,04/03/2024 16:24:00,17/03/2024 23:50:00,1,319:26:00,"13,31",,,,,,,,,,
2024,3,04/03/2024 16:35:00,19/03/2024 19:40:00,1,363:05:00,"15,13",,,,,,,,,,
2024,3,04/03/2024 19:20:00,20/03/2024 07:30:00,1,372:10:00,"15,51",,,,,,,,,,
2024,3,05/03/2024 00:05:00,06/03/2024 07:11:00,1,31:06:00,"1,30",,,,,,,,,,
2024,3,05/03/2024 01:00:00,14/03/2024 18:30:00,1,233:30:00,"9,73",,,,,,,,,,
2024,3,05/03/2024 05:18:00,11/03/2024 05:20:00,1,144:02:00,"6,00",,,,,,,,,,
2024,3,05/03/2024 06:00:00,05/03/2024 07:40:00,1,1:40:00,"0,07",,,,,,,,,,
2024,3,05/03/2024 08:50:00,05/03/2024 14:45:00,1,5:55:00,"0,25",,,,,,,,,,
2024,3,05/03/2024 12:00:00,05/03/2024 14:30:00,1,2:30:00,"0,10",,,,,,,,,,
2024,3,05/03/2024 20:30:00,05/03/2024 21:50:00,1,1:20:00,"0,06",,,,,,,,,,
2024,3,06/03/2024 06:00:00,09/03/2024 21:15:00,1,87:15:00,"3,64",,,,,,,,,,
2024,3,06/03/2024 08:45:00,14/03/2024 23:30:00,1,206:45:00,"8,61",,,,,,,,,,
2024,3,06/03/2024 10:55:00,12/03/2024 14:20:00,1,147:25:00,"6,14",,,,,,,,,,
2024,3,06/03/2024 21:30:00,16/03/2024 06:30:00,1,225:00:00,"9,38",,,,,,,,,,
2024,3,07/03/2024 06:35:00,07/03/2024 12:39:00,1,6:04:00,"0,25",,,,,,,,,,
2024,3,07/03/2024 08:30:00,07/03/2024 09:35:00,1,1:05:00,"0,05",,,,,,,,,,
2024,3,07/03/2024 09:00:00,10/03/2024 06:55:00,1,69:55:00,"2,91",,,,,,,,,,
2024,3,07/03/2024 11:20:00,08/03/2024 13:30:00,1,26:10:00,"1,09",,,,,,,,,,
2024,3,08/03/2024 00:45:00,08/03/2024 01:55:00,1,1:10:00,"0,05",,,,,,,,,,
2024,3,08/03/2024 04:18:00,08/03/2024 20:50:00,1,16:32:00,"0,69",,,,,,,,,,
2024,3,08/03/2024 06:00:00,08/03/2024 06:50:00,1,0:50:00,"0,03",,,,,,,,,,
2024,3,08/03/2024 10:02:00,18/03/2024 17:55:00,1,247:53:00,"10,33",,,,,,,,,,
2024,3,08/03/2024 18:00:00,20/03/2024 17:15:00,1,287:15:00,"11,97",,,,,,,,,,
2024,3,08/03/2024 21:18:00,19/03/2024 20:21:00,1,263:03:00,"10,96",,,,,,,,,,
2024,3,08/03/2024 23:42:00,20/03/2024 12:25:00,1,276:43:00,"11,53",,,,,,,,,,
2024,3,09/03/2024 02:00:00,09/03/2024 10:25:00,1,8:25:00,"0,35",,,,,,,,,,
2024,3,09/03/2024 06:15:00,13/03/2024 01:00:00,1,90:45:00,"3,78",,,,,,,,,,
2024,3,09/03/2024 16:30:00,09/03/2024 17:05:00,1,0:35:00,"0,02",,,,,,,,,,
2024,3,09/03/2024 17:00:00,15/03/2024 13:40:00,1,140:40:00,"5,86",,,,,,,,,,
2024,3,09/03/2024 17:00:00,30/03/2024 20:55:00,1,507:55:00,"21,16",,,,,,,,,,
2024,3,09/03/2024 23:36:00,18/03/2024 00:45:00,1,193:09:00,"8,05",,,,,,,,,,
2024,3,10/03/2024 06:54:00,30/03/2024 00:01:00,1,473:07:00,"19,71",,,,,,,,,,
2024,3,10/03/2024 07:00:00,22/03/2024 03:50:00,1,284:50:00,"11,87",,,,,,,,,,
2024,3,10/03/2024 08:00:00,10/03/2024 21:00:00,1,13:00:00,"0,54",,,,,,,,,,
2024,3,10/03/2024 12:30:00,12/03/2024 15:05:00,1,50:35:00,"2,11",,,,,,,,,,
2024,3,10/03/2024 16:00:00,21/03/2024 19:10:00,1,267:10:00,"11,13",,,,,,,,,,
2024,3,10/03/2024 20:30:00,10/03/2024 21:45:00,1,1:15:00,"0,05",,,,,,,,,,
2024,3,10/03/2024 20:45:00,12/03/2024 02:53:00,1,30:08:00,"1,26",,,,,,,,,,
2024,3,10/03/2024 21:30:00,14/03/2024 00:35:00,1,75:05:00,"3,13",,,,,,,,,,
2024,3,11/03/2024 14:00:00,14/03/2024 08:50:00,1,66:50:00,"2,78",,,,,,,,,,
2024,3,11/03/2024 17:00:00,11/03/2024 22:45:00,1,5:45:00,"0,24",,,,,,,,,,
2024,3,11/03/2024 21:30:00,11/03/2024 22:25:00,1,0:55:00,"0,04",,,,,,,,,,
2024,3,12/03/2024 00:12:00,22/03/2024 07:35:00,1,247:23:00,"10,31",,,,,,,,,,
2024,3,12/03/2024 03:00:00,18/03/2024 00:40:00,1,141:40:00,"5,90",,,,,,,,,,
2024,3,12/03/2024 08:00:00,21/03/2024 18:05:00,1,226:05:00,"9,42",,,,,,,,,,
2024,3,12/03/2024 20:01:00,12/03/2024 20:58:00,1,0:57:00,"0,04",,,,,,,,,,
2024,3,13/03/2024 09:30:00,18/03/2024 00:20:00,1,110:50:00,"4,62",,,,,,,,,,
2024,3,13/03/2024 10:30:00,13/03/2024 20:50:00,1,10:20:00,"0,43",,,,,,,,,,
2024,3,13/03/2024 15:12:00,15/03/2024 17:00:00,1,49:48:00,"2,08",,,,,,,,,,
2024,3,13/03/2024 17:24:00,15/03/2024 22:22:00,1,52:58:00,"2,21",,,,,,,,,,
2024,3,13/03/2024 22:15:00,13/03/2024 23:15:00,1,1:00:00,"0,04",,,,,,,,,,
2024,3,14/03/2024 00:10:00,14/03/2024 00:45:00,1,0:35:00,"0,02",,,,,,,,,,
2024,3,14/03/2024 08:00:00,14/03/2024 09:25:00,1,1:25:00,"0,06",,,,,,,,,,
2024,3,14/03/2024 10:00:00,24/03/2024 08:50:00,1,238:50:00,"9,95",,,,,,,,,,
2024,3,14/03/2024 12:10:00,19/03/2024 07:30:00,1,115:20:00,"4,81",,,,,,,,,,
2024,3,14/03/2024 18:36:00,26/03/2024 01:55:00,1,271:19:00,"11,30",,,,,,,,,,
2024,3,14/03/2024 20:10:00,14/03/2024 21:26:00,1,1:16:00,"0,05",,,,,,,,,,
2024,3,14/03/2024 20:13:00,14/03/2024 21:30:00,1,1:17:00,"0,05",,,,,,,,,,
2024,3,14/03/2024 21:00:00,14/03/2024 22:00:00,1,1:00:00,"0,04",,,,,,,,,,
2024,3,15/03/2024 00:16:00,17/03/2024 23:40:00,1,71:24:00,"2,97",,,,,,,,,,
2024,3,15/03/2024 03:10:00,20/03/2024 02:45:00,1,119:35:00,"4,98",,,,,,,,,,
2024,3,15/03/2024 07:15:00,15/03/2024 17:10:00,1,9:55:00,"0,41",,,,,,,,,,
2024,3,15/03/2024 10:42:00,16/03/2024 03:18:00,1,16:36:00,"0,69",,,,,,,,,,
2024,3,15/03/2024 15:00:00,17/03/2024 17:45:00,1,50:45:00,"2,11",,,,,,,,,,
2024,3,15/03/2024 17:18:00,24/03/2024 02:35:00,1,201:17:00,"8,39",,,,,,,,,,
2024,3,15/03/2024 22:05:00,25/03/2024 01:10:00,1,219:05:00,"9,13",,,,,,,,,,
2024,3,15/03/2024 23:18:00,30/03/2024 15:25:00,1,352:07:00,"14,67",,,,,,,,,,
2024,3,16/03/2024 06:00:00,16/03/2024 06:50:00,1,0:50:00,"0,03",,,,,,,,,,
2024,3,16/03/2024 09:00:00,22/03/2024 03:35:00,1,138:35:00,"5,77",,,,,,,,,,
2024,3,16/03/2024 09:24:00,25/03/2024 22:45:00,1,229:21:00,"9,56",,,,,,,,,,
2024,3,16/03/2024 11:00:00,16/03/2024 11:40:00,1,0:40:00,"0,03",,,,,,,,,,
2024,3,16/03/2024 11:24:00,21/03/2024 17:23:00,1,125:59:00,"5,25",,,,,,,,,,
2024,3,16/03/2024 16:30:00,16/03/2024 17:50:00,1,1:20:00,"0,06",,,,,,,,,,
2024,3,17/03/2024 03:30:00,17/03/2024 04:54:00,1,1:24:00,"0,06",,,,,,,,,,
2024,3,17/03/2024 12:35:00,18/03/2024 04:10:00,1,15:35:00,"0,65",,,,,,,,,,
2024,3,17/03/2024 21:48:00,25/03/2024 22:55:00,1,193:07:00,"8,05",,,,,,,,,,
2024,3,17/03/2024 23:00:00,18/03/2024 21:20:00,1,22:20:00,"0,93",,,,,,,,,,
2024,3,18/03/2024 07:30:00,25/03/2024 18:30:00,1,179:00:00,"7,46",,,,,,,,,,
2024,3,19/03/2024 05:00:00,19/03/2024 05:58:00,1,0:58:00,"0,04",,,,,,,,,,
2024,3,19/03/2024 08:00:00,19/03/2024 08:45:00,1,0:45:00,"0,03",,,,,,,,,,
2024,3,19/03/2024 10:00:00,19/03/2024 11:10:00,1,1:10:00,"0,05",,,,,,,,,,
2024,3,19/03/2024 18:50:00,19/03/2024 20:00:00,1,1:10:00,"0,05",,,,,,,,,,
2024,3,20/03/2024 02:30:00,20/03/2024 17:16:00,1,14:46:00,"0,62",,,,,,,,,,
2024,3,21/03/2024 17:00:00,21/03/2024 18:15:00,1,1:15:00,"0,05",,,,,,,,,,
2024,3,21/03/2024 21:06:00,23/03/2024 17:40:00,1,44:34:00,"1,86",,,,,,,,,,
2024,3,22/03/2024 00:54:00,22/03/2024 01:44:00,1,0:50:00,"0,03",,,,,,,,,,
2024,3,22/03/2024 07:30:00,22/03/2024 08:50:00,1,1:20:00,"0,06",,,,,,,,,,
2024,3,22/03/2024 07:36:00,23/03/2024 17:44:00,1,34:08:00,"1,42",,,,,,,,,,
2024,3,23/03/2024 08:30:00,26/03/2024 14:54:00,1,78:24:00,"3,27",,,,,,,,,,
2024,3,23/03/2024 11:48:00,26/03/2024 23:50:00,1,84:02:00,"3,50",,,,,,,,,,
2024,3,23/03/2024 18:00:00,26/03/2024 01:41:00,1,55:41:00,"2,32",,,,,,,,,,
2024,3,23/03/2024 21:00:00,23/03/2024 22:22:00,1,1:22:00,"0,06",,,,,,,,,,
2024,3,24/03/2024 09:30:00,25/03/2024 02:10:00,1,16:40:00,"0,69",,,,,,,,,,
2024,3,24/03/2024 11:30:00,24/03/2024 12:15:00,1,0:45:00,"0,03",,,,,,,,,,
2024,3,24/03/2024 13:00:00,28/03/2024 14:40:00,1,97:40:00,"4,07",,,,,,,,,,
2024,3,24/03/2024 14:48:00,28/03/2024 15:18:00,1,96:30:00,"4,02",,,,,,,,,,
2024,3,24/03/2024 17:15:00,24/03/2024 18:30:00,1,1:15:00,"0,05",,,,,,,,,,
2024,3,24/03/2024 20:55:00,24/03/2024 21:35:00,1,0:40:00,"0,03",,,,,,,,,,
2024,3,25/03/2024 06:00:00,25/03/2024 07:34:00,1,1:34:00,"0,07",,,,,,,,,,
2024,3,25/03/2024 06:00:00,25/03/2024 08:34:00,1,2:34:00,"0,11",,,,,,,,,,
2024,3,25/03/2024 10:30:00,27/03/2024 20:35:00,1,58:05:00,"2,42",,,,,,,,,,
2024,3,25/03/2024 17:15:00,25/03/2024 18:20:00,1,1:05:00,"0,05",,,,,,,,,,
2024,3,26/03/2024 08:15:00,26/03/2024 09:36:00,1,1:21:00,"0,06",,,,,,,,,,
2024,3,27/03/2024 10:30:00,27/03/2024 11:15:00,1,0:45:00,"0,03",,,,,,,,,,
2024,3,27/03/2024 12:00:00,27/03/2024 12:35:00,1,0:35:00,"0,02",,,,,,,,,,
2024,3,27/03/2024 17:00:00,27/03/2024 17:43:00,1,0:43:00,"0,03",,,,,,,,,,
2024,3,27/03/2024 21:30:00,27/03/2024 22:20:00,1,0:50:00,"0,03",,,,,,,,,,
2024,3,28/03/2024 08:30:00,28/03/2024 09:45:00,1,1:15:00,"0,05",,,,,,,,,,
2024,3,29/03/2024 19:30:00,29/03/2024 20:45:00,1,1:15:00,"0,05",,,,,,,,,,
2024,4,20/01/2024 17:18:00,24/04/2024 23:55:00,1,2286:37:00,"95,28",,,,,,,,,,
2024,4,28/02/2024 10:00:00,31/03/2024 00:45:00,1,758:45:00,"31,61",,,,,,,,,,
2024,4,29/02/2024 07:00:00,29/03/2024 20:35:00,1,709:35:00,"29,57",,,,,,,,,,
2024,4,29/02/2024 20:24:00,21/04/2024 17:20:00,1,1244:56:00,"51,87",,,,,,,,,,
2024,4,01/03/2024 09:00:00,04/04/2024 00:45:00,1,807:45:00,"33,66",,,,,,,,,,
2024,4,04/03/2024 19:00:00,12/04/2024 13:44:00,1,930:44:00,"38,78",,,,,,,,,,
2024,4,06/03/2024 16:00:00,14/04/2024 11:35:00,1,931:35:00,"38,82",,,,,,,,,,
2024,4,08/03/2024 03:00:00,19/04/2024 13:10:00,1,1018:10:00,"42,42",,,,,,,,,,
2024,4,11/03/2024 10:24:00,07/04/2024 17:15:00,1,654:51:00,"27,29",,,,,,,,,,
2024,4,13/03/2024 02:30:00,31/03/2024 14:55:00,1,444:25:00,"18,52",,,,,,,,,,
2024,4,13/03/2024 05:30:00,31/03/2024 09:55:00,1,436:25:00,"18,18",,,,,,,,,,
2024,4,13/03/2024 14:50:00,03/04/2024 11:11:00,1,500:21:00,"20,85",,,,,,,,,,
2024,4,14/03/2024 09:00:00,01/04/2024 02:55:00,1,425:55:00,"17,75",,,,,,,,,,
2024,4,15/03/2024 00:06:00,10/04/2024 19:25:00,1,643:19:00,"26,80",,,,,,,,,,
2024,4,16/03/2024 06:12:00,01/04/2024 08:15:00,1,386:03:00,"16,09",,,,,,,,,,
2024,4,16/03/2024 13:48:00,24/04/2024 21:30:00,1,943:42:00,"39,32",,,,,,,,,,
2024,4,16/03/2024 14:00:00,31/03/2024 18:45:00,1,364:45:00,"15,20",,,,,,,,,,
2024,4,17/03/2024 11:24:00,02/04/2024 09:30:00,1,382:06:00,"15,92",,,,,,,,,,
2024,4,17/03/2024 18:30:00,31/03/2024 01:00:00,1,318:30:00,"13,27",,,,,,,,,,
2024,4,18/03/2024 04:06:00,02/04/2024 05:05:00,1,360:59:00,"15,04",,,,,,,,,,
2024,4,18/03/2024 18:35:00,31/03/2024 23:05:00,1,316:30:00,"13,19",,,,,,,,,,
2024,4,19/03/2024 09:50:00,29/03/2024 16:50:00,1,247:00:00,"10,29",,,,,,,,,,
2024,4,19/03/2024 14:56:00,13/04/2024 20:08:00,1,605:12:00,"25,22",,,,,,,,,,
2024,4,20/03/2024 00:01:00,07/04/2024 15:40:00,1,447:39:00,"18,65",,,,,,,,,,
2024,4,20/03/2024 00:24:00,13/04/2024 09:15:00,1,584:51:00,"24,37",,,,,,,,,,
2024,4,20/03/2024 03:00:00,07/04/2024 23:40:00,1,452:40:00,"18,86",,,,,,,,,,
2024,4,21/03/2024 02:00:00,26/03/2024 09:40:00,1,127:40:00,"5,32",,,,,,,,,,
2024,4,21/03/2024 06:00:00,01/04/2024 16:40:00,1,274:40:00,"11,44",,,,,,,,,,
2024,4,21/03/2024 14:20:00,03/04/2024 22:00:00,1,319:40:00,"13,32",,,,,,,,,,
2024,4,21/03/2024 20:15:00,03/04/2024 23:00:00,1,314:45:00,"13,11",,,,,,,,,,
2024,4,22/03/2024 03:00:00,04/04/2024 13:35:00,1,322:35:00,"13,44",,,,,,,,,,
2024,4,22/03/2024 14:25:00,12/04/2024 07:35:00,1,497:10:00,"20,72",,,,,,,,,,
2024,4,23/03/2024 08:00:00,21/04/2024 22:50:00,1,710:50:00,"29,62",,,,,,,,,,
2024,4,23/03/2024 11:18:00,11/04/2024 19:35:00,1,464:17:00,"19,35",,,,,,,,,,
2024,4,24/03/2024 19:36:00,10/04/2024 16:30:00,1,404:54:00,"16,87",,,,,,,,,,
2024,4,25/03/2024 08:30:00,09/04/2024 21:10:00,1,372:40:00,"15,53",,,,,,,,,,
2024,4,25/03/2024 14:36:00,30/03/2024 20:35:00,1,125:59:00,"5,25",,,,,,,,,,
2024,4,25/03/2024 20:18:00,04/04/2024 14:10:00,1,233:52:00,"9,74",,,,,,,,,,
2024,4,26/03/2024 06:20:00,08/04/2024 01:50:00,1,307:30:00,"12,81",,,,,,,,,,
2024,4,26/03/2024 08:00:00,31/03/2024 14:05:00,1,126:05:00,"5,25",,,,,,,,,,
2024,4,26/03/2024 09:00:00,02/04/2024 19:30:00,1,178:30:00,"7,44",,,,,,,,,,
2024,4,26/03/2024 16:30:00,02/04/2024 15:35:00,1,167:05:00,"6,96",,,,,,,,,,
2024,4,27/03/2024 05:30:00,20/04/2024 17:25:00,1,587:55:00,"24,50",,,,,,,,,,
2024,4,27/03/2024 05:48:00,04/04/2024 13:20:00,1,199:32:00,"8,31",,,,,,,,,,
2024,4,27/03/2024 06:48:00,06/04/2024 15:35:00,1,248:47:00,"10,37",,,,,,,,,,
2024,4,27/03/2024 18:00:00,27/04/2024 21:25:00,1,747:25:00,"31,14",,,,,,,,,,
2024,4,28/03/2024 00:30:00,28/03/2024 01:45:00,1,1:15:00,"0,05",,,,,,,,,,
2024,4,29/03/2024 02:00:00,08/04/2024 02:50:00,1,240:50:00,"10,03",,,,,,,,,,
2024,4,29/03/2024 09:15:00,30/03/2024 09:47:00,1,24:32:00,"1,02",,,,,,,,,,
2024,4,29/03/2024 13:30:00,29/03/2024 14:15:00,1,0:45:00,"0,03",,,,,,,,,,
2024,4,30/03/2024 07:00:00,23/04/2024 20:45:00,1,589:45:00,"24,57",,,,,,,,,,
2024,4,30/03/2024 09:40:00,30/03/2024 10:25:00,1,0:45:00,"0,03",,,,,,,,,,
2024,4,30/03/2024 09:48:00,23/04/2024 07:55:00,1,574:07:00,"23,92",,,,,,,,,,
2024,4,30/03/2024 16:54:00,23/04/2024 09:20:00,1,568:26:00,"23,68",,,,,,,,,,
2024,4,30/03/2024 17:55:00,30/03/2024 18:30:00,1,0:35:00,"0,02",,,,,,,,,,
2024,4,30/03/2024 19:15:00,19/04/2024 08:20:00,1,469:05:00,"19,55",,,,,,,,,,
2024,4,31/03/2024 02:00:00,04/04/2024 13:27:00,1,107:27:00,"4,48",,,,,,,,,,
2024,4,31/03/2024 02:30:00,05/04/2024 20:35:00,1,138:05:00,"5,75",,,,,,,,,,
2024,4,31/03/2024 09:24:00,09/04/2024 16:50:00,1,223:26:00,"9,31",,,,,,,,,,
2024,4,31/03/2024 23:42:00,03/04/2024 06:40:00,1,54:58:00,"2,29",,,,,,,,,,
2024,4,01/04/2024 10:15:00,01/04/2024 11:45:00,1,1:30:00,"0,06",,,,,,,,,,
2024,4,01/04/2024 16:00:00,10/04/2024 15:04:00,1,215:04:00,"8,96",,,,,,,,,,
2024,4,01/04/2024 16:06:00,27/04/2024 21:30:00,1,629:24:00,"26,23",,,,,,,,,,
2024,4,02/04/2024 07:30:00,02/04/2024 08:18:00,1,0:48:00,"0,03",,,,,,,,,,
2024,4,02/04/2024 08:24:00,07/04/2024 09:40:00,1,121:16:00,"5,05",,,,,,,,,,
2024,4,02/04/2024 09:00:00,06/04/2024 06:50:00,1,93:50:00,"3,91",,,,,,,,,,
2024,4,02/04/2024 23:18:00,26/04/2024 06:15:00,1,558:57:00,"23,29",,,,,,,,,,
2024,4,03/04/2024 00:00:00,17/04/2024 16:15:00,1,352:15:00,"14,68",,,,,,,,,,
2024,4,03/04/2024 08:00:00,03/04/2024 08:55:00,1,0:55:00,"0,04",,,,,,,,,,
2024,4,04/04/2024 01:00:00,04/04/2024 01:59:00,1,0:59:00,"0,04",,,,,,,,,,
2024,4,04/04/2024 03:00:00,04/04/2024 10:10:00,1,7:10:00,"0,30",,,,,,,,,,
2024,4,04/04/2024 06:00:00,04/04/2024 06:45:00,1,0:45:00,"0,03",,,,,,,,,,
2024,4,04/04/2024 09:00:00,07/04/2024 06:40:00,1,69:40:00,"2,90",,,,,,,,,,
2024,4,04/04/2024 21:45:00,06/04/2024 02:16:00,1,28:31:00,"1,19",,,,,,,,,,
2024,4,05/04/2024 04:30:00,25/04/2024 09:12:00,1,484:42:00,"20,20",,,,,,,,,,
2024,4,05/04/2024 10:55:00,05/04/2024 11:45:00,1,0:50:00,"0,03",,,,,,,,,,
2024,4,06/04/2024 03:00:00,12/04/2024 13:40:00,1,154:40:00,"6,44",,,,,,,,,,
2024,4,06/04/2024 03:15:00,07/04/2024 14:40:00,1,35:25:00,"1,48",,,,,,,,,,
2024,4,06/04/2024 10:00:00,06/04/2024 10:50:00,1,0:50:00,"0,03",,,,,,,,,,
2024,4,06/04/2024 22:00:00,06/04/2024 22:52:00,1,0:52:00,"0,04",,,,,,,,,,
2024,4,06/04/2024 22:48:00,09/04/2024 08:50:00,1,58:02:00,"2,42",,,,,,,,,,
2024,4,07/04/2024 03:48:00,11/04/2024 10:30:00,1,102:42:00,"4,28",,,,,,,,,,
2024,4,07/04/2024 07:30:00,09/04/2024 21:45:00,1,62:15:00,"2,59",,,,,,,,,,
2024,4,07/04/2024 11:12:00,11/04/2024 14:30:00,1,99:18:00,"4,14",,,,,,,,,,
2024,4,07/04/2024 14:30:00,07/04/2024 15:45:00,1,1:15:00,"0,05",,,,,,,,,,
2024,4,07/04/2024 15:30:00,08/04/2024 19:54:00,1,28:24:00,"1,18",,,,,,,,,,
2024,4,07/04/2024 16:00:00,07/04/2024 20:08:00,1,4:08:00,"0,17",,,,,,,,,,
2024,4,08/04/2024 00:30:00,19/04/2024 04:40:00,1,268:10:00,"11,17",,,,,,,,,,
2024,4,08/04/2024 06:30:00,08/04/2024 07:25:00,1,0:55:00,"0,04",,,,,,,,,,
2024,4,08/04/2024 06:45:00,08/04/2024 08:35:00,1,1:50:00,"0,08",,,,,,,,,,
2024,4,08/04/2024 12:00:00,26/04/2024 21:30:00,1,441:30:00,"18,40",,,,,,,,,,
2024,4,09/04/2024 01:57:00,09/04/2024 03:18:00,1,1:21:00,"0,06",,,,,,,,,,
2024,4,09/04/2024 07:45:00,09/04/2024 09:10:00,1,1:25:00,"0,06",,,,,,,,,,
2024,4,09/04/2024 09:30:00,10/04/2024 12:17:00,1,26:47:00,"1,12",,,,,,,,,,
2024,4,09/04/2024 15:30:00,09/04/2024 21:15:00,1,5:45:00,"0,24",,,,,,,,,,
2024,4,09/04/2024 19:30:00,14/04/2024 03:20:00,1,103:50:00,"4,33",,,,,,,,,,
2024,4,09/04/2024 22:50:00,13/04/2024 12:05:00,1,85:15:00,"3,55",,,,,,,,,,
2024,4,09/04/2024 23:30:00,10/04/2024 00:30:00,1,1:00:00,"0,04",,,,,,,,,,
2024,4,10/04/2024 00:30:00,11/04/2024 23:00:00,1,46:30:00,"1,94",,,,,,,,,,
2024,4,10/04/2024 04:06:00,15/04/2024 05:25:00,1,121:19:00,"5,05",,,,,,,,,,
2024,4,10/04/2024 09:12:00,11/04/2024 13:30:00,1,28:18:00,"1,18",,,,,,,,,,
2024,4,10/04/2024 09:12:00,20/04/2024 07:08:00,1,237:56:00,"9,91",,,,,,,,,,
2024,4,10/04/2024 17:00:00,10/04/2024 19:55:00,1,2:55:00,"0,12",,,,,,,,,,
2024,4,11/04/2024 05:36:00,17/04/2024 17:45:00,1,156:09:00,"6,51",,,,,,,,,,
2024,4,11/04/2024 16:24:00,21/04/2024 22:25:00,1,246:01:00,"10,25",,,,,,,,,,
2024,4,12/04/2024 02:24:00,15/04/2024 01:10:00,1,70:46:00,"2,95",,,,,,,,,,
2024,4,12/04/2024 05:06:00,12/04/2024 12:40:00,1,7:34:00,"0,32",,,,,,,,,,
2024,4,12/04/2024 08:00:00,19/04/2024 04:20:00,1,164:20:00,"6,85",,,,,,,,,,
2024,4,12/04/2024 10:06:00,23/04/2024 08:15:00,1,262:09:00,"10,92",,,,,,,,,,
2024,4,12/04/2024 16:55:00,14/04/2024 14:30:00,1,45:35:00,"1,90",,,,,,,,,,
2024,4,12/04/2024 18:00:00,13/04/2024 08:44:00,1,14:44:00,"0,61",,,,,,,,,,
2024,4,13/04/2024 06:00:00,14/04/2024 07:22:00,1,25:22:00,"1,06",,,,,,,,,,
2024,4,13/04/2024 14:30:00,17/04/2024 09:05:00,1,90:35:00,"3,77",,,,,,,,,,
2024,4,14/04/2024 01:30:00,16/04/2024 16:15:00,1,62:45:00,"2,61",,,,,,,,,,
2024,4,14/04/2024 12:15:00,16/04/2024 09:50:00,1,45:35:00,"1,90",,,,,,,,,,
2024,4,14/04/2024 12:20:00,14/04/2024 13:25:00,1,1:05:00,"0,05",,,,,,,,,,
2024,4,14/04/2024 13:00:00,16/04/2024 19:30:00,1,54:30:00,"2,27",,,,,,,,,,
2024,4,14/04/2024 18:30:00,17/04/2024 00:48:00,1,54:18:00,"2,26",,,,,,,,,,
2024,4,15/04/2024 06:06:00,17/04/2024 21:00:00,1,62:54:00,"2,62",,,,,,,,,,
2024,4,15/04/2024 10:15:00,15/04/2024 11:45:00,1,1:30:00,"0,06",,,,,,,,,,
2024,4,15/04/2024 10:30:00,15/04/2024 11:30:00,1,1:00:00,"0,04",,,,,,,,,,
2024,4,15/04/2024 13:00:00,18/04/2024 14:29:00,1,73:29:00,"3,06",,,,,,,,,,
2024,4,16/04/2024 04:43:00,16/04/2024 05:45:00,1,1:02:00,"0,04",,,,,,,,,,
2024,4,16/04/2024 04:59:00,16/04/2024 05:50:00,1,0:51:00,"0,04",,,,,,,,,,
2024,4,16/04/2024 09:00:00,17/04/2024 20:40:00,1,35:40:00,"1,49",,,,,,,,,,
2024,4,16/04/2024 12:15:00,16/04/2024 12:40:00,1,0:25:00,"0,02",,,,,,,,,,
2024,4,16/04/2024 14:00:00,24/04/2024 02:20:00,1,180:20:00,"7,51",,,,,,,,,,
2024,4,16/04/2024 14:18:00,20/04/2024 10:05:00,1,91:47:00,"3,82",,,,,,,,,,
2024,4,16/04/2024 15:00:00,16/04/2024 16:10:00,1,1:10:00,"0,05",,,,,,,,,,
2024,4,16/04/2024 15:00:00,16/04/2024 19:45:00,1,4:45:00,"0,20",,,,,,,,,,
2024,4,17/04/2024 14:00:00,17/04/2024 15:40:00,1,1:40:00,"0,07",,,,,,,,,,
2024,4,19/04/2024 01:30:00,21/04/2024 02:05:00,1,48:35:00,"2,02",,,,,,,,,,
2024,4,19/04/2024 14:00:00,22/04/2024 02:45:00,1,60:45:00,"2,53",,,,,,,,,,
2024,4,19/04/2024 20:00:00,19/04/2024 21:10:00,1,1:10:00,"0,05",,,,,,,,,,
2024,4,19/04/2024 20:54:00,22/04/2024 21:50:00,1,72:56:00,"3,04",,,,,,,,,,
2024,4,19/04/2024 21:50:00,19/04/2024 23:00:00,1,1:10:00,"0,05",,,,,,,,,,
2024,4,20/04/2024 08:55:00,20/04/2024 10:00:00,1,1:05:00,"0,05",,,,,,,,,,
2024,4,20/04/2024 09:36:00,23/04/2024 00:05:00,1,62:29:00,"2,60",,,,,,,,,,
2024,4,20/04/2024 19:30:00,23/04/2024 17:10:00,1,69:40:00,"2,90",,,,,,,,,,
2024,4,21/04/2024 00:12:00,21/04/2024 17:50:00,1,17:38:00,"0,73",,,,,,,,,,
2024,4,21/04/2024 08:00:00,21/04/2024 08:55:00,1,0:55:00,"0,04",,,,,,,,,,
2024,4,21/04/2024 09:30:00,21/04/2024 11:00:00,1,1:30:00,"0,06",,,,,,,,,,
2024,4,21/04/2024 16:00:00,24/04/2024 21:19:00,1,77:19:00,"3,22",,,,,,,,,,
2024,4,22/04/2024 00:20:00,25/04/2024 09:55:00,1,81:35:00,"3,40",,,,,,,,,,
2024,4,22/04/2024 10:00:00,25/04/2024 15:00:00,1,77:00:00,"3,21",,,,,,,,,,
2024,4,22/04/2024 10:30:00,24/04/2024 23:05:00,1,60:35:00,"2,52",,,,,,,,,,
2024,4,22/04/2024 12:00:00,23/04/2024 13:50:00,1,25:50:00,"1,08",,,,,,,,,,
2024,4,23/04/2024 21:30:00,23/04/2024 22:40:00,1,1:10:00,"0,05",,,,,,,,,,
2024,4,23/04/2024 22:48:00,27/04/2024 12:25:00,1,85:37:00,"3,57",,,,,,,,,,
2024,4,24/04/2024 09:07:00,27/04/2024 09:50:00,1,72:43:00,"3,03",,,,,,,,,,
2024,4,24/04/2024 16:43:00,24/04/2024 17:15:00,1,0:32:00,"0,02",,,,,,,,,,
2024,4,24/04/2024 18:00:00,24/04/2024 21:45:00,1,3:45:00,"0,16",,,,,,,,,,
2024,4,24/04/2024 18:30:00,26/04/2024 09:55:00,1,39:25:00,"1,64",,,,,,,,,,
2024,4,25/04/2024 00:01:00,25/04/2024 19:45:00,1,19:44:00,"0,82",,,,,,,,,,
2024,4,25/04/2024 05:00:00,25/04/2024 09:10:00,1,4:10:00,"0,17",,,,,,,,,,
2024,4,25/04/2024 08:50:00,25/04/2024 09:50:00,1,1:00:00,"0,04",,,,,,,,,,
2024,4,25/04/2024 14:45:00,27/04/2024 10:20:00,1,43:35:00,"1,82",,,,,,,,,,
2024,4,25/04/2024 15:30:00,25/04/2024 16:10:00,1,0:40:00,"0,03",,,,,,,,,,
2024,4,25/04/2024 23:00:00,26/04/2024 00:05:00,1,1:05:00,"0,05",,,,,,,,,,
2024,4,26/04/2024 05:39:00,26/04/2024 06:40:00,1,1:01:00,"0,04",,,,,,,,,,
2024,4,26/04/2024 10:00:00,26/04/2024 11:05:00,1,1:05:00,"0,05",,,,,,,,,,
2024,4,28/04/2024 11:30:00,28/04/2024 19:40:00,1,8:10:00,"0,34",,,,,,,,,,
2024,5,07/03/2024 23:12:00,03/05/2024 02:00:00,1,1346:48:00,"56,12",,,,,,,,,,
2024,5,17/03/2024 11:12:00,06/05/2024 10:50:00,1,1199:38:00,"49,98",,,,,,,,,,
2024,5,21/03/2024 21:36:00,09/05/2024 08:30:00,1,1162:54:00,"48,45",,,,,,,,,,
2024,5,25/03/2024 22:18:00,14/05/2024 00:55:00,1,1178:37:00,"49,11",,,,,,,,,,
2024,5,26/03/2024 11:18:00,01/05/2024 14:25:00,1,867:07:00,"36,13",,,,,,,,,,
2024,5,27/03/2024 20:00:00,01/05/2024 16:20:00,1,836:20:00,"34,85",,,,,,,,,,
2024,5,29/03/2024 17:24:00,24/05/2024 23:00:00,1,1349:36:00,"56,23",,,,,,,,,,
2024,5,31/03/2024 17:00:00,29/04/2024 00:01:00,1,679:01:00,"28,29",,,,,,,,,,
2024,5,04/04/2024 07:15:00,30/04/2024 23:10:00,1,639:55:00,"26,66",,,,,,,,,,
2024,5,10/04/2024 19:24:00,02/05/2024 23:05:00,1,531:41:00,"22,15",,,,,,,,,,
2024,5,12/04/2024 17:12:00,29/04/2024 19:40:00,1,410:28:00,"17,10",,,,,,,,,,
2024,5,13/04/2024 05:00:00,28/05/2024 07:05:00,1,1082:05:00,"45,09",,,,,,,,,,
2024,5,17/04/2024 16:00:00,06/05/2024 00:10:00,1,440:10:00,"18,34",,,,,,,,,,
2024,5,18/04/2024 10:00:00,03/05/2024 09:05:00,1,359:05:00,"14,96",,,,,,,,,,
2024,5,20/04/2024 00:01:00,04/05/2024 06:10:00,1,342:09:00,"14,26",,,,,,,,,,
2024,5,21/04/2024 09:00:00,11/05/2024 00:20:00,1,471:20:00,"19,64",,,,,,,,,,
2024,5,22/04/2024 04:30:00,28/04/2024 02:45:00,1,142:15:00,"5,93",,,,,,,,,,
2024,5,23/04/2024 08:00:00,05/05/2024 22:05:00,1,302:05:00,"12,59",,,,,,,,,,
2024,5,23/04/2024 14:00:00,10/05/2024 04:40:00,1,398:40:00,"16,61",,,,,,,,,,
2024,5,24/04/2024 06:00:00,01/05/2024 16:15:00,1,178:15:00,"7,43",,,,,,,,,,
2024,5,25/04/2024 16:30:00,29/04/2024 00:50:00,1,80:20:00,"3,35",,,,,,,,,,
2024,5,26/04/2024 01:18:00,06/05/2024 06:31:00,1,245:13:00,"10,22",,,,,,,,,,
2024,5,26/04/2024 06:20:00,02/05/2024 02:00:00,1,139:40:00,"5,82",,,,,,,,,,
2024,5,26/04/2024 14:00:00,02/05/2024 08:45:00,1,138:45:00,"5,78",,,,,,,,,,
2024,5,26/04/2024 23:36:00,28/04/2024 19:45:00,1,44:09:00,"1,84",,,,,,,,,,
2024,5,27/04/2024 06:30:00,29/04/2024 06:08:00,1,47:38:00,"1,98",,,,,,,,,,
2024,5,27/04/2024 07:30:00,04/05/2024 06:25:00,1,166:55:00,"6,95",,,,,,,,,,
2024,5,27/04/2024 10:30:00,22/05/2024 02:19:00,1,591:49:00,"24,66",,,,,,,,,,
2024,5,27/04/2024 12:06:00,22/05/2024 12:20:00,1,600:14:00,"25,01",,,,,,,,,,
2024,5,28/04/2024 04:18:00,30/04/2024 01:25:00,1,45:07:00,"1,88",,,,,,,,,,
2024,5,28/04/2024 18:00:00,29/04/2024 05:25:00,1,11:25:00,"0,48",,,,,,,,,,
2024,5,28/04/2024 19:00:00,29/04/2024 05:35:00,1,10:35:00,"0,44",,,,,,,,,,
2024,5,28/04/2024 20:30:00,04/05/2024 14:00:00,1,137:30:00,"5,73",,,,,,,,,,
2024,5,28/04/2024 21:48:00,29/04/2024 12:10:00,1,14:22:00,"0,60",,,,,,,,,,
2024,5,28/04/2024 22:15:00,24/05/2024 17:50:00,1,619:35:00,"25,82",,,,,,,,,,
2024,5,29/04/2024 01:00:00,29/05/2024 03:40:00,1,722:40:00,"30,11",,,,,,,,,,
2024,5,29/04/2024 11:18:00,08/05/2024 11:35:00,1,216:17:00,"9,01",,,,,,,,,,
2024,5,29/04/2024 21:00:00,29/04/2024 22:00:00,1,1:00:00,"0,04",,,,,,,,,,
2024,5,30/04/2024 02:24:00,01/05/2024 14:30:00,1,36:06:00,"1,50",,,,,,,,,,
2024,5,30/04/2024 08:00:00,04/05/2024 06:18:00,1,94:18:00,"3,93",,,,,,,,,,
2024,5,30/04/2024 10:30:00,01/05/2024 20:10:00,1,33:40:00,"1,40",,,,,,,,,,
2024,5,30/04/2024 13:30:00,30/04/2024 14:31:00,1,1:01:00,"0,04",,,,,,,,,,
2024,5,30/04/2024 17:00:00,05/05/2024 03:50:00,1,106:50:00,"4,45",,,,,,,,,,
2024,5,30/04/2024 21:40:00,02/05/2024 23:00:00,1,49:20:00,"2,06",,,,,,,,,,
2024,5,30/04/2024 22:00:00,30/04/2024 23:20:00,1,1:20:00,"0,06",,,,,,,,,,
2024,5,30/04/2024 22:40:00,01/05/2024 22:10:00,1,23:30:00,"0,98",,,,,,,,,,
2024,5,01/05/2024 02:30:00,01/05/2024 21:15:00,1,18:45:00,"0,78",,,,,,,,,,
2024,5,01/05/2024 07:00:00,01/05/2024 21:15:00,1,14:15:00,"0,59",,,,,,,,,,
2024,5,01/05/2024 07:42:00,18/05/2024 12:20:00,1,412:38:00,"17,19",,,,,,,,,,
2024,5,02/05/2024 00:14:00,02/05/2024 01:00:00,1,0:46:00,"0,03",,,,,,,,,,
2024,5,02/05/2024 02:00:00,16/05/2024 05:40:00,1,339:40:00,"14,15",,,,,,,,,,
2024,5,02/05/2024 03:54:00,02/05/2024 05:15:00,1,1:21:00,"0,06",,,,,,,,,,
2024,5,02/05/2024 05:36:00,08/05/2024 08:55:00,1,147:19:00,"6,14",,,,,,,,,,
2024,5,02/05/2024 08:55:00,05/05/2024 05:50:00,1,68:55:00,"2,87",,,,,,,,,,
2024,5,02/05/2024 10:00:00,02/05/2024 14:28:00,1,4:28:00,"0,19",,,,,,,,,,
2024,5,02/05/2024 11:00:00,02/05/2024 12:12:00,1,1:12:00,"0,05",,,,,,,,,,
2024,5,02/05/2024 15:00:00,29/05/2024 09:30:00,1,642:30:00,"26,77",,,,,,,,,,
2024,5,02/05/2024 15:42:00,04/05/2024 22:20:00,1,54:38:00,"2,28",,,,,,,,,,
2024,5,02/05/2024 18:00:00,06/05/2024 11:10:00,1,89:10:00,"3,72",,,,,,,,,,
2024,5,03/05/2024 06:12:00,07/05/2024 15:45:00,1,105:33:00,"4,40",,,,,,,,,,
2024,5,03/05/2024 11:25:00,06/05/2024 15:57:00,1,76:32:00,"3,19",,,,,,,,,,
2024,5,03/05/2024 19:23:00,03/05/2024 20:30:00,1,1:07:00,"0,05",,,,,,,,,,
2024,5,04/05/2024 02:00:00,07/05/2024 05:00:00,1,75:00:00,"3,13",,,,,,,,,,
2024,5,04/05/2024 12:00:00,08/05/2024 23:25:00,1,107:25:00,"4,48",,,,,,,,,,
2024,5,04/05/2024 14:02:00,12/05/2024 18:45:00,1,196:43:00,"8,20",,,,,,,,,,
2024,5,05/05/2024 04:12:00,05/05/2024 08:52:00,1,4:40:00,"0,19",,,,,,,,,,
2024,5,05/05/2024 07:20:00,17/05/2024 09:35:00,1,290:15:00,"12,09",,,,,,,,,,
2024,5,05/05/2024 08:00:00,05/05/2024 08:55:00,1,0:55:00,"0,04",,,,,,,,,,
2024,5,05/05/2024 13:01:00,05/05/2024 14:10:00,1,1:09:00,"0,05",,,,,,,,,,
2024,5,05/05/2024 15:55:00,22/05/2024 09:00:00,1,401:05:00,"16,71",,,,,,,,,,
2024,5,06/05/2024 07:00:00,07/05/2024 07:20:00,1,24:20:00,"1,01",,,,,,,,,,
2024,5,06/05/2024 09:00:00,07/05/2024 10:05:00,1,25:05:00,"1,05",,,,,,,,,,
2024,5,06/05/2024 23:00:00,13/05/2024 11:30:00,1,156:30:00,"6,52",,,,,,,,,,
2024,5,07/05/2024 04:00:00,16/05/2024 01:40:00,1,213:40:00,"8,90",,,,,,,,,,
2024,5,07/05/2024 05:52:00,07/05/2024 06:40:00,1,0:48:00,"0,03",,,,,,,,,,
2024,5,07/05/2024 09:12:00,10/05/2024 15:57:00,1,78:45:00,"3,28",,,,,,,,,,
2024,5,07/05/2024 09:36:00,09/05/2024 21:00:00,1,59:24:00,"2,47",,,,,,,,,,
2024,5,07/05/2024 12:00:00,08/05/2024 15:40:00,1,27:40:00,"1,15",,,,,,,,,,
2024,5,07/05/2024 13:30:00,08/05/2024 20:52:00,1,31:22:00,"1,31",,,,,,,,,,
2024,5,07/05/2024 19:30:00,17/05/2024 05:04:00,1,225:34:00,"9,40",,,,,,,,,,
2024,5,08/05/2024 03:35:00,08/05/2024 04:40:00,1,1:05:00,"0,05",,,,,,,,,,
2024,5,08/05/2024 03:45:00,20/05/2024 05:50:00,1,290:05:00,"12,09",,,,,,,,,,
2024,5,08/05/2024 07:00:00,08/05/2024 15:28:00,1,8:28:00,"0,35",,,,,,,,,,
2024,5,08/05/2024 08:15:00,09/05/2024 02:50:00,1,18:35:00,"0,77",,,,,,,,,,
2024,5,08/05/2024 11:00:00,11/05/2024 13:05:00,1,74:05:00,"3,09",,,,,,,,,,
2024,5,08/05/2024 13:45:00,08/05/2024 14:25:00,1,0:40:00,"0,03",,,,,,,,,,
2024,5,08/05/2024 17:30:00,14/05/2024 15:35:00,1,142:05:00,"5,92",,,,,,,,,,
2024,5,09/05/2024 00:55:00,12/05/2024 00:50:00,1,71:55:00,"3,00",,,,,,,,,,
2024,5,09/05/2024 01:47:00,09/05/2024 02:50:00,1,1:03:00,"0,04",,,,,,,,,,
2024,5,09/05/2024 07:00:00,13/05/2024 04:00:00,1,93:00:00,"3,88",,,,,,,,,,
2024,5,09/05/2024 08:00:00,09/05/2024 09:30:00,1,1:30:00,"0,06",,,,,,,,,,
2024,5,09/05/2024 08:23:00,09/05/2024 09:46:00,1,1:23:00,"0,06",,,,,,,,,,
2024,5,09/05/2024 08:42:00,12/05/2024 18:15:00,1,81:33:00,"3,40",,,,,,,,,,
2024,5,09/05/2024 09:00:00,16/05/2024 15:25:00,1,174:25:00,"7,27",,,,,,,,,,
2024,5,09/05/2024 14:30:00,09/05/2024 15:10:00,1,0:40:00,"0,03",,,,,,,,,,
2024,5,10/05/2024 07:30:00,10/05/2024 08:35:00,1,1:05:00,"0,05",,,,,,,,,,
2024,5,10/05/2024 09:00:00,10/05/2024 09:25:00,1,0:25:00,"0,02",,,,,,,,,,
2024,5,11/05/2024 00:00:00,11/05/2024 16:20:00,1,16:20:00,"0,68",,,,,,,,,,
2024,5,11/05/2024 06:00:00,11/05/2024 09:10:00,1,3:10:00,"0,13",,,,,,,,,,
2024,5,11/05/2024 13:30:00,12/05/2024 09:50:00,1,20:20:00,"0,85",,,,,,,,,,
2024,5,11/05/2024 18:42:00,12/05/2024 22:00:00,1,27:18:00,"1,14",,,,,,,,,,
2024,5,11/05/2024 19:00:00,12/05/2024 09:10:00,1,14:10:00,"0,59",,,,,,,,,,
2024,5,11/05/2024 22:50:00,13/05/2024 01:25:00,1,26:35:00,"1,11",,,,,,,,,,
2024,5,12/05/2024 06:05:00,12/05/2024 06:35:00,1,0:30:00,"0,02",,,,,,,,,,
2024,5,12/05/2024 06:18:00,16/05/2024 23:55:00,1,113:37:00,"4,73",,,,,,,,,,
2024,5,12/05/2024 06:48:00,19/05/2024 09:20:00,1,170:32:00,"7,11",,,,,,,,,,
2024,5,12/05/2024 09:00:00,12/05/2024 10:00:00,1,1:00:00,"0,04",,,,,,,,,,
2024,5,12/05/2024 15:30:00,12/05/2024 18:35:00,1,3:05:00,"0,13",,,,,,,,,,
2024,5,12/05/2024 23:48:00,14/05/2024 00:37:00,1,24:49:00,"1,03",,,,,,,,,,
2024,5,13/05/2024 00:42:00,14/05/2024 03:15:00,1,26:33:00,"1,11",,,,,,,,,,
2024,5,13/05/2024 03:27:00,13/05/2024 04:10:00,1,0:43:00,"0,03",,,,,,,,,,
2024,5,13/05/2024 08:00:00,17/05/2024 22:05:00,1,110:05:00,"4,59",,,,,,,,,,
2024,5,13/05/2024 09:25:00,17/05/2024 09:45:00,1,96:20:00,"4,01",,,,,,,,,,
2024,5,13/05/2024 13:12:00,14/05/2024 19:40:00,1,30:28:00,"1,27",,,,,,,,,,
2024,5,13/05/2024 23:59:00,20/05/2024 04:55:00,1,148:56:00,"6,21",,,,,,,,,,
2024,5,14/05/2024 09:30:00,22/05/2024 08:30:00,1,191:00:00,"7,96",,,,,,,,,,
2024,5,14/05/2024 12:12:00,19/05/2024 01:38:00,1,109:26:00,"4,56",,,,,,,,,,
2024,5,14/05/2024 13:49:00,22/05/2024 08:30:00,1,186:41:00,"7,78",,,,,,,,,,
2024,5,14/05/2024 15:00:00,15/05/2024 08:35:00,1,17:35:00,"0,73",,,,,,,,,,
2024,5,14/05/2024 22:52:00,14/05/2024 23:40:00,1,0:48:00,"0,03",,,,,,,,,,
2024,5,15/05/2024 08:00:00,17/05/2024 05:00:00,1,45:00:00,"1,88",,,,,,,,,,
2024,5,15/05/2024 10:30:00,17/05/2024 00:01:00,1,37:31:00,"1,56",,,,,,,,,,
2024,5,15/05/2024 11:48:00,19/05/2024 00:48:00,1,85:00:00,"3,54",,,,,,,,,,
2024,5,15/05/2024 18:05:00,18/05/2024 04:10:00,1,58:05:00,"2,42",,,,,,,,,,
2024,5,15/05/2024 20:00:00,29/05/2024 17:05:00,1,333:05:00,"13,88",,,,,,,,,,
2024,5,15/05/2024 23:30:00,16/05/2024 00:35:00,1,1:05:00,"0,05",,,,,,,,,,
2024,5,15/05/2024 23:30:00,16/05/2024 00:37:00,1,1:07:00,"0,05",,,,,,,,,,
2024,5,16/05/2024 01:48:00,21/05/2024 11:25:00,1,129:37:00,"5,40",,,,,,,,,,
2024,5,16/05/2024 08:00:00,17/05/2024 23:30:00,1,39:30:00,"1,65",,,,,,,,,,
2024,5,16/05/2024 14:30:00,16/05/2024 15:30:00,1,1:00:00,"0,04",,,,,,,,,,
2024,5,16/05/2024 16:00:00,17/05/2024 15:00:00,1,23:00:00,"0,96",,,,,,,,,,
2024,5,16/05/2024 17:30:00,19/05/2024 09:05:00,1,63:35:00,"2,65",,,,,,,,,,
2024,5,16/05/2024 21:35:00,16/05/2024 22:25:00,1,0:50:00,"0,03",,,,,,,,,,
2024,5,16/05/2024 22:42:00,20/05/2024 06:49:00,1,80:07:00,"3,34",,,,,,,,,,
2024,5,17/05/2024 11:24:00,17/05/2024 17:22:00,1,5:58:00,"0,25",,,,,,,,,,
2024,5,17/05/2024 12:05:00,17/05/2024 12:36:00,1,0:31:00,"0,02",,,,,,,,,,
2024,5,17/05/2024 15:00:00,25/05/2024 06:08:00,1,183:08:00,"7,63",,,,,,,,,,
2024,5,18/05/2024 01:30:00,19/05/2024 09:04:00,1,31:34:00,"1,32",,,,,,,,,,
2024,5,18/05/2024 06:25:00,23/05/2024 16:00:00,1,129:35:00,"5,40",,,,,,,,,,
2024,5,18/05/2024 06:54:00,19/05/2024 01:00:00,1,18:06:00,"0,75",,,,,,,,,,
2024,5,18/05/2024 08:00:00,24/05/2024 12:05:00,1,148:05:00,"6,17",,,,,,,,,,
2024,5,18/05/2024 14:00:00,22/05/2024 18:35:00,1,100:35:00,"4,19",,,,,,,,,,
2024,5,18/05/2024 14:40:00,18/05/2024 15:45:00,1,1:05:00,"0,05",,,,,,,,,,
2024,5,19/05/2024 01:12:00,23/05/2024 13:45:00,1,108:33:00,"4,52",,,,,,,,,,
2024,5,19/05/2024 05:18:00,24/05/2024 17:40:00,1,132:22:00,"5,52",,,,,,,,,,
2024,5,19/05/2024 18:18:00,20/05/2024 20:00:00,1,25:42:00,"1,07",,,,,,,,,,
2024,5,20/05/2024 01:46:00,20/05/2024 20:30:00,1,18:44:00,"0,78",,,,,,,,,,
2024,5,20/05/2024 03:15:00,21/05/2024 00:20:00,1,21:05:00,"0,88",,,,,,,,,,
2024,5,20/05/2024 03:36:00,21/05/2024 00:10:00,1,20:34:00,"0,86",,,,,,,,,,
2024,5,20/05/2024 05:54:00,30/05/2024 16:40:00,1,250:46:00,"10,45",,,,,,,,,,
2024,5,20/05/2024 07:00:00,21/05/2024 03:20:00,1,20:20:00,"0,85",,,,,,,,,,
2024,5,20/05/2024 11:30:00,20/05/2024 19:35:00,1,8:05:00,"0,34",,,,,,,,,,
2024,5,21/05/2024 01:00:00,22/05/2024 02:15:00,1,25:15:00,"1,05",,,,,,,,,,
2024,5,21/05/2024 02:59:00,21/05/2024 04:10:00,1,1:11:00,"0,05",,,,,,,,,,
2024,5,21/05/2024 08:45:00,22/05/2024 07:55:00,1,23:10:00,"0,97",,,,,,,,,,
2024,5,21/05/2024 10:18:00,24/05/2024 17:25:00,1,79:07:00,"3,30",,,,,,,,,,
2024,5,22/05/2024 04:20:00,22/05/2024 05:00:00,1,0:40:00,"0,03",,,,,,,,,,
2024,5,22/05/2024 11:00:00,22/05/2024 12:20:00,1,1:20:00,"0,06",,,,,,,,,,
2024,5,22/05/2024 18:15:00,22/05/2024 19:40:00,1,1:25:00,"0,06",,,,,,,,,,
2024,5,22/05/2024 20:45:00,29/05/2024 14:45:00,1,162:00:00,"6,75",,,,,,,,,,
2024,5,22/05/2024 21:44:00,22/05/2024 22:30:00,1,0:46:00,"0,03",,,,,,,,,,
2024,5,22/05/2024 22:30:00,27/05/2024 00:45:00,1,98:15:00,"4,09",,,,,,,,,,
2024,5,23/05/2024 03:30:00,27/05/2024 04:26:00,1,96:56:00,"4,04",,,,,,,,,,
2024,5,23/05/2024 14:00:00,24/05/2024 08:45:00,1,18:45:00,"0,78",,,,,,,,,,
2024,5,23/05/2024 18:30:00,26/05/2024 21:10:00,1,74:40:00,"3,11",,,,,,,,,,
2024,5,24/05/2024 00:24:00,25/05/2024 03:00:00,1,26:36:00,"1,11",,,,,,,,,,
2024,5,24/05/2024 06:30:00,25/05/2024 10:50:00,1,28:20:00,"1,18",,,,,,,,,,
2024,5,24/05/2024 07:45:00,24/05/2024 08:40:00,1,0:55:00,"0,04",,,,,,,,,,
2024,5,25/05/2024 08:30:00,25/05/2024 22:25:00,1,13:55:00,"0,58",,,,,,,,,,
2024,5,25/05/2024 12:30:00,25/05/2024 14:25:00,1,1:55:00,"0,08",,,,,,,,,,
2024,5,25/05/2024 13:30:00,25/05/2024 14:59:00,1,1:29:00,"0,06",,,,,,,,,,
2024,5,27/05/2024 05:24:00,29/05/2024 09:05:00,1,51:41:00,"2,15",,,,,,,,,,
2024,5,27/05/2024 09:00:00,27/05/2024 10:30:00,1,1:30:00,"0,06",,,,,,,,,,
2024,5,27/05/2024 12:00:00,27/05/2024 17:37:00,1,5:37:00,"0,23",,,,,,,,,,
2024,5,27/05/2024 13:00:00,28/05/2024 22:55:00,1,33:55:00,"1,41",,,,,,,,,,
2024,5,28/05/2024 11:00:00,28/05/2024 13:31:00,1,2:31:00,"0,10",,,,,,,,,,
2024,5,29/05/2024 14:00:00,29/05/2024 14:40:00,1,0:40:00,"0,03",,,,,,,,,,
2024,6,28/04/2024 19:00:00,31/05/2024 14:50:00,1,787:50:00,"32,83",,,,,,,,,,
2024,6,30/04/2024 11:30:00,02/06/2024 13:25:00,1,793:55:00,"33,08",,,,,,,,,,
2024,6,05/05/2024 17:00:00,01/06/2024 02:00:00,1,633:00:00,"26,38",,,,,,,,,,
2024,6,11/05/2024 16:30:00,13/06/2024 14:10:00,1,789:40:00,"32,90",,,,,,,,,,
2024,6,12/05/2024 22:24:00,09/06/2024 23:55:00,1,673:31:00,"28,06",,,,,,,,,,
2024,6,16/05/2024 01:00:00,08/06/2024 07:40:00,1,558:40:00,"23,28",,,,,,,,,,
2024,6,16/05/2024 15:30:00,10/06/2024 10:55:00,1,595:25:00,"24,81",,,,,,,,,,
2024,6,17/05/2024 11:54:00,01/06/2024 07:10:00,1,355:16:00,"14,80",,,,,,,,,,
2024,6,18/05/2024 06:42:00,06/06/2024 06:05:00,1,455:23:00,"18,97",,,,,,,,,,
2024,6,21/05/2024 12:30:00,30/05/2024 12:50:00,1,216:20:00,"9,01",,,,,,,,,,
2024,6,22/05/2024 02:30:00,27/05/2024 08:10:00,1,125:40:00,"5,24",,,,,,,,,,
2024,6,22/05/2024 13:00:00,31/05/2024 19:30:00,1,222:30:00,"9,27",,,,,,,,,,
2024,6,22/05/2024 14:24:00,15/06/2024 00:55:00,1,562:31:00,"23,44",,,,,,,,,,
2024,6,22/05/2024 23:30:00,29/05/2024 03:30:00,1,148:00:00,"6,17",,,,,,,,,,
2024,6,23/05/2024 04:42:00,01/06/2024 06:25:00,1,217:43:00,"9,07",,,,,,,,,,
2024,6,23/05/2024 05:18:00,26/05/2024 15:45:00,1,82:27:00,"3,44",,,,,,,,,,
2024,6,23/05/2024 07:42:00,30/05/2024 21:19:00,1,181:37:00,"7,57",,,,,,,,,,
2024,6,23/05/2024 11:30:00,31/05/2024 15:17:00,1,195:47:00,"8,16",,,,,,,,,,
2024,6,23/05/2024 11:35:00,29/05/2024 13:30:00,1,145:55:00,"6,08",,,,,,,,,,
2024,6,23/05/2024 13:12:00,10/06/2024 14:55:00,1,433:43:00,"18,07",,,,,,,,,,
2024,6,23/05/2024 15:20:00,28/05/2024 18:00:00,1,122:40:00,"5,11",,,,,,,,,,
2024,6,23/05/2024 18:45:00,27/05/2024 21:20:00,1,98:35:00,"4,11",,,,,,,,,,
2024,6,23/05/2024 23:48:00,13/06/2024 15:44:00,1,495:56:00,"20,66",,,,,,,,,,
2024,6,24/05/2024 04:00:00,24/05/2024 08:05:00,1,4:05:00,"0,17",,,,,,,,,,
2024,6,24/05/2024 13:00:00,21/06/2024 20:00:00,1,679:00:00,"28,29",,,,,,,,,,
2024,6,24/05/2024 20:42:00,04/06/2024 20:45:00,1,264:03:00,"11,00",,,,,,,,,,
2024,6,25/05/2024 06:00:00,08/06/2024 08:30:00,1,338:30:00,"14,10",,,,,,,,,,
2024,6,25/05/2024 20:06:00,31/05/2024 19:50:00,1,143:44:00,"5,99",,,,,,,,,,
2024,6,25/05/2024 20:48:00,09/06/2024 05:35:00,1,344:47:00,"14,37",,,,,,,,,,
2024,6,26/05/2024 20:00:00,03/06/2024 14:40:00,1,186:40:00,"7,78",,,,,,,,,,
2024,6,27/05/2024 02:30:00,12/06/2024 13:40:00,1,395:10:00,"16,47",,,,,,,,,,
2024,6,28/05/2024 07:00:00,30/05/2024 21:50:00,1,62:50:00,"2,62",,,,,,,,,,
2024,6,28/05/2024 07:30:00,03/06/2024 03:50:00,1,140:20:00,"5,85",,,,,,,,,,
2024,6,28/05/2024 09:30:00,01/06/2024 19:17:00,1,105:47:00,"4,41",,,,,,,,,,
2024,6,28/05/2024 10:30:00,08/06/2024 01:35:00,1,255:05:00,"10,63",,,,,,,,,,
2024,6,28/05/2024 14:45:00,11/06/2024 05:30:00,1,326:45:00,"13,61",,,,,,,,,,
2024,6,28/05/2024 16:45:00,28/05/2024 23:25:00,1,6:40:00,"0,28",,,,,,,,,,
2024,6,28/05/2024 21:30:00,30/05/2024 21:15:00,1,47:45:00,"1,99",,,,,,,,,,
2024,6,29/05/2024 04:30:00,29/05/2024 09:39:00,1,5:09:00,"0,21",,,,,,,,,,
2024,6,29/05/2024 06:18:00,01/06/2024 21:40:00,1,87:22:00,"3,64",,,,,,,,,,
2024,6,29/05/2024 11:00:00,02/06/2024 01:15:00,1,86:15:00,"3,59",,,,,,,,,,
2024,6,30/05/2024 03:00:00,06/06/2024 22:45:00,1,187:45:00,"7,82",,,,,,,,,,
2024,6,30/05/2024 10:00:00,10/06/2024 20:33:00,1,274:33:00,"11,44",,,,,,,,,,
2024,6,30/05/2024 13:30:00,02/06/2024 22:35:00,1,81:05:00,"3,38",,,,,,,,,,
2024,6,31/05/2024 13:47:00,31/05/2024 14:16:00,1,0:29:00,"0,02",,,,,,,,,,
2024,6,31/05/2024 21:30:00,17/06/2024 03:50:00,1,390:20:00,"16,26",,,,,,,,,,
2024,6,01/06/2024 01:18:00,07/06/2024 09:30:00,1,152:12:00,"6,34",,,,,,,,,,
2024,6,01/06/2024 11:00:00,01/06/2024 12:20:00,1,1:20:00,"0,06",,,,,,,,,,
2024,6,01/06/2024 11:30:00,14/06/2024 03:10:00,1,303:40:00,"12,65",,,,,,,,,,
2024,6,01/06/2024 12:51:00,18/06/2024 06:35:00,1,401:44:00,"16,74",,,,,,,,,,
2024,6,01/06/2024 14:00:00,18/06/2024 15:15:00,1,409:15:00,"17,05",,,,,,,,,,
2024,6,01/06/2024 17:00:00,04/06/2024 06:00:00,1,61:00:00,"2,54",,,,,,,,,,
2024,6,01/06/2024 17:30:00,02/06/2024 11:30:00,1,18:00:00,"0,75",,,,,,,,,,
2024,6,01/06/2024 18:24:00,02/06/2024 20:55:00,1,26:31:00,"1,10",,,,,,,,,,
2024,6,01/06/2024 23:00:00,01/06/2024 23:25:00,1,0:25:00,"0,02",,,,,,,,,,
2024,6,02/06/2024 00:50:00,07/06/2024 20:00:00,1,139:10:00,"5,80",,,,,,,,,,
2024,6,02/06/2024 08:36:00,07/06/2024 19:10:00,1,130:34:00,"5,44",,,,,,,,,,
2024,6,02/06/2024 11:54:00,05/06/2024 19:30:00,1,79:36:00,"3,32",,,,,,,,,,
2024,6,02/06/2024 12:00:00,03/06/2024 04:35:00,1,16:35:00,"0,69",,,,,,,,,,
2024,6,02/06/2024 15:00:00,07/06/2024 19:05:00,1,124:05:00,"5,17",,,,,,,,,,
2024,6,02/06/2024 16:00:00,10/06/2024 06:00:00,1,182:00:00,"7,58",,,,,,,,,,
2024,6,02/06/2024 20:36:00,07/06/2024 18:05:00,1,117:29:00,"4,90",,,,,,,,,,
2024,6,02/06/2024 22:00:00,02/06/2024 22:26:00,1,0:26:00,"0,02",,,,,,,,,,
2024,6,03/06/2024 06:00:00,03/06/2024 09:10:00,1,3:10:00,"0,13",,,,,,,,,,
2024,6,03/06/2024 06:20:00,07/06/2024 09:03:00,1,98:43:00,"4,11",,,,,,,,,,
2024,6,03/06/2024 06:40:00,19/06/2024 20:10:00,1,397:30:00,"16,56",,,,,,,,,,
2024,6,03/06/2024 07:00:00,23/06/2024 01:00:00,1,474:00:00,"19,75",,,,,,,,,,
2024,6,03/06/2024 07:30:00,03/06/2024 08:44:00,1,1:14:00,"0,05",,,,,,,,,,
2024,6,03/06/2024 08:00:00,03/06/2024 09:04:00,1,1:04:00,"0,04",,,,,,,,,,
2024,6,03/06/2024 09:00:00,06/06/2024 05:15:00,1,68:15:00,"2,84",,,,,,,,,,
2024,6,03/06/2024 12:00:00,05/06/2024 19:10:00,1,55:10:00,"2,30",,,,,,,,,,
2024,6,03/06/2024 20:24:00,03/06/2024 20:42:00,1,0:18:00,"0,01",,,,,,,,,,
2024,6,04/06/2024 08:15:00,04/06/2024 09:53:00,1,1:38:00,"0,07",,,,,,,,,,
2024,6,04/06/2024 10:10:00,11/06/2024 08:00:00,1,165:50:00,"6,91",,,,,,,,,,
2024,6,04/06/2024 10:30:00,21/06/2024 19:30:00,1,417:00:00,"17,38",,,,,,,,,,
2024,6,04/06/2024 11:00:00,04/06/2024 12:15:00,1,1:15:00,"0,05",,,,,,,,,,
2024,6,04/06/2024 14:00:00,11/06/2024 22:42:00,1,176:42:00,"7,36",,,,,,,,,,
2024,6,04/06/2024 15:12:00,10/06/2024 13:05:00,1,141:53:00,"5,91",,,,,,,,,,
2024,6,04/06/2024 18:00:00,06/06/2024 19:25:00,1,49:25:00,"2,06",,,,,,,,,,
2024,6,04/06/2024 18:18:00,07/06/2024 18:15:00,1,71:57:00,"3,00",,,,,,,,,,
2024,6,04/06/2024 23:06:00,10/06/2024 06:24:00,1,127:18:00,"5,30",,,,,,,,,,
2024,6,05/06/2024 06:00:00,05/06/2024 06:55:00,1,0:55:00,"0,04",,,,,,,,,,
2024,6,05/06/2024 08:00:00,05/06/2024 22:45:00,1,14:45:00,"0,61",,,,,,,,,,
2024,6,05/06/2024 23:00:00,06/06/2024 00:10:00,1,1:10:00,"0,05",,,,,,,,,,
2024,6,06/06/2024 03:30:00,06/06/2024 04:50:00,1,1:20:00,"0,06",,,,,,,,,,
2024,6,06/06/2024 03:30:00,06/06/2024 06:10:00,1,2:40:00,"0,11",,,,,,,,,,
2024,6,06/06/2024 05:30:00,07/06/2024 09:10:00,1,27:40:00,"1,15",,,,,,,,,,
2024,6,06/06/2024 07:00:00,06/06/2024 09:20:00,1,2:20:00,"0,10",,,,,,,,,,
2024,6,06/06/2024 08:00:00,08/06/2024 22:15:00,1,62:15:00,"2,59",,,,,,,,,,
2024,6,06/06/2024 23:30:00,15/06/2024 09:00:00,1,201:30:00,"8,40",,,,,,,,,,
2024,6,07/06/2024 08:00:00,13/06/2024 21:40:00,1,157:40:00,"6,57",,,,,,,,,,
2024,6,07/06/2024 09:00:00,22/06/2024 23:25:00,1,374:25:00,"15,60",,,,,,,,,,
2024,6,07/06/2024 09:48:00,09/06/2024 09:45:00,1,47:57:00,"2,00",,,,,,,,,,
2024,6,07/06/2024 10:25:00,12/06/2024 03:10:00,1,112:45:00,"4,70",,,,,,,,,,
2024,6,07/06/2024 11:38:00,07/06/2024 12:15:00,1,0:37:00,"0,03",,,,,,,,,,
2024,6,07/06/2024 12:30:00,07/06/2024 18:48:00,1,6:18:00,"0,26",,,,,,,,,,
2024,6,07/06/2024 12:42:00,18/06/2024 03:10:00,1,254:28:00,"10,60",,,,,,,,,,
2024,6,07/06/2024 15:20:00,12/06/2024 08:15:00,1,112:55:00,"4,70",,,,,,,,,,
2024,6,07/06/2024 21:45:00,10/06/2024 11:10:00,1,61:25:00,"2,56",,,,,,,,,,
2024,6,08/06/2024 02:30:00,08/06/2024 08:25:00,1,5:55:00,"0,25",,,,,,,,,,
2024,6,08/06/2024 02:30:00,23/06/2024 18:00:00,1,375:30:00,"15,65",,,,,,,,,,
2024,6,08/06/2024 03:00:00,08/06/2024 07:45:00,1,4:45:00,"0,20",,,,,,,,,,
2024,6,08/06/2024 03:21:00,08/06/2024 04:10:00,1,0:49:00,"0,03",,,,,,,,,,
2024,6,08/06/2024 05:00:00,11/06/2024 22:10:00,1,89:10:00,"3,72",,,,,,,,,,
2024,6,08/06/2024 12:30:00,15/06/2024 08:20:00,1,163:50:00,"6,83",,,,,,,,,,
2024,6,08/06/2024 12:30:00,19/06/2024 11:45:00,1,263:15:00,"10,97",,,,,,,,,,
2024,6,08/06/2024 16:15:00,13/06/2024 07:40:00,1,111:25:00,"4,64",,,,,,,,,,
2024,6,09/06/2024 01:12:00,11/06/2024 14:10:00,1,60:58:00,"2,54",,,,,,,,,,
2024,6,09/06/2024 02:54:00,14/06/2024 20:20:00,1,137:26:00,"5,73",,,,,,,,,,
2024,6,09/06/2024 11:12:00,14/06/2024 03:13:00,1,112:01:00,"4,67",,,,,,,,,,
2024,6,09/06/2024 14:12:00,15/06/2024 03:00:00,1,132:48:00,"5,53",,,,,,,,,,
2024,6,09/06/2024 14:45:00,16/06/2024 03:10:00,1,156:25:00,"6,52",,,,,,,,,,
2024,6,09/06/2024 17:19:00,09/06/2024 18:52:00,1,1:33:00,"0,06",,,,,,,,,,
2024,6,09/06/2024 18:12:00,09/06/2024 18:30:00,1,0:18:00,"0,01",,,,,,,,,,
2024,6,09/06/2024 18:20:00,24/06/2024 19:55:00,1,361:35:00,"15,07",,,,,,,,,,
2024,6,09/06/2024 22:55:00,22/06/2024 17:20:00,1,306:25:00,"12,77",,,,,,,,,,
2024,6,10/06/2024 00:30:00,16/06/2024 05:13:00,1,148:43:00,"6,20",,,,,,,,,,
2024,6,10/06/2024 07:00:00,10/06/2024 09:07:00,1,2:07:00,"0,09",,,,,,,,,,
2024,6,10/06/2024 10:36:00,13/06/2024 21:40:00,1,83:04:00,"3,46",,,,,,,,,,
2024,6,10/06/2024 11:15:00,10/06/2024 11:40:00,1,0:25:00,"0,02",,,,,,,,,,
2024,6,10/06/2024 20:36:00,14/06/2024 16:50:00,1,92:14:00,"3,84",,,,,,,,,,
2024,6,10/06/2024 21:18:00,12/06/2024 02:10:00,1,28:52:00,"1,20",,,,,,,,,,
2024,6,10/06/2024 22:36:00,14/06/2024 21:35:00,1,94:59:00,"3,96",,,,,,,,,,
2024,6,10/06/2024 23:15:00,11/06/2024 00:30:00,1,1:15:00,"0,05",,,,,,,,,,
2024,6,11/06/2024 00:05:00,11/06/2024 00:50:00,1,0:45:00,"0,03",,,,,,,,,,
2024,6,11/06/2024 16:24:00,15/06/2024 13:25:00,1,93:01:00,"3,88",,,,,,,,,,
2024,6,11/06/2024 19:55:00,11/06/2024 20:30:00,1,0:35:00,"0,02",,,,,,,,,,
2024,6,11/06/2024 21:30:00,11/06/2024 22:35:00,1,1:05:00,"0,05",,,,,,,,,,
2024,6,11/06/2024 22:00:00,11/06/2024 22:46:00,1,0:46:00,"0,03",,,,,,,,,,
2024,6,11/06/2024 23:59:00,13/06/2024 14:35:00,1,38:36:00,"1,61",,,,,,,,,,
2024,6,12/06/2024 04:06:00,15/06/2024 14:40:00,1,82:34:00,"3,44",,,,,,,,,,
2024,6,12/06/2024 08:00:00,14/06/2024 13:10:00,1,53:10:00,"2,22",,,,,,,,,,
2024,6,12/06/2024 11:06:00,27/06/2024 23:15:00,1,372:09:00,"15,51",,,,,,,,,,
2024,6,12/06/2024 13:48:00,17/06/2024 18:00:00,1,124:12:00,"5,18",,,,,,,,,,
2024,6,12/06/2024 22:18:00,20/06/2024 19:55:00,1,189:37:00,"7,90",,,,,,,,,,
2024,6,12/06/2024 22:30:00,18/06/2024 06:35:00,1,128:05:00,"5,34",,,,,,,,,,
2024,6,13/06/2024 00:06:00,16/06/2024 09:12:00,1,81:06:00,"3,38",,,,,,,,,,
2024,6,13/06/2024 01:00:00,13/06/2024 14:10:00,1,13:10:00,"0,55",,,,,,,,,,
2024,6,13/06/2024 10:35:00,16/06/2024 03:25:00,1,64:50:00,"2,70",,,,,,,,,,
2024,6,13/06/2024 13:37:00,13/06/2024 13:55:00,1,0:18:00,"0,01",,,,,,,,,,
2024,6,14/06/2024 00:30:00,21/06/2024 08:25:00,1,175:55:00,"7,33",,,,,,,,,,
2024,6,14/06/2024 03:06:00,16/06/2024 04:10:00,1,49:04:00,"2,04",,,,,,,,,,
2024,6,14/06/2024 13:00:00,18/06/2024 18:29:00,1,101:29:00,"4,23",,,,,,,,,,
2024,6,14/06/2024 15:00:00,17/06/2024 04:00:00,1,61:00:00,"2,54",,,,,,,,,,
2024,6,14/06/2024 23:00:00,22/06/2024 22:55:00,1,191:55:00,"8,00",,,,,,,,,,
2024,6,15/06/2024 01:45:00,15/06/2024 03:05:00,1,1:20:00,"0,06",,,,,,,,,,
2024,6,15/06/2024 07:30:00,20/06/2024 15:45:00,1,128:15:00,"5,34",,,,,,,,,,
2024,6,15/06/2024 10:55:00,18/06/2024 15:05:00,1,76:10:00,"3,17",,,,,,,,,,
2024,6,15/06/2024 13:12:00,22/06/2024 23:55:00,1,178:43:00,"7,45",,,,,,,,,,
2024,6,15/06/2024 14:40:00,15/06/2024 17:05:00,1,2:25:00,"0,10",,,,,,,,,,
2024,6,16/06/2024 00:30:00,17/06/2024 09:10:00,1,32:40:00,"1,36",,,,,,,,,,
2024,6,16/06/2024 06:00:00,16/06/2024 08:30:00,1,2:30:00,"0,10",,,,,,,,,,
2024,6,16/06/2024 18:45:00,21/06/2024 23:45:00,1,125:00:00,"5,21",,,,,,,,,,
2024,6,16/06/2024 19:30:00,16/06/2024 20:50:00,1,1:20:00,"0,06",,,,,,,,,,
2024,6,17/06/2024 11:00:00,18/06/2024 23:00:00,1,36:00:00,"1,50",,,,,,,,,,
2024,6,17/06/2024 12:00:00,25/06/2024 22:10:00,1,202:10:00,"8,42",,,,,,,,,,
2024,6,18/06/2024 00:12:00,23/06/2024 21:20:00,1,141:08:00,"5,88",,,,,,,,,,
2024,6,18/06/2024 06:30:00,19/06/2024 05:08:00,1,22:38:00,"0,94",,,,,,,,,,
2024,6,18/06/2024 18:00:00,24/06/2024 11:00:00,1,137:00:00,"5,71",,,,,,,,,,
2024,6,19/06/2024 00:42:00,26/06/2024 19:40:00,1,186:58:00,"7,79",,,,,,,,,,
2024,6,19/06/2024 11:18:00,28/06/2024 23:10:00,1,227:52:00,"9,49",,,,,,,,,,
2024,6,19/06/2024 17:15:00,19/06/2024 18:30:00,1,1:15:00,"0,05",,,,,,,,,,
2024,6,19/06/2024 23:12:00,20/06/2024 00:20:00,1,1:08:00,"0,05",,,,,,,,,,
2024,6,20/06/2024 02:00:00,20/06/2024 02:50:00,1,0:50:00,"0,03",,,,,,,,,,
2024,6,20/06/2024 06:18:00,20/06/2024 07:45:00,1,1:27:00,"0,06",,,,,,,,,,
2024,6,20/06/2024 07:40:00,20/06/2024 08:15:00,1,0:35:00,"0,02",,,,,,,,,,
2024,6,20/06/2024 07:43:00,20/06/2024 09:46:00,1,2:03:00,"0,09",,,,,,,,,,
2024,6,20/06/2024 09:30:00,22/06/2024 13:55:00,1,52:25:00,"2,18",,,,,,,,,,
2024,6,21/06/2024 13:40:00,25/06/2024 01:17:00,1,83:37:00,"3,48",,,,,,,,,,
2024,6,22/06/2024 05:00:00,22/06/2024 11:40:00,1,6:40:00,"0,28",,,,,,,,,,
2024,6,22/06/2024 06:30:00,25/06/2024 00:55:00,1,66:25:00,"2,77",,,,,,,,,,
2024,6,22/06/2024 16:00:00,22/06/2024 17:25:00,1,1:25:00,"0,06",,,,,,,,,,
2024,6,23/06/2024 14:00:00,26/06/2024 09:45:00,1,67:45:00,"2,82",,,,,,,,,,
2024,6,23/06/2024 21:00:00,25/06/2024 11:30:00,1,38:30:00,"1,60",,,,,,,,,,
2024,6,23/06/2024 23:06:00,24/06/2024 11:50:00,1,12:44:00,"0,53",,,,,,,,,,
2024,6,24/06/2024 00:25:00,24/06/2024 01:56:00,1,1:31:00,"0,06",,,,,,,,,,
2024,6,24/06/2024 04:30:00,24/06/2024 07:25:00,1,2:55:00,"0,12",,,,,,,,,,
2024,6,24/06/2024 11:18:00,27/06/2024 12:00:00,1,72:42:00,"3,03",,,,,,,,,,
2024,6,24/06/2024 14:00:00,24/06/2024 16:48:00,1,2:48:00,"0,12",,,,,,,,,,
2024,6,24/06/2024 22:45:00,25/06/2024 00:01:00,1,1:16:00,"0,05",,,,,,,,,,
2024,6,25/06/2024 20:00:00,25/06/2024 21:05:00,1,1:05:00,"0,05",,,,,,,,,,
2024,6,26/06/2024 07:00:00,26/06/2024 10:15:00,1,3:15:00,"0,14",,,,,,,,,,
2024,6,26/06/2024 14:00:00,26/06/2024 14:45:00,1,0:45:00,"0,03",,,,,,,,,,
2024,6,26/06/2024 17:00:00,26/06/2024 19:05:00,1,2:05:00,"0,09",,,,,,,,,,
2024,6,27/06/2024 10:30:00,27/06/2024 11:48:00,1,1:18:00,"0,05",,,,,,,,,,
2024,6,27/06/2024 13:15:00,27/06/2024 13:50:00,1,0:35:00,"0,02",,,,,,,,,,
2024,7,30/05/2024 05:00:00,03/07/2024 02:45:00,1,813:45:00,"33,91",,,,,,,,,,
2024,7,09/06/2024 23:45:00,29/06/2024 01:05:00,1,457:20:00,"19,06",,,,,,,,,,
2024,7,11/06/2024 15:20:00,04/07/2024 15:55:00,1,552:35:00,"23,02",,,,,,,,,,
2024,7,14/06/2024 06:30:00,01/07/2024 15:40:00,1,417:10:00,"17,38",,,,,,,,,,
2024,7,16/06/2024 21:18:00,29/06/2024 05:20:00,1,296:02:00,"12,33",,,,,,,,,,
2024,7,18/06/2024 21:00:00,29/06/2024 15:35:00,1,258:35:00,"10,77",,,,,,,,,,
2024,7,19/06/2024 13:00:00,29/06/2024 14:50:00,1,241:50:00,"10,08",,,,,,,,,,
2024,7,19/06/2024 16:42:00,28/06/2024 10:10:00,1,209:28:00,"8,73",,,,,,,,,,
2024,7,22/06/2024 15:00:00,26/06/2024 18:55:00,1,99:55:00,"4,16",,,,,,,,,,
2024,7,22/06/2024 19:20:00,29/06/2024 15:26:00,1,164:06:00,"6,84",,,,,,,,,,
2024,7,23/06/2024 08:00:00,24/06/2024 10:55:00,1,26:55:00,"1,12",,,,,,,,,,
2024,7,23/06/2024 08:30:00,30/06/2024 22:55:00,1,182:25:00,"7,60",,,,,,,,,,
2024,7,23/06/2024 11:30:00,05/07/2024 00:35:00,1,277:05:00,"11,55",,,,,,,,,,
2024,7,23/06/2024 14:18:00,23/07/2024 12:55:00,1,718:37:00,"29,94",,,,,,,,,,
2024,7,23/06/2024 17:18:00,24/06/2024 11:27:00,1,18:09:00,"0,76",,,,,,,,,,
2024,7,24/06/2024 05:30:00,26/06/2024 15:50:00,1,58:20:00,"2,43",,,,,,,,,,
2024,7,24/06/2024 11:00:00,24/06/2024 17:10:00,1,6:10:00,"0,26",,,,,,,,,,
2024,7,24/06/2024 15:00:00,28/06/2024 14:55:00,1,95:55:00,"4,00",,,,,,,,,,
2024,7,24/06/2024 16:25:00,06/07/2024 22:30:00,1,294:05:00,"12,25",,,,,,,,,,
2024,7,25/06/2024 08:00:00,12/07/2024 21:33:00,1,421:33:00,"17,56",,,,,,,,,,
2024,7,25/06/2024 11:18:00,30/06/2024 05:35:00,1,114:17:00,"4,76",,,,,,,,,,
2024,7,25/06/2024 18:30:00,12/07/2024 07:55:00,1,397:25:00,"16,56",,,,,,,,,,
2024,7,26/06/2024 05:30:00,02/07/2024 19:40:00,1,158:10:00,"6,59",,,,,,,,,,
2024,7,26/06/2024 12:00:00,26/06/2024 13:30:00,1,1:30:00,"0,06",,,,,,,,,,
2024,7,26/06/2024 15:36:00,01/07/2024 11:40:00,1,116:04:00,"4,84",,,,,,,,,,
2024,7,26/06/2024 17:00:00,03/07/2024 13:15:00,1,164:15:00,"6,84",,,,,,,,,,
2024,7,27/06/2024 02:20:00,27/06/2024 02:55:00,1,0:35:00,"0,02",,,,,,,,,,
2024,7,27/06/2024 09:00:00,02/07/2024 21:40:00,1,132:40:00,"5,53",,,,,,,,,,
2024,7,27/06/2024 09:30:00,02/07/2024 18:40:00,1,129:10:00,"5,38",,,,,,,,,,
2024,7,27/06/2024 13:30:00,02/07/2024 05:35:00,1,112:05:00,"4,67",,,,,,,,,,
2024,7,27/06/2024 17:24:00,14/07/2024 21:20:00,1,411:56:00,"17,16",,,,,,,,,,
2024,7,27/06/2024 22:30:00,02/07/2024 20:45:00,1,118:15:00,"4,93",,,,,,,,,,
2024,7,28/06/2024 02:55:00,28/06/2024 04:10:00,1,1:15:00,"0,05",,,,,,,,,,
2024,7,28/06/2024 06:12:00,29/06/2024 00:25:00,1,18:13:00,"0,76",,,,,,,,,,
2024,7,28/06/2024 09:00:00,17/07/2024 12:15:00,1,459:15:00,"19,14",,,,,,,,,,
2024,7,28/06/2024 11:30:00,08/07/2024 09:55:00,1,238:25:00,"9,93",,,,,,,,,,
2024,7,28/06/2024 13:18:00,01/07/2024 06:10:00,1,64:52:00,"2,70",,,,,,,,,,
2024,7,28/06/2024 14:00:00,01/07/2024 05:05:00,1,63:05:00,"2,63",,,,,,,,,,
2024,7,28/06/2024 18:30:00,01/07/2024 10:45:00,1,64:15:00,"2,68",,,,,,,,,,
2024,7,29/06/2024 02:42:00,25/07/2024 07:20:00,1,628:38:00,"26,19",,,,,,,,,,
2024,7,29/06/2024 07:30:00,29/06/2024 14:29:00,1,6:59:00,"0,29",,,,,,,,,,
2024,7,29/06/2024 09:42:00,14/07/2024 04:00:00,1,354:18:00,"14,76",,,,,,,,,,
2024,7,29/06/2024 11:00:00,03/07/2024 06:30:00,1,91:30:00,"3,81",,,,,,,,,,
2024,7,29/06/2024 22:48:00,05/07/2024 22:40:00,1,143:52:00,"5,99",,,,,,,,,,
2024,7,30/06/2024 01:03:00,30/06/2024 01:50:00,1,0:47:00,"0,03",,,,,,,,,,
2024,7,30/06/2024 03:20:00,20/07/2024 03:30:00,1,480:10:00,"20,01",,,,,,,,,,
2024,7,30/06/2024 03:30:00,01/07/2024 08:20:00,1,28:50:00,"1,20",,,,,,,,,,
2024,7,30/06/2024 03:57:00,30/06/2024 05:00:00,1,1:03:00,"0,04",,,,,,,,,,
2024,7,30/06/2024 14:00:00,06/07/2024 19:00:00,1,149:00:00,"6,21",,,,,,,,,,
2024,7,30/06/2024 15:12:00,05/07/2024 16:40:00,1,121:28:00,"5,06",,,,,,,,,,
2024,7,30/06/2024 18:18:00,03/07/2024 16:55:00,1,70:37:00,"2,94",,,,,,,,,,
2024,7,30/06/2024 22:10:00,02/07/2024 05:00:00,1,30:50:00,"1,28",,,,,,,,,,
2024,7,01/07/2024 00:12:00,24/07/2024 12:00:00,1,563:48:00,"23,49",,,,,,,,,,
2024,7,01/07/2024 03:37:00,01/07/2024 05:20:00,1,1:43:00,"0,07",,,,,,,,,,
2024,7,01/07/2024 03:45:00,17/07/2024 18:00:00,1,398:15:00,"16,59",,,,,,,,,,
2024,7,01/07/2024 06:45:00,11/07/2024 11:45:00,1,245:00:00,"10,21",,,,,,,,,,
2024,7,01/07/2024 07:48:00,16/07/2024 07:20:00,1,359:32:00,"14,98",,,,,,,,,,
2024,7,01/07/2024 08:00:00,01/07/2024 09:50:00,1,1:50:00,"0,08",,,,,,,,,,
2024,7,01/07/2024 08:50:00,01/07/2024 09:40:00,1,0:50:00,"0,03",,,,,,,,,,
2024,7,01/07/2024 12:00:00,11/07/2024 22:10:00,1,250:10:00,"10,42",,,,,,,,,,
2024,7,01/07/2024 13:00:00,06/07/2024 02:40:00,1,109:40:00,"4,57",,,,,,,,,,
2024,7,01/07/2024 21:00:00,01/07/2024 21:55:00,1,0:55:00,"0,04",,,,,,,,,,
2024,7,02/07/2024 01:30:00,20/07/2024 02:55:00,1,433:25:00,"18,06",,,,,,,,,,
2024,7,02/07/2024 02:55:00,02/07/2024 03:31:00,1,0:36:00,"0,02",,,,,,,,,,
2024,7,02/07/2024 04:30:00,23/07/2024 09:25:00,1,508:55:00,"21,20",,,,,,,,,,
2024,7,02/07/2024 17:00:00,04/07/2024 06:50:00,1,37:50:00,"1,58",,,,,,,,,,
2024,7,02/07/2024 19:48:00,18/07/2024 20:00:00,1,384:12:00,"16,01",,,,,,,,,,
2024,7,02/07/2024 21:48:00,03/07/2024 13:05:00,1,15:17:00,"0,64",,,,,,,,,,
2024,7,03/07/2024 00:45:00,03/07/2024 02:05:00,1,1:20:00,"0,06",,,,,,,,,,
2024,7,03/07/2024 04:00:00,11/07/2024 14:05:00,1,202:05:00,"8,42",,,,,,,,,,
2024,7,03/07/2024 19:18:00,07/07/2024 15:30:00,1,92:12:00,"3,84",,,,,,,,,,
2024,7,03/07/2024 19:36:00,07/07/2024 23:20:00,1,99:44:00,"4,16",,,,,,,,,,
2024,7,03/07/2024 22:00:00,08/07/2024 18:42:00,1,116:42:00,"4,86",,,,,,,,,,
2024,7,03/07/2024 22:40:00,04/07/2024 00:05:00,1,1:25:00,"0,06",,,,,,,,,,
2024,7,04/07/2024 06:00:00,04/07/2024 07:00:00,1,1:00:00,"0,04",,,,,,,,,,
2024,7,04/07/2024 06:00:00,04/07/2024 07:20:00,1,1:20:00,"0,06",,,,,,,,,,
2024,7,04/07/2024 08:00:00,19/07/2024 21:00:00,1,373:00:00,"15,54",,,,,,,,,,
2024,7,04/07/2024 09:15:00,04/07/2024 09:35:00,1,0:20:00,"0,01",,,,,,,,,,
2024,7,04/07/2024 10:00:00,29/07/2024 16:10:00,1,606:10:00,"25,26",,,,,,,,,,
2024,7,04/07/2024 13:00:00,18/07/2024 18:48:00,1,341:48:00,"14,24",,,,,,,,,,
2024,7,05/07/2024 02:00:00,05/07/2024 02:40:00,1,0:40:00,"0,03",,,,,,,,,,
2024,7,05/07/2024 02:00:00,13/07/2024 09:27:00,1,199:27:00,"8,31",,,,,,,,,,
2024,7,05/07/2024 07:30:00,05/07/2024 13:30:00,1,6:00:00,"0,25",,,,,,,,,,
2024,7,05/07/2024 12:02:00,05/07/2024 13:05:00,1,1:03:00,"0,04",,,,,,,,,,
2024,7,05/07/2024 12:18:00,05/07/2024 20:40:00,1,8:22:00,"0,35",,,,,,,,,,
2024,7,05/07/2024 12:48:00,09/07/2024 06:00:00,1,89:12:00,"3,72",,,,,,,,,,
2024,7,05/07/2024 13:45:00,11/07/2024 11:15:00,1,141:30:00,"5,90",,,,,,,,,,
2024,7,05/07/2024 23:36:00,07/07/2024 03:55:00,1,28:19:00,"1,18",,,,,,,,,,
2024,7,06/07/2024 00:48:00,07/07/2024 15:20:00,1,38:32:00,"1,61",,,,,,,,,,
2024,7,06/07/2024 01:45:00,19/07/2024 21:38:00,1,331:53:00,"13,83",,,,,,,,,,
2024,7,06/07/2024 07:00:00,19/07/2024 03:27:00,1,308:27:00,"12,85",,,,,,,,,,
2024,7,06/07/2024 08:54:00,20/07/2024 16:10:00,1,343:16:00,"14,30",,,,,,,,,,
2024,7,06/07/2024 14:00:00,06/07/2024 18:50:00,1,4:50:00,"0,20",,,,,,,,,,
2024,7,06/07/2024 23:31:00,22/07/2024 22:35:00,1,383:04:00,"15,96",,,,,,,,,,
2024,7,07/07/2024 04:59:00,07/07/2024 06:15:00,1,1:16:00,"0,05",,,,,,,,,,
2024,7,07/07/2024 08:00:00,14/07/2024 13:05:00,1,173:05:00,"7,21",,,,,,,,,,
2024,7,07/07/2024 09:12:00,08/07/2024 05:58:00,1,20:46:00,"0,87",,,,,,,,,,
2024,7,07/07/2024 15:00:00,08/07/2024 09:15:00,1,18:15:00,"0,76",,,,,,,,,,
2024,7,08/07/2024 06:15:00,09/07/2024 20:40:00,1,38:25:00,"1,60",,,,,,,,,,
2024,7,08/07/2024 07:30:00,10/07/2024 16:50:00,1,57:20:00,"2,39",,,,,,,,,,
2024,7,08/07/2024 09:15:00,11/07/2024 22:00:00,1,84:45:00,"3,53",,,,,,,,,,
2024,7,08/07/2024 11:24:00,22/07/2024 16:20:00,1,340:56:00,"14,21",,,,,,,,,,
2024,7,08/07/2024 15:00:00,08/07/2024 18:44:00,1,3:44:00,"0,16",,,,,,,,,,
2024,7,08/07/2024 15:24:00,10/07/2024 00:55:00,1,33:31:00,"1,40",,,,,,,,,,
2024,7,08/07/2024 21:30:00,18/07/2024 17:30:00,1,236:00:00,"9,83",,,,,,,,,,
2024,7,09/07/2024 13:40:00,12/07/2024 12:55:00,1,71:15:00,"2,97",,,,,,,,,,
2024,7,09/07/2024 16:54:00,11/07/2024 10:46:00,1,41:52:00,"1,74",,,,,,,,,,
2024,7,09/07/2024 18:25:00,13/07/2024 14:05:00,1,91:40:00,"3,82",,,,,,,,,,
2024,7,10/07/2024 01:28:00,10/07/2024 02:55:00,1,1:27:00,"0,06",,,,,,,,,,
2024,7,10/07/2024 03:10:00,13/07/2024 14:22:00,1,83:12:00,"3,47",,,,,,,,,,
2024,7,10/07/2024 07:45:00,14/07/2024 21:30:00,1,109:45:00,"4,57",,,,,,,,,,
2024,7,10/07/2024 08:00:00,11/07/2024 10:30:00,1,26:30:00,"1,10",,,,,,,,,,
2024,7,10/07/2024 10:54:00,11/07/2024 14:05:00,1,27:11:00,"1,13",,,,,,,,,,
2024,7,11/07/2024 01:48:00,23/07/2024 16:43:00,1,302:55:00,"12,62",,,,,,,,,,
2024,7,11/07/2024 03:12:00,13/07/2024 20:50:00,1,65:38:00,"2,73",,,,,,,,,,
2024,7,11/07/2024 09:30:00,11/07/2024 10:35:00,1,1:05:00,"0,05",,,,,,,,,,
2024,7,11/07/2024 09:40:00,23/07/2024 08:45:00,1,287:05:00,"11,96",,,,,,,,,,
2024,7,11/07/2024 12:36:00,17/07/2024 18:40:00,1,150:04:00,"6,25",,,,,,,,,,
2024,7,11/07/2024 16:00:00,11/07/2024 17:05:00,1,1:05:00,"0,05",,,,,,,,,,
2024,7,12/07/2024 01:28:00,18/07/2024 17:45:00,1,160:17:00,"6,68",,,,,,,,,,
2024,7,12/07/2024 04:18:00,13/07/2024 06:35:00,1,26:17:00,"1,10",,,,,,,,,,
2024,7,12/07/2024 06:30:00,15/07/2024 04:55:00,1,70:25:00,"2,93",,,,,,,,,,
2024,7,12/07/2024 08:15:00,15/07/2024 12:05:00,1,75:50:00,"3,16",,,,,,,,,,
2024,7,12/07/2024 14:00:00,12/07/2024 15:25:00,1,1:25:00,"0,06",,,,,,,,,,
2024,7,12/07/2024 14:00:00,15/07/2024 11:05:00,1,69:05:00,"2,88",,,,,,,,,,
2024,7,13/07/2024 07:00:00,20/07/2024 03:25:00,1,164:25:00,"6,85",,,,,,,,,,
2024,7,13/07/2024 18:45:00,23/07/2024 02:50:00,1,224:05:00,"9,34",,,,,,,,,,
2024,7,14/07/2024 09:00:00,14/07/2024 12:05:00,1,3:05:00,"0,13",,,,,,,,,,
2024,7,14/07/2024 13:20:00,14/07/2024 13:59:00,1,0:39:00,"0,03",,,,,,,,,,
2024,7,14/07/2024 16:30:00,22/07/2024 16:16:00,1,191:46:00,"7,99",,,,,,,,,,
2024,7,14/07/2024 18:00:00,17/07/2024 09:45:00,1,63:45:00,"2,66",,,,,,,,,,
2024,7,15/07/2024 02:45:00,15/07/2024 04:05:00,1,1:20:00,"0,06",,,,,,,,,,
2024,7,15/07/2024 03:30:00,19/07/2024 18:50:00,1,111:20:00,"4,64",,,,,,,,,,
2024,7,15/07/2024 03:40:00,15/07/2024 04:40:00,1,1:00:00,"0,04",,,,,,,,,,
2024,7,15/07/2024 04:51:00,15/07/2024 06:10:00,1,1:19:00,"0,05",,,,,,,,,,
2024,7,15/07/2024 08:06:00,17/07/2024 18:40:00,1,58:34:00,"2,44",,,,,,,,,,
2024,7,15/07/2024 17:00:00,15/07/2024 22:40:00,1,5:40:00,"0,24",,,,,,,,,,
2024,7,15/07/2024 18:00:00,16/07/2024 21:00:00,1,27:00:00,"1,13",,,,,,,,,,
2024,7,15/07/2024 22:30:00,15/07/2024 23:10:00,1,0:40:00,"0,03",,,,,,,,,,
2024,7,15/07/2024 23:59:00,21/07/2024 02:18:00,1,122:19:00,"5,10",,,,,,,,,,
2024,7,16/07/2024 04:42:00,19/07/2024 03:55:00,1,71:13:00,"2,97",,,,,,,,,,
2024,7,16/07/2024 05:36:00,16/07/2024 17:00:00,1,11:24:00,"0,48",,,,,,,,,,
2024,7,16/07/2024 07:12:00,26/07/2024 13:10:00,1,245:58:00,"10,25",,,,,,,,,,
2024,7,16/07/2024 07:50:00,19/07/2024 03:31:00,1,67:41:00,"2,82",,,,,,,,,,
2024,7,16/07/2024 19:30:00,21/07/2024 10:20:00,1,110:50:00,"4,62",,,,,,,,,,
2024,7,17/07/2024 00:59:00,20/07/2024 16:25:00,1,87:26:00,"3,64",,,,,,,,,,
2024,7,17/07/2024 18:00:00,21/07/2024 18:25:00,1,96:25:00,"4,02",,,,,,,,,,
2024,7,17/07/2024 21:00:00,17/07/2024 22:20:00,1,1:20:00,"0,06",,,,,,,,,,
2024,7,18/07/2024 02:24:00,18/07/2024 17:55:00,1,15:31:00,"0,65",,,,,,,,,,
2024,7,18/07/2024 12:00:00,19/07/2024 17:45:00,1,29:45:00,"1,24",,,,,,,,,,
2024,7,18/07/2024 12:30:00,18/07/2024 19:42:00,1,7:12:00,"0,30",,,,,,,,,,
2024,7,18/07/2024 13:00:00,22/07/2024 15:40:00,1,98:40:00,"4,11",,,,,,,,,,
2024,7,18/07/2024 21:45:00,18/07/2024 23:20:00,1,1:35:00,"0,07",,,,,,,,,,
2024,7,19/07/2024 01:13:00,26/07/2024 08:30:00,1,175:17:00,"7,30",,,,,,,,,,
2024,7,19/07/2024 11:30:00,19/07/2024 12:56:00,1,1:26:00,"0,06",,,,,,,,,,
2024,7,19/07/2024 18:06:00,22/07/2024 02:45:00,1,56:39:00,"2,36",,,,,,,,,,
2024,7,20/07/2024 15:30:00,20/07/2024 16:20:00,1,0:50:00,"0,03",,,,,,,,,,
2024,7,20/07/2024 16:30:00,20/07/2024 22:33:00,1,6:03:00,"0,25",,,,,,,,,,
2024,7,20/07/2024 19:00:00,26/07/2024 01:50:00,1,126:50:00,"5,28",,,,,,,,,,
2024,7,21/07/2024 00:42:00,21/07/2024 02:05:00,1,1:23:00,"0,06",,,,,,,,,,
2024,7,21/07/2024 01:16:00,21/07/2024 02:14:00,1,0:58:00,"0,04",,,,,,,,,,
2024,7,21/07/2024 01:46:00,21/07/2024 03:10:00,1,1:24:00,"0,06",,,,,,,,,,
2024,7,21/07/2024 03:00:00,21/07/2024 11:40:00,1,8:40:00,"0,36",,,,,,,,,,
2024,7,21/07/2024 22:30:00,21/07/2024 23:45:00,1,1:15:00,"0,05",,,,,,,,,,
2024,7,22/07/2024 06:30:00,23/07/2024 22:10:00,1,39:40:00,"1,65",,,,,,,,,,
2024,7,22/07/2024 11:24:00,22/07/2024 12:45:00,1,1:21:00,"0,06",,,,,,,,,,
2024,7,22/07/2024 12:55:00,22/07/2024 14:10:00,1,1:15:00,"0,05",,,,,,,,,,
2024,7,22/07/2024 17:42:00,25/07/2024 13:40:00,1,67:58:00,"2,83",,,,,,,,,,
2024,7,23/07/2024 00:00:00,27/07/2024 00:35:00,1,96:35:00,"4,02",,,,,,,,,,
2024,7,23/07/2024 12:30:00,23/07/2024 20:35:00,1,8:05:00,"0,34",,,,,,,,,,
2024,7,23/07/2024 13:48:00,25/07/2024 11:55:00,1,46:07:00,"1,92",,,,,,,,,,
2024,7,23/07/2024 15:00:00,23/07/2024 16:15:00,1,1:15:00,"0,05",,,,,,,,,,
2024,7,23/07/2024 19:54:00,23/07/2024 21:10:00,1,1:16:00,"0,05",,,,,,,,,,
2024,7,23/07/2024 23:50:00,28/07/2024 16:20:00,1,112:30:00,"4,69",,,,,,,,,,
2024,7,24/07/2024 10:35:00,25/07/2024 00:10:00,1,13:35:00,"0,57",,,,,,,,,,
2024,7,24/07/2024 14:00:00,25/07/2024 06:50:00,1,16:50:00,"0,70",,,,,,,,,,
2024,7,24/07/2024 19:00:00,24/07/2024 20:15:00,1,1:15:00,"0,05",,,,,,,,,,
2024,7,24/07/2024 22:31:00,24/07/2024 23:15:00,1,0:44:00,"0,03",,,,,,,,,,
2024,7,25/07/2024 05:00:00,25/07/2024 06:58:00,1,1:58:00,"0,08",,,,,,,,,,
2024,7,25/07/2024 05:30:00,25/07/2024 07:00:00,1,1:30:00,"0,06",,,,,,,,,,
2024,7,25/07/2024 13:00:00,27/07/2024 20:40:00,1,55:40:00,"2,32",,,,,,,,,,
2024,7,25/07/2024 18:30:00,27/07/2024 19:40:00,1,49:10:00,"2,05",,,,,,,,,,
2024,7,26/07/2024 08:30:00,26/07/2024 09:15:00,1,0:45:00,"0,03",,,,,,,,,,
2024,7,29/07/2024 00:30:00,29/07/2024 18:15:00,1,17:45:00,"0,74",,,,,,,,,,
2024,7,29/07/2024 14:00:00,29/07/2024 14:59:00,1,0:59:00,"0,04",,,,,,,,,,
2024,7,30/07/2024 04:00:00,30/07/2024 05:34:00,1,1:34:00,"0,07",,,,,,,,,,
2024,8,01/07/2024 19:18:00,29/07/2024 15:55:00,1,668:37:00,"27,86",,,,,,,,,,
2024,8,10/07/2024 11:42:00,06/08/2024 20:00:00,1,656:18:00,"27,35",,,,,,,,,,
2024,8,14/07/2024 01:30:00,29/07/2024 16:50:00,1,375:20:00,"15,64",,,,,,,,,,
2024,8,15/07/2024 18:12:00,15/08/2024 00:25:00,1,726:13:00,"30,26",,,,,,,,,,
2024,8,16/07/2024 10:00:00,28/07/2024 16:20:00,1,294:20:00,"12,26",,,,,,,,,,
2024,8,18/07/2024 11:12:00,23/07/2024 13:00:00,1,121:48:00,"5,07",,,,,,,,,,
2024,8,19/07/2024 06:30:00,07/08/2024 23:25:00,1,472:55:00,"19,70",,,,,,,,,,
2024,8,19/07/2024 06:45:00,09/08/2024 11:55:00,1,509:10:00,"21,22",,,,,,,,,,
2024,8,19/07/2024 17:36:00,01/08/2024 14:22:00,1,308:46:00,"12,87",,,,,,,,,,
2024,8,20/07/2024 12:00:00,08/08/2024 17:35:00,1,461:35:00,"19,23",,,,,,,,,,
2024,8,22/07/2024 08:00:00,31/07/2024 20:20:00,1,228:20:00,"9,51",,,,,,,,,,
2024,8,23/07/2024 17:18:00,31/07/2024 01:50:00,1,176:32:00,"7,36",,,,,,,,,,
2024,8,23/07/2024 19:06:00,08/08/2024 05:05:00,1,369:59:00,"15,42",,,,,,,,,,
2024,8,24/07/2024 10:20:00,02/08/2024 11:42:00,1,217:22:00,"9,06",,,,,,,,,,
2024,8,24/07/2024 11:41:00,29/07/2024 22:08:00,1,130:27:00,"5,44",,,,,,,,,,
2024,8,25/07/2024 08:00:00,29/07/2024 15:30:00,1,103:30:00,"4,31",,,,,,,,,,
2024,8,25/07/2024 08:30:00,04/08/2024 10:12:00,1,241:42:00,"10,07",,,,,,,,,,
2024,8,25/07/2024 15:00:00,04/08/2024 01:55:00,1,226:55:00,"9,45",,,,,,,,,,
2024,8,25/07/2024 15:42:00,27/07/2024 22:17:00,1,54:35:00,"2,27",,,,,,,,,,
2024,8,25/07/2024 22:30:00,02/08/2024 02:50:00,1,172:20:00,"7,18",,,,,,,,,,
2024,8,26/07/2024 05:12:00,30/07/2024 06:15:00,1,97:03:00,"4,04",,,,,,,,,,
2024,8,26/07/2024 07:30:00,01/08/2024 06:00:00,1,142:30:00,"5,94",,,,,,,,,,
2024,8,26/07/2024 08:22:00,29/07/2024 14:00:00,1,77:38:00,"3,23",,,,,,,,,,
2024,8,26/07/2024 18:00:00,02/08/2024 02:50:00,1,152:50:00,"6,37",,,,,,,,,,
2024,8,27/07/2024 08:30:00,02/08/2024 18:33:00,1,154:03:00,"6,42",,,,,,,,,,
2024,8,28/07/2024 03:24:00,01/08/2024 01:40:00,1,94:16:00,"3,93",,,,,,,,,,
2024,8,28/07/2024 03:36:00,29/07/2024 17:45:00,1,38:09:00,"1,59",,,,,,,,,,
2024,8,28/07/2024 05:30:00,04/08/2024 14:20:00,1,176:50:00,"7,37",,,,,,,,,,
2024,8,28/07/2024 07:30:00,30/07/2024 14:50:00,1,55:20:00,"2,31",,,,,,,,,,
2024,8,28/07/2024 10:00:00,10/08/2024 00:35:00,1,302:35:00,"12,61",,,,,,,,,,
2024,8,28/07/2024 20:23:00,29/07/2024 14:05:00,1,17:42:00,"0,74",,,,,,,,,,
2024,8,29/07/2024 05:30:00,06/08/2024 20:37:00,1,207:07:00,"8,63",,,,,,,,,,
2024,8,29/07/2024 07:30:00,06/08/2024 21:00:00,1,205:30:00,"8,56",,,,,,,,,,
2024,8,30/07/2024 00:42:00,30/07/2024 19:10:00,1,18:28:00,"0,77",,,,,,,,,,
2024,8,30/07/2024 08:00:00,09/08/2024 12:10:00,1,244:10:00,"10,17",,,,,,,,,,
2024,8,30/07/2024 09:00:00,04/08/2024 02:30:00,1,113:30:00,"4,73",,,,,,,,,,
2024,8,30/07/2024 09:45:00,02/08/2024 18:45:00,1,81:00:00,"3,38",,,,,,,,,,
2024,8,30/07/2024 11:36:00,04/08/2024 04:15:00,1,112:39:00,"4,69",,,,,,,,,,
2024,8,30/07/2024 13:20:00,30/07/2024 19:50:00,1,6:30:00,"0,27",,,,,,,,,,
2024,8,30/07/2024 17:00:00,07/08/2024 17:35:00,1,192:35:00,"8,02",,,,,,,,,,
2024,8,30/07/2024 21:09:00,30/07/2024 22:10:00,1,1:01:00,"0,04",,,,,,,,,,
2024,8,30/07/2024 22:30:00,15/08/2024 22:15:00,1,383:45:00,"15,99",,,,,,,,,,
2024,8,31/07/2024 03:18:00,01/08/2024 01:40:00,1,22:22:00,"0,93",,,,,,,,,,
2024,8,31/07/2024 05:50:00,02/08/2024 07:10:00,1,49:20:00,"2,06",,,,,,,,,,
2024,8,31/07/2024 06:45:00,07/08/2024 09:30:00,1,170:45:00,"7,11",,,,,,,,,,
2024,8,31/07/2024 09:00:00,31/07/2024 10:15:00,1,1:15:00,"0,05",,,,,,,,,,
2024,8,31/07/2024 11:36:00,20/08/2024 17:40:00,1,486:04:00,"20,25",,,,,,,,,,
2024,8,31/07/2024 14:58:00,20/08/2024 15:18:00,1,480:20:00,"20,01",,,,,,,,,,
2024,8,31/07/2024 15:55:00,04/08/2024 01:10:00,1,81:15:00,"3,39",,,,,,,,,,
2024,8,31/07/2024 16:30:00,04/08/2024 22:25:00,1,101:55:00,"4,25",,,,,,,,,,
2024,8,31/07/2024 16:30:00,11/08/2024 14:40:00,1,262:10:00,"10,92",,,,,,,,,,
2024,8,31/07/2024 22:30:00,12/08/2024 23:20:00,1,288:50:00,"12,03",,,,,,,,,,
2024,8,31/07/2024 23:45:00,08/08/2024 22:05:00,1,190:20:00,"7,93",,,,,,,,,,
2024,8,01/08/2024 01:00:00,01/08/2024 01:55:00,1,0:55:00,"0,04",,,,,,,,,,
2024,8,01/08/2024 08:30:00,23/08/2024 15:10:00,1,534:40:00,"22,28",,,,,,,,,,
2024,8,01/08/2024 14:15:00,18/08/2024 17:15:00,1,411:00:00,"17,13",,,,,,,,,,
2024,8,01/08/2024 14:30:00,01/08/2024 16:05:00,1,1:35:00,"0,07",,,,,,,,,,
2024,8,01/08/2024 19:00:00,01/08/2024 20:00:00,1,1:00:00,"0,04",,,,,,,,,,
2024,8,01/08/2024 21:30:00,06/08/2024 19:30:00,1,118:00:00,"4,92",,,,,,,,,,
2024,8,02/08/2024 09:00:00,21/08/2024 06:35:00,1,453:35:00,"18,90",,,,,,,,,,
2024,8,02/08/2024 10:00:00,05/08/2024 19:25:00,1,81:25:00,"3,39",,,,,,,,,,
2024,8,02/08/2024 11:00:00,04/08/2024 14:10:00,1,51:10:00,"2,13",,,,,,,,,,
2024,8,02/08/2024 16:15:00,02/08/2024 17:05:00,1,0:50:00,"0,03",,,,,,,,,,
2024,8,02/08/2024 17:00:00,11/08/2024 14:35:00,1,213:35:00,"8,90",,,,,,,,,,
2024,8,02/08/2024 22:45:00,29/08/2024 06:20:00,1,631:35:00,"26,32",,,,,,,,,,
2024,8,03/08/2024 02:12:00,11/08/2024 21:09:00,1,210:57:00,"8,79",,,,,,,,,,
2024,8,03/08/2024 09:12:00,08/08/2024 11:40:00,1,122:28:00,"5,10",,,,,,,,,,
2024,8,03/08/2024 09:42:00,14/08/2024 03:35:00,1,257:53:00,"10,75",,,,,,,,,,
2024,8,03/08/2024 17:42:00,18/08/2024 17:20:00,1,359:38:00,"14,98",,,,,,,,,,
2024,8,03/08/2024 19:50:00,09/08/2024 15:00:00,1,139:10:00,"5,80",,,,,,,,,,
2024,8,04/08/2024 02:30:00,04/08/2024 04:24:00,1,1:54:00,"0,08",,,,,,,,,,
2024,8,04/08/2024 05:30:00,14/08/2024 13:40:00,1,248:10:00,"10,34",,,,,,,,,,
2024,8,04/08/2024 05:48:00,05/08/2024 19:25:00,1,37:37:00,"1,57",,,,,,,,,,
2024,8,04/08/2024 09:15:00,04/08/2024 10:05:00,1,0:50:00,"0,03",,,,,,,,,,
2024,8,04/08/2024 09:57:00,06/08/2024 18:26:00,1,56:29:00,"2,35",,,,,,,,,,
2024,8,04/08/2024 17:45:00,04/08/2024 19:00:00,1,1:15:00,"0,05",,,,,,,,,,
2024,8,04/08/2024 18:50:00,12/08/2024 10:45:00,1,183:55:00,"7,66",,,,,,,,,,
2024,8,04/08/2024 20:40:00,05/08/2024 17:15:00,1,20:35:00,"0,86",,,,,,,,,,
2024,8,05/08/2024 00:01:00,05/08/2024 18:58:00,1,18:57:00,"0,79",,,,,,,,,,
2024,8,05/08/2024 06:45:00,12/08/2024 23:45:00,1,185:00:00,"7,71",,,,,,,,,,
2024,8,05/08/2024 10:16:00,07/08/2024 23:10:00,1,60:54:00,"2,54",,,,,,,,,,
2024,8,05/08/2024 11:30:00,17/08/2024 09:00:00,1,285:30:00,"11,90",,,,,,,,,,
2024,8,05/08/2024 11:50:00,13/08/2024 00:15:00,1,180:25:00,"7,52",,,,,,,,,,
2024,8,05/08/2024 14:41:00,09/08/2024 02:55:00,1,84:14:00,"3,51",,,,,,,,,,
2024,8,05/08/2024 17:30:00,05/08/2024 17:30:00,1,0:00:00,"0,00",,,,,,,,,,
2024,8,05/08/2024 20:12:00,08/08/2024 17:55:00,1,69:43:00,"2,90",,,,,,,,,,
2024,8,05/08/2024 20:45:00,14/08/2024 15:00:00,1,210:15:00,"8,76",,,,,,,,,,
2024,8,06/08/2024 18:00:00,06/08/2024 19:10:00,1,1:10:00,"0,05",,,,,,,,,,
2024,8,06/08/2024 23:00:00,08/08/2024 00:30:00,1,25:30:00,"1,06",,,,,,,,,,
2024,8,07/08/2024 02:20:00,10/08/2024 06:03:00,1,75:43:00,"3,15",,,,,,,,,,
2024,8,07/08/2024 07:24:00,08/08/2024 01:15:00,1,17:51:00,"0,74",,,,,,,,,,
2024,8,07/08/2024 11:00:00,11/08/2024 05:15:00,1,90:15:00,"3,76",,,,,,,,,,
2024,8,07/08/2024 11:00:00,12/08/2024 23:17:00,1,132:17:00,"5,51",,,,,,,,,,
2024,8,07/08/2024 15:30:00,14/08/2024 09:46:00,1,162:16:00,"6,76",,,,,,,,,,
2024,8,07/08/2024 16:00:00,17/08/2024 20:20:00,1,244:20:00,"10,18",,,,,,,,,,
2024,8,07/08/2024 18:12:00,10/08/2024 14:45:00,1,68:33:00,"2,86",,,,,,,,,,
2024,8,07/08/2024 19:00:00,22/08/2024 02:45:00,1,343:45:00,"14,32",,,,,,,,,,
2024,8,07/08/2024 22:30:00,07/08/2024 23:30:00,1,1:00:00,"0,04",,,,,,,,,,
2024,8,08/08/2024 08:00:00,18/08/2024 10:50:00,1,242:50:00,"10,12",,,,,,,,,,
2024,8,08/08/2024 10:35:00,09/08/2024 23:46:00,1,37:11:00,"1,55",,,,,,,,,,
2024,8,08/08/2024 11:00:00,14/08/2024 20:33:00,1,153:33:00,"6,40",,,,,,,,,,
2024,8,08/08/2024 13:30:00,14/08/2024 06:21:00,1,136:51:00,"5,70",,,,,,,,,,
2024,8,08/08/2024 15:00:00,23/08/2024 03:00:00,1,348:00:00,"14,50",,,,,,,,,,
2024,8,09/08/2024 02:46:00,09/08/2024 03:35:00,1,0:49:00,"0,03",,,,,,,,,,
2024,8,09/08/2024 09:00:00,16/08/2024 00:40:00,1,159:40:00,"6,65",,,,,,,,,,
2024,8,09/08/2024 11:40:00,09/08/2024 12:00:00,1,0:20:00,"0,01",,,,,,,,,,
2024,8,09/08/2024 14:42:00,17/08/2024 12:42:00,1,190:00:00,"7,92",,,,,,,,,,
2024,8,09/08/2024 21:18:00,12/08/2024 06:05:00,1,56:47:00,"2,37",,,,,,,,,,
2024,8,10/08/2024 06:48:00,17/08/2024 14:20:00,1,175:32:00,"7,31",,,,,,,,,,
2024,8,10/08/2024 07:53:00,10/08/2024 10:42:00,1,2:49:00,"0,12",,,,,,,,,,
2024,8,10/08/2024 09:30:00,10/08/2024 10:45:00,1,1:15:00,"0,05",,,,,,,,,,
2024,8,11/08/2024 00:27:00,11/08/2024 00:57:00,1,0:30:00,"0,02",,,,,,,,,,
2024,8,11/08/2024 04:12:00,11/08/2024 21:05:00,1,16:53:00,"0,70",,,,,,,,,,
2024,8,11/08/2024 05:00:00,15/08/2024 03:45:00,1,94:45:00,"3,95",,,,,,,,,,
2024,8,11/08/2024 09:00:00,11/08/2024 13:55:00,1,4:55:00,"0,20",,,,,,,,,,
2024,8,12/08/2024 01:15:00,12/08/2024 02:15:00,1,1:00:00,"0,04",,,,,,,,,,
2024,8,12/08/2024 02:00:00,12/08/2024 16:40:00,1,14:40:00,"0,61",,,,,,,,,,
2024,8,12/08/2024 07:00:00,17/08/2024 16:00:00,1,129:00:00,"5,38",,,,,,,,,,
2024,8,12/08/2024 11:20:00,17/08/2024 12:00:00,1,120:40:00,"5,03",,,,,,,,,,
2024,8,12/08/2024 17:00:00,14/08/2024 04:10:00,1,35:10:00,"1,47",,,,,,,,,,
2024,8,13/08/2024 10:00:00,14/08/2024 05:57:00,1,19:57:00,"0,83",,,,,,,,,,
2024,8,13/08/2024 12:00:00,17/08/2024 09:40:00,1,93:40:00,"3,90",,,,,,,,,,
2024,8,13/08/2024 21:00:00,13/08/2024 22:05:00,1,1:05:00,"0,05",,,,,,,,,,
2024,8,14/08/2024 06:55:00,17/08/2024 22:58:00,1,88:03:00,"3,67",,,,,,,,,,
2024,8,14/08/2024 09:56:00,14/08/2024 11:00:00,1,1:04:00,"0,04",,,,,,,,,,
2024,8,14/08/2024 13:30:00,14/08/2024 14:55:00,1,1:25:00,"0,06",,,,,,,,,,
2024,8,14/08/2024 20:55:00,17/08/2024 16:20:00,1,67:25:00,"2,81",,,,,,,,,,
2024,8,15/08/2024 02:25:00,15/08/2024 03:45:00,1,1:20:00,"0,06",,,,,,,,,,
2024,8,15/08/2024 03:02:00,15/08/2024 03:45:00,1,0:43:00,"0,03",,,,,,,,,,
2024,8,15/08/2024 08:00:00,15/08/2024 12:25:00,1,4:25:00,"0,18",,,,,,,,,,
2024,8,15/08/2024 09:00:00,28/08/2024 22:00:00,1,325:00:00,"13,54",,,,,,,,,,
2024,8,15/08/2024 11:06:00,23/08/2024 04:15:00,1,185:09:00,"7,71",,,,,,,,,,
2024,8,15/08/2024 14:00:00,20/08/2024 21:40:00,1,127:40:00,"5,32",,,,,,,,,,
2024,8,15/08/2024 21:00:00,15/08/2024 22:50:00,1,1:50:00,"0,08",,,,,,,,,,
2024,8,15/08/2024 23:50:00,16/08/2024 22:20:00,1,22:30:00,"0,94",,,,,,,,,,
2024,8,16/08/2024 08:50:00,16/08/2024 22:20:00,1,13:30:00,"0,56",,,,,,,,,,
2024,8,16/08/2024 11:06:00,23/08/2024 01:40:00,1,158:34:00,"6,61",,,,,,,,,,
2024,8,16/08/2024 13:48:00,21/08/2024 09:05:00,1,115:17:00,"4,80",,,,,,,,,,
2024,8,16/08/2024 15:17:00,20/08/2024 14:39:00,1,95:22:00,"3,97",,,,,,,,,,
2024,8,16/08/2024 19:42:00,23/08/2024 03:50:00,1,152:08:00,"6,34",,,,,,,,,,
2024,8,16/08/2024 23:00:00,17/08/2024 11:00:00,1,12:00:00,"0,50",,,,,,,,,,
2024,8,17/08/2024 11:30:00,17/08/2024 12:20:00,1,0:50:00,"0,03",,,,,,,,,,
2024,8,17/08/2024 18:18:00,25/08/2024 21:00:00,1,194:42:00,"8,11",,,,,,,,,,
2024,8,17/08/2024 19:15:00,23/08/2024 13:40:00,1,138:25:00,"5,77",,,,,,,,,,
2024,8,17/08/2024 22:00:00,21/08/2024 20:15:00,1,94:15:00,"3,93",,,,,,,,,,
2024,8,18/08/2024 07:00:00,20/08/2024 16:10:00,1,57:10:00,"2,38",,,,,,,,,,
2024,8,18/08/2024 16:45:00,27/08/2024 09:30:00,1,208:45:00,"8,70",,,,,,,,,,
2024,8,18/08/2024 18:00:00,18/08/2024 19:55:00,1,1:55:00,"0,08",,,,,,,,,,
2024,8,18/08/2024 22:30:00,21/08/2024 01:28:00,1,50:58:00,"2,12",,,,,,,,,,
2024,8,19/08/2024 09:00:00,27/08/2024 10:00:00,1,193:00:00,"8,04",,,,,,,,,,
2024,8,19/08/2024 17:00:00,19/08/2024 17:50:00,1,0:50:00,"0,03",,,,,,,,,,
2024,8,19/08/2024 18:12:00,28/08/2024 00:15:00,1,198:03:00,"8,25",,,,,,,,,,
2024,8,19/08/2024 19:00:00,27/08/2024 16:30:00,1,189:30:00,"7,90",,,,,,,,,,
2024,8,19/08/2024 23:00:00,20/08/2024 16:15:00,1,17:15:00,"0,72",,,,,,,,,,
2024,8,20/08/2024 04:20:00,20/08/2024 14:25:00,1,10:05:00,"0,42",,,,,,,,,,
2024,8,20/08/2024 08:50:00,23/08/2024 17:20:00,1,80:30:00,"3,35",,,,,,,,,,
2024,8,20/08/2024 09:00:00,20/08/2024 21:55:00,1,12:55:00,"0,54",,,,,,,,,,
2024,8,20/08/2024 09:18:00,20/08/2024 21:25:00,1,12:07:00,"0,50",,,,,,,,,,
2024,8,20/08/2024 13:00:00,20/08/2024 16:20:00,1,3:20:00,"0,14",,,,,,,,,,
2024,8,20/08/2024 13:00:00,21/08/2024 06:15:00,1,17:15:00,"0,72",,,,,,,,,,
2024,8,21/08/2024 04:53:00,21/08/2024 05:50:00,1,0:57:00,"0,04",,,,,,,,,,
2024,8,21/08/2024 12:46:00,21/08/2024 20:30:00,1,7:44:00,"0,32",,,,,,,,,,
2024,8,21/08/2024 16:30:00,27/08/2024 02:55:00,1,130:25:00,"5,43",,,,,,,,,,
2024,8,22/08/2024 06:30:00,23/08/2024 14:50:00,1,32:20:00,"1,35",,,,,,,,,,
2024,8,22/08/2024 23:37:00,23/08/2024 01:08:00,1,1:31:00,"0,06",,,,,,,,,,
2024,8,23/08/2024 12:10:00,23/08/2024 12:55:00,1,0:45:00,"0,03",,,,,,,,,,
2024,8,23/08/2024 15:10:00,23/08/2024 15:57:00,1,0:47:00,"0,03",,,,,,,,,,
2024,8,23/08/2024 17:00:00,23/08/2024 18:10:00,1,1:10:00,"0,05",,,,,,,,,,
2024,8,23/08/2024 18:30:00,29/08/2024 03:35:00,1,129:05:00,"5,38",,,,,,,,,,
2024,8,23/08/2024 21:21:00,24/08/2024 14:40:00,1,17:19:00,"0,72",,,,,,,,,,
2024,8,24/08/2024 05:12:00,27/08/2024 20:56:00,1,87:44:00,"3,66",,,,,,,,,,
2024,8,24/08/2024 17:30:00,24/08/2024 20:00:00,1,2:30:00,"0,10",,,,,,,,,,
2024,8,24/08/2024 18:30:00,28/08/2024 15:10:00,1,92:40:00,"3,86",,,,,,,,,,
2024,8,25/08/2024 05:42:00,26/08/2024 16:30:00,1,34:48:00,"1,45",,,,,,,,,,
2024,8,25/08/2024 07:30:00,25/08/2024 08:45:00,1,1:15:00,"0,05",,,,,,,,,,
2024,8,25/08/2024 13:00:00,25/08/2024 14:00:00,1,1:00:00,"0,04",,,,,,,,,,
2024,8,25/08/2024 21:06:00,29/08/2024 06:24:00,1,81:18:00,"3,39",,,,,,,,,,
2024,8,25/08/2024 23:38:00,26/08/2024 00:45:00,1,1:07:00,"0,05",,,,,,,,,,
2024,8,26/08/2024 09:30:00,26/08/2024 10:50:00,1,1:20:00,"0,06",,,,,,,,,,
2024,8,26/08/2024 13:02:00,26/08/2024 13:03:00,1,0:01:00,"0,00",,,,,,,,,,
2024,8,26/08/2024 15:30:00,26/08/2024 16:45:00,1,1:15:00,"0,05",,,,,,,,,,
2024,8,26/08/2024 18:06:00,28/08/2024 04:35:00,1,34:29:00,"1,44",,,,,,,,,,
2024,8,26/08/2024 18:53:00,26/08/2024 19:55:00,1,1:02:00,"0,04",,,,,,,,,,
2024,8,26/08/2024 22:00:00,26/08/2024 22:50:00,1,0:50:00,"0,03",,,,,,,,,,
2024,8,26/08/2024 22:30:00,26/08/2024 23:40:00,1,1:10:00,"0,05",,,,,,,,,,
2024,8,26/08/2024 23:00:00,27/08/2024 02:55:00,1,3:55:00,"0,16",,,,,,,,,,
2024,8,28/08/2024 03:06:00,28/08/2024 04:25:00,1,1:19:00,"0,05",,,,,,,,,,
2024,8,28/08/2024 07:30:00,28/08/2024 08:24:00,1,0:54:00,"0,04",,,,,,,,,,
2024,8,29/08/2024 18:00:00,29/08/2024 20:05:00,1,2:05:00,"0,09",,,,,,,,,,
2024,8,30/08/2024 05:00:00,30/08/2024 06:15:00,1,1:15:00,"0,05",,,,,,,,,,
2024,9,02/08/2024 20:36:00,04/09/2024 22:35:00,1,793:59:00,"33,08",,,,,,,,,,
2024,9,03/08/2024 07:00:00,18/09/2024 09:45:00,1,1106:45:00,"46,11",,,,,,,,,,
2024,9,04/08/2024 07:54:00,01/09/2024 19:40:00,1,683:46:00,"28,49",,,,,,,,,,
2024,9,04/08/2024 21:12:00,13/09/2024 03:50:00,1,942:38:00,"39,28",,,,,,,,,,
2024,9,05/08/2024 22:30:00,01/09/2024 20:15:00,1,645:45:00,"26,91",,,,,,,,,,
2024,9,06/08/2024 00:01:00,03/09/2024 19:10:00,1,691:09:00,"28,80",,,,,,,,,,
2024,9,09/08/2024 10:24:00,21/09/2024 17:05:00,1,1038:41:00,"43,28",,,,,,,,,,
2024,9,10/08/2024 12:00:00,17/09/2024 20:20:00,1,920:20:00,"38,35",,,,,,,,,,
2024,9,14/08/2024 14:00:00,10/09/2024 15:30:00,1,649:30:00,"27,06",,,,,,,,,,
2024,9,17/08/2024 12:30:00,15/09/2024 06:10:00,1,689:40:00,"28,74",,,,,,,,,,
2024,9,18/08/2024 14:00:00,30/08/2024 15:05:00,1,289:05:00,"12,05",,,,,,,,,,
2024,9,19/08/2024 01:18:00,03/09/2024 20:40:00,1,379:22:00,"15,81",,,,,,,,,,
2024,9,20/08/2024 07:30:00,29/08/2024 20:30:00,1,229:00:00,"9,54",,,,,,,,,,
2024,9,21/08/2024 20:48:00,01/09/2024 15:30:00,1,258:42:00,"10,78",,,,,,,,,,
2024,9,22/08/2024 10:00:00,01/09/2024 10:48:00,1,240:48:00,"10,03",,,,,,,,,,
2024,9,22/08/2024 11:45:00,29/08/2024 07:45:00,1,164:00:00,"6,83",,,,,,,,,,
2024,9,22/08/2024 12:18:00,04/09/2024 23:48:00,1,323:30:00,"13,48",,,,,,,,,,
2024,9,22/08/2024 13:42:00,02/09/2024 11:30:00,1,261:48:00,"10,91",,,,,,,,,,
2024,9,22/08/2024 16:12:00,03/09/2024 20:25:00,1,292:13:00,"12,18",,,,,,,,,,
2024,9,24/08/2024 15:00:00,03/09/2024 00:27:00,1,225:27:00,"9,39",,,,,,,,,,
2024,9,24/08/2024 17:05:00,24/08/2024 17:50:00,1,0:45:00,"0,03",,,,,,,,,,
2024,9,24/08/2024 19:00:00,07/09/2024 14:05:00,1,331:05:00,"13,80",,,,,,,,,,
2024,9,24/08/2024 22:06:00,04/09/2024 16:35:00,1,258:29:00,"10,77",,,,,,,,,,
2024,9,24/08/2024 23:42:00,08/09/2024 16:45:00,1,353:03:00,"14,71",,,,,,,,,,
2024,9,25/08/2024 13:10:00,10/09/2024 16:20:00,1,387:10:00,"16,13",,,,,,,,,,
2024,9,25/08/2024 18:35:00,28/08/2024 23:07:00,1,76:32:00,"3,19",,,,,,,,,,
2024,9,26/08/2024 02:48:00,01/09/2024 20:00:00,1,161:12:00,"6,72",,,,,,,,,,
2024,9,26/08/2024 04:00:00,30/08/2024 20:45:00,1,112:45:00,"4,70",,,,,,,,,,
2024,9,26/08/2024 08:30:00,29/08/2024 23:55:00,1,87:25:00,"3,64",,,,,,,,,,
2024,9,27/08/2024 14:00:00,28/09/2024 00:40:00,1,754:40:00,"31,44",,,,,,,,,,
2024,9,27/08/2024 17:00:00,29/08/2024 15:50:00,1,46:50:00,"1,95",,,,,,,,,,
2024,9,28/08/2024 03:00:00,24/09/2024 17:55:00,1,662:55:00,"27,62",,,,,,,,,,
2024,9,28/08/2024 08:00:00,30/08/2024 20:10:00,1,60:10:00,"2,51",,,,,,,,,,
2024,9,29/08/2024 06:30:00,02/09/2024 00:05:00,1,89:35:00,"3,73",,,,,,,,,,
2024,9,29/08/2024 07:00:00,29/08/2024 21:35:00,1,14:35:00,"0,61",,,,,,,,,,
2024,9,29/08/2024 11:48:00,01/09/2024 20:40:00,1,80:52:00,"3,37",,,,,,,,,,
2024,9,29/08/2024 12:54:00,07/09/2024 01:35:00,1,204:41:00,"8,53",,,,,,,,,,
2024,9,29/08/2024 13:35:00,29/08/2024 14:15:00,1,0:40:00,"0,03",,,,,,,,,,
2024,9,29/08/2024 14:06:00,02/09/2024 01:10:00,1,83:04:00,"3,46",,,,,,,,,,
2024,9,30/08/2024 02:00:00,04/09/2024 16:20:00,1,134:20:00,"5,60",,,,,,,,,,
2024,9,30/08/2024 03:24:00,30/08/2024 04:15:00,1,0:51:00,"0,04",,,,,,,,,,
2024,9,30/08/2024 03:54:00,30/08/2024 04:45:00,1,0:51:00,"0,04",,,,,,,,,,
2024,9,30/08/2024 04:57:00,30/08/2024 06:10:00,1,1:13:00,"0,05",,,,,,,,,,
2024,9,30/08/2024 08:18:00,12/09/2024 16:30:00,1,320:12:00,"13,34",,,,,,,,,,
2024,9,30/08/2024 09:48:00,31/08/2024 07:40:00,1,21:52:00,"0,91",,,,,,,,,,
2024,9,30/08/2024 13:30:00,30/08/2024 20:35:00,1,7:05:00,"0,30",,,,,,,,,,
2024,9,30/08/2024 16:10:00,30/08/2024 17:15:00,1,1:05:00,"0,05",,,,,,,,,,
2024,9,30/08/2024 17:00:00,01/09/2024 16:10:00,1,47:10:00,"1,97",,,,,,,,,,
2024,9,31/08/2024 00:40:00,01/09/2024 00:05:00,1,23:25:00,"0,98",,,,,,,,,,
2024,9,31/08/2024 04:00:00,02/09/2024 11:20:00,1,55:20:00,"2,31",,,,,,,,,,
2024,9,31/08/2024 11:00:00,31/08/2024 12:30:00,1,1:30:00,"0,06",,,,,,,,,,
2024,9,31/08/2024 12:00:00,31/08/2024 14:00:00,1,2:00:00,"0,08",,,,,,,,,,
2024,9,31/08/2024 15:15:00,31/08/2024 16:10:00,1,0:55:00,"0,04",,,,,,,,,,
2024,9,31/08/2024 17:00:00,01/09/2024 05:25:00,1,12:25:00,"0,52",,,,,,,,,,
2024,9,31/08/2024 18:30:00,11/09/2024 01:10:00,1,246:40:00,"10,28",,,,,,,,,,
2024,9,31/08/2024 20:18:00,31/08/2024 21:00:00,1,0:42:00,"0,03",,,,,,,,,,
2024,9,01/09/2024 07:00:00,11/09/2024 05:05:00,1,238:05:00,"9,92",,,,,,,,,,
2024,9,01/09/2024 08:30:00,01/09/2024 08:55:00,1,0:25:00,"0,02",,,,,,,,,,
2024,9,01/09/2024 17:15:00,03/09/2024 04:00:00,1,34:45:00,"1,45",,,,,,,,,,
2024,9,01/09/2024 23:40:00,02/09/2024 00:10:00,1,0:30:00,"0,02",,,,,,,,,,
2024,9,02/09/2024 02:50:00,03/09/2024 19:25:00,1,40:35:00,"1,69",,,,,,,,,,
2024,9,02/09/2024 06:00:00,02/09/2024 11:40:00,1,5:40:00,"0,24",,,,,,,,,,
2024,9,02/09/2024 13:30:00,11/09/2024 04:40:00,1,207:10:00,"8,63",,,,,,,,,,
2024,9,02/09/2024 14:30:00,03/09/2024 10:27:00,1,19:57:00,"0,83",,,,,,,,,,
2024,9,02/09/2024 17:20:00,13/09/2024 18:25:00,1,265:05:00,"11,05",,,,,,,,,,
2024,9,02/09/2024 19:30:00,02/09/2024 21:00:00,1,1:30:00,"0,06",,,,,,,,,,
2024,9,02/09/2024 21:22:00,14/09/2024 07:05:00,1,273:43:00,"11,40",,,,,,,,,,
2024,9,03/09/2024 00:12:00,03/09/2024 09:48:00,1,9:36:00,"0,40",,,,,,,,,,
2024,9,03/09/2024 01:50:00,03/09/2024 19:10:00,1,17:20:00,"0,72",,,,,,,,,,
2024,9,03/09/2024 06:36:00,05/09/2024 06:36:00,1,48:00:00,"2,00",,,,,,,,,,
2024,9,03/09/2024 07:00:00,03/09/2024 08:25:00,1,1:25:00,"0,06",,,,,,,,,,
2024,9,03/09/2024 08:15:00,03/09/2024 09:25:00,1,1:10:00,"0,05",,,,,,,,,,
2024,9,03/09/2024 11:00:00,07/09/2024 05:25:00,1,90:25:00,"3,77",,,,,,,,,,
2024,9,03/09/2024 13:30:00,04/09/2024 02:20:00,1,12:50:00,"0,53",,,,,,,,,,
2024,9,04/09/2024 00:18:00,04/09/2024 01:45:00,1,1:27:00,"0,06",,,,,,,,,,
2024,9,04/09/2024 00:45:00,08/09/2024 17:50:00,1,113:05:00,"4,71",,,,,,,,,,
2024,9,04/09/2024 02:31:00,04/09/2024 03:10:00,1,0:39:00,"0,03",,,,,,,,,,
2024,9,04/09/2024 03:00:00,10/09/2024 20:00:00,1,161:00:00,"6,71",,,,,,,,,,
2024,9,04/09/2024 06:18:00,10/09/2024 11:35:00,1,149:17:00,"6,22",,,,,,,,,,
2024,9,04/09/2024 09:00:00,10/09/2024 21:40:00,1,156:40:00,"6,53",,,,,,,,,,
2024,9,04/09/2024 13:45:00,11/09/2024 18:45:00,1,173:00:00,"7,21",,,,,,,,,,
2024,9,04/09/2024 15:00:00,04/09/2024 16:20:00,1,1:20:00,"0,06",,,,,,,,,,
2024,9,04/09/2024 17:18:00,11/09/2024 20:15:00,1,170:57:00,"7,12",,,,,,,,,,
2024,9,04/09/2024 18:18:00,11/09/2024 19:42:00,1,169:24:00,"7,06",,,,,,,,,,
2024,9,05/09/2024 02:00:00,05/09/2024 02:50:00,1,0:50:00,"0,03",,,,,,,,,,
2024,9,05/09/2024 07:00:00,05/09/2024 07:23:00,1,0:23:00,"0,02",,,,,,,,,,
2024,9,05/09/2024 10:36:00,10/09/2024 13:00:00,1,122:24:00,"5,10",,,,,,,,,,
2024,9,05/09/2024 14:00:00,05/09/2024 22:50:00,1,8:50:00,"0,37",,,,,,,,,,
2024,9,05/09/2024 19:30:00,13/09/2024 00:40:00,1,173:10:00,"7,22",,,,,,,,,,
2024,9,05/09/2024 21:30:00,05/09/2024 22:55:00,1,1:25:00,"0,06",,,,,,,,,,
2024,9,05/09/2024 22:06:00,05/09/2024 22:50:00,1,0:44:00,"0,03",,,,,,,,,,
2024,9,06/09/2024 01:00:00,10/09/2024 11:55:00,1,106:55:00,"4,45",,,,,,,,,,
2024,9,06/09/2024 01:30:00,06/09/2024 03:04:00,1,1:34:00,"0,07",,,,,,,,,,
2024,9,06/09/2024 05:24:00,13/09/2024 13:45:00,1,176:21:00,"7,35",,,,,,,,,,
2024,9,06/09/2024 05:48:00,07/09/2024 21:00:00,1,39:12:00,"1,63",,,,,,,,,,
2024,9,06/09/2024 07:45:00,10/09/2024 20:42:00,1,108:57:00,"4,54",,,,,,,,,,
2024,9,06/09/2024 08:30:00,21/09/2024 20:30:00,1,372:00:00,"15,50",,,,,,,,,,
2024,9,06/09/2024 12:00:00,06/09/2024 13:52:00,1,1:52:00,"0,08",,,,,,,,,,
2024,9,06/09/2024 21:40:00,08/09/2024 01:20:00,1,27:40:00,"1,15",,,,,,,,,,
2024,9,06/09/2024 22:00:00,19/09/2024 20:15:00,1,310:15:00,"12,93",,,,,,,,,,
2024,9,07/09/2024 04:30:00,07/09/2024 05:50:00,1,1:20:00,"0,06",,,,,,,,,,
2024,9,07/09/2024 06:48:00,08/09/2024 04:30:00,1,21:42:00,"0,90",,,,,,,,,,
2024,9,07/09/2024 08:10:00,07/09/2024 09:10:00,1,1:00:00,"0,04",,,,,,,,,,
2024,9,07/09/2024 09:45:00,23/09/2024 15:55:00,1,390:10:00,"16,26",,,,,,,,,,
2024,9,07/09/2024 15:00:00,07/09/2024 20:50:00,1,5:50:00,"0,24",,,,,,,,,,
2024,9,07/09/2024 23:23:00,08/09/2024 00:25:00,1,1:02:00,"0,04",,,,,,,,,,
2024,9,07/09/2024 23:30:00,08/09/2024 00:30:00,1,1:00:00,"0,04",,,,,,,,,,
2024,9,08/09/2024 00:01:00,08/09/2024 01:10:00,1,1:09:00,"0,05",,,,,,,,,,
2024,9,08/09/2024 10:06:00,10/09/2024 18:40:00,1,56:34:00,"2,36",,,,,,,,,,
2024,9,08/09/2024 14:30:00,08/09/2024 16:00:00,1,1:30:00,"0,06",,,,,,,,,,
2024,9,09/09/2024 01:00:00,13/09/2024 19:30:00,1,114:30:00,"4,77",,,,,,,,,,
2024,9,09/09/2024 06:18:00,14/09/2024 06:55:00,1,120:37:00,"5,03",,,,,,,,,,
2024,9,09/09/2024 20:20:00,13/09/2024 17:25:00,1,93:05:00,"3,88",,,,,,,,,,
2024,9,09/09/2024 23:36:00,12/09/2024 02:37:00,1,51:01:00,"2,13",,,,,,,,,,
2024,9,10/09/2024 02:48:00,10/09/2024 13:15:00,1,10:27:00,"0,44",,,,,,,,,,
2024,9,10/09/2024 03:06:00,10/09/2024 03:18:00,1,0:12:00,"0,01",,,,,,,,,,
2024,9,10/09/2024 03:18:00,17/09/2024 22:10:00,1,186:52:00,"7,79",,,,,,,,,,
2024,9,10/09/2024 10:00:00,11/09/2024 11:00:00,1,25:00:00,"1,04",,,,,,,,,,
2024,9,10/09/2024 11:00:00,10/09/2024 12:10:00,1,1:10:00,"0,05",,,,,,,,,,
2024,9,10/09/2024 17:00:00,10/09/2024 18:05:00,1,1:05:00,"0,05",,,,,,,,,,
2024,9,11/09/2024 06:24:00,11/09/2024 12:30:00,1,6:06:00,"0,25",,,,,,,,,,
2024,9,11/09/2024 08:00:00,25/09/2024 22:55:00,1,350:55:00,"14,62",,,,,,,,,,
2024,9,11/09/2024 09:48:00,13/09/2024 08:10:00,1,46:22:00,"1,93",,,,,,,,,,
2024,9,11/09/2024 10:00:00,14/09/2024 19:20:00,1,81:20:00,"3,39",,,,,,,,,,
2024,9,11/09/2024 23:00:00,12/09/2024 00:01:00,1,1:01:00,"0,04",,,,,,,,,,
2024,9,12/09/2024 03:30:00,12/09/2024 09:05:00,1,5:35:00,"0,23",,,,,,,,,,
2024,9,12/09/2024 09:30:00,23/09/2024 20:00:00,1,274:30:00,"11,44",,,,,,,,,,
2024,9,12/09/2024 12:00:00,19/09/2024 21:20:00,1,177:20:00,"7,39",,,,,,,,,,
2024,9,12/09/2024 13:00:00,20/09/2024 15:30:00,1,194:30:00,"8,10",,,,,,,,,,
2024,9,12/09/2024 15:30:00,12/09/2024 21:05:00,1,5:35:00,"0,23",,,,,,,,,,
2024,9,12/09/2024 20:00:00,17/09/2024 22:00:00,1,122:00:00,"5,08",,,,,,,,,,
2024,9,13/09/2024 00:01:00,25/09/2024 18:00:00,1,305:59:00,"12,75",,,,,,,,,,
2024,9,13/09/2024 11:30:00,16/09/2024 22:10:00,1,82:40:00,"3,44",,,,,,,,,,
2024,9,13/09/2024 13:30:00,18/09/2024 03:20:00,1,109:50:00,"4,58",,,,,,,,,,
2024,9,13/09/2024 19:00:00,21/09/2024 21:30:00,1,194:30:00,"8,10",,,,,,,,,,
2024,9,13/09/2024 19:54:00,20/09/2024 02:20:00,1,150:26:00,"6,27",,,,,,,,,,
2024,9,13/09/2024 23:30:00,14/09/2024 06:15:00,1,6:45:00,"0,28",,,,,,,,,,
2024,9,13/09/2024 23:36:00,14/09/2024 11:15:00,1,11:39:00,"0,49",,,,,,,,,,
2024,9,13/09/2024 23:48:00,19/09/2024 20:30:00,1,140:42:00,"5,86",,,,,,,,,,
2024,9,14/09/2024 00:50:00,19/09/2024 19:35:00,1,138:45:00,"5,78",,,,,,,,,,
2024,9,14/09/2024 04:00:00,14/09/2024 06:50:00,1,2:50:00,"0,12",,,,,,,,,,
2024,9,14/09/2024 10:30:00,24/09/2024 09:15:00,1,238:45:00,"9,95",,,,,,,,,,
2024,9,15/09/2024 04:34:00,15/09/2024 05:45:00,1,1:11:00,"0,05",,,,,,,,,,
2024,9,15/09/2024 05:45:00,15/09/2024 07:19:00,1,1:34:00,"0,07",,,,,,,,,,
2024,9,15/09/2024 16:00:00,18/09/2024 11:10:00,1,67:10:00,"2,80",,,,,,,,,,
2024,9,15/09/2024 20:00:00,16/09/2024 14:15:00,1,18:15:00,"0,76",,,,,,,,,,
2024,9,15/09/2024 21:20:00,27/09/2024 17:10:00,1,283:50:00,"11,83",,,,,,,,,,
2024,9,15/09/2024 22:15:00,15/09/2024 23:50:00,1,1:35:00,"0,07",,,,,,,,,,
2024,9,15/09/2024 23:45:00,24/09/2024 10:50:00,1,203:05:00,"8,46",,,,,,,,,,
2024,9,16/09/2024 00:01:00,20/09/2024 14:08:00,1,110:07:00,"4,59",,,,,,,,,,
2024,9,16/09/2024 08:00:00,20/09/2024 06:55:00,1,94:55:00,"3,95",,,,,,,,,,
2024,9,16/09/2024 15:45:00,22/09/2024 15:40:00,1,143:55:00,"6,00",,,,,,,,,,
2024,9,16/09/2024 18:00:00,17/09/2024 15:35:00,1,21:35:00,"0,90",,,,,,,,,,
2024,9,16/09/2024 20:00:00,17/09/2024 16:30:00,1,20:30:00,"0,85",,,,,,,,,,
2024,9,16/09/2024 20:45:00,16/09/2024 23:10:00,1,2:25:00,"0,10",,,,,,,,,,
2024,9,16/09/2024 22:30:00,21/09/2024 01:24:00,1,98:54:00,"4,12",,,,,,,,,,
2024,9,17/09/2024 01:26:00,17/09/2024 02:48:00,1,1:22:00,"0,06",,,,,,,,,,
2024,9,17/09/2024 10:24:00,20/09/2024 02:45:00,1,64:21:00,"2,68",,,,,,,,,,
2024,9,17/09/2024 17:00:00,17/09/2024 17:30:00,1,0:30:00,"0,02",,,,,,,,,,
2024,9,18/09/2024 06:30:00,21/09/2024 05:05:00,1,70:35:00,"2,94",,,,,,,,,,
2024,9,18/09/2024 10:00:00,26/09/2024 04:46:00,1,186:46:00,"7,78",,,,,,,,,,
2024,9,19/09/2024 00:42:00,22/09/2024 02:25:00,1,73:43:00,"3,07",,,,,,,,,,
2024,9,19/09/2024 06:00:00,23/09/2024 01:05:00,1,91:05:00,"3,80",,,,,,,,,,
2024,9,19/09/2024 12:45:00,19/09/2024 19:25:00,1,6:40:00,"0,28",,,,,,,,,,
2024,9,20/09/2024 06:30:00,23/09/2024 01:36:00,1,67:06:00,"2,80",,,,,,,,,,
2024,9,20/09/2024 07:50:00,24/09/2024 11:05:00,1,99:15:00,"4,14",,,,,,,,,,
2024,9,21/09/2024 03:56:00,21/09/2024 04:50:00,1,0:54:00,"0,04",,,,,,,,,,
2024,9,21/09/2024 16:00:00,23/09/2024 14:50:00,1,46:50:00,"1,95",,,,,,,,,,
2024,9,22/09/2024 00:01:00,25/09/2024 07:45:00,1,79:44:00,"3,32",,,,,,,,,,
2024,9,22/09/2024 00:15:00,22/09/2024 01:40:00,1,1:25:00,"0,06",,,,,,,,,,
2024,9,22/09/2024 01:30:00,22/09/2024 02:54:00,1,1:24:00,"0,06",,,,,,,,,,
2024,9,22/09/2024 18:30:00,22/09/2024 19:30:00,1,1:00:00,"0,04",,,,,,,,,,
2024,9,23/09/2024 00:01:00,23/09/2024 00:28:00,1,0:27:00,"0,02",,,,,,,,,,
2024,9,23/09/2024 02:24:00,26/09/2024 04:15:00,1,73:51:00,"3,08",,,,,,,,,,
2024,9,23/09/2024 13:05:00,23/09/2024 13:45:00,1,0:40:00,"0,03",,,,,,,,,,
2024,9,23/09/2024 14:00:00,23/09/2024 15:10:00,1,1:10:00,"0,05",,,,,,,,,,
2024,9,23/09/2024 18:15:00,23/09/2024 19:30:00,1,1:15:00,"0,05",,,,,,,,,,
2024,9,23/09/2024 18:45:00,23/09/2024 19:40:00,1,0:55:00,"0,04",,,,,,,,,,
2024,9,23/09/2024 23:00:00,24/09/2024 00:10:00,1,1:10:00,"0,05",,,,,,,,,,
2024,9,24/09/2024 10:00:00,26/09/2024 20:15:00,1,58:15:00,"2,43",,,,,,,,,,
2024,9,24/09/2024 16:15:00,24/09/2024 18:15:00,1,2:00:00,"0,08",,,,,,,,,,
2024,9,24/09/2024 19:48:00,24/09/2024 20:40:00,1,0:52:00,"0,04",,,,,,,,,,
2024,9,25/09/2024 01:00:00,25/09/2024 22:00:00,1,21:00:00,"0,88",,,,,,,,,,
2024,9,25/09/2024 05:30:00,27/09/2024 13:30:00,1,56:00:00,"2,33",,,,,,,,,,
2024,9,25/09/2024 08:45:00,25/09/2024 09:47:00,1,1:02:00,"0,04",,,,,,,,,,
2024,9,25/09/2024 10:45:00,26/09/2024 21:22:00,1,34:37:00,"1,44",,,,,,,,,,
2024,9,26/09/2024 13:12:00,26/09/2024 20:43:00,1,7:31:00,"0,31",,,,,,,,,,
2024,9,26/09/2024 15:45:00,26/09/2024 16:55:00,1,1:10:00,"0,05",,,,,,,,,,
2024,9,26/09/2024 19:00:00,26/09/2024 20:05:00,1,1:05:00,"0,05",,,,,,,,,,
2024,9,26/09/2024 19:45:00,26/09/2024 21:05:00,1,1:20:00,"0,06",,,,,,,,,,
2024,9,27/09/2024 20:30:00,27/09/2024 21:35:00,1,1:05:00,"0,05",,,,,,,,,,
2024,9,28/09/2024 04:30:00,28/09/2024 05:20:00,1,0:50:00,"0,03",,,,,,,,,,
2024,9,28/09/2024 05:00:00,28/09/2024 20:42:00,1,15:42:00,"0,65",,,,,,,,,,
2024,9,29/09/2024 01:15:00,29/09/2024 01:55:00,1,0:40:00,"0,03",,,,,,,,,,
2024,9,29/09/2024 05:00:00,29/09/2024 05:20:00,1,0:20:00,"0,01",,,,,,,,,,
2024,10,04/09/2024 08:00:00,29/09/2024 14:45:00,1,606:45:00,"25,28",,,,,,,,,,
2024,10,07/09/2024 17:18:00,29/09/2024 15:30:00,1,526:12:00,"21,93",,,,,,,,,,
2024,10,11/09/2024 22:48:00,28/09/2024 19:10:00,1,404:22:00,"16,85",,,,,,,,,,
2024,10,12/09/2024 03:18:00,02/10/2024 05:55:00,1,482:37:00,"20,11",,,,,,,,,,
2024,10,12/09/2024 08:00:00,28/09/2024 09:40:00,1,385:40:00,"16,07",,,,,,,,,,
2024,10,12/09/2024 10:00:00,03/10/2024 18:40:00,1,512:40:00,"21,36",,,,,,,,,,
2024,10,15/09/2024 19:00:00,07/10/2024 22:35:00,1,531:35:00,"22,15",,,,,,,,,,
2024,10,15/09/2024 19:30:00,18/10/2024 14:30:00,1,787:00:00,"32,79",,,,,,,,,,
2024,10,17/09/2024 09:30:00,21/09/2024 01:45:00,1,88:15:00,"3,68",,,,,,,,,,
2024,10,17/09/2024 12:00:00,07/10/2024 14:30:00,1,482:30:00,"20,10",,,,,,,,,,
2024,10,17/09/2024 13:30:00,01/10/2024 13:10:00,1,335:40:00,"13,99",,,,,,,,,,
2024,10,18/09/2024 16:00:00,11/10/2024 04:05:00,1,540:05:00,"22,50",,,,,,,,,,
2024,10,19/09/2024 05:20:00,24/09/2024 21:00:00,1,135:40:00,"5,65",,,,,,,,,,
2024,10,19/09/2024 12:00:00,29/09/2024 09:10:00,1,237:10:00,"9,88",,,,,,,,,,
2024,10,21/09/2024 03:56:00,30/09/2024 09:15:00,1,221:19:00,"9,22",,,,,,,,,,
2024,10,21/09/2024 22:30:00,06/10/2024 00:35:00,1,338:05:00,"14,09",,,,,,,,,,
2024,10,22/09/2024 07:30:00,30/09/2024 21:40:00,1,206:10:00,"8,59",,,,,,,,,,
2024,10,22/09/2024 09:10:00,02/10/2024 15:50:00,1,246:40:00,"10,28",,,,,,,,,,
2024,10,23/09/2024 11:42:00,01/10/2024 03:50:00,1,184:08:00,"7,67",,,,,,,,,,
2024,10,24/09/2024 09:45:00,02/10/2024 22:28:00,1,204:43:00,"8,53",,,,,,,,,,
2024,10,24/09/2024 10:30:00,13/10/2024 03:25:00,1,448:55:00,"18,70",,,,,,,,,,
2024,10,24/09/2024 20:30:00,02/10/2024 02:48:00,1,174:18:00,"7,26",,,,,,,,,,
2024,10,24/09/2024 21:00:00,01/10/2024 21:00:00,1,168:00:00,"7,00",,,,,,,,,,
2024,10,24/09/2024 23:30:00,08/10/2024 01:38:00,1,314:08:00,"13,09",,,,,,,,,,
2024,10,25/09/2024 03:00:00,04/10/2024 12:05:00,1,225:05:00,"9,38",,,,,,,,,,
2024,10,25/09/2024 03:18:00,04/10/2024 17:10:00,1,229:52:00,"9,58",,,,,,,,,,
2024,10,25/09/2024 11:18:00,25/09/2024 16:40:00,1,5:22:00,"0,22",,,,,,,,,,
2024,10,25/09/2024 18:00:00,29/09/2024 07:05:00,1,85:05:00,"3,55",,,,,,,,,,
2024,10,26/09/2024 08:54:00,26/09/2024 21:36:00,1,12:42:00,"0,53",,,,,,,,,,
2024,10,26/09/2024 21:40:00,05/10/2024 09:05:00,1,203:25:00,"8,48",,,,,,,,,,
2024,10,27/09/2024 16:42:00,09/10/2024 12:35:00,1,283:53:00,"11,83",,,,,,,,,,
2024,10,28/09/2024 01:42:00,29/09/2024 18:45:00,1,41:03:00,"1,71",,,,,,,,,,
2024,10,28/09/2024 05:30:00,28/09/2024 06:15:00,1,0:45:00,"0,03",,,,,,,,,,
2024,10,28/09/2024 14:00:00,01/10/2024 04:55:00,1,62:55:00,"2,62",,,,,,,,,,
2024,10,28/09/2024 14:15:00,01/10/2024 04:15:00,1,62:00:00,"2,58",,,,,,,,,,
2024,10,28/09/2024 19:10:00,02/10/2024 11:05:00,1,87:55:00,"3,66",,,,,,,,,,
2024,10,28/09/2024 22:30:00,28/09/2024 23:54:00,1,1:24:00,"0,06",,,,,,,,,,
2024,10,28/09/2024 23:30:00,04/10/2024 07:20:00,1,127:50:00,"5,33",,,,,,,,,,
2024,10,29/09/2024 06:18:00,17/10/2024 18:15:00,1,443:57:00,"18,50",,,,,,,,,,
2024,10,29/09/2024 14:50:00,03/10/2024 22:25:00,1,103:35:00,"4,32",,,,,,,,,,
2024,10,29/09/2024 16:30:00,29/09/2024 19:00:00,1,2:30:00,"0,10",,,,,,,,,,
2024,10,29/09/2024 18:48:00,30/09/2024 08:29:00,1,13:41:00,"0,57",,,,,,,,,,
2024,10,29/09/2024 19:12:00,10/10/2024 05:51:00,1,250:39:00,"10,44",,,,,,,,,,
2024,10,29/09/2024 20:30:00,29/09/2024 21:56:00,1,1:26:00,"0,06",,,,,,,,,,
2024,10,30/09/2024 05:36:00,03/10/2024 02:20:00,1,68:44:00,"2,86",,,,,,,,,,
2024,10,30/09/2024 06:54:00,02/10/2024 22:22:00,1,63:28:00,"2,64",,,,,,,,,,
2024,10,30/09/2024 11:00:00,01/10/2024 21:40:00,1,34:40:00,"1,44",,,,,,,,,,
2024,10,30/09/2024 20:25:00,06/10/2024 12:55:00,1,136:30:00,"5,69",,,,,,,,,,
2024,10,30/09/2024 21:01:00,30/09/2024 22:00:00,1,0:59:00,"0,04",,,,,,,,,,
2024,10,01/10/2024 00:01:00,15/10/2024 04:11:00,1,340:10:00,"14,17",,,,,,,,,,
2024,10,01/10/2024 05:36:00,12/10/2024 22:15:00,1,280:39:00,"11,69",,,,,,,,,,
2024,10,01/10/2024 07:00:00,14/10/2024 22:50:00,1,327:50:00,"13,66",,,,,,,,,,
2024,10,01/10/2024 07:30:00,12/10/2024 07:30:00,1,264:00:00,"11,00",,,,,,,,,,
2024,10,01/10/2024 09:00:00,05/10/2024 09:30:00,1,96:30:00,"4,02",,,,,,,,,,
2024,10,01/10/2024 11:00:00,01/10/2024 12:30:00,1,1:30:00,"0,06",,,,,,,,,,
2024,10,01/10/2024 11:30:00,01/10/2024 12:40:00,1,1:10:00,"0,05",,,,,,,,,,
2024,10,01/10/2024 12:00:00,01/10/2024 13:05:00,1,1:05:00,"0,05",,,,,,,,,,
2024,10,01/10/2024 19:45:00,01/10/2024 20:43:00,1,0:58:00,"0,04",,,,,,,,,,
2024,10,01/10/2024 21:00:00,03/10/2024 18:21:00,1,45:21:00,"1,89",,,,,,,,,,
2024,10,02/10/2024 01:00:00,02/10/2024 02:40:00,1,1:40:00,"0,07",,,,,,,,,,
2024,10,02/10/2024 04:20:00,09/10/2024 07:40:00,1,171:20:00,"7,14",,,,,,,,,,
2024,10,02/10/2024 06:36:00,15/10/2024 16:55:00,1,322:19:00,"13,43",,,,,,,,,,
2024,10,02/10/2024 07:00:00,03/10/2024 12:45:00,1,29:45:00,"1,24",,,,,,,,,,
2024,10,02/10/2024 07:24:00,08/10/2024 17:20:00,1,153:56:00,"6,41",,,,,,,,,,
2024,10,02/10/2024 10:30:00,05/10/2024 13:42:00,1,75:12:00,"3,13",,,,,,,,,,
2024,10,02/10/2024 11:18:00,02/10/2024 23:20:00,1,12:02:00,"0,50",,,,,,,,,,
2024,10,02/10/2024 14:39:00,24/10/2024 00:10:00,1,513:31:00,"21,40",,,,,,,,,,
2024,10,03/10/2024 01:12:00,15/10/2024 08:55:00,1,295:43:00,"12,32",,,,,,,,,,
2024,10,03/10/2024 16:00:00,08/10/2024 22:05:00,1,126:05:00,"5,25",,,,,,,,,,
2024,10,03/10/2024 18:00:00,13/10/2024 10:35:00,1,232:35:00,"9,69",,,,,,,,,,
2024,10,04/10/2024 02:24:00,07/10/2024 03:33:00,1,73:09:00,"3,05",,,,,,,,,,
2024,10,04/10/2024 07:30:00,04/10/2024 08:21:00,1,0:51:00,"0,04",,,,,,,,,,
2024,10,04/10/2024 08:15:00,04/10/2024 09:20:00,1,1:05:00,"0,05",,,,,,,,,,
2024,10,04/10/2024 12:13:00,11/10/2024 08:00:00,1,163:47:00,"6,82",,,,,,,,,,
2024,10,04/10/2024 13:48:00,13/10/2024 03:43:00,1,205:55:00,"8,58",,,,,,,,,,
2024,10,04/10/2024 14:30:00,17/10/2024 07:50:00,1,305:20:00,"12,72",,,,,,,,,,
2024,10,04/10/2024 18:00:00,05/10/2024 19:35:00,1,25:35:00,"1,07",,,,,,,,,,
2024,10,04/10/2024 19:00:00,04/10/2024 19:50:00,1,0:50:00,"0,03",,,,,,,,,,
2024,10,04/10/2024 21:12:00,07/10/2024 19:50:00,1,70:38:00,"2,94",,,,,,,,,,
2024,10,05/10/2024 01:00:00,13/10/2024 03:50:00,1,194:50:00,"8,12",,,,,,,,,,
2024,10,05/10/2024 03:30:00,10/10/2024 11:40:00,1,128:10:00,"5,34",,,,,,,,,,
2024,10,05/10/2024 05:32:00,07/10/2024 19:50:00,1,62:18:00,"2,60",,,,,,,,,,
2024,10,05/10/2024 08:00:00,25/10/2024 00:35:00,1,472:35:00,"19,69",,,,,,,,,,
2024,10,05/10/2024 12:20:00,05/10/2024 12:55:00,1,0:35:00,"0,02",,,,,,,,,,
2024,10,05/10/2024 12:30:00,09/10/2024 12:30:00,1,96:00:00,"4,00",,,,,,,,,,
2024,10,06/10/2024 02:42:00,12/10/2024 18:15:00,1,159:33:00,"6,65",,,,,,,,,,
2024,10,06/10/2024 07:00:00,07/10/2024 08:40:00,1,25:40:00,"1,07",,,,,,,,,,
2024,10,06/10/2024 07:42:00,26/10/2024 08:48:00,1,481:06:00,"20,05",,,,,,,,,,
2024,10,06/10/2024 09:15:00,15/10/2024 03:50:00,1,210:35:00,"8,77",,,,,,,,,,
2024,10,06/10/2024 09:18:00,06/10/2024 19:40:00,1,10:22:00,"0,43",,,,,,,,,,
2024,10,06/10/2024 10:30:00,16/10/2024 03:20:00,1,232:50:00,"9,70",,,,,,,,,,
2024,10,06/10/2024 11:00:00,12/10/2024 18:09:00,1,151:09:00,"6,30",,,,,,,,,,
2024,10,06/10/2024 16:00:00,08/10/2024 21:10:00,1,53:10:00,"2,22",,,,,,,,,,
2024,10,06/10/2024 18:00:00,14/10/2024 18:00:00,1,192:00:00,"8,00",,,,,,,,,,
2024,10,06/10/2024 18:30:00,06/10/2024 19:40:00,1,1:10:00,"0,05",,,,,,,,,,
2024,10,06/10/2024 20:21:00,06/10/2024 21:21:00,1,1:00:00,"0,04",,,,,,,,,,
2024,10,07/10/2024 06:00:00,17/10/2024 03:25:00,1,237:25:00,"9,89",,,,,,,,,,
2024,10,07/10/2024 14:00:00,25/10/2024 17:20:00,1,435:20:00,"18,14",,,,,,,,,,
2024,10,07/10/2024 21:15:00,07/10/2024 22:50:00,1,1:35:00,"0,07",,,,,,,,,,
2024,10,08/10/2024 06:30:00,18/10/2024 15:30:00,1,249:00:00,"10,38",,,,,,,,,,
2024,10,08/10/2024 07:30:00,08/10/2024 09:20:00,1,1:50:00,"0,08",,,,,,,,,,
2024,10,08/10/2024 07:36:00,19/10/2024 00:00:00,1,256:24:00,"10,68",,,,,,,,,,
2024,10,08/10/2024 09:30:00,08/10/2024 12:35:00,1,3:05:00,"0,13",,,,,,,,,,
2024,10,08/10/2024 12:00:00,20/10/2024 18:05:00,1,294:05:00,"12,25",,,,,,,,,,
2024,10,08/10/2024 16:00:00,11/10/2024 12:50:00,1,68:50:00,"2,87",,,,,,,,,,
2024,10,08/10/2024 18:30:00,14/10/2024 10:55:00,1,136:25:00,"5,68",,,,,,,,,,
2024,10,09/10/2024 00:01:00,09/10/2024 01:15:00,1,1:14:00,"0,05",,,,,,,,,,
2024,10,09/10/2024 09:00:00,15/10/2024 11:20:00,1,146:20:00,"6,10",,,,,,,,,,
2024,10,09/10/2024 19:00:00,23/10/2024 16:30:00,1,333:30:00,"13,90",,,,,,,,,,
2024,10,09/10/2024 21:03:00,09/10/2024 22:25:00,1,1:22:00,"0,06",,,,,,,,,,
2024,10,10/10/2024 05:00:00,10/10/2024 09:00:00,1,4:00:00,"0,17",,,,,,,,,,
2024,10,10/10/2024 11:12:00,11/10/2024 22:29:00,1,35:17:00,"1,47",,,,,,,,,,
2024,10,10/10/2024 14:12:00,16/10/2024 15:22:00,1,145:10:00,"6,05",,,,,,,,,,
2024,10,10/10/2024 15:00:00,10/10/2024 16:10:00,1,1:10:00,"0,05",,,,,,,,,,
2024,10,10/10/2024 21:39:00,10/10/2024 23:05:00,1,1:26:00,"0,06",,,,,,,,,,
2024,10,11/10/2024 03:48:00,22/10/2024 11:25:00,1,271:37:00,"11,32",,,,,,,,,,
2024,10,11/10/2024 15:00:00,28/10/2024 00:50:00,1,393:50:00,"16,41",,,,,,,,,,
2024,10,11/10/2024 16:00:00,14/10/2024 00:50:00,1,56:50:00,"2,37",,,,,,,,,,
2024,10,12/10/2024 03:00:00,14/10/2024 05:35:00,1,50:35:00,"2,11",,,,,,,,,,
2024,10,12/10/2024 12:50:00,13/10/2024 03:20:00,1,14:30:00,"0,60",,,,,,,,,,
2024,10,12/10/2024 18:30:00,24/10/2024 03:18:00,1,272:48:00,"11,37",,,,,,,,,,
2024,10,13/10/2024 00:10:00,13/10/2024 00:50:00,1,0:40:00,"0,03",,,,,,,,,,
2024,10,13/10/2024 10:12:00,22/10/2024 20:24:00,1,226:12:00,"9,42",,,,,,,,,,
2024,10,13/10/2024 15:00:00,13/10/2024 17:36:00,1,2:36:00,"0,11",,,,,,,,,,
2024,10,14/10/2024 07:00:00,15/10/2024 22:50:00,1,39:50:00,"1,66",,,,,,,,,,
2024,10,14/10/2024 08:50:00,14/10/2024 17:25:00,1,8:35:00,"0,36",,,,,,,,,,
2024,10,14/10/2024 09:30:00,27/10/2024 18:35:00,1,321:05:00,"13,38",,,,,,,,,,
2024,10,14/10/2024 10:00:00,14/10/2024 15:46:00,1,5:46:00,"0,24",,,,,,,,,,
2024,10,14/10/2024 14:00:00,15/10/2024 17:02:00,1,27:02:00,"1,13",,,,,,,,,,
2024,10,14/10/2024 16:42:00,19/10/2024 08:25:00,1,111:43:00,"4,65",,,,,,,,,,
2024,10,14/10/2024 20:29:00,17/10/2024 09:00:00,1,60:31:00,"2,52",,,,,,,,,,
2024,10,14/10/2024 21:10:00,16/10/2024 03:40:00,1,30:30:00,"1,27",,,,,,,,,,
2024,10,14/10/2024 22:00:00,14/10/2024 22:55:00,1,0:55:00,"0,04",,,,,,,,,,
2024,10,15/10/2024 11:00:00,16/10/2024 00:10:00,1,13:10:00,"0,55",,,,,,,,,,
2024,10,16/10/2024 08:00:00,16/10/2024 09:00:00,1,1:00:00,"0,04",,,,,,,,,,
2024,10,16/10/2024 13:00:00,16/10/2024 15:06:00,1,2:06:00,"0,09",,,,,,,,,,
2024,10,16/10/2024 17:00:00,20/10/2024 11:55:00,1,90:55:00,"3,79",,,,,,,,,,
2024,10,16/10/2024 23:00:00,23/10/2024 01:55:00,1,146:55:00,"6,12",,,,,,,,,,
2024,10,17/10/2024 00:12:00,17/10/2024 21:00:00,1,20:48:00,"0,87",,,,,,,,,,
2024,10,17/10/2024 03:00:00,17/10/2024 04:05:00,1,1:05:00,"0,05",,,,,,,,,,
2024,10,17/10/2024 06:30:00,21/10/2024 09:15:00,1,98:45:00,"4,11",,,,,,,,,,
2024,10,17/10/2024 15:18:00,22/10/2024 13:30:00,1,118:12:00,"4,93",,,,,,,,,,
2024,10,17/10/2024 21:18:00,24/10/2024 09:50:00,1,156:32:00,"6,52",,,,,,,,,,
2024,10,18/10/2024 01:30:00,29/10/2024 20:20:00,1,282:50:00,"11,78",,,,,,,,,,
2024,10,18/10/2024 02:42:00,26/10/2024 00:17:00,1,189:35:00,"7,90",,,,,,,,,,
2024,10,18/10/2024 13:24:00,21/10/2024 02:55:00,1,61:31:00,"2,56",,,,,,,,,,
2024,10,18/10/2024 19:07:00,18/10/2024 19:50:00,1,0:43:00,"0,03",,,,,,,,,,
2024,10,18/10/2024 21:20:00,18/10/2024 22:32:00,1,1:12:00,"0,05",,,,,,,,,,
2024,10,18/10/2024 23:30:00,23/10/2024 01:45:00,1,98:15:00,"4,09",,,,,,,,,,
2024,10,19/10/2024 02:00:00,25/10/2024 01:45:00,1,143:45:00,"5,99",,,,,,,,,,
2024,10,19/10/2024 03:48:00,21/10/2024 13:45:00,1,57:57:00,"2,41",,,,,,,,,,
2024,10,19/10/2024 05:36:00,26/10/2024 17:20:00,1,179:44:00,"7,49",,,,,,,,,,
2024,10,19/10/2024 08:30:00,19/10/2024 09:30:00,1,1:00:00,"0,04",,,,,,,,,,
2024,10,19/10/2024 08:45:00,22/10/2024 12:10:00,1,75:25:00,"3,14",,,,,,,,,,
2024,10,19/10/2024 10:30:00,19/10/2024 12:02:00,1,1:32:00,"0,06",,,,,,,,,,
2024,10,20/10/2024 04:30:00,20/10/2024 05:30:00,1,1:00:00,"0,04",,,,,,,,,,
2024,10,21/10/2024 16:12:00,22/10/2024 03:05:00,1,10:53:00,"0,45",,,,,,,,,,
2024,10,21/10/2024 18:15:00,21/10/2024 19:30:00,1,1:15:00,"0,05",,,,,,,,,,
2024,10,21/10/2024 20:12:00,23/10/2024 09:05:00,1,36:53:00,"1,54",,,,,,,,,,
2024,10,22/10/2024 07:00:00,28/10/2024 08:50:00,1,145:50:00,"6,08",,,,,,,,,,
2024,10,22/10/2024 10:00:00,26/10/2024 22:00:00,1,108:00:00,"4,50",,,,,,,,,,
2024,10,22/10/2024 19:00:00,22/10/2024 19:55:00,1,0:55:00,"0,04",,,,,,,,,,
2024,10,23/10/2024 18:00:00,23/10/2024 18:40:00,1,0:40:00,"0,03",,,,,,,,,,
2024,10,24/10/2024 12:00:00,25/10/2024 05:15:00,1,17:15:00,"0,72",,,,,,,,,,
2024,10,24/10/2024 16:00:00,25/10/2024 02:00:00,1,10:00:00,"0,42",,,,,,,,,,
2024,10,24/10/2024 20:36:00,25/10/2024 06:20:00,1,9:44:00,"0,41",,,,,,,,,,
2024,10,24/10/2024 23:05:00,24/10/2024 23:40:00,1,0:35:00,"0,02",,,,,,,,,,
2024,10,25/10/2024 02:00:00,25/10/2024 05:50:00,1,3:50:00,"0,16",,,,,,,,,,
2024,10,25/10/2024 04:00:00,25/10/2024 05:20:00,1,1:20:00,"0,06",,,,,,,,,,
2024,10,25/10/2024 04:00:00,26/10/2024 09:05:00,1,29:05:00,"1,21",,,,,,,,,,
2024,10,25/10/2024 05:00:00,29/10/2024 06:25:00,1,97:25:00,"4,06",,,,,,,,,,
2024,10,25/10/2024 06:00:00,25/10/2024 06:20:00,1,0:20:00,"0,01",,,,,,,,,,
2024,10,25/10/2024 08:30:00,26/10/2024 17:53:00,1,33:23:00,"1,39",,,,,,,,,,
2024,10,26/10/2024 00:30:00,26/10/2024 01:51:00,1,1:21:00,"0,06",,,,,,,,,,
2024,10,26/10/2024 04:00:00,26/10/2024 23:55:00,1,19:55:00,"0,83",,,,,,,,,,
2024,10,26/10/2024 12:30:00,26/10/2024 12:55:00,1,0:25:00,"0,02",,,,,,,,,,
2024,10,27/10/2024 04:09:00,27/10/2024 05:00:00,1,0:51:00,"0,04",,,,,,,,,,
2024,10,27/10/2024 06:30:00,28/10/2024 04:02:00,1,21:32:00,"0,90",,,,,,,,,,
2024,10,27/10/2024 08:30:00,27/10/2024 09:40:00,1,1:10:00,"0,05",,,,,,,,,,
2024,10,27/10/2024 15:00:00,29/10/2024 22:42:00,1,55:42:00,"2,32",,,,,,,,,,
2024,10,29/10/2024 08:00:00,29/10/2024 08:55:00,1,0:55:00,"0,04",,,,,,,,,,
2024,10,29/10/2024 20:59:00,29/10/2024 21:45:00,1,0:46:00,"0,03",,,,,,,,,,
2024,10,30/10/2024 16:30:00,30/10/2024 17:45:00,1,1:15:00,"0,05",,,,,,,,,,
2024,11,25/09/2024 18:00:00,31/10/2024 02:30:00,1,848:30:00,"35,35",,,,,,,,,,
2024,11,06/10/2024 16:36:00,04/11/2024 19:45:00,1,699:09:00,"29,13",,,,,,,,,,
2024,11,09/10/2024 21:00:00,22/10/2024 21:15:00,1,312:15:00,"13,01",,,,,,,,,,
2024,11,10/10/2024 03:40:00,30/10/2024 17:30:00,1,493:50:00,"20,58",,,,,,,,,,
2024,11,15/10/2024 04:40:00,31/10/2024 15:55:00,1,395:15:00,"16,47",,,,,,,,,,
2024,11,16/10/2024 03:30:00,01/11/2024 07:02:00,1,387:32:00,"16,15",,,,,,,,,,
2024,11,20/10/2024 17:15:00,28/10/2024 20:45:00,1,195:30:00,"8,15",,,,,,,,,,
2024,11,20/10/2024 17:15:00,12/11/2024 14:40:00,1,549:25:00,"22,89",,,,,,,,,,
2024,11,21/10/2024 14:48:00,30/10/2024 10:25:00,1,211:37:00,"8,82",,,,,,,,,,
2024,11,21/10/2024 20:00:00,01/11/2024 07:10:00,1,251:10:00,"10,47",,,,,,,,,,
2024,11,23/10/2024 05:24:00,28/10/2024 20:45:00,1,135:21:00,"5,64",,,,,,,,,,
2024,11,24/10/2024 05:00:00,01/11/2024 03:49:00,1,190:49:00,"7,95",,,,,,,,,,
2024,11,24/10/2024 10:06:00,06/11/2024 14:00:00,1,315:54:00,"13,16",,,,,,,,,,
2024,11,24/10/2024 13:15:00,24/10/2024 13:42:00,1,0:27:00,"0,02",,,,,,,,,,
2024,11,24/10/2024 13:30:00,29/10/2024 03:10:00,1,109:40:00,"4,57",,,,,,,,,,
2024,11,24/10/2024 19:18:00,14/11/2024 09:55:00,1,494:37:00,"20,61",,,,,,,,,,
2024,11,25/10/2024 18:10:00,30/10/2024 12:03:00,1,113:53:00,"4,75",,,,,,,,,,
2024,11,26/10/2024 05:30:00,07/11/2024 05:30:00,1,288:00:00,"12,00",,,,,,,,,,
2024,11,26/10/2024 17:30:00,05/11/2024 22:40:00,1,245:10:00,"10,22",,,,,,,,,,
2024,11,27/10/2024 05:24:00,03/11/2024 07:35:00,1,170:11:00,"7,09",,,,,,,,,,
2024,11,27/10/2024 16:45:00,19/11/2024 09:30:00,1,544:45:00,"22,70",,,,,,,,,,
2024,11,28/10/2024 09:00:00,28/10/2024 09:50:00,1,0:50:00,"0,03",,,,,,,,,,
2024,11,28/10/2024 11:18:00,11/11/2024 21:50:00,1,346:32:00,"14,44",,,,,,,,,,
2024,11,29/10/2024 00:28:00,05/11/2024 16:33:00,1,184:05:00,"7,67",,,,,,,,,,
2024,11,29/10/2024 02:00:00,29/10/2024 02:50:00,1,0:50:00,"0,03",,,,,,,,,,
2024,11,29/10/2024 14:00:00,29/10/2024 19:35:00,1,5:35:00,"0,23",,,,,,,,,,
2024,11,29/10/2024 15:00:00,31/10/2024 19:45:00,1,52:45:00,"2,20",,,,,,,,,,
2024,11,30/10/2024 02:30:00,04/11/2024 19:15:00,1,136:45:00,"5,70",,,,,,,,,,
2024,11,30/10/2024 03:36:00,31/10/2024 23:40:00,1,44:04:00,"1,84",,,,,,,,,,
2024,11,30/10/2024 04:35:00,30/10/2024 09:28:00,1,4:53:00,"0,20",,,,,,,,,,
2024,11,30/10/2024 08:00:00,30/10/2024 09:30:00,1,1:30:00,"0,06",,,,,,,,,,
2024,11,30/10/2024 15:30:00,31/10/2024 23:50:00,1,32:20:00,"1,35",,,,,,,,,,
2024,11,30/10/2024 22:50:00,30/10/2024 23:10:00,1,0:20:00,"0,01",,,,,,,,,,
2024,11,30/10/2024 23:30:00,31/10/2024 14:08:00,1,14:38:00,"0,61",,,,,,,,,,
2024,11,31/10/2024 01:00:00,31/10/2024 20:00:00,1,19:00:00,"0,79",,,,,,,,,,
2024,11,31/10/2024 01:48:00,06/11/2024 19:15:00,1,161:27:00,"6,73",,,,,,,,,,
2024,11,31/10/2024 06:48:00,14/11/2024 23:25:00,1,352:37:00,"14,69",,,,,,,,,,
2024,11,31/10/2024 08:00:00,01/11/2024 03:10:00,1,19:10:00,"0,80",,,,,,,,,,
2024,11,31/10/2024 14:18:00,01/11/2024 12:08:00,1,21:50:00,"0,91",,,,,,,,,,
2024,11,31/10/2024 21:00:00,01/11/2024 12:55:00,1,15:55:00,"0,66",,,,,,,,,,
2024,11,31/10/2024 23:00:00,07/11/2024 23:00:00,1,168:00:00,"7,00",,,,,,,,,,
2024,11,01/11/2024 02:30:00,01/11/2024 03:35:00,1,1:05:00,"0,05",,,,,,,,,,
2024,11,01/11/2024 04:00:00,06/11/2024 23:15:00,1,139:15:00,"5,80",,,,,,,,,,
2024,11,01/11/2024 06:00:00,01/11/2024 15:50:00,1,9:50:00,"0,41",,,,,,,,,,
2024,11,01/11/2024 11:00:00,01/11/2024 21:27:00,1,10:27:00,"0,44",,,,,,,,,,
2024,11,01/11/2024 11:30:00,05/11/2024 10:15:00,1,94:45:00,"3,95",,,,,,,,,,
2024,11,01/11/2024 14:30:00,01/11/2024 15:40:00,1,1:10:00,"0,05",,,,,,,,,,
2024,11,01/11/2024 16:26:00,01/11/2024 16:50:00,1,0:24:00,"0,02",,,,,,,,,,
2024,11,01/11/2024 21:15:00,01/11/2024 22:30:00,1,1:15:00,"0,05",,,,,,,,,,
2024,11,01/11/2024 23:24:00,07/11/2024 05:30:00,1,126:06:00,"5,25",,,,,,,,,,
2024,11,02/11/2024 07:42:00,02/11/2024 13:00:00,1,5:18:00,"0,22",,,,,,,,,,
2024,11,02/11/2024 13:12:00,05/11/2024 06:38:00,1,65:26:00,"2,73",,,,,,,,,,
2024,11,03/11/2024 00:01:00,03/11/2024 12:24:00,1,12:23:00,"0,52",,,,,,,,,,
2024,11,03/11/2024 06:00:00,03/11/2024 06:50:00,1,0:50:00,"0,03",,,,,,,,,,
2024,11,03/11/2024 12:00:00,04/11/2024 06:25:00,1,18:25:00,"0,77",,,,,,,,,,
2024,11,03/11/2024 14:00:00,03/11/2024 16:00:00,1,2:00:00,"0,08",,,,,,,,,,
2024,11,03/11/2024 15:00:00,24/11/2024 01:40:00,1,490:40:00,"20,44",,,,,,,,,,
2024,11,03/11/2024 20:48:00,06/11/2024 00:50:00,1,52:02:00,"2,17",,,,,,,,,,
2024,11,03/11/2024 23:06:00,09/11/2024 12:05:00,1,132:59:00,"5,54",,,,,,,,,,
2024,11,04/11/2024 04:30:00,05/11/2024 16:10:00,1,35:40:00,"1,49",,,,,,,,,,
2024,11,04/11/2024 07:12:00,10/11/2024 19:10:00,1,155:58:00,"6,50",,,,,,,,,,
2024,11,04/11/2024 08:15:00,04/11/2024 12:05:00,1,3:50:00,"0,16",,,,,,,,,,
2024,11,04/11/2024 10:00:00,10/11/2024 15:20:00,1,149:20:00,"6,22",,,,,,,,,,
2024,11,04/11/2024 10:30:00,04/11/2024 11:54:00,1,1:24:00,"0,06",,,,,,,,,,
2024,11,04/11/2024 22:10:00,05/11/2024 00:20:00,1,2:10:00,"0,09",,,,,,,,,,
2024,11,05/11/2024 09:00:00,05/11/2024 16:47:00,1,7:47:00,"0,32",,,,,,,,,,
2024,11,05/11/2024 12:40:00,14/11/2024 15:10:00,1,218:30:00,"9,10",,,,,,,,,,
2024,11,05/11/2024 15:00:00,18/11/2024 14:40:00,1,311:40:00,"12,99",,,,,,,,,,
2024,11,06/11/2024 05:00:00,18/11/2024 19:25:00,1,302:25:00,"12,60",,,,,,,,,,
2024,11,06/11/2024 11:00:00,06/11/2024 13:40:00,1,2:40:00,"0,11",,,,,,,,,,
2024,11,06/11/2024 11:06:00,09/11/2024 15:25:00,1,76:19:00,"3,18",,,,,,,,,,
2024,11,06/11/2024 15:30:00,06/11/2024 16:30:00,1,1:00:00,"0,04",,,,,,,,,,
2024,11,06/11/2024 20:45:00,10/11/2024 13:10:00,1,88:25:00,"3,68",,,,,,,,,,
2024,11,07/11/2024 06:30:00,10/11/2024 05:20:00,1,70:50:00,"2,95",,,,,,,,,,
2024,11,07/11/2024 09:45:00,21/11/2024 20:10:00,1,346:25:00,"14,43",,,,,,,,,,
2024,11,07/11/2024 11:30:00,07/11/2024 12:40:00,1,1:10:00,"0,05",,,,,,,,,,
2024,11,08/11/2024 02:51:00,08/11/2024 04:24:00,1,1:33:00,"0,06",,,,,,,,,,
2024,11,08/11/2024 17:30:00,11/11/2024 02:40:00,1,57:10:00,"2,38",,,,,,,,,,
2024,11,09/11/2024 05:30:00,09/11/2024 11:33:00,1,6:03:00,"0,25",,,,,,,,,,
2024,11,09/11/2024 08:00:00,11/11/2024 16:20:00,1,56:20:00,"2,35",,,,,,,,,,
2024,11,09/11/2024 16:55:00,16/11/2024 03:45:00,1,154:50:00,"6,45",,,,,,,,,,
2024,11,10/11/2024 02:00:00,12/11/2024 21:35:00,1,67:35:00,"2,82",,,,,,,,,,
2024,11,10/11/2024 04:10:00,10/11/2024 05:15:00,1,1:05:00,"0,05",,,,,,,,,,
2024,11,10/11/2024 13:15:00,11/11/2024 12:40:00,1,23:25:00,"0,98",,,,,,,,,,
2024,11,10/11/2024 16:00:00,14/11/2024 22:18:00,1,102:18:00,"4,26",,,,,,,,,,
2024,11,10/11/2024 18:30:00,12/11/2024 22:26:00,1,51:56:00,"2,16",,,,,,,,,,
2024,11,10/11/2024 19:30:00,15/11/2024 18:15:00,1,118:45:00,"4,95",,,,,,,,,,
2024,11,11/11/2024 01:30:00,11/11/2024 02:40:00,1,1:10:00,"0,05",,,,,,,,,,
2024,11,11/11/2024 07:00:00,19/11/2024 14:20:00,1,199:20:00,"8,31",,,,,,,,,,
2024,11,11/11/2024 08:00:00,11/11/2024 08:25:00,1,0:25:00,"0,02",,,,,,,,,,
2024,11,11/11/2024 08:45:00,11/11/2024 09:25:00,1,0:40:00,"0,03",,,,,,,,,,
2024,11,11/11/2024 09:00:00,15/11/2024 18:15:00,1,105:15:00,"4,39",,,,,,,,,,
2024,11,11/11/2024 21:24:00,12/11/2024 22:10:00,1,24:46:00,"1,03",,,,,,,,,,
2024,11,12/11/2024 05:45:00,12/11/2024 06:50:00,1,1:05:00,"0,05",,,,,,,,,,
2024,11,12/11/2024 07:35:00,12/11/2024 14:10:00,1,6:35:00,"0,27",,,,,,,,,,
2024,11,12/11/2024 10:00:00,22/11/2024 08:53:00,1,238:53:00,"9,95",,,,,,,,,,
2024,11,12/11/2024 14:30:00,12/11/2024 18:15:00,1,3:45:00,"0,16",,,,,,,,,,
2024,11,12/11/2024 14:30:00,18/11/2024 14:43:00,1,144:13:00,"6,01",,,,,,,,,,
2024,11,13/11/2024 02:00:00,17/11/2024 09:10:00,1,103:10:00,"4,30",,,,,,,,,,
2024,11,13/11/2024 04:00:00,21/11/2024 15:59:00,1,203:59:00,"8,50",,,,,,,,,,
2024,11,13/11/2024 07:30:00,22/11/2024 20:40:00,1,229:10:00,"9,55",,,,,,,,,,
2024,11,13/11/2024 10:00:00,13/11/2024 17:13:00,1,7:13:00,"0,30",,,,,,,,,,
2024,11,13/11/2024 11:06:00,14/11/2024 23:12:00,1,36:06:00,"1,50",,,,,,,,,,
2024,11,13/11/2024 12:30:00,17/11/2024 01:25:00,1,84:55:00,"3,54",,,,,,,,,,
2024,11,13/11/2024 17:00:00,15/11/2024 19:00:00,1,50:00:00,"2,08",,,,,,,,,,
2024,11,13/11/2024 19:06:00,13/11/2024 20:30:00,1,1:24:00,"0,06",,,,,,,,,,
2024,11,13/11/2024 20:05:00,13/11/2024 20:45:00,1,0:40:00,"0,03",,,,,,,,,,
2024,11,13/11/2024 21:00:00,16/11/2024 17:16:00,1,68:16:00,"2,84",,,,,,,,,,
2024,11,14/11/2024 04:00:00,14/11/2024 05:08:00,1,1:08:00,"0,05",,,,,,,,,,
2024,11,14/11/2024 12:45:00,19/11/2024 17:00:00,1,124:15:00,"5,18",,,,,,,,,,
2024,11,14/11/2024 16:54:00,23/11/2024 01:00:00,1,200:06:00,"8,34",,,,,,,,,,
2024,11,14/11/2024 18:00:00,14/11/2024 22:30:00,1,4:30:00,"0,19",,,,,,,,,,
2024,11,14/11/2024 20:40:00,14/11/2024 21:05:00,1,0:25:00,"0,02",,,,,,,,,,
2024,11,14/11/2024 23:50:00,20/11/2024 21:50:00,1,142:00:00,"5,92",,,,,,,,,,
2024,11,15/11/2024 09:42:00,16/11/2024 21:15:00,1,35:33:00,"1,48",,,,,,,,,,
2024,11,15/11/2024 11:50:00,21/11/2024 10:10:00,1,142:20:00,"5,93",,,,,,,,,,
2024,11,15/11/2024 15:00:00,15/11/2024 16:00:00,1,1:00:00,"0,04",,,,,,,,,,
2024,11,15/11/2024 17:30:00,21/11/2024 10:10:00,1,136:40:00,"5,69",,,,,,,,,,
2024,11,15/11/2024 18:00:00,25/11/2024 19:50:00,1,241:50:00,"10,08",,,,,,,,,,
2024,11,15/11/2024 19:00:00,15/11/2024 19:45:00,1,0:45:00,"0,03",,,,,,,,,,
2024,11,15/11/2024 22:00:00,17/11/2024 14:00:00,1,40:00:00,"1,67",,,,,,,,,,
2024,11,16/11/2024 07:12:00,16/11/2024 21:00:00,1,13:48:00,"0,57",,,,,,,,,,
2024,11,16/11/2024 10:30:00,18/11/2024 03:00:00,1,40:30:00,"1,69",,,,,,,,,,
2024,11,16/11/2024 16:30:00,19/11/2024 21:55:00,1,77:25:00,"3,23",,,,,,,,,,
2024,11,16/11/2024 17:00:00,16/11/2024 17:55:00,1,0:55:00,"0,04",,,,,,,,,,
2024,11,16/11/2024 17:15:00,19/11/2024 09:20:00,1,64:05:00,"2,67",,,,,,,,,,
2024,11,16/11/2024 17:30:00,19/11/2024 21:55:00,1,76:25:00,"3,18",,,,,,,,,,
2024,11,16/11/2024 19:15:00,16/11/2024 19:40:00,1,0:25:00,"0,02",,,,,,,,,,
2024,11,17/11/2024 01:20:00,19/11/2024 22:12:00,1,68:52:00,"2,87",,,,,,,,,,
2024,11,17/11/2024 01:45:00,17/11/2024 02:27:00,1,0:42:00,"0,03",,,,,,,,,,
2024,11,17/11/2024 06:00:00,18/11/2024 00:12:00,1,18:12:00,"0,76",,,,,,,,,,
2024,11,17/11/2024 07:30:00,17/11/2024 09:00:00,1,1:30:00,"0,06",,,,,,,,,,
2024,11,17/11/2024 12:00:00,26/11/2024 00:10:00,1,204:10:00,"8,51",,,,,,,,,,
2024,11,17/11/2024 13:30:00,17/11/2024 14:35:00,1,1:05:00,"0,05",,,,,,,,,,
2024,11,17/11/2024 13:30:00,21/11/2024 15:05:00,1,97:35:00,"4,07",,,,,,,,,,
2024,11,17/11/2024 14:00:00,21/11/2024 11:40:00,1,93:40:00,"3,90",,,,,,,,,,
2024,11,17/11/2024 17:00:00,17/11/2024 18:05:00,1,1:05:00,"0,05",,,,,,,,,,
2024,11,17/11/2024 17:30:00,19/11/2024 16:40:00,1,47:10:00,"1,97",,,,,,,,,,
2024,11,17/11/2024 23:36:00,22/11/2024 20:19:00,1,116:43:00,"4,86",,,,,,,,,,
2024,11,18/11/2024 00:30:00,19/11/2024 14:00:00,1,37:30:00,"1,56",,,,,,,,,,
2024,11,18/11/2024 14:45:00,19/11/2024 03:12:00,1,12:27:00,"0,52",,,,,,,,,,
2024,11,18/11/2024 15:00:00,18/11/2024 16:00:00,1,1:00:00,"0,04",,,,,,,,,,
2024,11,18/11/2024 16:00:00,18/11/2024 20:05:00,1,4:05:00,"0,17",,,,,,,,,,
2024,11,18/11/2024 19:00:00,18/11/2024 20:00:00,1,1:00:00,"0,04",,,,,,,,,,
2024,11,19/11/2024 06:15:00,19/11/2024 15:10:00,1,8:55:00,"0,37",,,,,,,,,,
2024,11,19/11/2024 08:15:00,26/11/2024 16:15:00,1,176:00:00,"7,33",,,,,,,,,,
2024,11,19/11/2024 13:20:00,20/11/2024 21:53:00,1,32:33:00,"1,36",,,,,,,,,,
2024,11,19/11/2024 17:00:00,23/11/2024 16:35:00,1,95:35:00,"3,98",,,,,,,,,,
2024,11,20/11/2024 05:24:00,22/11/2024 04:15:00,1,46:51:00,"1,95",,,,,,,,,,
2024,11,20/11/2024 09:30:00,25/11/2024 17:05:00,1,127:35:00,"5,32",,,,,,,,,,
2024,11,20/11/2024 16:16:00,20/11/2024 17:10:00,1,0:54:00,"0,04",,,,,,,,,,
2024,11,20/11/2024 18:45:00,20/11/2024 19:20:00,1,0:35:00,"0,02",,,,,,,,,,
2024,11,20/11/2024 20:24:00,24/11/2024 10:33:00,1,86:09:00,"3,59",,,,,,,,,,
2024,11,21/11/2024 04:00:00,21/11/2024 15:05:00,1,11:05:00,"0,46",,,,,,,,,,
2024,11,21/11/2024 12:55:00,21/11/2024 13:40:00,1,0:45:00,"0,03",,,,,,,,,,
2024,11,21/11/2024 14:30:00,26/11/2024 21:50:00,1,127:20:00,"5,31",,,,,,,,,,
2024,11,21/11/2024 16:00:00,22/11/2024 14:10:00,1,22:10:00,"0,92",,,,,,,,,,
2024,11,22/11/2024 06:06:00,23/11/2024 16:50:00,1,34:44:00,"1,45",,,,,,,,,,
2024,11,22/11/2024 13:40:00,26/11/2024 16:08:00,1,98:28:00,"4,10",,,,,,,,,,
2024,11,22/11/2024 17:25:00,22/11/2024 18:30:00,1,1:05:00,"0,05",,,,,,,,,,
2024,11,23/11/2024 13:20:00,27/11/2024 18:25:00,1,101:05:00,"4,21",,,,,,,,,,
2024,11,23/11/2024 23:00:00,25/11/2024 11:12:00,1,36:12:00,"1,51",,,,,,,,,,
2024,11,24/11/2024 02:31:00,24/11/2024 03:55:00,1,1:24:00,"0,06",,,,,,,,,,
2024,11,24/11/2024 08:00:00,26/11/2024 17:20:00,1,57:20:00,"2,39",,,,,,,,,,
2024,11,24/11/2024 17:00:00,24/11/2024 18:21:00,1,1:21:00,"0,06",,,,,,,,,,
2024,11,24/11/2024 20:00:00,24/11/2024 21:35:00,1,1:35:00,"0,07",,,,,,,,,,
2024,11,25/11/2024 01:57:00,25/11/2024 03:30:00,1,1:33:00,"0,06",,,,,,,,,,
2024,11,25/11/2024 02:09:00,25/11/2024 03:10:00,1,1:01:00,"0,04",,,,,,,,,,
2024,11,25/11/2024 07:58:00,25/11/2024 08:50:00,1,0:52:00,"0,04",,,,,,,,,,
2024,11,25/11/2024 10:30:00,26/11/2024 10:15:00,1,23:45:00,"0,99",,,,,,,,,,
2024,11,25/11/2024 11:00:00,25/11/2024 16:30:00,1,5:30:00,"0,23",,,,,,,,,,
2024,11,25/11/2024 14:55:00,25/11/2024 15:20:00,1,0:25:00,"0,02",,,,,,,,,,
2024,11,26/11/2024 15:00:00,26/11/2024 15:55:00,1,0:55:00,"0,04",,,,,,,,,,
2024,11,28/11/2024 00:36:00,28/11/2024 19:40:00,1,19:04:00,"0,79",,,,,,,,,,
2024,11,28/11/2024 21:00:00,28/11/2024 22:35:00,1,1:35:00,"0,07",,,,,,,,,,
2024,12,06/11/2024 11:06:00,13/12/2024 03:15:00,1,880:09:00,"36,67",,,,,,,,,,
2024,12,16/11/2024 12:14:00,28/11/2024 17:00:00,1,292:46:00,"12,20",,,,,,,,,,
2024,12,16/11/2024 19:00:00,28/11/2024 13:55:00,1,282:55:00,"11,79",,,,,,,,,,
2024,12,17/11/2024 17:00:00,26/11/2024 22:45:00,1,221:45:00,"9,24",,,,,,,,,,
2024,12,21/11/2024 23:18:00,05/12/2024 03:12:00,1,315:54:00,"13,16",,,,,,,,,,
2024,12,22/11/2024 13:00:00,29/11/2024 22:15:00,1,177:15:00,"7,39",,,,,,,,,,
2024,12,22/11/2024 17:30:00,29/11/2024 22:37:00,1,173:07:00,"7,21",,,,,,,,,,
2024,12,23/11/2024 13:18:00,02/12/2024 21:25:00,1,224:07:00,"9,34",,,,,,,,,,
2024,12,23/11/2024 23:00:00,25/11/2024 17:55:00,1,42:55:00,"1,79",,,,,,,,,,
2024,12,24/11/2024 10:00:00,28/11/2024 20:15:00,1,106:15:00,"4,43",,,,,,,,,,
2024,12,24/11/2024 20:02:00,24/11/2024 20:38:00,1,0:36:00,"0,03",,,,,,,,,,
2024,12,25/11/2024 09:00:00,30/11/2024 06:36:00,1,117:36:00,"4,90",,,,,,,,,,
2024,12,25/11/2024 21:18:00,02/12/2024 20:50:00,1,167:32:00,"6,98",,,,,,,,,,
2024,12,26/11/2024 03:30:00,07/12/2024 04:15:00,1,264:45:00,"11,03",,,,,,,,,,
2024,12,26/11/2024 17:00:00,28/11/2024 03:10:00,1,34:10:00,"1,42",,,,,,,,,,
2024,12,26/11/2024 19:06:00,08/12/2024 17:43:00,1,286:37:00,"11,94",,,,,,,,,,
2024,12,26/11/2024 20:54:00,28/11/2024 03:52:00,1,30:58:00,"1,29",,,,,,,,,,
2024,12,26/11/2024 22:40:00,30/11/2024 01:00:00,1,74:20:00,"3,10",,,,,,,,,,
2024,12,27/11/2024 09:18:00,01/12/2024 11:05:00,1,97:47:00,"4,07",,,,,,,,,,
2024,12,27/11/2024 12:10:00,08/12/2024 14:00:00,1,265:50:00,"11,08",,,,,,,,,,
2024,12,28/11/2024 05:12:00,03/12/2024 00:45:00,1,115:33:00,"4,81",,,,,,,,,,
2024,12,28/11/2024 06:15:00,28/11/2024 09:13:00,1,2:58:00,"0,12",,,,,,,,,,
2024,12,28/11/2024 06:50:00,05/12/2024 08:30:00,1,169:40:00,"7,07",,,,,,,,,,
2024,12,28/11/2024 08:30:00,28/11/2024 10:30:00,1,2:00:00,"0,08",,,,,,,,,,
2024,12,28/11/2024 12:48:00,30/11/2024 11:55:00,1,47:07:00,"1,96",,,,,,,,,,
2024,12,28/11/2024 21:06:00,19/12/2024 08:45:00,1,491:39:00,"20,49",,,,,,,,,,
2024,12,29/11/2024 06:48:00,06/12/2024 15:40:00,1,176:52:00,"7,37",,,,,,,,,,
2024,12,29/11/2024 07:00:00,11/12/2024 22:12:00,1,303:12:00,"12,63",,,,,,,,,,
2024,12,29/11/2024 08:00:00,30/11/2024 00:45:00,1,16:45:00,"0,70",,,,,,,,,,
2024,12,29/11/2024 15:18:00,30/11/2024 11:40:00,1,20:22:00,"0,85",,,,,,,,,,
2024,12,29/11/2024 22:00:00,29/11/2024 22:50:00,1,0:50:00,"0,03",,,,,,,,,,
2024,12,30/11/2024 01:24:00,10/12/2024 09:50:00,1,248:26:00,"10,35",,,,,,,,,,
2024,12,30/11/2024 06:00:00,30/11/2024 07:34:00,1,1:34:00,"0,07",,,,,,,,,,
2024,12,30/11/2024 09:00:00,02/12/2024 01:45:00,1,40:45:00,"1,70",,,,,,,,,,
2024,12,30/11/2024 12:00:00,05/12/2024 21:40:00,1,129:40:00,"5,40",,,,,,,,,,
2024,12,30/11/2024 15:00:00,30/11/2024 23:05:00,1,8:05:00,"0,34",,,,,,,,,,
2024,12,30/11/2024 16:00:00,03/12/2024 07:35:00,1,63:35:00,"2,65",,,,,,,,,,
2024,12,01/12/2024 01:18:00,02/12/2024 21:10:00,1,43:52:00,"1,83",,,,,,,,,,
2024,12,01/12/2024 04:50:00,01/12/2024 05:15:00,1,0:25:00,"0,02",,,,,,,,,,
2024,12,01/12/2024 07:30:00,01/12/2024 08:46:00,1,1:16:00,"0,05",,,,,,,,,,
2024,12,01/12/2024 10:30:00,02/12/2024 08:25:00,1,21:55:00,"0,91",,,,,,,,,,
2024,12,01/12/2024 10:40:00,01/12/2024 11:21:00,1,0:41:00,"0,03",,,,,,,,,,
2024,12,02/12/2024 03:00:00,02/12/2024 09:55:00,1,6:55:00,"0,29",,,,,,,,,,
2024,12,02/12/2024 04:30:00,02/12/2024 10:12:00,1,5:42:00,"0,24",,,,,,,,,,
2024,12,02/12/2024 07:30:00,02/12/2024 11:30:00,1,4:00:00,"0,17",,,,,,,,,,
2024,12,02/12/2024 08:30:00,02/12/2024 15:15:00,1,6:45:00,"0,28",,,,,,,,,,
2024,12,02/12/2024 14:00:00,02/12/2024 14:44:00,1,0:44:00,"0,03",,,,,,,,,,
2024,12,03/12/2024 01:36:00,06/12/2024 23:00:00,1,93:24:00,"3,89",,,,,,,,,,
2024,12,03/12/2024 09:35:00,03/12/2024 10:15:00,1,0:40:00,"0,03",,,,,,,,,,
2024,12,03/12/2024 10:00:00,03/12/2024 18:40:00,1,8:40:00,"0,36",,,,,,,,,,
2024,12,03/12/2024 13:30:00,08/12/2024 07:05:00,1,113:35:00,"4,73",,,,,,,,,,
2024,12,03/12/2024 15:12:00,16/12/2024 08:30:00,1,305:18:00,"12,72",,,,,,,,,,
2024,12,04/12/2024 05:15:00,04/12/2024 16:55:00,1,11:40:00,"0,49",,,,,,,,,,
2024,12,04/12/2024 12:36:00,19/12/2024 04:05:00,1,351:29:00,"14,65",,,,,,,,,,
2024,12,04/12/2024 15:00:00,04/12/2024 22:40:00,1,7:40:00,"0,32",,,,,,,,,,
2024,12,04/12/2024 17:00:00,05/12/2024 11:25:00,1,18:25:00,"0,77",,,,,,,,,,
2024,12,04/12/2024 17:00:00,13/12/2024 02:50:00,1,201:50:00,"8,41",,,,,,,,,,
2024,12,04/12/2024 20:55:00,04/12/2024 22:20:00,1,1:25:00,"0,06",,,,,,,,,,
2024,12,05/12/2024 06:40:00,11/12/2024 11:40:00,1,149:00:00,"6,21",,,,,,,,,,
2024,12,05/12/2024 10:00:00,05/12/2024 12:20:00,1,2:20:00,"0,10",,,,,,,,,,
2024,12,05/12/2024 15:00:00,05/12/2024 15:55:00,1,0:55:00,"0,04",,,,,,,,,,
2024,12,05/12/2024 17:30:00,06/12/2024 22:30:00,1,29:00:00,"1,21",,,,,,,,,,
2024,12,05/12/2024 21:06:00,11/12/2024 17:55:00,1,140:49:00,"5,87",,,,,,,,,,
2024,12,06/12/2024 06:00:00,16/12/2024 13:00:00,1,247:00:00,"10,29",,,,,,,,,,
2024,12,06/12/2024 09:00:00,10/12/2024 12:05:00,1,99:05:00,"4,13",,,,,,,,,,
2024,12,06/12/2024 11:12:00,06/12/2024 22:15:00,1,11:03:00,"0,46",,,,,,,,,,
2024,12,06/12/2024 11:40:00,06/12/2024 12:40:00,1,1:00:00,"0,04",,,,,,,,,,
2024,12,06/12/2024 14:00:00,06/12/2024 14:35:00,1,0:35:00,"0,02",,,,,,,,,,
2024,12,06/12/2024 15:29:00,08/12/2024 02:38:00,1,35:09:00,"1,46",,,,,,,,,,
2024,12,07/12/2024 06:24:00,09/12/2024 20:30:00,1,62:06:00,"2,59",,,,,,,,,,
2024,12,07/12/2024 08:30:00,07/12/2024 09:15:00,1,0:45:00,"0,03",,,,,,,,,,
2024,12,07/12/2024 15:00:00,07/12/2024 15:40:00,1,0:40:00,"0,03",,,,,,,,,,
2024,12,07/12/2024 22:43:00,19/12/2024 08:25:00,1,273:42:00,"11,40",,,,,,,,,,
2024,12,08/12/2024 01:31:00,15/12/2024 07:35:00,1,174:04:00,"7,25",,,,,,,,,,
2024,12,08/12/2024 05:06:00,08/12/2024 18:40:00,1,13:34:00,"0,57",,,,,,,,,,
2024,12,08/12/2024 08:00:00,09/12/2024 02:30:00,1,18:30:00,"0,77",,,,,,,,,,
2024,12,08/12/2024 14:00:00,08/12/2024 14:10:00,1,0:10:00,"0,01",,,,,,,,,,
2024,12,08/12/2024 14:20:00,12/12/2024 14:54:00,1,96:34:00,"4,02",,,,,,,,,,
2024,12,08/12/2024 17:00:00,08/12/2024 17:30:00,1,0:30:00,"0,02",,,,,,,,,,
2024,12,08/12/2024 17:30:00,17/12/2024 18:00:00,1,216:30:00,"9,02",,,,,,,,,,
2024,12,08/12/2024 18:12:00,09/12/2024 13:54:00,1,19:42:00,"0,82",,,,,,,,,,
2024,12,09/12/2024 01:40:00,09/12/2024 02:55:00,1,1:15:00,"0,05",,,,,,,,,,
2024,12,09/12/2024 02:45:00,09/12/2024 03:24:00,1,0:39:00,"0,03",,,,,,,,,,
2024,12,10/12/2024 00:01:00,10/12/2024 17:30:00,1,17:29:00,"0,73",,,,,,,,,,
2024,12,10/12/2024 00:01:00,14/12/2024 15:10:00,1,111:09:00,"4,63",,,,,,,,,,
2024,12,10/12/2024 00:55:00,10/12/2024 02:00:00,1,1:05:00,"0,05",,,,,,,,,,
2024,12,10/12/2024 02:30:00,15/12/2024 03:45:00,1,121:15:00,"5,05",,,,,,,,,,
2024,12,10/12/2024 10:12:00,21/12/2024 22:15:00,1,276:03:00,"11,50",,,,,,,,,,
2024,12,10/12/2024 15:17:00,10/12/2024 16:15:00,1,0:58:00,"0,04",,,,,,,,,,
2024,12,10/12/2024 16:00:00,13/12/2024 10:50:00,1,66:50:00,"2,78",,,,,,,,,,
2024,12,10/12/2024 17:00:00,14/12/2024 23:20:00,1,102:20:00,"4,26",,,,,,,,,,
2024,12,10/12/2024 17:00:00,26/12/2024 22:55:00,1,389:55:00,"16,25",,,,,,,,,,
2024,12,10/12/2024 22:30:00,12/12/2024 01:18:00,1,26:48:00,"1,12",,,,,,,,,,
2024,12,11/12/2024 05:00:00,11/12/2024 06:13:00,1,1:13:00,"0,05",,,,,,,,,,
2024,12,11/12/2024 05:35:00,17/12/2024 12:30:00,1,150:55:00,"6,29",,,,,,,,,,
2024,12,12/12/2024 01:00:00,21/12/2024 02:50:00,1,217:50:00,"9,08",,,,,,,,,,
2024,12,12/12/2024 09:30:00,18/12/2024 21:30:00,1,156:00:00,"6,50",,,,,,,,,,
2024,12,12/12/2024 13:00:00,13/12/2024 16:38:00,1,27:38:00,"1,15",,,,,,,,,,
2024,12,12/12/2024 14:00:00,13/12/2024 02:12:00,1,12:12:00,"0,51",,,,,,,,,,
2024,12,12/12/2024 22:34:00,14/12/2024 00:50:00,1,26:16:00,"1,09",,,,,,,,,,
2024,12,13/12/2024 01:00:00,13/12/2024 02:20:00,1,1:20:00,"0,06",,,,,,,,,,
2024,12,13/12/2024 07:00:00,14/12/2024 00:43:00,1,17:43:00,"0,74",,,,,,,,,,
2024,12,13/12/2024 08:00:00,13/12/2024 08:27:00,1,0:27:00,"0,02",,,,,,,,,,
2024,12,13/12/2024 08:00:00,18/12/2024 10:40:00,1,122:40:00,"5,11",,,,,,,,,,
2024,12,13/12/2024 22:55:00,14/12/2024 22:32:00,1,23:37:00,"0,98",,,,,,,,,,
2024,12,14/12/2024 05:15:00,14/12/2024 06:20:00,1,1:05:00,"0,05",,,,,,,,,,
2024,12,14/12/2024 07:10:00,15/12/2024 03:20:00,1,20:10:00,"0,84",,,,,,,,,,
2024,12,15/12/2024 02:45:00,15/12/2024 03:25:00,1,0:40:00,"0,03",,,,,,,,,,
2024,12,15/12/2024 07:00:00,20/12/2024 17:50:00,1,130:50:00,"5,45",,,,,,,,,,
2024,12,15/12/2024 08:00:00,15/12/2024 09:25:00,1,1:25:00,"0,06",,,,,,,,,,
2024,12,15/12/2024 09:30:00,17/12/2024 12:15:00,1,50:45:00,"2,11",,,,,,,,,,
2024,12,15/12/2024 14:00:00,15/12/2024 15:20:00,1,1:20:00,"0,06",,,,,,,,,,
2024,12,16/12/2024 01:30:00,16/12/2024 02:55:00,1,1:25:00,"0,06",,,,,,,,,,
2024,12,16/12/2024 10:00:00,16/12/2024 10:28:00,1,0:28:00,"0,02",,,,,,,,,,
2024,12,16/12/2024 10:36:00,16/12/2024 18:45:00,1,8:09:00,"0,34",,,,,,,,,,
2024,12,16/12/2024 18:12:00,17/12/2024 21:10:00,1,26:58:00,"1,12",,,,,,,,,,
2024,12,16/12/2024 18:12:00,20/12/2024 10:20:00,1,88:08:00,"3,67",,,,,,,,,,
2024,12,16/12/2024 20:44:00,16/12/2024 21:50:00,1,1:06:00,"0,05",,,,,,,,,,
2024,12,17/12/2024 03:24:00,17/12/2024 07:45:00,1,4:21:00,"0,18",,,,,,,,,,
2024,12,17/12/2024 08:30:00,17/12/2024 09:25:00,1,0:55:00,"0,04",,,,,,,,,,
2024,12,17/12/2024 12:15:00,19/12/2024 20:35:00,1,56:20:00,"2,35",,,,,,,,,,
2024,12,17/12/2024 16:00:00,17/12/2024 21:05:00,1,5:05:00,"0,21",,,,,,,,,,
2024,12,17/12/2024 17:30:00,18/12/2024 15:40:00,1,22:10:00,"0,92",,,,,,,,,,
2024,12,18/12/2024 07:00:00,22/12/2024 10:50:00,1,99:50:00,"4,16",,,,,,,,,,
2024,12,18/12/2024 21:00:00,21/12/2024 16:56:00,1,67:56:00,"2,83",,,,,,,,,,
2024,12,19/12/2024 04:11:00,19/12/2024 05:15:00,1,1:04:00,"0,04",,,,,,,,,,
2024,12,19/12/2024 09:00:00,19/12/2024 11:40:00,1,2:40:00,"0,11",,,,,,,,,,
2024,12,19/12/2024 17:00:00,23/12/2024 20:48:00,1,99:48:00,"4,16",,,,,,,,,,
2024,12,19/12/2024 18:30:00,19/12/2024 19:30:00,1,1:00:00,"0,04",,,,,,,,,,
2024,12,20/12/2024 00:46:00,22/12/2024 08:50:00,1,56:04:00,"2,34",,,,,,,,,,
2024,12,20/12/2024 02:30:00,20/12/2024 03:30:00,1,1:00:00,"0,04",,,,,,,,,,
2024,12,20/12/2024 07:00:00,21/12/2024 21:45:00,1,38:45:00,"1,61",,,,,,,,,,
2024,12,20/12/2024 13:00:00,20/12/2024 14:25:00,1,1:25:00,"0,06",,,,,,,,,,
2024,12,20/12/2024 13:15:00,20/12/2024 14:10:00,1,0:55:00,"0,04",,,,,,,,,,
2024,12,20/12/2024 16:00:00,20/12/2024 17:35:00,1,1:35:00,"0,07",,,,,,,,,,
2024,12,20/12/2024 21:30:00,21/12/2024 21:45:00,1,24:15:00,"1,01",,,,,,,,,,
2024,12,21/12/2024 05:51:00,30/12/2024 08:45:00,1,218:54:00,"9,12",,,,,,,,,,
2024,12,21/12/2024 08:48:00,21/12/2024 21:25:00,1,12:37:00,"0,53",,,,,,,,,,
2024,12,21/12/2024 14:24:00,25/12/2024 16:50:00,1,98:26:00,"4,10",,,,,,,,,,
2024,12,21/12/2024 19:05:00,21/12/2024 19:45:00,1,0:40:00,"0,03",,,,,,,,,,
2024,12,21/12/2024 21:30:00,22/12/2024 23:30:00,1,26:00:00,"1,08",,,,,,,,,,
2024,12,21/12/2024 23:18:00,23/12/2024 04:30:00,1,29:12:00,"1,22",,,,,,,,,,
2024,12,23/12/2024 16:30:00,23/12/2024 17:30:00,1,1:00:00,"0,04",,,,,,,,,,
2024,12,23/12/2024 20:12:00,28/12/2024 09:00:00,1,108:48:00,"4,53",,,,,,,,,,
2024,12,24/12/2024 11:30:00,26/12/2024 06:39:00,1,43:09:00,"1,80",,,,,,,,,,
2024,12,24/12/2024 12:00:00,24/12/2024 12:52:00,1,0:52:00,"0,04",,,,,,,,,,
2024,12,24/12/2024 15:00:00,24/12/2024 16:15:00,1,1:15:00,"0,05",,,,,,,,,,
2024,12,25/12/2024 09:40:00,25/12/2024 10:35:00,1,0:55:00,"0,04",,,,,,,,,,
2024,12,25/12/2024 09:45:00,25/12/2024 10:35:00,1,0:50:00,"0,03",,,,,,,,,,
2024,12,25/12/2024 09:47:00,25/12/2024 10:30:00,1,0:43:00,"0,03",,,,,,,,,,
2024,12,25/12/2024 16:30:00,25/12/2024 17:00:00,1,0:30:00,"0,02",,,,,,,,,,
2024,12,26/12/2024 10:30:00,27/12/2024 10:55:00,1,24:25:00,"1,02",,,,,,,,,,
2024,12,26/12/2024 12:00:00,26/12/2024 14:45:00,1,2:45:00,"0,11",,,,,,,,,,
2024,12,27/12/2024 11:03:00,27/12/2024 12:10:00,1,1:07:00,"0,05",,,,,,,,,,
2024,12,27/12/2024 13:00:00,27/12/2024 14:08:00,1,1:08:00,"0,05",,,,,,,,,,
2024,12,27/12/2024 15:00:00,27/12/2024 22:00:00,1,7:00:00,"0,29",,,,,,,,,,
2024,12,27/12/2024 20:20:00,27/12/2024 20:55:00,1,0:35:00,"0,02",,,,,,,,,,
2024,12,27/12/2024 21:30:00,27/12/2024 22:20:00,1,0:50:00,"0,03",,,,,,,,,,
2024,12,28/12/2024 00:15:00,28/12/2024 01:25:00,1,1:10:00,"0,05",,,,,,,,,,
2024,12,28/12/2024 14:30:00,29/12/2024 18:48:00,1,28:18:00,"1,18",,,,,,,,,,
2024,12,28/12/2024 21:30:00,28/12/2024 23:00:00,1,1:30:00,"0,06",,,,,,,,,,
2024,12,29/12/2024 06:40:00,29/12/2024 11:35:00,1,4:55:00,"0,20",,,,,,,,,,
2025,1,17/11/2024 05:00:00,04/01/2025 11:25:00,1,1158:25:00,"48,27",,,,,,,,,,
2025,1,24/11/2024 22:06:00,28/12/2024 23:10:00,1,817:04:00,"34,04",,,,,,,,,,
2025,1,03/12/2024 15:06:00,04/01/2025 18:00:00,1,770:54:00,"32,12",,,,,,,,,,
2025,1,13/12/2024 14:30:00,11/01/2025 16:05:00,1,697:35:00,"29,07",,,,,,,,,,
2025,1,14/12/2024 14:00:00,13/01/2025 19:50:00,1,725:50:00,"30,24",,,,,,,,,,
2025,1,15/12/2024 20:30:00,08/01/2025 01:55:00,1,557:25:00,"23,23",,,,,,,,,,
2025,1,16/12/2024 11:00:00,30/12/2024 08:40:00,1,333:40:00,"13,90",,,,,,,,,,
2025,1,19/12/2024 01:30:00,27/12/2024 14:02:00,1,204:32:00,"8,52",,,,,,,,,,
2025,1,19/12/2024 04:11:00,10/01/2025 21:05:00,1,544:54:00,"22,70",,,,,,,,,,
2025,1,19/12/2024 14:00:00,30/12/2024 00:35:00,1,250:35:00,"10,44",,,,,,,,,,
2025,1,20/12/2024 09:00:00,31/12/2024 17:00:00,1,272:00:00,"11,33",,,,,,,,,,
2025,1,21/12/2024 10:24:00,02/01/2025 02:40:00,1,280:16:00,"11,68",,,,,,,,,,
2025,1,22/12/2024 10:48:00,01/01/2025 16:10:00,1,245:22:00,"10,22",,,,,,,,,,
2025,1,22/12/2024 22:00:00,22/12/2024 22:35:00,1,0:35:00,"0,02",,,,,,,,,,
2025,1,23/12/2024 19:30:00,26/12/2024 18:30:00,1,71:00:00,"2,96",,,,,,,,,,
2025,1,23/12/2024 22:36:00,27/12/2024 14:55:00,1,88:19:00,"3,68",,,,,,,,,,
2025,1,25/12/2024 00:01:00,04/01/2025 13:10:00,1,253:09:00,"10,55",,,,,,,,,,
2025,1,26/12/2024 08:53:00,09/01/2025 16:10:00,1,343:17:00,"14,30",,,,,,,,,,
2025,1,28/12/2024 06:18:00,01/01/2025 13:00:00,1,102:42:00,"4,28",,,,,,,,,,
2025,1,28/12/2024 07:40:00,09/01/2025 03:20:00,1,283:40:00,"11,82",,,,,,,,,,
2025,1,28/12/2024 08:24:00,29/12/2024 05:50:00,1,21:26:00,"0,89",,,,,,,,,,
2025,1,28/12/2024 14:00:00,31/12/2024 17:36:00,1,75:36:00,"3,15",,,,,,,,,,
2025,1,28/12/2024 16:12:00,02/01/2025 17:10:00,1,120:58:00,"5,04",,,,,,,,,,
2025,1,28/12/2024 19:00:00,28/12/2024 23:20:00,1,4:20:00,"0,18",,,,,,,,,,
2025,1,29/12/2024 09:00:00,29/12/2024 21:25:00,1,12:25:00,"0,52",,,,,,,,,,
2025,1,30/12/2024 02:15:00,30/12/2024 03:15:00,1,1:00:00,"0,04",,,,,,,,,,
2025,1,30/12/2024 02:48:00,02/01/2025 17:10:00,1,86:22:00,"3,60",,,,,,,,,,
2025,1,30/12/2024 03:35:00,30/12/2024 18:30:00,1,14:55:00,"0,62",,,,,,,,,,
2025,1,30/12/2024 06:00:00,04/01/2025 10:57:00,1,124:57:00,"5,21",,,,,,,,,,
2025,1,30/12/2024 06:06:00,08/01/2025 02:34:00,1,212:28:00,"8,85",,,,,,,,,,
2025,1,30/12/2024 18:42:00,01/01/2025 09:05:00,1,38:23:00,"1,60",,,,,,,,,,
2025,1,31/12/2024 12:25:00,31/12/2024 13:05:00,1,0:40:00,"0,03",,,,,,,,,,
2025,1,31/12/2024 12:28:00,31/12/2024 13:15:00,1,0:47:00,"0,03",,,,,,,,,,
2025,1,31/12/2024 12:30:00,01/01/2025 12:55:00,1,24:25:00,"1,02",,,,,,,,,,
2025,1,31/12/2024 18:30:00,03/01/2025 21:30:00,1,75:00:00,"3,13",,,,,,,,,,
2025,1,01/01/2025 03:04:00,13/01/2025 11:10:00,1,296:06:00,"12,34",,,,,,,,,,
2025,1,01/01/2025 20:20:00,01/01/2025 21:33:00,1,1:13:00,"0,05",,,,,,,,,,
2025,1,02/01/2025 00:35:00,02/01/2025 02:00:00,1,1:25:00,"0,06",,,,,,,,,,
2025,1,02/01/2025 08:06:00,03/01/2025 17:10:00,1,33:04:00,"1,38",,,,,,,,,,
2025,1,02/01/2025 09:00:00,22/01/2025 09:35:00,1,480:35:00,"20,02",,,,,,,,,,
2025,1,02/01/2025 12:00:00,03/01/2025 01:25:00,1,13:25:00,"0,56",,,,,,,,,,
2025,1,02/01/2025 14:00:00,09/01/2025 12:30:00,1,166:30:00,"6,94",,,,,,,,,,
2025,1,02/01/2025 15:30:00,02/01/2025 16:45:00,1,1:15:00,"0,05",,,,,,,,,,
2025,1,03/01/2025 03:00:00,09/01/2025 21:10:00,1,162:10:00,"6,76",,,,,,,,,,
2025,1,03/01/2025 11:36:00,06/01/2025 01:10:00,1,61:34:00,"2,57",,,,,,,,,,
2025,1,03/01/2025 14:30:00,06/01/2025 12:40:00,1,70:10:00,"2,92",,,,,,,,,,
2025,1,03/01/2025 16:00:00,03/01/2025 17:50:00,1,1:50:00,"0,08",,,,,,,,,,
2025,1,03/01/2025 21:12:00,05/01/2025 06:40:00,1,33:28:00,"1,39",,,,,,,,,,
2025,1,03/01/2025 22:00:00,03/01/2025 23:08:00,1,1:08:00,"0,05",,,,,,,,,,
2025,1,04/01/2025 06:00:00,04/01/2025 21:00:00,1,15:00:00,"0,63",,,,,,,,,,
2025,1,04/01/2025 07:30:00,19/01/2025 22:06:00,1,374:36:00,"15,61",,,,,,,,,,
2025,1,04/01/2025 08:30:00,04/01/2025 11:30:00,1,3:00:00,"0,13",,,,,,,,,,
2025,1,04/01/2025 10:36:00,06/01/2025 06:05:00,1,43:29:00,"1,81",,,,,,,,,,
2025,1,04/01/2025 12:30:00,04/01/2025 13:24:00,1,0:54:00,"0,04",,,,,,,,,,
2025,1,04/01/2025 20:00:00,04/01/2025 21:05:00,1,1:05:00,"0,05",,,,,,,,,,
2025,1,05/01/2025 16:35:00,05/01/2025 17:13:00,1,0:38:00,"0,03",,,,,,,,,,
2025,1,05/01/2025 17:00:00,05/01/2025 18:00:00,1,1:00:00,"0,04",,,,,,,,,,
2025,1,06/01/2025 12:00:00,06/01/2025 13:05:00,1,1:05:00,"0,05",,,,,,,,,,
2025,1,06/01/2025 12:00:00,07/01/2025 02:50:00,1,14:50:00,"0,62",,,,,,,,,,
2025,1,06/01/2025 13:00:00,10/01/2025 18:20:00,1,101:20:00,"4,22",,,,,,,,,,
2025,1,06/01/2025 14:30:00,07/01/2025 05:48:00,1,15:18:00,"0,64",,,,,,,,,,
2025,1,06/01/2025 17:00:00,12/01/2025 01:15:00,1,128:15:00,"5,34",,,,,,,,,,
2025,1,06/01/2025 21:30:00,06/01/2025 22:15:00,1,0:45:00,"0,03",,,,,,,,,,
2025,1,07/01/2025 20:04:00,07/01/2025 21:25:00,1,1:21:00,"0,06",,,,,,,,,,
2025,1,07/01/2025 20:30:00,07/01/2025 21:00:00,1,0:30:00,"0,02",,,,,,,,,,
2025,1,08/01/2025 01:30:00,08/01/2025 02:45:00,1,1:15:00,"0,05",,,,,,,,,,
2025,1,08/01/2025 07:45:00,08/01/2025 11:40:00,1,3:55:00,"0,16",,,,,,,,,,
2025,1,08/01/2025 09:00:00,10/01/2025 21:10:00,1,60:10:00,"2,51",,,,,,,,,,
2025,1,08/01/2025 10:06:00,12/01/2025 14:50:00,1,100:44:00,"4,20",,,,,,,,,,
2025,1,08/01/2025 12:55:00,14/01/2025 23:15:00,1,154:20:00,"6,43",,,,,,,,,,
2025,1,08/01/2025 19:54:00,16/01/2025 14:28:00,1,186:34:00,"7,77",,,,,,,,,,
2025,1,08/01/2025 21:00:00,20/01/2025 04:25:00,1,271:25:00,"11,31",,,,,,,,,,
2025,1,09/01/2025 04:23:00,09/01/2025 05:52:00,1,1:29:00,"0,06",,,,,,,,,,
2025,1,09/01/2025 06:06:00,18/01/2025 15:15:00,1,225:09:00,"9,38",,,,,,,,,,
2025,1,09/01/2025 07:45:00,09/01/2025 12:20:00,1,4:35:00,"0,19",,,,,,,,,,
2025,1,10/01/2025 08:00:00,11/01/2025 13:09:00,1,29:09:00,"1,21",,,,,,,,,,
2025,1,10/01/2025 10:30:00,10/01/2025 11:20:00,1,0:50:00,"0,03",,,,,,,,,,
2025,1,10/01/2025 15:00:00,10/01/2025 18:25:00,1,3:25:00,"0,14",,,,,,,,,,
2025,1,10/01/2025 15:36:00,16/01/2025 19:05:00,1,147:29:00,"6,15",,,,,,,,,,
2025,1,10/01/2025 17:00:00,10/01/2025 18:10:00,1,1:10:00,"0,05",,,,,,,,,,
2025,1,11/01/2025 01:10:00,11/01/2025 02:30:00,1,1:20:00,"0,06",,,,,,,,,,
2025,1,11/01/2025 14:15:00,11/01/2025 14:35:00,1,0:20:00,"0,01",,,,,,,,,,
2025,1,11/01/2025 16:00:00,20/01/2025 20:54:00,1,220:54:00,"9,20",,,,,,,,,,
2025,1,11/01/2025 18:24:00,15/01/2025 19:57:00,1,97:33:00,"4,06",,,,,,,,,,
2025,1,12/01/2025 07:30:00,14/01/2025 07:30:00,1,48:00:00,"2,00",,,,,,,,,,
2025,1,12/01/2025 11:00:00,18/01/2025 21:55:00,1,154:55:00,"6,45",,,,,,,,,,
2025,1,12/01/2025 17:00:00,17/01/2025 14:40:00,1,117:40:00,"4,90",,,,,,,,,,
2025,1,12/01/2025 20:04:00,12/01/2025 21:28:00,1,1:24:00,"0,06",,,,,,,,,,
2025,1,12/01/2025 20:13:00,12/01/2025 21:05:00,1,0:52:00,"0,04",,,,,,,,,,
2025,1,13/01/2025 02:37:00,13/01/2025 03:20:00,1,0:43:00,"0,03",,,,,,,,,,
2025,1,13/01/2025 15:00:00,16/01/2025 15:10:00,1,72:10:00,"3,01",,,,,,,,,,
2025,1,13/01/2025 20:42:00,21/01/2025 03:00:00,1,174:18:00,"7,26",,,,,,,,,,
2025,1,14/01/2025 03:00:00,14/01/2025 07:20:00,1,4:20:00,"0,18",,,,,,,,,,
2025,1,14/01/2025 05:30:00,14/01/2025 07:00:00,1,1:30:00,"0,06",,,,,,,,,,
2025,1,14/01/2025 14:11:00,14/01/2025 14:41:00,1,0:30:00,"0,02",,,,,,,,,,
2025,1,14/01/2025 22:00:00,14/01/2025 23:30:00,1,1:30:00,"0,06",,,,,,,,,,
2025,1,14/01/2025 22:00:00,14/01/2025 23:40:00,1,1:40:00,"0,07",,,,,,,,,,
2025,1,15/01/2025 13:44:00,22/01/2025 08:50:00,1,163:06:00,"6,80",,,,,,,,,,
2025,1,15/01/2025 19:30:00,16/01/2025 14:40:00,1,19:10:00,"0,80",,,,,,,,,,
2025,1,15/01/2025 19:42:00,24/01/2025 03:05:00,1,199:23:00,"8,31",,,,,,,,,,
2025,1,16/01/2025 00:01:00,16/01/2025 01:00:00,1,0:59:00,"0,04",,,,,,,,,,
2025,1,16/01/2025 10:00:00,28/01/2025 08:50:00,1,286:50:00,"11,95",,,,,,,,,,
2025,1,16/01/2025 14:00:00,16/01/2025 18:51:00,1,4:51:00,"0,20",,,,,,,,,,
2025,1,16/01/2025 14:30:00,16/01/2025 19:05:00,1,4:35:00,"0,19",,,,,,,,,,
2025,1,16/01/2025 15:00:00,16/01/2025 19:03:00,1,4:03:00,"0,17",,,,,,,,,,
2025,1,16/01/2025 17:45:00,22/01/2025 20:45:00,1,147:00:00,"6,13",,,,,,,,,,
2025,1,16/01/2025 22:52:00,16/01/2025 23:59:00,1,1:07:00,"0,05",,,,,,,,,,
2025,1,16/01/2025 23:30:00,25/01/2025 01:37:00,1,194:07:00,"8,09",,,,,,,,,,
2025,1,17/01/2025 03:48:00,17/01/2025 04:56:00,1,1:08:00,"0,05",,,,,,,,,,
2025,1,17/01/2025 17:45:00,20/01/2025 14:00:00,1,68:15:00,"2,84",,,,,,,,,,
2025,1,17/01/2025 23:10:00,18/01/2025 00:50:00,1,1:40:00,"0,07",,,,,,,,,,
2025,1,18/01/2025 05:00:00,18/01/2025 11:00:00,1,6:00:00,"0,25",,,,,,,,,,
2025,1,18/01/2025 07:51:00,21/01/2025 22:22:00,1,86:31:00,"3,60",,,,,,,,,,
2025,1,18/01/2025 14:06:00,19/01/2025 06:00:00,1,15:54:00,"0,66",,,,,,,,,,
2025,1,18/01/2025 18:30:00,22/01/2025 15:20:00,1,92:50:00,"3,87",,,,,,,,,,
2025,1,19/01/2025 02:23:00,19/01/2025 03:15:00,1,0:52:00,"0,04",,,,,,,,,,
2025,1,19/01/2025 16:10:00,19/01/2025 16:48:00,1,0:38:00,"0,03",,,,,,,,,,
2025,1,19/01/2025 16:10:00,19/01/2025 16:50:00,1,0:40:00,"0,03",,,,,,,,,,
2025,1,20/01/2025 04:45:00,20/01/2025 06:10:00,1,1:25:00,"0,06",,,,,,,,,,
2025,1,20/01/2025 19:00:00,20/01/2025 20:05:00,1,1:05:00,"0,05",,,,,,,,,,
2025,1,20/01/2025 22:33:00,20/01/2025 23:56:00,1,1:23:00,"0,06",,,,,,,,,,
2025,1,21/01/2025 05:00:00,21/01/2025 06:25:00,1,1:25:00,"0,06",,,,,,,,,,
2025,1,21/01/2025 23:24:00,24/01/2025 12:54:00,1,61:30:00,"2,56",,,,,,,,,,
2025,1,22/01/2025 06:30:00,22/01/2025 09:25:00,1,2:55:00,"0,12",,,,,,,,,,
2025,1,22/01/2025 12:00:00,22/01/2025 20:00:00,1,8:00:00,"0,33",,,,,,,,,,
2025,1,22/01/2025 12:30:00,23/01/2025 00:30:00,1,12:00:00,"0,50",,,,,,,,,,
2025,1,22/01/2025 13:18:00,23/01/2025 02:40:00,1,13:22:00,"0,56",,,,,,,,,,
2025,1,22/01/2025 17:15:00,22/01/2025 18:05:00,1,0:50:00,"0,03",,,,,,,,,,
2025,1,23/01/2025 07:15:00,23/01/2025 16:57:00,1,9:42:00,"0,40",,,,,,,,,,
2025,1,23/01/2025 09:30:00,25/01/2025 11:03:00,1,49:33:00,"2,06",,,,,,,,,,
2025,1,23/01/2025 21:00:00,23/01/2025 22:19:00,1,1:19:00,"0,05",,,,,,,,,,
2025,1,24/01/2025 09:00:00,25/01/2025 05:40:00,1,20:40:00,"0,86",,,,,,,,,,
2025,1,25/01/2025 02:15:00,25/01/2025 10:50:00,1,8:35:00,"0,36",,,,,,,,,,
2025,1,25/01/2025 18:00:00,25/01/2025 21:45:00,1,3:45:00,"0,16",,,,,,,,,,
2025,1,26/01/2025 02:00:00,26/01/2025 05:35:00,1,3:35:00,"0,15",,,,,,,,,,
2025,1,26/01/2025 02:30:00,26/01/2025 04:00:00,1,1:30:00,"0,06",,,,,,,,,,
2025,1,26/01/2025 08:15:00,27/01/2025 08:30:00,1,24:15:00,"1,01",,,,,,,,,,
2025,1,26/01/2025 09:54:00,26/01/2025 16:35:00,1,6:41:00,"0,28",,,,,,,,,,
2025,1,27/01/2025 10:20:00,27/01/2025 12:20:00,1,2:00:00,"0,08",,,,,,,,,,
2025,1,27/01/2025 15:30:00,29/01/2025 07:48:00,1,40:18:00,"1,68",,,,,,,,,,
2025,1,27/01/2025 17:24:00,28/01/2025 11:45:00,1,18:21:00,"0,76",,,,,,,,,,
2025,1,27/01/2025 17:58:00,27/01/2025 18:40:00,1,0:42:00,"0,03",,,,,,,,,,
2025,1,28/01/2025 17:30:00,28/01/2025 18:35:00,1,1:05:00,"0,05",,,,,,,,,,
2025,1,28/01/2025 20:40:00,28/01/2025 21:25:00,1,0:45:00,"0,03",,,,,,,,,,
2025,2,02/01/2025 03:18:00,08/02/2025 16:33:00,1,901:15:00,"37,55",,,,,,,,,,
2025,2,13/01/2025 10:18:00,29/01/2025 03:15:00,1,376:57:00,"15,71",,,,,,,,,,
2025,2,16/01/2025 10:12:00,09/02/2025 01:00:00,1,566:48:00,"23,62",,,,,,,,,,
2025,2,17/01/2025 09:06:00,05/02/2025 18:45:00,1,465:39:00,"19,40",,,,,,,,,,
2025,2,18/01/2025 18:00:00,22/02/2025 21:45:00,1,843:45:00,"35,16",,,,,,,,,,
2025,2,19/01/2025 15:30:00,31/01/2025 12:40:00,1,285:10:00,"11,88",,,,,,,,,,
2025,2,20/01/2025 07:00:00,01/02/2025 08:45:00,1,289:45:00,"12,07",,,,,,,,,,
2025,2,21/01/2025 18:00:00,13/02/2025 03:00:00,1,537:00:00,"22,38",,,,,,,,,,
2025,2,23/01/2025 00:24:00,29/01/2025 12:20:00,1,155:56:00,"6,50",,,,,,,,,,
2025,2,23/01/2025 17:32:00,02/02/2025 12:15:00,1,234:43:00,"9,78",,,,,,,,,,
2025,2,24/01/2025 08:00:00,30/01/2025 22:25:00,1,158:25:00,"6,60",,,,,,,,,,
2025,2,24/01/2025 09:05:00,31/01/2025 21:55:00,1,180:50:00,"7,53",,,,,,,,,,
2025,2,24/01/2025 20:20:00,24/01/2025 20:40:00,1,0:20:00,"0,01",,,,,,,,,,
2025,2,24/01/2025 21:36:00,05/02/2025 22:40:00,1,289:04:00,"12,04",,,,,,,,,,
2025,2,24/01/2025 22:48:00,11/02/2025 05:04:00,1,414:16:00,"17,26",,,,,,,,,,
2025,2,25/01/2025 02:12:00,02/02/2025 07:15:00,1,197:03:00,"8,21",,,,,,,,,,
2025,2,26/01/2025 00:01:00,04/02/2025 13:47:00,1,229:46:00,"9,57",,,,,,,,,,
2025,2,27/01/2025 10:18:00,31/01/2025 12:07:00,1,97:49:00,"4,08",,,,,,,,,,
2025,2,27/01/2025 21:36:00,28/01/2025 07:15:00,1,9:39:00,"0,40",,,,,,,,,,
2025,2,28/01/2025 14:00:00,29/01/2025 02:23:00,1,12:23:00,"0,52",,,,,,,,,,
2025,2,28/01/2025 17:00:00,28/01/2025 22:10:00,1,5:10:00,"0,22",,,,,,,,,,
2025,2,29/01/2025 01:20:00,29/01/2025 02:43:00,1,1:23:00,"0,06",,,,,,,,,,
2025,2,29/01/2025 04:18:00,29/01/2025 08:20:00,1,4:02:00,"0,17",,,,,,,,,,
2025,2,29/01/2025 10:42:00,12/02/2025 04:30:00,1,329:48:00,"13,74",,,,,,,,,,
2025,2,29/01/2025 14:45:00,29/01/2025 16:35:00,1,1:50:00,"0,08",,,,,,,,,,
2025,2,29/01/2025 15:30:00,29/01/2025 16:20:00,1,0:50:00,"0,03",,,,,,,,,,
2025,2,29/01/2025 21:53:00,29/01/2025 22:45:00,1,0:52:00,"0,04",,,,,,,,,,
2025,2,30/01/2025 03:40:00,30/01/2025 22:05:00,1,18:25:00,"0,77",,,,,,,,,,
2025,2,30/01/2025 04:45:00,30/01/2025 06:03:00,1,1:18:00,"0,05",,,,,,,,,,
2025,2,30/01/2025 09:24:00,03/02/2025 11:54:00,1,98:30:00,"4,10",,,,,,,,,,
2025,2,30/01/2025 14:17:00,30/01/2025 15:33:00,1,1:16:00,"0,05",,,,,,,,,,
2025,2,30/01/2025 15:00:00,04/02/2025 01:24:00,1,106:24:00,"4,43",,,,,,,,,,
2025,2,30/01/2025 19:06:00,02/02/2025 01:50:00,1,54:44:00,"2,28",,,,,,,,,,
2025,2,30/01/2025 19:42:00,07/02/2025 21:25:00,1,193:43:00,"8,07",,,,,,,,,,
2025,2,31/01/2025 01:48:00,11/02/2025 12:40:00,1,274:52:00,"11,45",,,,,,,,,,
2025,2,31/01/2025 10:30:00,01/02/2025 06:25:00,1,19:55:00,"0,83",,,,,,,,,,
2025,2,31/01/2025 16:00:00,15/02/2025 13:50:00,1,357:50:00,"14,91",,,,,,,,,,
2025,2,01/02/2025 10:30:00,16/02/2025 13:30:00,1,363:00:00,"15,13",,,,,,,,,,
2025,2,01/02/2025 10:42:00,17/02/2025 21:10:00,1,394:28:00,"16,44",,,,,,,,,,
2025,2,02/02/2025 10:00:00,11/02/2025 00:50:00,1,206:50:00,"8,62",,,,,,,,,,
2025,2,02/02/2025 13:00:00,04/02/2025 06:20:00,1,41:20:00,"1,72",,,,,,,,,,
2025,2,02/02/2025 18:00:00,14/02/2025 09:40:00,1,279:40:00,"11,65",,,,,,,,,,
2025,2,02/02/2025 20:45:00,02/02/2025 22:00:00,1,1:15:00,"0,05",,,,,,,,,,
2025,2,02/02/2025 21:09:00,02/02/2025 22:42:00,1,1:33:00,"0,06",,,,,,,,,,
2025,2,02/02/2025 21:48:00,04/02/2025 18:05:00,1,44:17:00,"1,85",,,,,,,,,,
2025,2,03/02/2025 04:25:00,03/02/2025 05:47:00,1,1:22:00,"0,06",,,,,,,,,,
2025,2,03/02/2025 05:36:00,20/02/2025 14:45:00,1,417:09:00,"17,38",,,,,,,,,,
2025,2,03/02/2025 13:00:00,07/02/2025 03:45:00,1,86:45:00,"3,61",,,,,,,,,,
2025,2,03/02/2025 14:30:00,07/02/2025 00:05:00,1,81:35:00,"3,40",,,,,,,,,,
2025,2,04/02/2025 00:24:00,05/02/2025 08:05:00,1,31:41:00,"1,32",,,,,,,,,,
2025,2,04/02/2025 02:00:00,07/02/2025 00:01:00,1,70:01:00,"2,92",,,,,,,,,,
2025,2,04/02/2025 03:40:00,04/02/2025 04:30:00,1,0:50:00,"0,03",,,,,,,,,,
2025,2,04/02/2025 05:30:00,14/02/2025 17:30:00,1,252:00:00,"10,50",,,,,,,,,,
2025,2,04/02/2025 07:42:00,20/02/2025 14:50:00,1,391:08:00,"16,30",,,,,,,,,,
2025,2,04/02/2025 17:15:00,07/02/2025 15:00:00,1,69:45:00,"2,91",,,,,,,,,,
2025,2,05/02/2025 00:36:00,11/02/2025 08:45:00,1,152:09:00,"6,34",,,,,,,,,,
2025,2,05/02/2025 09:00:00,05/02/2025 18:52:00,1,9:52:00,"0,41",,,,,,,,,,
2025,2,06/02/2025 00:29:00,09/02/2025 21:45:00,1,93:16:00,"3,89",,,,,,,,,,
2025,2,06/02/2025 09:00:00,06/02/2025 10:40:00,1,1:40:00,"0,07",,,,,,,,,,
2025,2,06/02/2025 09:55:00,10/02/2025 16:40:00,1,102:45:00,"4,28",,,,,,,,,,
2025,2,06/02/2025 13:30:00,06/02/2025 15:05:00,1,1:35:00,"0,07",,,,,,,,,,
2025,2,06/02/2025 13:48:00,08/02/2025 23:54:00,1,58:06:00,"2,42",,,,,,,,,,
2025,2,06/02/2025 15:18:00,18/02/2025 14:24:00,1,287:06:00,"11,96",,,,,,,,,,
2025,2,06/02/2025 15:24:00,14/02/2025 00:15:00,1,176:51:00,"7,37",,,,,,,,,,
2025,2,06/02/2025 19:48:00,15/02/2025 20:55:00,1,217:07:00,"9,05",,,,,,,,,,
2025,2,06/02/2025 22:45:00,18/02/2025 00:50:00,1,266:05:00,"11,09",,,,,,,,,,
2025,2,07/02/2025 07:08:00,07/02/2025 08:50:00,1,1:42:00,"0,07",,,,,,,,,,
2025,2,07/02/2025 12:30:00,07/02/2025 13:45:00,1,1:15:00,"0,05",,,,,,,,,,
2025,2,07/02/2025 14:00:00,08/02/2025 12:10:00,1,22:10:00,"0,92",,,,,,,,,,
2025,2,08/02/2025 09:50:00,14/02/2025 09:45:00,1,143:55:00,"6,00",,,,,,,,,,
2025,2,08/02/2025 13:42:00,21/02/2025 03:55:00,1,302:13:00,"12,59",,,,,,,,,,
2025,2,08/02/2025 19:00:00,18/02/2025 00:50:00,1,221:50:00,"9,24",,,,,,,,,,
2025,2,09/02/2025 00:36:00,09/02/2025 14:18:00,1,13:42:00,"0,57",,,,,,,,,,
2025,2,09/02/2025 07:30:00,09/02/2025 08:30:00,1,1:00:00,"0,04",,,,,,,,,,
2025,2,09/02/2025 16:30:00,13/02/2025 02:45:00,1,82:15:00,"3,43",,,,,,,,,,
2025,2,10/02/2025 11:45:00,22/02/2025 16:30:00,1,292:45:00,"12,20",,,,,,,,,,
2025,2,10/02/2025 13:30:00,26/02/2025 18:10:00,1,388:40:00,"16,19",,,,,,,,,,
2025,2,11/02/2025 09:38:00,11/02/2025 11:00:00,1,1:22:00,"0,06",,,,,,,,,,
2025,2,11/02/2025 12:12:00,13/02/2025 16:55:00,1,52:43:00,"2,20",,,,,,,,,,
2025,2,11/02/2025 13:55:00,11/02/2025 21:05:00,1,7:10:00,"0,30",,,,,,,,,,
2025,2,11/02/2025 14:12:00,11/02/2025 19:38:00,1,5:26:00,"0,23",,,,,,,,,,
2025,2,11/02/2025 16:00:00,11/02/2025 19:15:00,1,3:15:00,"0,14",,,,,,,,,,
2025,2,12/02/2025 02:30:00,12/02/2025 11:30:00,1,9:00:00,"0,38",,,,,,,,,,
2025,2,12/02/2025 10:00:00,19/02/2025 13:20:00,1,171:20:00,"7,14",,,,,,,,,,
2025,2,12/02/2025 11:30:00,16/02/2025 03:40:00,1,88:10:00,"3,67",,,,,,,,,,
2025,2,12/02/2025 13:00:00,12/02/2025 14:15:00,1,1:15:00,"0,05",,,,,,,,,,
2025,2,13/02/2025 04:36:00,23/02/2025 12:10:00,1,247:34:00,"10,32",,,,,,,,,,
2025,2,13/02/2025 12:30:00,13/02/2025 18:00:00,1,5:30:00,"0,23",,,,,,,,,,
2025,2,13/02/2025 17:20:00,14/02/2025 06:55:00,1,13:35:00,"0,57",,,,,,,,,,
2025,2,13/02/2025 21:05:00,13/02/2025 21:25:00,1,0:20:00,"0,01",,,,,,,,,,
2025,2,14/02/2025 02:30:00,18/02/2025 07:54:00,1,101:24:00,"4,23",,,,,,,,,,
2025,2,14/02/2025 04:58:00,14/02/2025 06:10:00,1,1:12:00,"0,05",,,,,,,,,,
2025,2,14/02/2025 08:45:00,17/02/2025 04:50:00,1,68:05:00,"2,84",,,,,,,,,,
2025,2,14/02/2025 15:00:00,14/02/2025 17:20:00,1,2:20:00,"0,10",,,,,,,,,,
2025,2,14/02/2025 18:36:00,16/02/2025 23:15:00,1,52:39:00,"2,19",,,,,,,,,,
2025,2,14/02/2025 19:00:00,17/02/2025 07:15:00,1,60:15:00,"2,51",,,,,,,,,,
2025,2,14/02/2025 23:20:00,17/02/2025 01:44:00,1,50:24:00,"2,10",,,,,,,,,,
2025,2,14/02/2025 23:30:00,19/02/2025 00:55:00,1,97:25:00,"4,06",,,,,,,,,,
2025,2,15/02/2025 02:00:00,15/02/2025 08:25:00,1,6:25:00,"0,27",,,,,,,,,,
2025,2,15/02/2025 15:30:00,19/02/2025 22:30:00,1,103:00:00,"4,29",,,,,,,,,,
2025,2,15/02/2025 19:42:00,20/02/2025 14:10:00,1,114:28:00,"4,77",,,,,,,,,,
2025,2,16/02/2025 02:30:00,16/02/2025 03:35:00,1,1:05:00,"0,05",,,,,,,,,,
2025,2,16/02/2025 03:00:00,21/02/2025 09:15:00,1,126:15:00,"5,26",,,,,,,,,,
2025,2,16/02/2025 06:00:00,16/02/2025 06:55:00,1,0:55:00,"0,04",,,,,,,,,,
2025,2,16/02/2025 08:30:00,16/02/2025 13:33:00,1,5:03:00,"0,21",,,,,,,,,,
2025,2,16/02/2025 14:15:00,21/02/2025 07:15:00,1,113:00:00,"4,71",,,,,,,,,,
2025,2,16/02/2025 18:30:00,20/02/2025 22:15:00,1,99:45:00,"4,16",,,,,,,,,,
2025,2,16/02/2025 19:42:00,17/02/2025 21:45:00,1,26:03:00,"1,09",,,,,,,,,,
2025,2,16/02/2025 21:00:00,24/02/2025 12:40:00,1,183:40:00,"7,65",,,,,,,,,,
2025,2,17/02/2025 00:24:00,24/02/2025 21:04:00,1,188:40:00,"7,86",,,,,,,,,,
2025,2,17/02/2025 04:00:00,21/02/2025 18:15:00,1,110:15:00,"4,59",,,,,,,,,,
2025,2,17/02/2025 15:00:00,17/02/2025 20:48:00,1,5:48:00,"0,24",,,,,,,,,,
2025,2,17/02/2025 16:00:00,19/02/2025 22:19:00,1,54:19:00,"2,26",,,,,,,,,,
2025,2,17/02/2025 16:25:00,17/02/2025 17:35:00,1,1:10:00,"0,05",,,,,,,,,,
2025,2,17/02/2025 20:42:00,19/02/2025 17:26:00,1,44:44:00,"1,86",,,,,,,,,,
2025,2,17/02/2025 21:06:00,24/02/2025 04:35:00,1,151:29:00,"6,31",,,,,,,,,,
2025,2,17/02/2025 21:30:00,20/02/2025 04:10:00,1,54:40:00,"2,28",,,,,,,,,,
2025,2,18/02/2025 11:42:00,22/02/2025 01:00:00,1,85:18:00,"3,55",,,,,,,,,,
2025,2,18/02/2025 13:00:00,18/02/2025 16:49:00,1,3:49:00,"0,16",,,,,,,,,,
2025,2,18/02/2025 17:39:00,22/02/2025 19:45:00,1,98:06:00,"4,09",,,,,,,,,,
2025,2,19/02/2025 04:00:00,19/02/2025 04:55:00,1,0:55:00,"0,04",,,,,,,,,,
2025,2,19/02/2025 13:12:00,24/02/2025 21:20:00,1,128:08:00,"5,34",,,,,,,,,,
2025,2,19/02/2025 20:10:00,19/02/2025 21:10:00,1,1:00:00,"0,04",,,,,,,,,,
2025,2,20/02/2025 06:00:00,23/02/2025 22:05:00,1,88:05:00,"3,67",,,,,,,,,,
2025,2,20/02/2025 07:00:00,20/02/2025 08:10:00,1,1:10:00,"0,05",,,,,,,,,,
2025,2,20/02/2025 09:45:00,24/02/2025 21:15:00,1,107:30:00,"4,48",,,,,,,,,,
2025,2,20/02/2025 11:30:00,27/02/2025 14:07:00,1,170:37:00,"7,11",,,,,,,,,,
2025,2,20/02/2025 12:00:00,23/02/2025 03:08:00,1,63:08:00,"2,63",,,,,,,,,,
2025,2,20/02/2025 15:34:00,23/02/2025 21:47:00,1,78:13:00,"3,26",,,,,,,,,,
2025,2,20/02/2025 23:30:00,23/02/2025 16:10:00,1,64:40:00,"2,69",,,,,,,,,,
2025,2,21/02/2025 03:36:00,21/02/2025 18:15:00,1,14:39:00,"0,61",,,,,,,,,,
2025,2,21/02/2025 05:00:00,21/02/2025 05:45:00,1,0:45:00,"0,03",,,,,,,,,,
2025,2,21/02/2025 05:29:00,21/02/2025 21:05:00,1,15:36:00,"0,65",,,,,,,,,,
2025,2,21/02/2025 05:43:00,21/02/2025 06:21:00,1,0:38:00,"0,03",,,,,,,,,,
2025,2,21/02/2025 11:35:00,24/02/2025 03:15:00,1,63:40:00,"2,65",,,,,,,,,,
2025,2,21/02/2025 12:30:00,21/02/2025 13:30:00,1,1:00:00,"0,04",,,,,,,,,,
2025,2,21/02/2025 15:00:00,23/02/2025 12:25:00,1,45:25:00,"1,89",,,,,,,,,,
2025,2,21/02/2025 20:10:00,22/02/2025 19:40:00,1,23:30:00,"0,98",,,,,,,,,,
2025,2,22/02/2025 08:30:00,22/02/2025 16:35:00,1,8:05:00,"0,34",,,,,,,,,,
2025,2,22/02/2025 10:40:00,23/02/2025 16:20:00,1,29:40:00,"1,24",,,,,,,,,,
2025,2,22/02/2025 11:48:00,26/02/2025 10:08:00,1,94:20:00,"3,93",,,,,,,,,,
2025,2,23/02/2025 09:00:00,25/02/2025 20:45:00,1,59:45:00,"2,49",,,,,,,,,,
2025,2,23/02/2025 10:55:00,24/02/2025 03:37:00,1,16:42:00,"0,70",,,,,,,,,,
2025,2,24/02/2025 14:12:00,25/02/2025 16:25:00,1,26:13:00,"1,09",,,,,,,,,,
2025,2,24/02/2025 14:34:00,24/02/2025 16:45:00,1,2:11:00,"0,09",,,,,,,,,,
2025,2,24/02/2025 22:12:00,26/02/2025 19:11:00,1,44:59:00,"1,87",,,,,,,,,,
2025,2,26/02/2025 10:43:00,26/02/2025 11:45:00,1,1:02:00,"0,04",,,,,,,,,,
2025,2,26/02/2025 21:41:00,26/02/2025 22:53:00,1,1:12:00,"0,05",,,,,,,,,,
2025,2,27/02/2025 00:00:00,27/02/2025 01:25:00,1,1:25:00,"0,06",,,,,,,,,,
2025,3,01/02/2025 14:00:00,01/03/2025 21:35:00,1,679:35:00,"28,32",,,,,,,,,,
2025,3,08/02/2025 08:30:00,15/03/2025 10:10:00,1,841:40:00,"35,07",,,,,,,,,,
2025,3,09/02/2025 00:01:00,13/03/2025 10:05:00,1,778:04:00,"32,42",,,,,,,,,,
2025,3,14/02/2025 14:20:00,04/03/2025 01:15:00,1,418:55:00,"17,45",,,,,,,,,,
2025,3,14/02/2025 14:30:00,04/03/2025 07:34:00,1,425:04:00,"17,71",,,,,,,,,,
2025,3,15/02/2025 03:18:00,07/03/2025 13:20:00,1,490:02:00,"20,42",,,,,,,,,,
2025,3,15/02/2025 08:00:00,27/02/2025 15:55:00,1,295:55:00,"12,33",,,,,,,,,,
2025,3,16/02/2025 09:00:00,27/02/2025 09:45:00,1,264:45:00,"11,03",,,,,,,,,,
2025,3,16/02/2025 10:00:00,16/02/2025 13:10:00,1,3:10:00,"0,13",,,,,,,,,,
2025,3,16/02/2025 13:30:00,11/03/2025 09:24:00,1,547:54:00,"22,83",,,,,,,,,,
2025,3,17/02/2025 14:00:00,05/03/2025 02:50:00,1,372:50:00,"15,53",,,,,,,,,,
2025,3,17/02/2025 15:00:00,28/02/2025 07:40:00,1,256:40:00,"10,69",,,,,,,,,,
2025,3,18/02/2025 09:00:00,25/02/2025 10:05:00,1,169:05:00,"7,05",,,,,,,,,,
2025,3,19/02/2025 00:06:00,26/02/2025 08:20:00,1,176:14:00,"7,34",,,,,,,,,,
2025,3,20/02/2025 02:00:00,07/03/2025 08:50:00,1,366:50:00,"15,28",,,,,,,,,,
2025,3,20/02/2025 03:00:00,07/03/2025 17:20:00,1,374:20:00,"15,60",,,,,,,,,,
2025,3,21/02/2025 09:42:00,27/02/2025 18:02:00,1,152:20:00,"6,35",,,,,,,,,,
2025,3,22/02/2025 01:00:00,27/02/2025 00:30:00,1,119:30:00,"4,98",,,,,,,,,,
2025,3,22/02/2025 03:30:00,21/03/2025 07:00:00,1,651:30:00,"27,15",,,,,,,,,,
2025,3,22/02/2025 17:50:00,01/03/2025 03:34:00,1,153:44:00,"6,41",,,,,,,,,,
2025,3,22/02/2025 21:54:00,01/03/2025 10:05:00,1,156:11:00,"6,51",,,,,,,,,,
2025,3,23/02/2025 00:48:00,02/03/2025 15:00:00,1,182:12:00,"7,59",,,,,,,,,,
2025,3,23/02/2025 00:48:00,23/03/2025 18:05:00,1,689:17:00,"28,72",,,,,,,,,,
2025,3,23/02/2025 02:36:00,04/03/2025 21:15:00,1,234:39:00,"9,78",,,,,,,,,,
2025,3,23/02/2025 14:36:00,01/03/2025 20:07:00,1,149:31:00,"6,23",,,,,,,,,,
2025,3,24/02/2025 01:00:00,05/03/2025 18:10:00,1,233:10:00,"9,72",,,,,,,,,,
2025,3,25/02/2025 06:54:00,06/03/2025 22:30:00,1,231:36:00,"9,65",,,,,,,,,,
2025,3,25/02/2025 14:00:00,27/02/2025 06:18:00,1,40:18:00,"1,68",,,,,,,,,,
2025,3,25/02/2025 21:12:00,11/03/2025 13:45:00,1,328:33:00,"13,69",,,,,,,,,,
2025,3,25/02/2025 23:00:00,25/02/2025 23:45:00,1,0:45:00,"0,03",,,,,,,,,,
2025,3,26/02/2025 07:42:00,09/03/2025 03:35:00,1,259:53:00,"10,83",,,,,,,,,,
2025,3,26/02/2025 08:00:00,01/03/2025 17:50:00,1,81:50:00,"3,41",,,,,,,,,,
2025,3,26/02/2025 10:45:00,02/03/2025 12:50:00,1,98:05:00,"4,09",,,,,,,,,,
2025,3,26/02/2025 12:30:00,03/03/2025 23:46:00,1,131:16:00,"5,47",,,,,,,,,,
2025,3,26/02/2025 15:00:00,27/02/2025 01:00:00,1,10:00:00,"0,42",,,,,,,,,,
2025,3,26/02/2025 16:00:00,27/02/2025 06:10:00,1,14:10:00,"0,59",,,,,,,,,,
2025,3,26/02/2025 19:30:00,26/02/2025 20:45:00,1,1:15:00,"0,05",,,,,,,,,,
2025,3,26/02/2025 22:48:00,05/03/2025 07:22:00,1,152:34:00,"6,36",,,,,,,,,,
2025,3,27/02/2025 00:54:00,09/03/2025 13:45:00,1,252:51:00,"10,54",,,,,,,,,,
2025,3,27/02/2025 03:10:00,27/02/2025 03:52:00,1,0:42:00,"0,03",,,,,,,,,,
2025,3,27/02/2025 10:00:00,02/03/2025 14:50:00,1,76:50:00,"3,20",,,,,,,,,,
2025,3,27/02/2025 12:42:00,26/03/2025 20:50:00,1,656:08:00,"27,34",,,,,,,,,,
2025,3,27/02/2025 14:00:00,06/03/2025 01:40:00,1,155:40:00,"6,49",,,,,,,,,,
2025,3,28/02/2025 07:30:00,28/02/2025 08:14:00,1,0:44:00,"0,03",,,,,,,,,,
2025,3,28/02/2025 12:00:00,03/03/2025 02:20:00,1,62:20:00,"2,60",,,,,,,,,,
2025,3,28/02/2025 14:00:00,02/03/2025 21:40:00,1,55:40:00,"2,32",,,,,,,,,,
2025,3,28/02/2025 14:00:00,10/03/2025 17:40:00,1,243:40:00,"10,15",,,,,,,,,,
2025,3,28/02/2025 20:12:00,01/03/2025 08:42:00,1,12:30:00,"0,52",,,,,,,,,,
2025,3,28/02/2025 21:00:00,28/02/2025 22:11:00,1,1:11:00,"0,05",,,,,,,,,,
2025,3,28/02/2025 21:36:00,14/03/2025 15:35:00,1,329:59:00,"13,75",,,,,,,,,,
2025,3,28/02/2025 21:45:00,08/03/2025 16:45:00,1,187:00:00,"7,79",,,,,,,,,,
2025,3,01/03/2025 01:30:00,01/03/2025 03:05:00,1,1:35:00,"0,07",,,,,,,,,,
2025,3,01/03/2025 19:54:00,04/03/2025 21:50:00,1,73:56:00,"3,08",,,,,,,,,,
2025,3,01/03/2025 22:42:00,10/03/2025 18:00:00,1,211:18:00,"8,80",,,,,,,,,,
2025,3,02/03/2025 04:03:00,02/03/2025 05:30:00,1,1:27:00,"0,06",,,,,,,,,,
2025,3,02/03/2025 10:15:00,02/03/2025 10:45:00,1,0:30:00,"0,02",,,,,,,,,,
2025,3,02/03/2025 10:30:00,19/03/2025 02:00:00,1,399:30:00,"16,65",,,,,,,,,,
2025,3,02/03/2025 11:30:00,11/03/2025 18:50:00,1,223:20:00,"9,31",,,,,,,,,,
2025,3,02/03/2025 17:00:00,02/03/2025 20:42:00,1,3:42:00,"0,15",,,,,,,,,,
2025,3,02/03/2025 18:36:00,04/03/2025 08:15:00,1,37:39:00,"1,57",,,,,,,,,,
2025,3,02/03/2025 20:36:00,03/03/2025 23:10:00,1,26:34:00,"1,11",,,,,,,,,,
2025,3,02/03/2025 22:00:00,02/03/2025 22:45:00,1,0:45:00,"0,03",,,,,,,,,,
2025,3,03/03/2025 02:42:00,03/03/2025 08:25:00,1,5:43:00,"0,24",,,,,,,,,,
2025,3,03/03/2025 14:15:00,08/03/2025 06:00:00,1,111:45:00,"4,66",,,,,,,,,,
2025,3,03/03/2025 16:42:00,10/03/2025 03:38:00,1,154:56:00,"6,46",,,,,,,,,,
2025,3,03/03/2025 22:40:00,03/03/2025 23:50:00,1,1:10:00,"0,05",,,,,,,,,,
2025,3,04/03/2025 00:12:00,28/03/2025 02:00:00,1,577:48:00,"24,08",,,,,,,,,,
2025,3,04/03/2025 07:36:00,07/03/2025 12:53:00,1,77:17:00,"3,22",,,,,,,,,,
2025,3,04/03/2025 13:30:00,06/03/2025 17:02:00,1,51:32:00,"2,15",,,,,,,,,,
2025,3,04/03/2025 23:58:00,06/03/2025 10:15:00,1,34:17:00,"1,43",,,,,,,,,,
2025,3,05/03/2025 01:06:00,09/03/2025 20:55:00,1,115:49:00,"4,83",,,,,,,,,,
2025,3,05/03/2025 07:12:00,13/03/2025 02:30:00,1,187:18:00,"7,80",,,,,,,,,,
2025,3,05/03/2025 07:24:00,16/03/2025 21:50:00,1,278:26:00,"11,60",,,,,,,,,,
2025,3,05/03/2025 10:00:00,11/03/2025 23:05:00,1,157:05:00,"6,55",,,,,,,,,,
2025,3,05/03/2025 12:10:00,05/03/2025 12:25:00,1,0:15:00,"0,01",,,,,,,,,,
2025,3,05/03/2025 13:00:00,07/03/2025 12:55:00,1,47:55:00,"2,00",,,,,,,,,,
2025,3,05/03/2025 17:00:00,05/03/2025 18:45:00,1,1:45:00,"0,07",,,,,,,,,,
2025,3,05/03/2025 20:24:00,22/03/2025 00:10:00,1,387:46:00,"16,16",,,,,,,,,,
2025,3,05/03/2025 21:30:00,08/03/2025 05:07:00,1,55:37:00,"2,32",,,,,,,,,,
2025,3,06/03/2025 05:18:00,17/03/2025 07:25:00,1,266:07:00,"11,09",,,,,,,,,,
2025,3,06/03/2025 07:30:00,06/03/2025 08:14:00,1,0:44:00,"0,03",,,,,,,,,,
2025,3,06/03/2025 10:00:00,06/03/2025 11:05:00,1,1:05:00,"0,05",,,,,,,,,,
2025,3,06/03/2025 13:20:00,07/03/2025 21:40:00,1,32:20:00,"1,35",,,,,,,,,,
2025,3,06/03/2025 14:42:00,06/03/2025 15:10:00,1,0:28:00,"0,02",,,,,,,,,,
2025,3,06/03/2025 15:15:00,19/03/2025 03:15:00,1,300:00:00,"12,50",,,,,,,,,,
2025,3,06/03/2025 15:30:00,08/03/2025 23:15:00,1,55:45:00,"2,32",,,,,,,,,,
2025,3,06/03/2025 22:20:00,06/03/2025 22:50:00,1,0:30:00,"0,02",,,,,,,,,,
2025,3,06/03/2025 23:00:00,21/03/2025 23:50:00,1,360:50:00,"15,03",,,,,,,,,,
2025,3,07/03/2025 07:12:00,07/03/2025 14:00:00,1,6:48:00,"0,28",,,,,,,,,,
2025,3,08/03/2025 00:36:00,17/03/2025 23:25:00,1,238:49:00,"9,95",,,,,,,,,,
2025,3,08/03/2025 04:00:00,08/03/2025 05:45:00,1,1:45:00,"0,07",,,,,,,,,,
2025,3,08/03/2025 07:06:00,12/03/2025 09:05:00,1,97:59:00,"4,08",,,,,,,,,,
2025,3,08/03/2025 09:02:00,08/03/2025 09:40:00,1,0:38:00,"0,03",,,,,,,,,,
2025,3,08/03/2025 21:48:00,17/03/2025 08:58:00,1,203:10:00,"8,47",,,,,,,,,,
2025,3,08/03/2025 22:08:00,08/03/2025 23:08:00,1,1:00:00,"0,04",,,,,,,,,,
2025,3,08/03/2025 22:20:00,10/03/2025 05:00:00,1,30:40:00,"1,28",,,,,,,,,,
2025,3,09/03/2025 03:24:00,15/03/2025 13:42:00,1,154:18:00,"6,43",,,,,,,,,,
2025,3,09/03/2025 08:00:00,20/03/2025 23:15:00,1,279:15:00,"11,64",,,,,,,,,,
2025,3,09/03/2025 14:42:00,27/03/2025 09:20:00,1,426:38:00,"17,78",,,,,,,,,,
2025,3,09/03/2025 18:30:00,12/03/2025 20:10:00,1,73:40:00,"3,07",,,,,,,,,,
2025,3,09/03/2025 19:00:00,14/03/2025 22:10:00,1,123:10:00,"5,13",,,,,,,,,,
2025,3,10/03/2025 00:00:00,10/03/2025 01:03:00,1,1:03:00,"0,04",,,,,,,,,,
2025,3,10/03/2025 04:15:00,17/03/2025 13:35:00,1,177:20:00,"7,39",,,,,,,,,,
2025,3,10/03/2025 09:00:00,10/03/2025 11:55:00,1,2:55:00,"0,12",,,,,,,,,,
2025,3,10/03/2025 10:48:00,22/03/2025 01:15:00,1,278:27:00,"11,60",,,,,,,,,,
2025,3,10/03/2025 19:40:00,10/03/2025 21:30:00,1,1:50:00,"0,08",,,,,,,,,,
2025,3,10/03/2025 23:00:00,13/03/2025 10:15:00,1,59:15:00,"2,47",,,,,,,,,,
2025,3,10/03/2025 23:18:00,22/03/2025 16:10:00,1,280:52:00,"11,70",,,,,,,,,,
2025,3,11/03/2025 00:06:00,18/03/2025 20:05:00,1,187:59:00,"7,83",,,,,,,,,,
2025,3,11/03/2025 18:24:00,14/03/2025 23:10:00,1,76:46:00,"3,20",,,,,,,,,,
2025,3,11/03/2025 19:30:00,11/03/2025 20:30:00,1,1:00:00,"0,04",,,,,,,,,,
2025,3,11/03/2025 19:55:00,11/03/2025 20:15:00,1,0:20:00,"0,01",,,,,,,,,,
2025,3,11/03/2025 20:23:00,16/03/2025 12:40:00,1,112:17:00,"4,68",,,,,,,,,,
2025,3,11/03/2025 22:00:00,12/03/2025 17:40:00,1,19:40:00,"0,82",,,,,,,,,,
2025,3,12/03/2025 12:36:00,15/03/2025 20:18:00,1,79:42:00,"3,32",,,,,,,,,,
2025,3,12/03/2025 12:42:00,20/03/2025 11:40:00,1,190:58:00,"7,96",,,,,,,,,,
2025,3,13/03/2025 04:39:00,13/03/2025 05:12:00,1,0:33:00,"0,02",,,,,,,,,,
2025,3,13/03/2025 06:00:00,13/03/2025 09:00:00,1,3:00:00,"0,13",,,,,,,,,,
2025,3,13/03/2025 07:30:00,13/03/2025 08:46:00,1,1:16:00,"0,05",,,,,,,,,,
2025,3,13/03/2025 08:15:00,13/03/2025 10:15:00,1,2:00:00,"0,08",,,,,,,,,,
2025,3,13/03/2025 11:42:00,16/03/2025 05:45:00,1,66:03:00,"2,75",,,,,,,,,,
2025,3,13/03/2025 13:00:00,13/03/2025 13:45:00,1,0:45:00,"0,03",,,,,,,,,,
2025,3,13/03/2025 18:12:00,18/03/2025 21:25:00,1,123:13:00,"5,13",,,,,,,,,,
2025,3,14/03/2025 11:18:00,17/03/2025 21:36:00,1,82:18:00,"3,43",,,,,,,,,,
2025,3,14/03/2025 13:42:00,21/03/2025 23:25:00,1,177:43:00,"7,40",,,,,,,,,,
2025,3,14/03/2025 16:30:00,19/03/2025 01:40:00,1,105:10:00,"4,38",,,,,,,,,,
2025,3,15/03/2025 02:18:00,22/03/2025 17:05:00,1,182:47:00,"7,62",,,,,,,,,,
2025,3,15/03/2025 08:00:00,17/03/2025 23:15:00,1,63:15:00,"2,64",,,,,,,,,,
2025,3,15/03/2025 08:40:00,15/03/2025 09:50:00,1,1:10:00,"0,05",,,,,,,,,,
2025,3,15/03/2025 11:08:00,15/03/2025 11:30:00,1,0:22:00,"0,02",,,,,,,,,,
2025,3,15/03/2025 19:30:00,15/03/2025 20:25:00,1,0:55:00,"0,04",,,,,,,,,,
2025,3,15/03/2025 21:00:00,17/03/2025 01:45:00,1,28:45:00,"1,20",,,,,,,,,,
2025,3,16/03/2025 01:42:00,17/03/2025 01:44:00,1,24:02:00,"1,00",,,,,,,,,,
2025,3,16/03/2025 02:00:00,16/03/2025 03:02:00,1,1:02:00,"0,04",,,,,,,,,,
2025,3,16/03/2025 08:05:00,16/03/2025 08:45:00,1,0:40:00,"0,03",,,,,,,,,,
2025,3,16/03/2025 09:36:00,16/03/2025 12:43:00,1,3:07:00,"0,13",,,,,,,,,,
2025,3,16/03/2025 11:30:00,16/03/2025 12:25:00,1,0:55:00,"0,04",,,,,,,,,,
2025,3,16/03/2025 13:12:00,17/03/2025 22:11:00,1,32:59:00,"1,37",,,,,,,,,,
2025,3,16/03/2025 14:00:00,27/03/2025 10:45:00,1,260:45:00,"10,86",,,,,,,,,,
2025,3,16/03/2025 22:30:00,28/03/2025 15:15:00,1,280:45:00,"11,70",,,,,,,,,,
2025,3,16/03/2025 23:30:00,17/03/2025 01:12:00,1,1:42:00,"0,07",,,,,,,,,,
2025,3,17/03/2025 00:30:00,29/03/2025 22:55:00,1,310:25:00,"12,93",,,,,,,,,,
2025,3,17/03/2025 11:36:00,24/03/2025 16:10:00,1,172:34:00,"7,19",,,,,,,,,,
2025,3,17/03/2025 19:12:00,18/03/2025 20:30:00,1,25:18:00,"1,05",,,,,,,,,,
2025,3,18/03/2025 09:12:00,25/03/2025 09:10:00,1,167:58:00,"7,00",,,,,,,,,,
2025,3,18/03/2025 16:30:00,21/03/2025 00:36:00,1,56:06:00,"2,34",,,,,,,,,,
2025,3,18/03/2025 19:30:00,18/03/2025 20:20:00,1,0:50:00,"0,03",,,,,,,,,,
2025,3,19/03/2025 01:00:00,19/03/2025 01:38:00,1,0:38:00,"0,03",,,,,,,,,,
2025,3,19/03/2025 01:00:00,24/03/2025 21:00:00,1,140:00:00,"5,83",,,,,,,,,,
2025,3,19/03/2025 09:20:00,20/03/2025 12:00:00,1,26:40:00,"1,11",,,,,,,,,,
2025,3,19/03/2025 13:00:00,27/03/2025 16:05:00,1,195:05:00,"8,13",,,,,,,,,,
2025,3,19/03/2025 21:45:00,22/03/2025 20:00:00,1,70:15:00,"2,93",,,,,,,,,,
2025,3,20/03/2025 06:30:00,20/03/2025 23:25:00,1,16:55:00,"0,70",,,,,,,,,,
2025,3,20/03/2025 16:30:00,20/03/2025 17:45:00,1,1:15:00,"0,05",,,,,,,,,,
2025,3,21/03/2025 07:50:00,21/03/2025 08:30:00,1,0:40:00,"0,03",,,,,,,,,,
2025,3,21/03/2025 12:00:00,28/03/2025 23:00:00,1,179:00:00,"7,46",,,,,,,,,,
2025,3,21/03/2025 12:18:00,24/03/2025 11:45:00,1,71:27:00,"2,98",,,,,,,,,,
2025,3,21/03/2025 23:00:00,22/03/2025 00:05:00,1,1:05:00,"0,05",,,,,,,,,,
2025,3,22/03/2025 02:10:00,22/03/2025 03:03:00,1,0:53:00,"0,04",,,,,,,,,,
2025,3,22/03/2025 03:20:00,22/03/2025 04:15:00,1,0:55:00,"0,04",,,,,,,,,,
2025,3,22/03/2025 11:18:00,27/03/2025 08:50:00,1,117:32:00,"4,90",,,,,,,,,,
2025,3,23/03/2025 06:24:00,24/03/2025 21:15:00,1,38:51:00,"1,62",,,,,,,,,,
2025,3,23/03/2025 08:45:00,23/03/2025 09:15:00,1,0:30:00,"0,02",,,,,,,,,,
2025,3,23/03/2025 09:00:00,24/03/2025 04:30:00,1,19:30:00,"0,81",,,,,,,,,,
2025,3,23/03/2025 12:00:00,23/03/2025 13:00:00,1,1:00:00,"0,04",,,,,,,,,,
2025,3,23/03/2025 20:33:00,23/03/2025 22:50:00,1,2:17:00,"0,10",,,,,,,,,,
2025,3,24/03/2025 02:18:00,24/03/2025 04:30:00,1,2:12:00,"0,09",,,,,,,,,,
2025,3,24/03/2025 09:00:00,24/03/2025 11:35:00,1,2:35:00,"0,11",,,,,,,,,,
2025,3,24/03/2025 12:40:00,24/03/2025 13:14:00,1,0:34:00,"0,02",,,,,,,,,,
2025,3,25/03/2025 00:08:00,25/03/2025 02:00:00,1,1:52:00,"0,08",,,,,,,,,,
2025,3,25/03/2025 11:00:00,27/03/2025 22:40:00,1,59:40:00,"2,49",,,,,,,,,,
2025,3,25/03/2025 20:04:00,25/03/2025 21:05:00,1,1:01:00,"0,04",,,,,,,,,,
2025,3,26/03/2025 03:15:00,26/03/2025 04:10:00,1,0:55:00,"0,04",,,,,,,,,,
2025,3,26/03/2025 05:00:00,28/03/2025 13:12:00,1,56:12:00,"2,34",,,,,,,,,,
2025,3,26/03/2025 17:00:00,26/03/2025 21:15:00,1,4:15:00,"0,18",,,,,,,,,,
2025,3,26/03/2025 23:40:00,27/03/2025 01:30:00,1,1:50:00,"0,08",,,,,,,,,,
2025,3,27/03/2025 01:06:00,29/03/2025 11:30:00,1,58:24:00,"2,43",,,,,,,,,,
2025,3,27/03/2025 08:00:00,27/03/2025 10:30:00,1,2:30:00,"0,10",,,,,,,,,,
2025,3,27/03/2025 17:00:00,28/03/2025 14:15:00,1,21:15:00,"0,89",,,,,,,,,,
2025,3,28/03/2025 21:20:00,28/03/2025 22:20:00,1,1:00:00,"0,04",,,,,,,,,,
2025,4,05/03/2025 21:00:00,31/03/2025 04:15:00,1,607:15:00,"25,30",,,,,,,,,,
2025,4,13/03/2025 11:42:00,11/04/2025 17:35:00,1,701:53:00,"29,25",,,,,,,,,,
2025,4,13/03/2025 12:36:00,13/04/2025 08:24:00,1,739:48:00,"30,82",,,,,,,,,,
2025,4,14/03/2025 02:54:00,02/04/2025 01:10:00,1,454:16:00,"18,93",,,,,,,,,,
2025,4,14/03/2025 21:50:00,03/04/2025 11:55:00,1,470:05:00,"19,59",,,,,,,,,,
2025,4,20/03/2025 14:00:00,08/04/2025 20:45:00,1,462:45:00,"19,28",,,,,,,,,,
2025,4,20/03/2025 15:08:00,29/03/2025 11:40:00,1,212:32:00,"8,86",,,,,,,,,,
2025,4,20/03/2025 18:15:00,30/03/2025 23:40:00,1,245:25:00,"10,23",,,,,,,,,,
2025,4,20/03/2025 21:12:00,21/03/2025 08:20:00,1,11:08:00,"0,46",,,,,,,,,,
2025,4,20/03/2025 21:30:00,30/03/2025 08:45:00,1,227:15:00,"9,47",,,,,,,,,,
2025,4,20/03/2025 22:30:00,30/03/2025 05:35:00,1,223:05:00,"9,30",,,,,,,,,,
2025,4,21/03/2025 01:00:00,08/04/2025 06:35:00,1,437:35:00,"18,23",,,,,,,,,,
2025,4,22/03/2025 01:35:00,09/04/2025 13:04:00,1,443:29:00,"18,48",,,,,,,,,,
2025,4,22/03/2025 23:30:00,09/04/2025 14:24:00,1,422:54:00,"17,62",,,,,,,,,,
2025,4,23/03/2025 06:00:00,18/04/2025 22:00:00,1,640:00:00,"26,67",,,,,,,,,,
2025,4,23/03/2025 06:06:00,02/04/2025 06:55:00,1,240:49:00,"10,03",,,,,,,,,,
2025,4,23/03/2025 10:00:00,31/03/2025 17:40:00,1,199:40:00,"8,32",,,,,,,,,,
2025,4,23/03/2025 11:45:00,13/04/2025 14:05:00,1,506:20:00,"21,10",,,,,,,,,,
2025,4,23/03/2025 16:00:00,29/03/2025 21:50:00,1,149:50:00,"6,24",,,,,,,,,,
2025,4,23/03/2025 17:00:00,13/04/2025 06:55:00,1,493:55:00,"20,58",,,,,,,,,,
2025,4,23/03/2025 18:45:00,08/04/2025 06:07:00,1,371:22:00,"15,47",,,,,,,,,,
2025,4,24/03/2025 09:15:00,06/04/2025 19:50:00,1,322:35:00,"13,44",,,,,,,,,,
2025,4,24/03/2025 15:30:00,14/04/2025 21:40:00,1,510:10:00,"21,26",,,,,,,,,,
2025,4,25/03/2025 07:24:00,01/04/2025 19:45:00,1,180:21:00,"7,51",,,,,,,,,,
2025,4,25/03/2025 11:24:00,01/04/2025 06:05:00,1,162:41:00,"6,78",,,,,,,,,,
2025,4,25/03/2025 13:00:00,05/04/2025 15:20:00,1,266:20:00,"11,10",,,,,,,,,,
2025,4,25/03/2025 20:15:00,07/04/2025 01:36:00,1,293:21:00,"12,22",,,,,,,,,,
2025,4,26/03/2025 00:01:00,01/04/2025 09:30:00,1,153:29:00,"6,40",,,,,,,,,,
2025,4,26/03/2025 10:49:00,31/03/2025 14:28:00,1,123:39:00,"5,15",,,,,,,,,,
2025,4,26/03/2025 14:00:00,01/04/2025 05:25:00,1,135:25:00,"5,64",,,,,,,,,,
2025,4,26/03/2025 17:42:00,09/04/2025 23:59:00,1,342:17:00,"14,26",,,,,,,,,,
2025,4,27/03/2025 10:12:00,04/04/2025 16:25:00,1,198:13:00,"8,26",,,,,,,,,,
2025,4,28/03/2025 06:00:00,29/03/2025 16:52:00,1,34:52:00,"1,45",,,,,,,,,,
2025,4,28/03/2025 06:00:00,03/04/2025 11:48:00,1,149:48:00,"6,24",,,,,,,,,,
2025,4,28/03/2025 08:00:00,09/04/2025 22:30:00,1,302:30:00,"12,60",,,,,,,,,,
2025,4,28/03/2025 10:45:00,30/03/2025 18:33:00,1,55:48:00,"2,33",,,,,,,,,,
2025,4,28/03/2025 20:00:00,30/03/2025 00:05:00,1,28:05:00,"1,17",,,,,,,,,,
2025,4,28/03/2025 21:18:00,07/04/2025 15:15:00,1,233:57:00,"9,75",,,,,,,,,,
2025,4,29/03/2025 03:18:00,02/04/2025 20:20:00,1,113:02:00,"4,71",,,,,,,,,,
2025,4,29/03/2025 13:48:00,31/03/2025 03:35:00,1,37:47:00,"1,57",,,,,,,,,,
2025,4,29/03/2025 20:30:00,29/03/2025 21:15:00,1,0:45:00,"0,03",,,,,,,,,,
2025,4,29/03/2025 20:36:00,06/04/2025 21:20:00,1,192:44:00,"8,03",,,,,,,,,,
2025,4,29/03/2025 21:00:00,29/03/2025 22:05:00,1,1:05:00,"0,05",,,,,,,,,,
2025,4,30/03/2025 07:15:00,25/04/2025 03:00:00,1,619:45:00,"25,82",,,,,,,,,,
2025,4,30/03/2025 15:40:00,30/03/2025 16:30:00,1,0:50:00,"0,03",,,,,,,,,,
2025,4,30/03/2025 19:30:00,06/04/2025 20:20:00,1,168:50:00,"7,03",,,,,,,,,,
2025,4,30/03/2025 21:00:00,01/04/2025 19:45:00,1,46:45:00,"1,95",,,,,,,,,,
2025,4,31/03/2025 02:00:00,14/04/2025 09:15:00,1,343:15:00,"14,30",,,,,,,,,,
2025,4,31/03/2025 07:30:00,31/03/2025 09:17:00,1,1:47:00,"0,07",,,,,,,,,,
2025,4,01/04/2025 10:06:00,10/04/2025 13:00:00,1,218:54:00,"9,12",,,,,,,,,,
2025,4,01/04/2025 17:40:00,01/04/2025 19:20:00,1,1:40:00,"0,07",,,,,,,,,,
2025,4,02/04/2025 05:00:00,02/04/2025 06:18:00,1,1:18:00,"0,05",,,,,,,,,,
2025,4,02/04/2025 05:00:00,07/04/2025 16:27:00,1,131:27:00,"5,48",,,,,,,,,,
2025,4,02/04/2025 05:30:00,02/04/2025 06:40:00,1,1:10:00,"0,05",,,,,,,,,,
2025,4,02/04/2025 19:30:00,05/04/2025 13:41:00,1,66:11:00,"2,76",,,,,,,,,,
2025,4,02/04/2025 22:30:00,07/04/2025 02:40:00,1,100:10:00,"4,17",,,,,,,,,,
2025,4,03/04/2025 01:18:00,04/04/2025 08:15:00,1,30:57:00,"1,29",,,,,,,,,,
2025,4,03/04/2025 04:20:00,03/04/2025 05:30:00,1,1:10:00,"0,05",,,,,,,,,,
2025,4,03/04/2025 05:45:00,15/04/2025 16:50:00,1,299:05:00,"12,46",,,,,,,,,,
2025,4,03/04/2025 10:40:00,26/04/2025 21:05:00,1,562:25:00,"23,43",,,,,,,,,,
2025,4,03/04/2025 11:06:00,09/04/2025 13:40:00,1,146:34:00,"6,11",,,,,,,,,,
2025,4,03/04/2025 12:15:00,03/04/2025 12:35:00,1,0:20:00,"0,01",,,,,,,,,,
2025,4,03/04/2025 17:00:00,12/04/2025 21:30:00,1,220:30:00,"9,19",,,,,,,,,,
2025,4,03/04/2025 18:40:00,08/04/2025 06:00:00,1,107:20:00,"4,47",,,,,,,,,,
2025,4,03/04/2025 22:43:00,10/04/2025 18:45:00,1,164:02:00,"6,83",,,,,,,,,,
2025,4,04/04/2025 07:40:00,04/04/2025 08:19:00,1,0:39:00,"0,03",,,,,,,,,,
2025,4,04/04/2025 09:00:00,10/04/2025 18:25:00,1,153:25:00,"6,39",,,,,,,,,,
2025,4,04/04/2025 11:03:00,04/04/2025 12:08:00,1,1:05:00,"0,05",,,,,,,,,,
2025,4,05/04/2025 09:00:00,08/04/2025 00:40:00,1,63:40:00,"2,65",,,,,,,,,,
2025,4,05/04/2025 10:30:00,06/04/2025 01:25:00,1,14:55:00,"0,62",,,,,,,,,,
2025,4,05/04/2025 19:34:00,05/04/2025 20:50:00,1,1:16:00,"0,05",,,,,,,,,,
2025,4,06/04/2025 05:12:00,06/04/2025 12:05:00,1,6:53:00,"0,29",,,,,,,,,,
2025,4,06/04/2025 12:30:00,06/04/2025 21:30:00,1,9:00:00,"0,38",,,,,,,,,,
2025,4,06/04/2025 12:30:00,17/04/2025 02:35:00,1,254:05:00,"10,59",,,,,,,,,,
2025,4,07/04/2025 00:24:00,11/04/2025 10:00:00,1,105:36:00,"4,40",,,,,,,,,,
2025,4,07/04/2025 10:00:00,07/04/2025 10:44:00,1,0:44:00,"0,03",,,,,,,,,,
2025,4,07/04/2025 15:00:00,07/04/2025 16:10:00,1,1:10:00,"0,05",,,,,,,,,,
2025,4,07/04/2025 17:30:00,09/04/2025 23:50:00,1,54:20:00,"2,26",,,,,,,,,,
2025,4,07/04/2025 19:30:00,07/04/2025 20:25:00,1,0:55:00,"0,04",,,,,,,,,,
2025,4,07/04/2025 22:00:00,08/04/2025 19:04:00,1,21:04:00,"0,88",,,,,,,,,,
2025,4,07/04/2025 23:30:00,10/04/2025 18:30:00,1,67:00:00,"2,79",,,,,,,,,,
2025,4,08/04/2025 00:01:00,16/04/2025 07:00:00,1,198:59:00,"8,29",,,,,,,,,,
2025,4,08/04/2025 07:00:00,12/04/2025 21:45:00,1,110:45:00,"4,61",,,,,,,,,,
2025,4,08/04/2025 14:00:00,08/04/2025 14:31:00,1,0:31:00,"0,02",,,,,,,,,,
2025,4,08/04/2025 16:54:00,17/04/2025 15:15:00,1,214:21:00,"8,93",,,,,,,,,,
2025,4,08/04/2025 17:45:00,08/04/2025 18:15:00,1,0:30:00,"0,02",,,,,,,,,,
2025,4,09/04/2025 02:30:00,12/04/2025 08:40:00,1,78:10:00,"3,26",,,,,,,,,,
2025,4,09/04/2025 10:30:00,13/04/2025 02:25:00,1,87:55:00,"3,66",,,,,,,,,,
2025,4,09/04/2025 12:00:00,22/04/2025 20:42:00,1,320:42:00,"13,36",,,,,,,,,,
2025,4,09/04/2025 17:00:00,09/04/2025 22:40:00,1,5:40:00,"0,24",,,,,,,,,,
2025,4,09/04/2025 20:45:00,09/04/2025 22:00:00,1,1:15:00,"0,05",,,,,,,,,,
2025,4,09/04/2025 22:48:00,17/04/2025 22:40:00,1,191:52:00,"7,99",,,,,,,,,,
2025,4,09/04/2025 23:00:00,21/04/2025 08:50:00,1,273:50:00,"11,41",,,,,,,,,,
2025,4,09/04/2025 23:45:00,10/04/2025 01:00:00,1,1:15:00,"0,05",,,,,,,,,,
2025,4,10/04/2025 01:54:00,10/04/2025 02:48:00,1,0:54:00,"0,04",,,,,,,,,,
2025,4,10/04/2025 10:00:00,10/04/2025 12:45:00,1,2:45:00,"0,11",,,,,,,,,,
2025,4,10/04/2025 12:30:00,11/04/2025 10:30:00,1,22:00:00,"0,92",,,,,,,,,,
2025,4,10/04/2025 21:32:00,13/04/2025 02:35:00,1,53:03:00,"2,21",,,,,,,,,,
2025,4,11/04/2025 02:30:00,15/04/2025 23:08:00,1,116:38:00,"4,86",,,,,,,,,,
2025,4,11/04/2025 06:30:00,11/04/2025 07:50:00,1,1:20:00,"0,06",,,,,,,,,,
2025,4,11/04/2025 07:30:00,11/04/2025 08:42:00,1,1:12:00,"0,05",,,,,,,,,,
2025,4,11/04/2025 11:30:00,11/04/2025 17:31:00,1,6:01:00,"0,25",,,,,,,,,,
2025,4,12/04/2025 05:00:00,28/04/2025 04:30:00,1,383:30:00,"15,98",,,,,,,,,,
2025,4,12/04/2025 12:00:00,12/04/2025 16:00:00,1,4:00:00,"0,17",,,,,,,,,,
2025,4,12/04/2025 16:00:00,16/04/2025 15:20:00,1,95:20:00,"3,97",,,,,,,,,,
2025,4,12/04/2025 16:18:00,19/04/2025 07:00:00,1,158:42:00,"6,61",,,,,,,,,,
2025,4,13/04/2025 00:45:00,13/04/2025 02:20:00,1,1:35:00,"0,07",,,,,,,,,,
2025,4,13/04/2025 01:55:00,13/04/2025 07:50:00,1,5:55:00,"0,25",,,,,,,,,,
2025,4,13/04/2025 07:30:00,13/04/2025 08:35:00,1,1:05:00,"0,05",,,,,,,,,,
2025,4,13/04/2025 08:39:00,15/04/2025 10:45:00,1,50:06:00,"2,09",,,,,,,,,,
2025,4,13/04/2025 09:00:00,15/04/2025 16:15:00,1,55:15:00,"2,30",,,,,,,,,,
2025,4,13/04/2025 11:30:00,16/04/2025 13:50:00,1,74:20:00,"3,10",,,,,,,,,,
2025,4,13/04/2025 13:00:00,21/04/2025 23:20:00,1,202:20:00,"8,43",,,,,,,,,,
2025,4,13/04/2025 17:10:00,20/04/2025 02:45:00,1,153:35:00,"6,40",,,,,,,,,,
2025,4,13/04/2025 22:00:00,18/04/2025 06:40:00,1,104:40:00,"4,36",,,,,,,,,,
2025,4,15/04/2025 04:30:00,15/04/2025 06:11:00,1,1:41:00,"0,07",,,,,,,,,,
2025,4,15/04/2025 09:42:00,18/04/2025 11:35:00,1,73:53:00,"3,08",,,,,,,,,,
2025,4,16/04/2025 01:15:00,16/04/2025 02:24:00,1,1:09:00,"0,05",,,,,,,,,,
2025,4,16/04/2025 05:30:00,16/04/2025 06:50:00,1,1:20:00,"0,06",,,,,,,,,,
2025,4,16/04/2025 07:00:00,18/04/2025 12:15:00,1,53:15:00,"2,22",,,,,,,,,,
2025,4,16/04/2025 07:00:00,22/04/2025 11:25:00,1,148:25:00,"6,18",,,,,,,,,,
2025,4,16/04/2025 09:45:00,16/04/2025 10:35:00,1,0:50:00,"0,03",,,,,,,,,,
2025,4,16/04/2025 15:06:00,24/04/2025 14:50:00,1,191:44:00,"7,99",,,,,,,,,,
2025,4,16/04/2025 15:30:00,16/04/2025 21:12:00,1,5:42:00,"0,24",,,,,,,,,,
2025,4,16/04/2025 16:30:00,22/04/2025 11:30:00,1,139:00:00,"5,79",,,,,,,,,,
2025,4,16/04/2025 21:12:00,23/04/2025 01:00:00,1,147:48:00,"6,16",,,,,,,,,,
2025,4,17/04/2025 01:30:00,17/04/2025 02:20:00,1,0:50:00,"0,03",,,,,,,,,,
2025,4,17/04/2025 06:00:00,17/04/2025 07:29:00,1,1:29:00,"0,06",,,,,,,,,,
2025,4,17/04/2025 07:30:00,17/04/2025 15:31:00,1,8:01:00,"0,33",,,,,,,,,,
2025,4,17/04/2025 08:45:00,17/04/2025 09:15:00,1,0:30:00,"0,02",,,,,,,,,,
2025,4,17/04/2025 14:00:00,19/04/2025 02:10:00,1,36:10:00,"1,51",,,,,,,,,,
2025,4,17/04/2025 17:15:00,18/04/2025 11:50:00,1,18:35:00,"0,77",,,,,,,,,,
2025,4,18/04/2025 08:30:00,25/04/2025 12:25:00,1,171:55:00,"7,16",,,,,,,,,,
2025,4,18/04/2025 10:00:00,24/04/2025 00:10:00,1,134:10:00,"5,59",,,,,,,,,,
2025,4,18/04/2025 12:00:00,18/04/2025 20:50:00,1,8:50:00,"0,37",,,,,,,,,,
2025,4,18/04/2025 14:00:00,20/04/2025 23:00:00,1,57:00:00,"2,38",,,,,,,,,,
2025,4,18/04/2025 17:00:00,19/04/2025 15:41:00,1,22:41:00,"0,95",,,,,,,,,,
2025,4,18/04/2025 23:36:00,28/04/2025 23:50:00,1,240:14:00,"10,01",,,,,,,,,,
2025,4,18/04/2025 23:42:00,24/04/2025 01:50:00,1,122:08:00,"5,09",,,,,,,,,,
2025,4,19/04/2025 17:00:00,27/04/2025 03:05:00,1,178:05:00,"7,42",,,,,,,,,,
2025,4,19/04/2025 23:00:00,22/04/2025 03:24:00,1,52:24:00,"2,18",,,,,,,,,,
2025,4,20/04/2025 15:45:00,20/04/2025 17:03:00,1,1:18:00,"0,05",,,,,,,,,,
2025,4,20/04/2025 17:30:00,21/04/2025 16:45:00,1,23:15:00,"0,97",,,,,,,,,,
2025,4,20/04/2025 21:00:00,20/04/2025 22:10:00,1,1:10:00,"0,05",,,,,,,,,,
2025,4,20/04/2025 22:00:00,20/04/2025 23:00:00,1,1:00:00,"0,04",,,,,,,,,,
2025,4,20/04/2025 23:00:00,20/04/2025 23:45:00,1,0:45:00,"0,03",,,,,,,,,,
2025,4,21/04/2025 12:00:00,21/04/2025 13:15:00,2,1:15:00,"0,05",,,,,,,,,,
2025,4,21/04/2025 13:06:00,25/04/2025 02:45:00,1,85:39:00,"3,57",,,,,,,,,,
2025,4,21/04/2025 19:48:00,27/04/2025 11:00:00,1,135:12:00,"5,63",,,,,,,,,,
2025,4,22/04/2025 09:45:00,22/04/2025 15:45:00,1,6:00:00,"0,25",,,,,,,,,,
2025,4,22/04/2025 11:15:00,22/04/2025 15:12:00,1,3:57:00,"0,16",,,,,,,,,,
2025,4,22/04/2025 19:28:00,22/04/2025 20:40:00,1,1:12:00,"0,05",,,,,,,,,,
2025,4,22/04/2025 22:20:00,22/04/2025 22:50:00,1,0:30:00,"0,02",,,,,,,,,,
2025,4,23/04/2025 01:08:00,23/04/2025 02:40:00,1,1:32:00,"0,06",,,,,,,,,,
2025,4,23/04/2025 01:53:00,23/04/2025 02:55:00,1,1:02:00,"0,04",,,,,,,,,,
2025,4,23/04/2025 08:24:00,24/04/2025 08:45:00,1,24:21:00,"1,01",,,,,,,,,,
2025,4,23/04/2025 12:00:00,23/04/2025 14:00:00,1,2:00:00,"0,08",,,,,,,,,,
2025,4,23/04/2025 13:00:00,23/04/2025 14:15:00,1,1:15:00,"0,05",,,,,,,,,,
2025,4,23/04/2025 15:00:00,26/04/2025 20:55:00,1,77:55:00,"3,25",,,,,,,,,,
2025,4,24/04/2025 15:15:00,24/04/2025 16:18:00,1,1:03:00,"0,04",,,,,,,,,,
2025,4,25/04/2025 00:06:00,26/04/2025 05:00:00,1,28:54:00,"1,20",,,,,,,,,,
2025,4,25/04/2025 08:00:00,27/04/2025 19:12:00,1,59:12:00,"2,47",,,,,,,,,,
2025,4,25/04/2025 11:24:00,25/04/2025 18:43:00,1,7:19:00,"0,30",,,,,,,,,,
2025,4,26/04/2025 00:01:00,26/04/2025 01:00:00,1,0:59:00,"0,04",,,,,,,,,,
2025,4,27/04/2025 00:01:00,29/04/2025 00:50:00,1,48:49:00,"2,03",,,,,,,,,,
2025,4,27/04/2025 08:30:00,27/04/2025 10:05:00,1,1:35:00,"0,07",,,,,,,,,,
2025,4,27/04/2025 12:00:00,29/04/2025 08:50:00,1,44:50:00,"1,87",,,,,,,,,,
2025,4,27/04/2025 22:52:00,27/04/2025 23:55:00,1,1:03:00,"0,04",,,,,,,,,,
2025,4,28/04/2025 02:12:00,28/04/2025 09:10:00,1,6:58:00,"0,29",,,,,,,,,,
2025,5,07/04/2025 10:00:00,01/05/2025 06:23:00,1,572:23:00,"23,85",,,,,,,,,,
2025,5,09/04/2025 13:00:00,07/05/2025 16:50:00,1,675:50:00,"28,16",,,,,,,,,,
2025,5,10/04/2025 06:30:00,08/05/2025 15:30:00,1,681:00:00,"28,38",,,,,,,,,,
2025,5,12/04/2025 11:48:00,28/04/2025 13:35:00,1,385:47:00,"16,07",,,,,,,,,,
2025,5,15/04/2025 12:29:00,24/04/2025 22:30:00,1,226:01:00,"9,42",,,,,,,,,,
2025,5,18/04/2025 00:01:00,02/05/2025 05:15:00,1,341:14:00,"14,22",,,,,,,,,,
2025,5,18/04/2025 12:00:00,01/05/2025 18:25:00,1,318:25:00,"13,27",,,,,,,,,,
2025,5,18/04/2025 20:42:00,05/05/2025 04:45:00,1,392:03:00,"16,34",,,,,,,,,,
2025,5,20/04/2025 09:24:00,05/05/2025 04:30:00,1,355:06:00,"14,80",,,,,,,,,,
2025,5,20/04/2025 11:00:00,25/04/2025 17:00:00,1,126:00:00,"5,25",,,,,,,,,,
2025,5,21/04/2025 12:12:00,02/05/2025 18:00:00,1,269:48:00,"11,24",,,,,,,,,,
2025,5,21/04/2025 16:00:00,20/05/2025 00:35:00,1,680:35:00,"28,36",,,,,,,,,,
2025,5,21/04/2025 19:30:00,13/05/2025 03:59:00,1,512:29:00,"21,35",,,,,,,,,,
2025,5,22/04/2025 06:30:00,30/04/2025 08:30:00,1,194:00:00,"8,08",,,,,,,,,,
2025,5,22/04/2025 09:30:00,26/04/2025 07:00:00,1,93:30:00,"3,90",,,,,,,,,,
2025,5,22/04/2025 13:00:00,02/05/2025 05:35:00,1,232:35:00,"9,69",,,,,,,,,,
2025,5,22/04/2025 23:42:00,06/05/2025 17:35:00,1,329:53:00,"13,75",,,,,,,,,,
2025,5,23/04/2025 14:00:00,23/04/2025 17:20:00,1,3:20:00,"0,14",,,,,,,,,,
2025,5,23/04/2025 17:48:00,01/05/2025 12:30:00,1,186:42:00,"7,78",,,,,,,,,,
2025,5,24/04/2025 03:00:00,01/05/2025 19:15:00,1,184:15:00,"7,68",,,,,,,,,,
2025,5,24/04/2025 09:00:00,30/04/2025 01:30:00,1,136:30:00,"5,69",,,,,,,,,,
2025,5,24/04/2025 09:36:00,01/05/2025 12:45:00,1,171:09:00,"7,13",,,,,,,,,,
2025,5,24/04/2025 23:24:00,04/05/2025 22:00:00,1,238:36:00,"9,94",,,,,,,,,,
2025,5,25/04/2025 00:01:00,08/05/2025 18:30:00,1,330:29:00,"13,77",,,,,,,,,,
2025,5,25/04/2025 01:18:00,29/04/2025 19:10:00,1,113:52:00,"4,74",,,,,,,,,,
2025,5,25/04/2025 02:18:00,28/04/2025 23:45:00,1,93:27:00,"3,89",,,,,,,,,,
2025,5,25/04/2025 08:00:00,30/04/2025 08:00:00,1,120:00:00,"5,00",,,,,,,,,,
2025,5,25/04/2025 10:06:00,05/05/2025 04:35:00,1,234:29:00,"9,77",,,,,,,,,,
2025,5,25/04/2025 19:12:00,04/05/2025 02:45:00,1,199:33:00,"8,31",,,,,,,,,,
2025,5,26/04/2025 13:30:00,26/04/2025 16:10:00,1,2:40:00,"0,11",,,,,,,,,,
2025,5,26/04/2025 14:12:00,28/04/2025 13:50:00,1,47:38:00,"1,98",,,,,,,,,,
2025,5,26/04/2025 20:48:00,05/05/2025 11:15:00,1,206:27:00,"8,60",,,,,,,,,,
2025,5,27/04/2025 04:30:00,01/05/2025 22:45:00,1,114:15:00,"4,76",,,,,,,,,,
2025,5,27/04/2025 07:00:00,28/04/2025 19:11:00,1,36:11:00,"1,51",,,,,,,,,,
2025,5,28/04/2025 05:18:00,30/04/2025 00:30:00,1,43:12:00,"1,80",,,,,,,,,,
2025,5,28/04/2025 07:30:00,01/05/2025 02:10:00,1,66:40:00,"2,78",,,,,,,,,,
2025,5,28/04/2025 22:00:00,05/05/2025 02:00:00,1,148:00:00,"6,17",,,,,,,,,,
2025,5,29/04/2025 06:15:00,29/04/2025 07:35:00,1,1:20:00,"0,06",,,,,,,,,,
2025,5,29/04/2025 07:00:00,30/04/2025 11:00:00,1,28:00:00,"1,17",,,,,,,,,,
2025,5,29/04/2025 09:18:00,04/05/2025 01:51:00,1,112:33:00,"4,69",,,,,,,,,,
2025,5,29/04/2025 16:48:00,04/05/2025 22:45:00,1,125:57:00,"5,25",,,,,,,,,,
2025,5,29/04/2025 18:00:00,03/05/2025 11:42:00,1,89:42:00,"3,74",,,,,,,,,,
2025,5,29/04/2025 18:35:00,08/05/2025 07:45:00,1,205:10:00,"8,55",,,,,,,,,,
2025,5,29/04/2025 23:00:00,30/04/2025 00:30:00,1,1:30:00,"0,06",,,,,,,,,,
2025,5,29/04/2025 23:00:00,05/05/2025 19:40:00,1,140:40:00,"5,86",,,,,,,,,,
2025,5,30/04/2025 00:01:00,10/05/2025 08:52:00,1,248:51:00,"10,37",,,,,,,,,,
2025,5,30/04/2025 05:36:00,03/05/2025 07:20:00,1,73:44:00,"3,07",,,,,,,,,,
2025,5,30/04/2025 08:26:00,24/05/2025 05:10:00,1,572:44:00,"23,86",,,,,,,,,,
2025,5,30/04/2025 18:00:00,02/05/2025 01:40:00,1,31:40:00,"1,32",,,,,,,,,,
2025,5,30/04/2025 18:30:00,30/04/2025 19:30:00,1,1:00:00,"0,04",,,,,,,,,,
2025,5,30/04/2025 23:24:00,01/05/2025 18:18:00,1,18:54:00,"0,79",,,,,,,,,,
2025,5,01/05/2025 02:18:00,06/05/2025 09:54:00,1,127:36:00,"5,32",,,,,,,,,,
2025,5,01/05/2025 07:00:00,03/05/2025 00:10:00,1,41:10:00,"1,72",,,,,,,,,,
2025,5,01/05/2025 08:30:00,05/05/2025 19:40:00,1,107:10:00,"4,47",,,,,,,,,,
2025,5,01/05/2025 09:00:00,03/05/2025 00:05:00,1,39:05:00,"1,63",,,,,,,,,,
2025,5,01/05/2025 14:30:00,01/05/2025 18:45:00,1,4:15:00,"0,18",,,,,,,,,,
2025,5,01/05/2025 18:20:00,01/05/2025 18:40:00,1,0:20:00,"0,01",,,,,,,,,,
2025,5,01/05/2025 20:12:00,12/05/2025 23:50:00,1,267:38:00,"11,15",,,,,,,,,,
2025,5,02/05/2025 01:30:00,14/05/2025 14:00:00,1,300:30:00,"12,52",,,,,,,,,,
2025,5,02/05/2025 11:00:00,02/05/2025 11:50:00,1,0:50:00,"0,03",,,,,,,,,,
2025,5,02/05/2025 14:10:00,07/05/2025 08:05:00,1,113:55:00,"4,75",,,,,,,,,,
2025,5,02/05/2025 18:00:00,08/05/2025 06:30:00,1,132:30:00,"5,52",,,,,,,,,,
2025,5,02/05/2025 22:54:00,09/05/2025 22:55:00,1,168:01:00,"7,00",,,,,,,,,,
2025,5,03/05/2025 04:12:00,06/05/2025 02:28:00,1,70:16:00,"2,93",,,,,,,,,,
2025,5,03/05/2025 09:00:00,03/05/2025 11:44:00,1,2:44:00,"0,11",,,,,,,,,,
2025,5,03/05/2025 13:45:00,13/05/2025 13:05:00,1,239:20:00,"9,97",,,,,,,,,,
2025,5,03/05/2025 14:00:00,12/05/2025 18:45:00,1,220:45:00,"9,20",,,,,,,,,,
2025,5,03/05/2025 14:30:00,06/05/2025 17:20:00,1,74:50:00,"3,12",,,,,,,,,,
2025,5,03/05/2025 15:30:00,17/05/2025 17:00:00,1,337:30:00,"14,06",,,,,,,,,,
2025,5,04/05/2025 00:24:00,05/05/2025 19:40:00,1,43:16:00,"1,80",,,,,,,,,,
2025,5,04/05/2025 05:36:00,11/05/2025 23:24:00,1,185:48:00,"7,74",,,,,,,,,,
2025,5,04/05/2025 05:54:00,09/05/2025 17:50:00,1,131:56:00,"5,50",,,,,,,,,,
2025,5,05/05/2025 05:00:00,07/05/2025 12:10:00,1,55:10:00,"2,30",,,,,,,,,,
2025,5,05/05/2025 05:18:00,08/05/2025 06:06:00,1,72:48:00,"3,03",,,,,,,,,,
2025,5,05/05/2025 07:00:00,05/05/2025 09:30:00,1,2:30:00,"0,10",,,,,,,,,,
2025,5,05/05/2025 08:20:00,05/05/2025 08:45:00,1,0:25:00,"0,02",,,,,,,,,,
2025,5,05/05/2025 12:30:00,05/05/2025 15:30:00,1,3:00:00,"0,13",,,,,,,,,,
2025,5,05/05/2025 16:42:00,16/05/2025 21:45:00,1,269:03:00,"11,21",,,,,,,,,,
2025,5,06/05/2025 05:02:00,11/05/2025 00:40:00,1,115:38:00,"4,82",,,,,,,,,,
2025,5,06/05/2025 20:00:00,06/05/2025 21:00:00,1,1:00:00,"0,04",,,,,,,,,,
2025,5,06/05/2025 21:30:00,10/05/2025 07:20:00,1,81:50:00,"3,41",,,,,,,,,,
2025,5,07/05/2025 01:10:00,07/05/2025 02:00:00,1,0:50:00,"0,03",,,,,,,,,,
2025,5,07/05/2025 04:15:00,07/05/2025 05:40:00,1,1:25:00,"0,06",,,,,,,,,,
2025,5,07/05/2025 04:45:00,07/05/2025 05:57:00,1,1:12:00,"0,05",,,,,,,,,,
2025,5,07/05/2025 09:45:00,20/05/2025 05:45:00,1,308:00:00,"12,83",,,,,,,,,,
2025,5,07/05/2025 10:30:00,07/05/2025 12:10:00,1,1:40:00,"0,07",,,,,,,,,,
2025,5,07/05/2025 15:00:00,15/05/2025 15:30:00,1,192:30:00,"8,02",,,,,,,,,,
2025,5,07/05/2025 21:16:00,12/05/2025 02:05:00,1,100:49:00,"4,20",,,,,,,,,,
2025,5,07/05/2025 21:30:00,09/05/2025 23:00:00,1,49:30:00,"2,06",,,,,,,,,,
2025,5,07/05/2025 21:30:00,12/05/2025 23:30:00,1,122:00:00,"5,08",,,,,,,,,,
2025,5,08/05/2025 00:12:00,17/05/2025 06:25:00,1,222:13:00,"9,26",,,,,,,,,,
2025,5,08/05/2025 02:30:00,13/05/2025 17:35:00,1,135:05:00,"5,63",,,,,,,,,,
2025,5,08/05/2025 04:23:00,09/05/2025 15:40:00,1,35:17:00,"1,47",,,,,,,,,,
2025,5,08/05/2025 04:30:00,15/05/2025 23:59:00,1,187:29:00,"7,81",,,,,,,,,,
2025,5,08/05/2025 05:00:00,08/05/2025 07:38:00,1,2:38:00,"0,11",,,,,,,,,,
2025,5,08/05/2025 07:00:00,12/05/2025 23:55:00,1,112:55:00,"4,70",,,,,,,,,,
2025,5,08/05/2025 10:00:00,08/05/2025 11:00:00,1,1:00:00,"0,04",,,,,,,,,,
2025,5,08/05/2025 16:00:00,15/05/2025 20:00:00,1,172:00:00,"7,17",,,,,,,,,,
2025,5,08/05/2025 20:30:00,08/05/2025 21:50:00,1,1:20:00,"0,06",,,,,,,,,,
2025,5,08/05/2025 21:07:00,08/05/2025 21:55:00,1,0:48:00,"0,03",,,,,,,,,,
2025,5,09/05/2025 04:06:00,09/05/2025 23:00:00,1,18:54:00,"0,79",,,,,,,,,,
2025,5,09/05/2025 05:00:00,12/05/2025 14:10:00,1,81:10:00,"3,38",,,,,,,,,,
2025,5,09/05/2025 09:00:00,09/05/2025 09:15:00,1,0:15:00,"0,01",,,,,,,,,,
2025,5,09/05/2025 10:45:00,09/05/2025 11:10:00,1,0:25:00,"0,02",,,,,,,,,,
2025,5,09/05/2025 16:00:00,16/05/2025 19:10:00,1,171:10:00,"7,13",,,,,,,,,,
2025,5,10/05/2025 06:42:00,10/05/2025 07:20:00,1,0:38:00,"0,03",,,,,,,,,,
2025,5,10/05/2025 09:24:00,15/05/2025 19:30:00,1,130:06:00,"5,42",,,,,,,,,,
2025,5,10/05/2025 09:36:00,20/05/2025 01:10:00,1,231:34:00,"9,65",,,,,,,,,,
2025,5,10/05/2025 09:40:00,13/05/2025 08:00:00,1,70:20:00,"2,93",,,,,,,,,,
2025,5,10/05/2025 10:15:00,10/05/2025 10:45:00,1,0:30:00,"0,02",,,,,,,,,,
2025,5,10/05/2025 11:00:00,10/05/2025 16:55:00,1,5:55:00,"0,25",,,,,,,,,,
2025,5,10/05/2025 12:00:00,10/05/2025 17:05:00,1,5:05:00,"0,21",,,,,,,,,,
2025,5,10/05/2025 13:00:00,11/05/2025 16:17:00,1,27:17:00,"1,14",,,,,,,,,,
2025,5,10/05/2025 15:00:00,16/05/2025 09:10:00,1,138:10:00,"5,76",,,,,,,,,,
2025,5,10/05/2025 23:40:00,12/05/2025 09:34:00,1,33:54:00,"1,41",,,,,,,,,,
2025,5,11/05/2025 19:06:00,13/05/2025 23:48:00,1,52:42:00,"2,20",,,,,,,,,,
2025,5,11/05/2025 22:30:00,26/05/2025 21:25:00,1,358:55:00,"14,95",,,,,,,,,,
2025,5,12/05/2025 06:00:00,12/05/2025 10:15:00,1,4:15:00,"0,18",,,,,,,,,,
2025,5,12/05/2025 20:52:00,14/05/2025 14:15:00,1,41:23:00,"1,72",,,,,,,,,,
2025,5,13/05/2025 02:30:00,18/05/2025 09:20:00,1,126:50:00,"5,28",,,,,,,,,,
2025,5,13/05/2025 07:00:00,15/05/2025 10:50:00,1,51:50:00,"2,16",,,,,,,,,,
2025,5,13/05/2025 17:00:00,24/05/2025 00:30:00,1,247:30:00,"10,31",,,,,,,,,,
2025,5,13/05/2025 21:06:00,16/05/2025 09:15:00,1,60:09:00,"2,51",,,,,,,,,,
2025,5,13/05/2025 21:10:00,20/05/2025 15:40:00,1,162:30:00,"6,77",,,,,,,,,,
2025,5,14/05/2025 03:36:00,14/05/2025 22:00:00,1,18:24:00,"0,77",,,,,,,,,,
2025,5,14/05/2025 04:00:00,14/05/2025 05:05:00,1,1:05:00,"0,05",,,,,,,,,,
2025,5,14/05/2025 07:00:00,14/05/2025 14:49:00,1,7:49:00,"0,33",,,,,,,,,,
2025,5,14/05/2025 13:30:00,14/05/2025 14:20:00,1,0:50:00,"0,03",,,,,,,,,,
2025,5,14/05/2025 21:49:00,14/05/2025 22:50:00,1,1:01:00,"0,04",,,,,,,,,,
2025,5,15/05/2025 05:12:00,26/05/2025 22:30:00,1,281:18:00,"11,72",,,,,,,,,,
2025,5,15/05/2025 10:00:00,15/05/2025 11:40:00,1,1:40:00,"0,07",,,,,,,,,,
2025,5,15/05/2025 12:20:00,15/05/2025 12:40:00,1,0:20:00,"0,01",,,,,,,,,,
2025,5,15/05/2025 16:00:00,18/05/2025 02:35:00,1,58:35:00,"2,44",,,,,,,,,,
2025,5,15/05/2025 17:15:00,15/05/2025 17:50:00,1,0:35:00,"0,02",,,,,,,,,,
2025,5,15/05/2025 18:48:00,16/05/2025 22:10:00,1,27:22:00,"1,14",,,,,,,,,,
2025,5,15/05/2025 20:25:00,19/05/2025 13:45:00,1,89:20:00,"3,72",,,,,,,,,,
2025,5,15/05/2025 22:48:00,22/05/2025 12:10:00,1,157:22:00,"6,56",,,,,,,,,,
2025,5,15/05/2025 23:24:00,22/05/2025 00:01:00,1,144:37:00,"6,03",,,,,,,,,,
2025,5,16/05/2025 10:00:00,22/05/2025 16:15:00,1,150:15:00,"6,26",,,,,,,,,,
2025,5,16/05/2025 15:00:00,21/05/2025 11:25:00,1,116:25:00,"4,85",,,,,,,,,,
2025,5,16/05/2025 15:30:00,16/05/2025 18:45:00,1,3:15:00,"0,14",,,,,,,,,,
2025,5,16/05/2025 16:00:00,16/05/2025 17:30:00,1,1:30:00,"0,06",,,,,,,,,,
2025,5,16/05/2025 16:26:00,21/05/2025 17:12:00,1,120:46:00,"5,03",,,,,,,,,,
2025,5,16/05/2025 17:00:00,18/05/2025 22:20:00,1,53:20:00,"2,22",,,,,,,,,,
2025,5,16/05/2025 20:06:00,20/05/2025 01:30:00,1,77:24:00,"3,22",,,,,,,,,,
2025,5,17/05/2025 00:18:00,18/05/2025 07:24:00,1,31:06:00,"1,30",,,,,,,,,,
2025,5,17/05/2025 08:00:00,29/05/2025 13:50:00,1,293:50:00,"12,24",,,,,,,,,,
2025,5,17/05/2025 09:30:00,17/05/2025 13:20:00,1,3:50:00,"0,16",,,,,,,,,,
2025,5,17/05/2025 10:00:00,17/05/2025 11:48:00,1,1:48:00,"0,08",,,,,,,,,,
2025,5,17/05/2025 10:30:00,17/05/2025 11:55:00,1,1:25:00,"0,06",,,,,,,,,,
2025,5,17/05/2025 12:30:00,18/05/2025 17:50:00,1,29:20:00,"1,22",,,,,,,,,,
2025,5,17/05/2025 13:16:00,17/05/2025 13:45:00,1,0:29:00,"0,02",,,,,,,,,,
2025,5,17/05/2025 13:25:00,17/05/2025 13:40:00,1,0:15:00,"0,01",,,,,,,,,,
2025,5,18/05/2025 00:38:00,18/05/2025 01:46:00,1,1:08:00,"0,05",,,,,,,,,,
2025,5,18/05/2025 01:00:00,18/05/2025 02:10:00,1,1:10:00,"0,05",,,,,,,,,,
2025,5,18/05/2025 06:12:00,24/05/2025 15:40:00,1,153:28:00,"6,39",,,,,,,,,,
2025,5,18/05/2025 12:00:00,25/05/2025 07:55:00,1,163:55:00,"6,83",,,,,,,,,,
2025,5,18/05/2025 13:41:00,20/05/2025 08:20:00,1,42:39:00,"1,78",,,,,,,,,,
2025,5,18/05/2025 16:00:00,18/05/2025 17:49:00,1,1:49:00,"0,08",,,,,,,,,,
2025,5,18/05/2025 17:00:00,18/05/2025 17:50:00,1,0:50:00,"0,03",,,,,,,,,,
2025,5,18/05/2025 23:05:00,19/05/2025 00:10:00,1,1:05:00,"0,05",,,,,,,,,,
2025,5,19/05/2025 03:40:00,19/05/2025 05:20:00,1,1:40:00,"0,07",,,,,,,,,,
2025,5,19/05/2025 08:00:00,27/05/2025 03:40:00,1,187:40:00,"7,82",,,,,,,,,,
2025,5,19/05/2025 09:30:00,22/05/2025 14:22:00,1,76:52:00,"3,20",,,,,,,,,,
2025,5,19/05/2025 12:12:00,26/05/2025 21:30:00,1,177:18:00,"7,39",,,,,,,,,,
2025,5,19/05/2025 15:54:00,20/05/2025 17:40:00,1,25:46:00,"1,07",,,,,,,,,,
2025,5,19/05/2025 18:10:00,19/05/2025 18:20:00,1,0:10:00,"0,01",,,,,,,,,,
2025,5,20/05/2025 00:01:00,20/05/2025 00:45:00,1,0:44:00,"0,03",,,,,,,,,,
2025,5,20/05/2025 05:00:00,20/05/2025 05:46:00,1,0:46:00,"0,03",,,,,,,,,,
2025,5,20/05/2025 08:30:00,29/05/2025 20:50:00,1,228:20:00,"9,51",,,,,,,,,,
2025,5,20/05/2025 17:18:00,28/05/2025 17:30:00,1,192:12:00,"8,01",,,,,,,,,,
2025,5,20/05/2025 21:48:00,21/05/2025 08:00:00,1,10:12:00,"0,43",,,,,,,,,,
2025,5,20/05/2025 22:33:00,20/05/2025 23:45:00,1,1:12:00,"0,05",,,,,,,,,,
2025,5,21/05/2025 02:21:00,21/05/2025 03:50:00,1,1:29:00,"0,06",,,,,,,,,,
2025,5,21/05/2025 03:00:00,25/05/2025 13:24:00,1,106:24:00,"4,43",,,,,,,,,,
2025,5,21/05/2025 04:06:00,21/05/2025 05:10:00,1,1:04:00,"0,04",,,,,,,,,,
2025,5,21/05/2025 21:10:00,21/05/2025 23:30:00,1,2:20:00,"0,10",,,,,,,,,,
2025,5,22/05/2025 03:10:00,22/05/2025 04:50:00,1,1:40:00,"0,07",,,,,,,,,,
2025,5,22/05/2025 04:00:00,22/05/2025 05:20:00,1,1:20:00,"0,06",,,,,,,,,,
2025,5,22/05/2025 11:50:00,22/05/2025 13:15:00,1,1:25:00,"0,06",,,,,,,,,,
2025,5,22/05/2025 16:42:00,26/05/2025 11:30:00,1,90:48:00,"3,78",,,,,,,,,,
2025,5,22/05/2025 18:30:00,25/05/2025 16:40:00,1,70:10:00,"2,92",,,,,,,,,,
2025,5,22/05/2025 19:00:00,26/05/2025 16:48:00,1,93:48:00,"3,91",,,,,,,,,,
2025,5,23/05/2025 00:40:00,28/05/2025 01:00:00,1,120:20:00,"5,01",,,,,,,,,,
2025,5,23/05/2025 04:52:00,23/05/2025 06:15:00,1,1:23:00,"0,06",,,,,,,,,,
2025,5,23/05/2025 11:05:00,24/05/2025 08:25:00,1,21:20:00,"0,89",,,,,,,,,,
2025,5,23/05/2025 11:55:00,23/05/2025 17:48:00,1,5:53:00,"0,25",,,,,,,,,,
2025,5,23/05/2025 13:30:00,23/05/2025 19:50:00,1,6:20:00,"0,26",,,,,,,,,,
2025,5,23/05/2025 23:50:00,26/05/2025 08:50:00,1,57:00:00,"2,38",,,,,,,,,,
2025,5,24/05/2025 03:28:00,24/05/2025 04:48:00,1,1:20:00,"0,06",,,,,,,,,,
2025,5,24/05/2025 08:00:00,25/05/2025 07:30:00,1,23:30:00,"0,98",,,,,,,,,,
2025,5,24/05/2025 21:00:00,26/05/2025 01:40:00,1,28:40:00,"1,19",,,,,,,,,,
2025,5,25/05/2025 16:45:00,25/05/2025 17:25:00,1,0:40:00,"0,03",,,,,,,,,,
2025,5,25/05/2025 17:00:00,26/05/2025 16:05:00,1,23:05:00,"0,96",,,,,,,,,,
2025,5,25/05/2025 18:00:00,26/05/2025 09:11:00,1,15:11:00,"0,63",,,,,,,,,,
2025,5,25/05/2025 19:10:00,26/05/2025 14:26:00,1,19:16:00,"0,80",,,,,,,,,,
2025,5,25/05/2025 21:00:00,25/05/2025 22:00:00,1,1:00:00,"0,04",,,,,,,,,,
2025,5,26/05/2025 02:42:00,28/05/2025 18:35:00,1,63:53:00,"2,66",,,,,,,,,,
2025,5,26/05/2025 08:30:00,29/05/2025 04:55:00,1,68:25:00,"2,85",,,,,,,,,,
2025,5,26/05/2025 11:05:00,26/05/2025 11:45:00,1,0:40:00,"0,03",,,,,,,,,,
2025,5,26/05/2025 18:12:00,30/05/2025 01:22:00,1,79:10:00,"3,30",,,,,,,,,,
2025,5,27/05/2025 10:00:00,28/05/2025 09:15:00,1,23:15:00,"0,97",,,,,,,,,,
2025,5,27/05/2025 12:05:00,27/05/2025 13:20:00,1,1:15:00,"0,05",,,,,,,,,,
2025,5,28/05/2025 08:00:00,29/05/2025 16:55:00,1,32:55:00,"1,37",,,,,,,,,,
2025,5,28/05/2025 12:30:00,28/05/2025 13:48:00,1,1:18:00,"0,05",,,,,,,,,,
2025,5,28/05/2025 19:30:00,28/05/2025 21:06:00,1,1:36:00,"0,07",,,,,,,,,,
2025,5,30/05/2025 00:31:00,30/05/2025 01:30:00,1,0:59:00,"0,04",,,,,,,,,,
2025,5,30/05/2025 05:54:00,30/05/2025 11:45:00,1,5:51:00,"0,24",,,,,,,,,,
2025,5,30/05/2025 06:30:00,30/05/2025 07:40:00,1,1:10:00,"0,05",,,,,,,,,,
2025,6,13/05/2025 16:00:00,28/05/2025 17:55:00,1,361:55:00,"15,08",,,,,,,,,,
2025,6,18/05/2025 19:00:00,31/05/2025 09:42:00,1,302:42:00,"12,61",,,,,,,,,,
2025,6,20/05/2025 15:00:00,31/05/2025 14:25:00,1,263:25:00,"10,98",,,,,,,,,,
2025,6,20/05/2025 17:30:00,31/05/2025 15:25:00,1,261:55:00,"10,91",,,,,,,,,,
2025,6,21/05/2025 19:00:00,28/05/2025 00:35:00,1,149:35:00,"6,23",,,,,,,,,,
2025,6,22/05/2025 04:11:00,28/05/2025 13:20:00,1,153:09:00,"6,38",,,,,,,,,,
2025,6,22/05/2025 15:12:00,05/06/2025 01:35:00,1,322:23:00,"13,43",,,,,,,,,,
2025,6,23/05/2025 13:48:00,03/06/2025 07:00:00,1,257:12:00,"10,72",,,,,,,,,,
2025,6,23/05/2025 18:00:00,03/06/2025 10:40:00,1,256:40:00,"10,69",,,,,,,,,,
2025,6,23/05/2025 20:48:00,01/06/2025 14:10:00,1,209:22:00,"8,72",,,,,,,,,,
2025,6,24/05/2025 08:00:00,31/05/2025 09:00:00,1,169:00:00,"7,04",,,,,,,,,,
2025,6,24/05/2025 17:12:00,02/06/2025 16:30:00,1,215:18:00,"8,97",,,,,,,,,,
2025,6,24/05/2025 17:24:00,02/06/2025 21:50:00,1,220:26:00,"9,18",,,,,,,,,,
2025,6,25/05/2025 06:00:00,04/06/2025 21:25:00,1,255:25:00,"10,64",,,,,,,,,,
2025,6,25/05/2025 07:30:00,02/06/2025 01:10:00,1,185:40:00,"7,74",,,,,,,,,,
2025,6,25/05/2025 13:00:00,04/06/2025 09:25:00,1,236:25:00,"9,85",,,,,,,,,,
2025,6,25/05/2025 15:00:00,09/06/2025 01:45:00,1,346:45:00,"14,45",,,,,,,,,,
2025,6,25/05/2025 21:30:00,06/06/2025 17:00:00,1,283:30:00,"11,81",,,,,,,,,,
2025,6,27/05/2025 18:00:00,29/05/2025 12:55:00,1,42:55:00,"1,79",,,,,,,,,,
2025,6,27/05/2025 22:30:00,29/05/2025 03:35:00,1,29:05:00,"1,21",,,,,,,,,,
2025,6,27/05/2025 23:30:00,01/06/2025 21:55:00,1,118:25:00,"4,93",,,,,,,,,,
2025,6,28/05/2025 00:10:00,05/06/2025 02:55:00,1,194:45:00,"8,11",,,,,,,,,,
2025,6,28/05/2025 00:24:00,07/06/2025 13:27:00,1,253:03:00,"10,54",,,,,,,,,,
2025,6,28/05/2025 08:30:00,02/06/2025 01:40:00,1,113:10:00,"4,72",,,,,,,,,,
2025,6,28/05/2025 14:00:00,07/06/2025 20:40:00,1,246:40:00,"10,28",,,,,,,,,,
2025,6,28/05/2025 14:30:00,07/06/2025 17:50:00,1,243:20:00,"10,14",,,,,,,,,,
2025,6,29/05/2025 12:12:00,07/06/2025 22:45:00,1,226:33:00,"9,44",,,,,,,,,,
2025,6,29/05/2025 14:18:00,31/05/2025 02:25:00,1,36:07:00,"1,50",,,,,,,,,,
2025,6,29/05/2025 16:48:00,31/05/2025 19:15:00,1,50:27:00,"2,10",,,,,,,,,,
2025,6,29/05/2025 23:10:00,01/06/2025 11:30:00,1,60:20:00,"2,51",,,,,,,,,,
2025,6,30/05/2025 06:06:00,01/06/2025 05:20:00,1,47:14:00,"1,97",,,,,,,,,,
2025,6,30/05/2025 09:17:00,30/05/2025 09:40:00,1,0:23:00,"0,02",,,,,,,,,,
2025,6,30/05/2025 20:15:00,30/05/2025 21:55:00,1,1:40:00,"0,07",,,,,,,,,,
2025,6,31/05/2025 08:00:00,04/06/2025 14:05:00,1,102:05:00,"4,25",,,,,,,,,,
2025,6,31/05/2025 12:00:00,31/05/2025 13:40:00,1,1:40:00,"0,07",,,,,,,,,,
2025,6,31/05/2025 13:00:00,31/05/2025 14:16:00,1,1:16:00,"0,05",,,,,,,,,,
2025,6,31/05/2025 13:07:00,31/05/2025 13:45:00,1,0:38:00,"0,03",,,,,,,,,,
2025,6,31/05/2025 13:24:00,02/06/2025 13:16:00,1,47:52:00,"1,99",,,,,,,,,,
2025,6,31/05/2025 22:40:00,11/06/2025 19:00:00,1,260:20:00,"10,85",,,,,,,,,,
2025,6,01/06/2025 04:00:00,01/06/2025 04:55:00,1,0:55:00,"0,04",,,,,,,,,,
2025,6,01/06/2025 15:40:00,07/06/2025 17:23:00,1,145:43:00,"6,07",,,,,,,,,,
2025,6,01/06/2025 21:24:00,04/06/2025 01:55:00,1,52:31:00,"2,19",,,,,,,,,,
2025,6,01/06/2025 22:50:00,01/06/2025 23:40:00,1,0:50:00,"0,03",,,,,,,,,,
2025,6,02/06/2025 10:30:00,02/06/2025 11:40:00,1,1:10:00,"0,05",,,,,,,,,,
2025,6,02/06/2025 11:18:00,14/06/2025 20:45:00,1,297:27:00,"12,39",,,,,,,,,,
2025,6,02/06/2025 12:00:00,05/06/2025 10:15:00,1,70:15:00,"2,93",,,,,,,,,,
2025,6,02/06/2025 16:30:00,04/06/2025 11:23:00,1,42:53:00,"1,79",,,,,,,,,,
2025,6,02/06/2025 21:35:00,02/06/2025 22:25:00,1,0:50:00,"0,03",,,,,,,,,,
2025,6,03/06/2025 01:42:00,04/06/2025 09:15:00,1,31:33:00,"1,31",,,,,,,,,,
2025,6,03/06/2025 10:00:00,05/06/2025 20:25:00,1,58:25:00,"2,43",,,,,,,,,,
2025,6,03/06/2025 10:00:00,14/06/2025 10:20:00,1,264:20:00,"11,01",,,,,,,,,,
2025,6,03/06/2025 12:30:00,10/06/2025 22:00:00,1,177:30:00,"7,40",,,,,,,,,,
2025,6,04/06/2025 00:28:00,04/06/2025 01:50:00,1,1:22:00,"0,06",,,,,,,,,,
2025,6,04/06/2025 01:45:00,04/06/2025 03:00:00,1,1:15:00,"0,05",,,,,,,,,,
2025,6,04/06/2025 02:06:00,04/06/2025 03:00:00,1,0:54:00,"0,04",,,,,,,,,,
2025,6,04/06/2025 04:45:00,11/06/2025 02:15:00,1,165:30:00,"6,90",,,,,,,,,,
2025,6,04/06/2025 13:30:00,07/06/2025 17:25:00,1,75:55:00,"3,16",,,,,,,,,,
2025,6,04/06/2025 15:00:00,04/06/2025 16:25:00,1,1:25:00,"0,06",,,,,,,,,,
2025,6,05/06/2025 00:01:00,07/06/2025 02:10:00,1,50:09:00,"2,09",,,,,,,,,,
2025,6,05/06/2025 00:40:00,09/06/2025 06:00:00,1,101:20:00,"4,22",,,,,,,,,,
2025,6,05/06/2025 00:42:00,07/06/2025 02:00:00,1,49:18:00,"2,05",,,,,,,,,,
2025,6,05/06/2025 13:15:00,25/06/2025 20:20:00,1,487:05:00,"20,30",,,,,,,,,,
2025,6,05/06/2025 16:16:00,05/06/2025 16:47:00,1,0:31:00,"0,02",,,,,,,,,,
2025,6,05/06/2025 19:00:00,05/06/2025 20:10:00,1,1:10:00,"0,05",,,,,,,,,,
2025,6,05/06/2025 22:00:00,10/06/2025 22:10:00,1,120:10:00,"5,01",,,,,,,,,,
2025,6,06/06/2025 04:00:00,06/06/2025 05:25:00,1,1:25:00,"0,06",,,,,,,,,,
2025,6,06/06/2025 09:10:00,06/06/2025 09:45:00,1,0:35:00,"0,02",,,,,,,,,,
2025,6,06/06/2025 10:30:00,08/06/2025 21:00:00,1,58:30:00,"2,44",,,,,,,,,,
2025,6,06/06/2025 12:24:00,11/06/2025 02:18:00,1,109:54:00,"4,58",,,,,,,,,,
2025,6,06/06/2025 15:00:00,16/06/2025 06:30:00,1,231:30:00,"9,65",,,,,,,,,,
2025,6,06/06/2025 17:15:00,07/06/2025 17:15:00,1,24:00:00,"1,00",,,,,,,,,,
2025,6,07/06/2025 00:30:00,09/06/2025 01:48:00,1,49:18:00,"2,05",,,,,,,,,,
2025,6,07/06/2025 03:00:00,17/06/2025 15:05:00,1,252:05:00,"10,50",,,,,,,,,,
2025,6,07/06/2025 05:30:00,07/06/2025 07:30:00,1,2:00:00,"0,08",,,,,,,,,,
2025,6,07/06/2025 08:42:00,11/06/2025 21:55:00,1,109:13:00,"4,55",,,,,,,,,,
2025,6,07/06/2025 08:45:00,07/06/2025 20:05:00,1,11:20:00,"0,47",,,,,,,,,,
2025,6,07/06/2025 11:00:00,09/06/2025 21:30:00,1,58:30:00,"2,44",,,,,,,,,,
2025,6,07/06/2025 12:12:00,08/06/2025 09:55:00,1,21:43:00,"0,90",,,,,,,,,,
2025,6,07/06/2025 12:30:00,15/06/2025 07:50:00,1,187:20:00,"7,81",,,,,,,,,,
2025,6,07/06/2025 22:00:00,07/06/2025 23:00:00,1,1:00:00,"0,04",,,,,,,,,,
2025,6,08/06/2025 06:42:00,08/06/2025 17:25:00,1,10:43:00,"0,45",,,,,,,,,,
2025,6,08/06/2025 07:00:00,08/06/2025 16:05:00,1,9:05:00,"0,38",,,,,,,,,,
2025,6,08/06/2025 08:00:00,08/06/2025 09:40:00,1,1:40:00,"0,07",,,,,,,,,,
2025,6,08/06/2025 08:00:00,13/06/2025 14:50:00,1,126:50:00,"5,28",,,,,,,,,,
2025,6,08/06/2025 09:48:00,08/06/2025 16:10:00,1,6:22:00,"0,27",,,,,,,,,,
2025,6,08/06/2025 10:10:00,17/06/2025 06:05:00,1,211:55:00,"8,83",,,,,,,,,,
2025,6,08/06/2025 17:00:00,12/06/2025 06:10:00,1,85:10:00,"3,55",,,,,,,,,,
2025,6,08/06/2025 23:54:00,11/06/2025 12:35:00,1,60:41:00,"2,53",,,,,,,,,,
2025,6,09/06/2025 10:00:00,12/06/2025 12:40:00,1,74:40:00,"3,11",,,,,,,,,,
2025,6,09/06/2025 14:54:00,19/06/2025 01:00:00,1,226:06:00,"9,42",,,,,,,,,,
2025,6,09/06/2025 17:00:00,17/06/2025 22:30:00,1,197:30:00,"8,23",,,,,,,,,,
2025,6,09/06/2025 18:30:00,13/06/2025 02:15:00,1,79:45:00,"3,32",,,,,,,,,,
2025,6,10/06/2025 06:00:00,13/06/2025 09:00:00,1,75:00:00,"3,13",,,,,,,,,,
2025,6,10/06/2025 12:00:00,15/06/2025 16:35:00,1,124:35:00,"5,19",,,,,,,,,,
2025,6,10/06/2025 13:30:00,15/06/2025 03:15:00,1,109:45:00,"4,57",,,,,,,,,,
2025,6,10/06/2025 15:00:00,15/06/2025 20:55:00,1,125:55:00,"5,25",,,,,,,,,,
2025,6,10/06/2025 15:30:00,15/06/2025 16:40:00,1,121:10:00,"5,05",,,,,,,,,,
2025,6,10/06/2025 18:00:00,15/06/2025 07:45:00,1,109:45:00,"4,57",,,,,,,,,,
2025,6,10/06/2025 19:30:00,10/06/2025 20:30:00,1,1:00:00,"0,04",,,,,,,,,,
2025,6,11/06/2025 03:24:00,11/06/2025 19:20:00,1,15:56:00,"0,66",,,,,,,,,,
2025,6,11/06/2025 09:18:00,20/06/2025 00:22:00,1,207:04:00,"8,63",,,,,,,,,,
2025,6,11/06/2025 10:00:00,17/06/2025 14:24:00,1,148:24:00,"6,18",,,,,,,,,,
2025,6,11/06/2025 10:30:00,13/06/2025 22:20:00,1,59:50:00,"2,49",,,,,,,,,,
2025,6,11/06/2025 13:00:00,16/06/2025 06:40:00,1,113:40:00,"4,74",,,,,,,,,,
2025,6,11/06/2025 13:40:00,12/06/2025 10:50:00,1,21:10:00,"0,88",,,,,,,,,,
2025,6,11/06/2025 16:00:00,11/06/2025 18:30:00,1,2:30:00,"0,10",,,,,,,,,,
2025,6,11/06/2025 16:05:00,11/06/2025 16:55:00,1,0:50:00,"0,03",,,,,,,,,,
2025,6,11/06/2025 17:00:00,11/06/2025 18:46:00,1,1:46:00,"0,07",,,,,,,,,,
2025,6,11/06/2025 23:50:00,12/06/2025 01:40:00,1,1:50:00,"0,08",,,,,,,,,,
2025,6,12/06/2025 16:04:00,21/06/2025 04:00:00,1,203:56:00,"8,50",,,,,,,,,,
2025,6,12/06/2025 23:12:00,15/06/2025 16:35:00,1,65:23:00,"2,72",,,,,,,,,,
2025,6,13/06/2025 05:12:00,14/06/2025 13:14:00,1,32:02:00,"1,33",,,,,,,,,,
2025,6,13/06/2025 07:30:00,13/06/2025 08:50:00,1,1:20:00,"0,06",,,,,,,,,,
2025,6,13/06/2025 09:50:00,22/06/2025 09:50:00,1,216:00:00,"9,00",,,,,,,,,,
2025,6,13/06/2025 19:00:00,13/06/2025 19:25:00,1,0:25:00,"0,02",,,,,,,,,,
2025,6,13/06/2025 20:30:00,19/06/2025 02:10:00,1,125:40:00,"5,24",,,,,,,,,,
2025,6,13/06/2025 22:30:00,19/06/2025 20:05:00,1,141:35:00,"5,90",,,,,,,,,,
2025,6,14/06/2025 01:50:00,21/06/2025 08:40:00,1,174:50:00,"7,28",,,,,,,,,,
2025,6,14/06/2025 07:00:00,18/06/2025 18:35:00,1,107:35:00,"4,48",,,,,,,,,,
2025,6,14/06/2025 08:00:00,17/06/2025 08:40:00,1,72:40:00,"3,03",,,,,,,,,,
2025,6,14/06/2025 12:30:00,25/06/2025 21:12:00,1,272:42:00,"11,36",,,,,,,,,,
2025,6,14/06/2025 15:00:00,14/06/2025 16:45:00,1,1:45:00,"0,07",,,,,,,,,,
2025,6,14/06/2025 15:48:00,17/06/2025 15:10:00,1,71:22:00,"2,97",,,,,,,,,,
2025,6,14/06/2025 18:45:00,15/06/2025 15:15:00,1,20:30:00,"0,85",,,,,,,,,,
2025,6,15/06/2025 10:00:00,16/06/2025 01:10:00,1,15:10:00,"0,63",,,,,,,,,,
2025,6,15/06/2025 15:24:00,22/06/2025 21:50:00,1,174:26:00,"7,27",,,,,,,,,,
2025,6,16/06/2025 01:00:00,16/06/2025 02:05:00,1,1:05:00,"0,05",,,,,,,,,,
2025,6,16/06/2025 09:06:00,24/06/2025 10:00:00,1,192:54:00,"8,04",,,,,,,,,,
2025,6,16/06/2025 10:29:00,16/06/2025 10:50:00,1,0:21:00,"0,01",,,,,,,,,,
2025,6,16/06/2025 12:30:00,19/06/2025 02:50:00,1,62:20:00,"2,60",,,,,,,,,,
2025,6,16/06/2025 15:00:00,16/06/2025 15:40:00,1,0:40:00,"0,03",,,,,,,,,,
2025,6,16/06/2025 19:00:00,16/06/2025 21:10:00,1,2:10:00,"0,09",,,,,,,,,,
2025,6,16/06/2025 20:30:00,16/06/2025 21:20:00,1,0:50:00,"0,03",,,,,,,,,,
2025,6,17/06/2025 01:30:00,17/06/2025 23:47:00,1,22:17:00,"0,93",,,,,,,,,,
2025,6,17/06/2025 08:00:00,23/06/2025 20:12:00,1,156:12:00,"6,51",,,,,,,,,,
2025,6,17/06/2025 09:30:00,22/06/2025 12:20:00,1,122:50:00,"5,12",,,,,,,,,,
2025,6,17/06/2025 13:00:00,19/06/2025 02:00:00,1,37:00:00,"1,54",,,,,,,,,,
2025,6,17/06/2025 17:30:00,17/06/2025 18:30:00,1,1:00:00,"0,04",,,,,,,,,,
2025,6,18/06/2025 05:30:00,18/06/2025 06:10:00,1,0:40:00,"0,03",,,,,,,,,,
2025,6,18/06/2025 08:00:00,18/06/2025 09:15:00,1,1:15:00,"0,05",,,,,,,,,,
2025,6,18/06/2025 09:30:00,22/06/2025 21:48:00,1,108:18:00,"4,51",,,,,,,,,,
2025,6,18/06/2025 10:00:00,26/06/2025 05:03:00,1,187:03:00,"7,79",,,,,,,,,,
2025,6,18/06/2025 12:00:00,25/06/2025 08:15:00,1,164:15:00,"6,84",,,,,,,,,,
2025,6,18/06/2025 15:00:00,20/06/2025 03:30:00,1,36:30:00,"1,52",,,,,,,,,,
2025,6,18/06/2025 19:00:00,18/06/2025 20:10:00,1,1:10:00,"0,05",,,,,,,,,,
2025,6,18/06/2025 22:00:00,19/06/2025 01:46:00,1,3:46:00,"0,16",,,,,,,,,,
2025,6,19/06/2025 10:00:00,19/06/2025 13:40:00,1,3:40:00,"0,15",,,,,,,,,,
2025,6,19/06/2025 13:30:00,19/06/2025 14:15:00,1,0:45:00,"0,03",,,,,,,,,,
2025,6,19/06/2025 13:36:00,21/06/2025 21:50:00,1,56:14:00,"2,34",,,,,,,,,,
2025,6,19/06/2025 15:15:00,20/06/2025 00:45:00,1,9:30:00,"0,40",,,,,,,,,,
2025,6,19/06/2025 18:50:00,20/06/2025 10:45:00,1,15:55:00,"0,66",,,,,,,,,,
2025,6,19/06/2025 19:00:00,19/06/2025 19:45:00,1,0:45:00,"0,03",,,,,,,,,,
2025,6,19/06/2025 19:00:00,25/06/2025 07:06:00,1,132:06:00,"5,50",,,,,,,,,,
2025,6,20/06/2025 07:30:00,20/06/2025 10:45:00,1,3:15:00,"0,14",,,,,,,,,,
2025,6,20/06/2025 10:30:00,20/06/2025 11:40:00,1,1:10:00,"0,05",,,,,,,,,,
2025,6,20/06/2025 16:00:00,26/06/2025 11:45:00,1,139:45:00,"5,82",,,,,,,,,,
2025,6,20/06/2025 16:30:00,20/06/2025 20:55:00,1,4:25:00,"0,18",,,,,,,,,,
2025,6,20/06/2025 21:00:00,20/06/2025 21:15:00,1,0:15:00,"0,01",,,,,,,,,,
2025,6,20/06/2025 21:28:00,20/06/2025 22:45:00,1,1:17:00,"0,05",,,,,,,,,,
2025,6,20/06/2025 22:00:00,27/06/2025 00:26:00,1,146:26:00,"6,10",,,,,,,,,,
2025,6,21/06/2025 03:00:00,21/06/2025 03:55:00,1,0:55:00,"0,04",,,,,,,,,,
2025,6,21/06/2025 05:18:00,22/06/2025 17:00:00,1,35:42:00,"1,49",,,,,,,,,,
2025,6,22/06/2025 00:17:00,22/06/2025 01:45:00,1,1:28:00,"0,06",,,,,,,,,,
2025,6,22/06/2025 00:48:00,26/06/2025 06:50:00,1,102:02:00,"4,25",,,,,,,,,,
2025,6,22/06/2025 04:30:00,22/06/2025 05:50:00,1,1:20:00,"0,06",,,,,,,,,,
2025,6,22/06/2025 12:00:00,26/06/2025 06:08:00,1,90:08:00,"3,76",,,,,,,,,,
2025,6,22/06/2025 13:30:00,25/06/2025 09:30:00,1,68:00:00,"2,83",,,,,,,,,,
2025,6,22/06/2025 22:30:00,28/06/2025 23:24:00,1,144:54:00,"6,04",,,,,,,,,,
2025,6,23/06/2025 05:00:00,25/06/2025 21:25:00,1,64:25:00,"2,68",,,,,,,,,,
2025,6,23/06/2025 11:18:00,24/06/2025 10:05:00,1,22:47:00,"0,95",,,,,,,,,,
2025,6,23/06/2025 18:54:00,23/06/2025 20:20:00,1,1:26:00,"0,06",,,,,,,,,,
2025,6,23/06/2025 19:16:00,24/06/2025 12:25:00,1,17:09:00,"0,71",,,,,,,,,,
2025,6,23/06/2025 19:30:00,23/06/2025 20:10:00,1,0:40:00,"0,03",,,,,,,,,,
2025,6,24/06/2025 02:42:00,24/06/2025 03:50:00,1,1:08:00,"0,05",,,,,,,,,,
2025,6,24/06/2025 05:00:00,24/06/2025 05:55:00,1,0:55:00,"0,04",,,,,,,,,,
2025,6,24/06/2025 07:30:00,24/06/2025 08:49:00,1,1:19:00,"0,05",,,,,,,,,,
2025,6,25/06/2025 02:35:00,27/06/2025 00:45:00,1,46:10:00,"1,92",,,,,,,,,,
2025,6,25/06/2025 05:24:00,25/06/2025 23:50:00,1,18:26:00,"0,77",,,,,,,,,,
2025,6,25/06/2025 06:31:00,25/06/2025 08:27:00,1,1:56:00,"0,08",,,,,,,,,,
2025,6,25/06/2025 12:35:00,25/06/2025 13:35:00,1,1:00:00,"0,04",,,,,,,,,,
2025,6,26/06/2025 10:00:00,26/06/2025 11:20:00,1,1:20:00,"0,06",,,,,,,,,,
2025,6,26/06/2025 11:30:00,26/06/2025 13:22:00,1,1:52:00,"0,08",,,,,,,,,,
2025,6,27/06/2025 07:17:00,27/06/2025 19:50:00,1,12:33:00,"0,52",,,,,,,,,,
2025,7,10/06/2025 12:00:00,20/06/2025 21:20:00,1,249:20:00,"10,39",,,,,,,,,,
2025,7,12/06/2025 03:30:00,28/06/2025 23:00:00,1,403:30:00,"16,81",,,,,,,,,,
2025,7,13/06/2025 10:42:00,07/07/2025 09:00:00,1,574:18:00,"23,93",,,,,,,,,,
2025,7,16/06/2025 10:29:00,23/06/2025 02:45:00,1,160:16:00,"6,68",,,,,,,,,,
2025,7,17/06/2025 07:30:00,08/07/2025 17:50:00,1,514:20:00,"21,43",,,,,,,,,,
2025,7,18/06/2025 03:20:00,25/06/2025 07:20:00,1,172:00:00,"7,17",,,,,,,,,,
2025,7,20/06/2025 11:00:00,11/07/2025 08:35:00,1,501:35:00,"20,90",,,,,,,,,,
2025,7,20/06/2025 23:12:00,02/07/2025 00:48:00,1,265:36:00,"11,07",,,,,,,,,,
2025,7,21/06/2025 00:06:00,29/06/2025 14:00:00,1,205:54:00,"8,58",,,,,,,,,,
2025,7,21/06/2025 00:12:00,02/07/2025 11:20:00,1,275:08:00,"11,46",,,,,,,,,,
2025,7,21/06/2025 05:48:00,29/06/2025 05:30:00,1,191:42:00,"7,99",,,,,,,,,,
2025,7,21/06/2025 10:09:00,29/06/2025 14:10:00,1,196:01:00,"8,17",,,,,,,,,,
2025,7,21/06/2025 15:20:00,05/07/2025 16:25:00,1,337:05:00,"14,05",,,,,,,,,,
2025,7,22/06/2025 06:30:00,08/07/2025 12:00:00,1,389:30:00,"16,23",,,,,,,,,,
2025,7,22/06/2025 10:06:00,28/06/2025 05:40:00,1,139:34:00,"5,82",,,,,,,,,,
2025,7,22/06/2025 16:00:00,22/06/2025 17:00:00,1,1:00:00,"0,04",,,,,,,,,,
2025,7,23/06/2025 09:30:00,29/06/2025 04:00:00,1,138:30:00,"5,77",,,,,,,,,,
2025,7,24/06/2025 08:00:00,13/07/2025 07:05:00,1,455:05:00,"18,96",,,,,,,,,,
2025,7,24/06/2025 09:36:00,26/06/2025 23:17:00,1,61:41:00,"2,57",,,,,,,,,,
2025,7,24/06/2025 09:42:00,29/06/2025 21:24:00,1,131:42:00,"5,49",,,,,,,,,,
2025,7,24/06/2025 12:15:00,05/07/2025 23:03:00,1,274:48:00,"11,45",,,,,,,,,,
2025,7,25/06/2025 00:18:00,06/07/2025 22:50:00,1,286:32:00,"11,94",,,,,,,,,,
2025,7,25/06/2025 12:18:00,27/06/2025 02:55:00,1,38:37:00,"1,61",,,,,,,,,,
2025,7,27/06/2025 06:25:00,27/06/2025 07:15:00,1,0:50:00,"0,03",,,,,,,,,,
2025,7,27/06/2025 08:24:00,05/07/2025 23:10:00,1,206:46:00,"8,62",,,,,,,,,,
2025,7,27/06/2025 08:30:00,07/07/2025 05:06:00,1,236:36:00,"9,86",,,,,,,,,,
2025,7,27/06/2025 10:30:00,09/07/2025 23:00:00,1,300:30:00,"12,52",,,,,,,,,,
2025,7,27/06/2025 17:00:00,03/07/2025 02:18:00,1,129:18:00,"5,39",,,,,,,,,,
2025,7,27/06/2025 18:42:00,09/07/2025 23:15:00,1,292:33:00,"12,19",,,,,,,,,,
2025,7,28/06/2025 00:36:00,02/07/2025 18:00:00,1,113:24:00,"4,72",,,,,,,,,,
2025,7,28/06/2025 01:06:00,01/07/2025 22:36:00,1,93:30:00,"3,90",,,,,,,,,,
2025,7,28/06/2025 05:30:00,29/06/2025 08:15:00,1,26:45:00,"1,11",,,,,,,,,,
2025,7,28/06/2025 06:30:00,10/07/2025 21:34:00,1,303:04:00,"12,63",,,,,,,,,,
2025,7,28/06/2025 07:30:00,28/06/2025 09:05:00,1,1:35:00,"0,07",,,,,,,,,,
2025,7,28/06/2025 14:00:00,07/07/2025 17:00:00,1,219:00:00,"9,13",,,,,,,,,,
2025,7,28/06/2025 15:20:00,06/07/2025 14:15:00,1,190:55:00,"7,95",,,,,,,,,,
2025,7,28/06/2025 16:00:00,06/07/2025 05:35:00,1,181:35:00,"7,57",,,,,,,,,,
2025,7,28/06/2025 23:54:00,08/07/2025 01:00:00,1,217:06:00,"9,05",,,,,,,,,,
2025,7,29/06/2025 04:45:00,29/06/2025 05:25:00,1,0:40:00,"0,03",,,,,,,,,,
2025,7,29/06/2025 17:30:00,07/07/2025 06:05:00,1,180:35:00,"7,52",,,,,,,,,,
2025,7,30/06/2025 03:00:00,08/07/2025 12:33:00,1,201:33:00,"8,40",,,,,,,,,,
2025,7,30/06/2025 05:30:00,06/07/2025 17:25:00,1,155:55:00,"6,50",,,,,,,,,,
2025,7,30/06/2025 05:40:00,30/06/2025 20:25:00,1,14:45:00,"0,61",,,,,,,,,,
2025,7,30/06/2025 11:00:00,30/06/2025 15:00:00,1,4:00:00,"0,17",,,,,,,,,,
2025,7,30/06/2025 11:45:00,05/07/2025 16:50:00,1,125:05:00,"5,21",,,,,,,,,,
2025,7,30/06/2025 15:30:00,05/07/2025 18:05:00,1,122:35:00,"5,11",,,,,,,,,,
2025,7,30/06/2025 20:00:00,04/07/2025 21:55:00,1,97:55:00,"4,08",,,,,,,,,,
2025,7,01/07/2025 02:30:00,01/07/2025 12:45:00,1,10:15:00,"0,43",,,,,,,,,,
2025,7,01/07/2025 07:00:00,01/07/2025 08:40:00,1,1:40:00,"0,07",,,,,,,,,,
2025,7,01/07/2025 08:42:00,09/07/2025 17:33:00,1,200:51:00,"8,37",,,,,,,,,,
2025,7,01/07/2025 13:00:00,20/07/2025 23:25:00,1,466:25:00,"19,43",,,,,,,,,,
2025,7,01/07/2025 16:00:00,12/07/2025 23:50:00,1,271:50:00,"11,33",,,,,,,,,,
2025,7,01/07/2025 20:00:00,13/07/2025 23:55:00,1,291:55:00,"12,16",,,,,,,,,,
2025,7,02/07/2025 11:00:00,02/07/2025 12:15:00,1,1:15:00,"0,05",,,,,,,,,,
2025,7,02/07/2025 13:00:00,14/07/2025 17:10:00,1,292:10:00,"12,17",,,,,,,,,,
2025,7,02/07/2025 15:00:00,03/07/2025 19:15:00,1,28:15:00,"1,18",,,,,,,,,,
2025,7,02/07/2025 16:45:00,09/07/2025 08:25:00,1,159:40:00,"6,65",,,,,,,,,,
2025,7,02/07/2025 17:30:00,04/07/2025 22:53:00,1,53:23:00,"2,22",,,,,,,,,,
2025,7,02/07/2025 21:24:00,07/07/2025 21:15:00,1,119:51:00,"4,99",,,,,,,,,,
2025,7,03/07/2025 02:12:00,12/07/2025 12:40:00,1,226:28:00,"9,44",,,,,,,,,,
2025,7,03/07/2025 13:30:00,05/07/2025 07:15:00,1,41:45:00,"1,74",,,,,,,,,,
2025,7,03/07/2025 14:18:00,15/07/2025 21:00:00,1,294:42:00,"12,28",,,,,,,,,,
2025,7,03/07/2025 16:00:00,14/07/2025 02:33:00,1,250:33:00,"10,44",,,,,,,,,,
2025,7,03/07/2025 16:54:00,16/07/2025 18:23:00,1,313:29:00,"13,06",,,,,,,,,,
2025,7,03/07/2025 18:50:00,12/07/2025 20:53:00,1,218:03:00,"9,09",,,,,,,,,,
2025,7,03/07/2025 22:18:00,12/07/2025 23:45:00,1,217:27:00,"9,06",,,,,,,,,,
2025,7,04/07/2025 02:24:00,10/07/2025 13:10:00,1,154:46:00,"6,45",,,,,,,,,,
2025,7,04/07/2025 05:00:00,06/07/2025 07:24:00,1,50:24:00,"2,10",,,,,,,,,,
2025,7,04/07/2025 13:00:00,12/07/2025 11:25:00,1,190:25:00,"7,93",,,,,,,,,,
2025,7,04/07/2025 19:30:00,09/07/2025 17:00:00,1,117:30:00,"4,90",,,,,,,,,,
2025,7,04/07/2025 19:48:00,18/07/2025 15:05:00,1,331:17:00,"13,80",,,,,,,,,,
2025,7,04/07/2025 22:10:00,05/07/2025 06:25:00,1,8:15:00,"0,34",,,,,,,,,,
2025,7,05/07/2025 07:06:00,08/07/2025 12:00:00,1,76:54:00,"3,20",,,,,,,,,,
2025,7,05/07/2025 07:12:00,08/07/2025 23:50:00,1,88:38:00,"3,69",,,,,,,,,,
2025,7,05/07/2025 08:30:00,15/07/2025 21:00:00,1,252:30:00,"10,52",,,,,,,,,,
2025,7,05/07/2025 15:24:00,11/07/2025 23:05:00,1,151:41:00,"6,32",,,,,,,,,,
2025,7,05/07/2025 15:42:00,12/07/2025 17:10:00,1,169:28:00,"7,06",,,,,,,,,,
2025,7,06/07/2025 03:00:00,17/07/2025 13:10:00,1,274:10:00,"11,42",,,,,,,,,,
2025,7,06/07/2025 03:10:00,10/07/2025 11:30:00,1,104:20:00,"4,35",,,,,,,,,,
2025,7,06/07/2025 03:45:00,06/07/2025 05:30:00,1,1:45:00,"0,07",,,,,,,,,,
2025,7,06/07/2025 08:00:00,07/07/2025 09:52:00,1,25:52:00,"1,08",,,,,,,,,,
2025,7,06/07/2025 09:00:00,06/07/2025 10:50:00,1,1:50:00,"0,08",,,,,,,,,,
2025,7,06/07/2025 09:42:00,09/07/2025 17:58:00,1,80:16:00,"3,34",,,,,,,,,,
2025,7,06/07/2025 09:48:00,09/07/2025 03:50:00,1,66:02:00,"2,75",,,,,,,,,,
2025,7,06/07/2025 10:00:00,06/07/2025 11:10:00,1,1:10:00,"0,05",,,,,,,,,,
2025,7,06/07/2025 16:00:00,08/07/2025 23:35:00,1,55:35:00,"2,32",,,,,,,,,,
2025,7,06/07/2025 21:42:00,08/07/2025 23:55:00,1,50:13:00,"2,09",,,,,,,,,,
2025,7,07/07/2025 09:00:00,14/07/2025 12:22:00,1,171:22:00,"7,14",,,,,,,,,,
2025,7,07/07/2025 10:00:00,07/07/2025 13:02:00,1,3:02:00,"0,13",,,,,,,,,,
2025,7,07/07/2025 11:12:00,27/07/2025 09:20:00,1,478:08:00,"19,92",,,,,,,,,,
2025,7,07/07/2025 12:30:00,09/07/2025 22:25:00,1,57:55:00,"2,41",,,,,,,,,,
2025,7,07/07/2025 13:37:00,11/07/2025 00:29:00,1,82:52:00,"3,45",,,,,,,,,,
2025,7,07/07/2025 13:54:00,16/07/2025 14:20:00,1,216:26:00,"9,02",,,,,,,,,,
2025,7,07/07/2025 14:00:00,09/07/2025 22:45:00,1,56:45:00,"2,36",,,,,,,,,,
2025,7,07/07/2025 14:10:00,10/07/2025 16:45:00,1,74:35:00,"3,11",,,,,,,,,,
2025,7,08/07/2025 01:15:00,08/07/2025 02:15:00,1,1:00:00,"0,04",,,,,,,,,,
2025,7,08/07/2025 13:00:00,21/07/2025 16:23:00,1,315:23:00,"13,14",,,,,,,,,,
2025,7,08/07/2025 13:48:00,27/07/2025 23:45:00,1,465:57:00,"19,41",,,,,,,,,,
2025,7,09/07/2025 08:12:00,13/07/2025 11:25:00,1,99:13:00,"4,13",,,,,,,,,,
2025,7,09/07/2025 10:00:00,09/07/2025 11:15:00,1,1:15:00,"0,05",,,,,,,,,,
2025,7,09/07/2025 12:00:00,15/07/2025 00:15:00,1,132:15:00,"5,51",,,,,,,,,,
2025,7,09/07/2025 16:00:00,11/07/2025 09:50:00,1,41:50:00,"1,74",,,,,,,,,,
2025,7,09/07/2025 16:00:00,16/07/2025 14:30:00,1,166:30:00,"6,94",,,,,,,,,,
2025,7,09/07/2025 20:30:00,11/07/2025 05:20:00,1,32:50:00,"1,37",,,,,,,,,,
2025,7,09/07/2025 21:06:00,15/07/2025 12:16:00,1,135:10:00,"5,63",,,,,,,,,,
2025,7,09/07/2025 22:30:00,09/07/2025 23:50:00,1,1:20:00,"0,06",,,,,,,,,,
2025,7,10/07/2025 01:00:00,10/07/2025 04:50:00,1,3:50:00,"0,16",,,,,,,,,,
2025,7,10/07/2025 02:00:00,12/07/2025 10:30:00,1,56:30:00,"2,35",,,,,,,,,,
2025,7,10/07/2025 08:30:00,10/07/2025 10:50:00,1,2:20:00,"0,10",,,,,,,,,,
2025,7,10/07/2025 13:00:00,12/07/2025 17:15:00,1,52:15:00,"2,18",,,,,,,,,,
2025,7,10/07/2025 17:00:00,19/07/2025 17:45:00,1,216:45:00,"9,03",,,,,,,,,,
2025,7,10/07/2025 19:30:00,10/07/2025 20:25:00,1,0:55:00,"0,04",,,,,,,,,,
2025,7,10/07/2025 19:30:00,12/07/2025 07:12:00,1,35:42:00,"1,49",,,,,,,,,,
2025,7,10/07/2025 20:00:00,18/07/2025 22:25:00,1,194:25:00,"8,10",,,,,,,,,,
2025,7,10/07/2025 20:30:00,10/07/2025 22:10:00,1,1:40:00,"0,07",,,,,,,,,,
2025,7,11/07/2025 02:00:00,11/07/2025 23:50:00,1,21:50:00,"0,91",,,,,,,,,,
2025,7,11/07/2025 05:54:00,21/07/2025 04:33:00,1,238:39:00,"9,94",,,,,,,,,,
2025,7,11/07/2025 11:00:00,11/07/2025 23:20:00,1,12:20:00,"0,51",,,,,,,,,,
2025,7,11/07/2025 11:00:00,26/07/2025 23:50:00,1,372:50:00,"15,53",,,,,,,,,,
2025,7,11/07/2025 14:00:00,18/07/2025 17:35:00,1,171:35:00,"7,15",,,,,,,,,,
2025,7,11/07/2025 21:52:00,18/07/2025 22:55:00,1,169:03:00,"7,04",,,,,,,,,,
2025,7,11/07/2025 22:00:00,11/07/2025 23:05:00,1,1:05:00,"0,05",,,,,,,,,,
2025,7,12/07/2025 01:48:00,23/07/2025 08:45:00,1,270:57:00,"11,29",,,,,,,,,,
2025,7,12/07/2025 06:48:00,17/07/2025 20:10:00,1,133:22:00,"5,56",,,,,,,,,,
2025,7,12/07/2025 09:40:00,12/07/2025 11:00:00,1,1:20:00,"0,06",,,,,,,,,,
2025,7,12/07/2025 09:42:00,23/07/2025 00:47:00,1,255:05:00,"10,63",,,,,,,,,,
2025,7,12/07/2025 11:45:00,14/07/2025 17:35:00,1,53:50:00,"2,24",,,,,,,,,,
2025,7,12/07/2025 19:30:00,26/07/2025 02:05:00,1,318:35:00,"13,27",,,,,,,,,,
2025,7,12/07/2025 20:10:00,12/07/2025 21:10:00,1,1:00:00,"0,04",,,,,,,,,,
2025,7,13/07/2025 00:24:00,16/07/2025 14:18:00,1,85:54:00,"3,58",,,,,,,,,,
2025,7,13/07/2025 00:30:00,13/07/2025 02:25:00,1,1:55:00,"0,08",,,,,,,,,,
2025,7,13/07/2025 11:42:00,17/07/2025 19:48:00,1,104:06:00,"4,34",,,,,,,,,,
2025,7,14/07/2025 04:55:00,14/07/2025 05:40:00,1,0:45:00,"0,03",,,,,,,,,,
2025,7,14/07/2025 06:00:00,14/07/2025 13:10:00,1,7:10:00,"0,30",,,,,,,,,,
2025,7,14/07/2025 08:45:00,14/07/2025 09:25:00,1,0:40:00,"0,03",,,,,,,,,,
2025,7,14/07/2025 10:30:00,14/07/2025 12:25:00,1,1:55:00,"0,08",,,,,,,,,,
2025,7,14/07/2025 16:06:00,21/07/2025 10:15:00,1,162:09:00,"6,76",,,,,,,,,,
2025,7,14/07/2025 17:00:00,26/07/2025 01:45:00,1,272:45:00,"11,36",,,,,,,,,,
2025,7,15/07/2025 07:15:00,27/07/2025 09:28:00,1,290:13:00,"12,09",,,,,,,,,,
2025,7,15/07/2025 07:30:00,15/07/2025 08:44:00,1,1:14:00,"0,05",,,,,,,,,,
2025,7,15/07/2025 13:30:00,25/07/2025 01:20:00,1,227:50:00,"9,49",,,,,,,,,,
2025,7,15/07/2025 19:30:00,15/07/2025 20:55:00,1,1:25:00,"0,06",,,,,,,,,,
2025,7,16/07/2025 02:30:00,20/07/2025 02:40:00,1,96:10:00,"4,01",,,,,,,,,,
2025,7,16/07/2025 04:00:00,16/07/2025 08:35:00,1,4:35:00,"0,19",,,,,,,,,,
2025,7,16/07/2025 07:00:00,16/07/2025 08:55:00,1,1:55:00,"0,08",,,,,,,,,,
2025,7,16/07/2025 15:00:00,22/07/2025 14:35:00,1,143:35:00,"5,98",,,,,,,,,,
2025,7,16/07/2025 18:00:00,18/07/2025 15:45:00,1,45:45:00,"1,91",,,,,,,,,,
2025,7,16/07/2025 19:00:00,19/07/2025 09:33:00,1,62:33:00,"2,61",,,,,,,,,,
2025,7,16/07/2025 23:30:00,17/07/2025 00:46:00,1,1:16:00,"0,05",,,,,,,,,,
2025,7,17/07/2025 08:15:00,17/07/2025 13:20:00,1,5:05:00,"0,21",,,,,,,,,,
2025,7,17/07/2025 10:00:00,17/07/2025 13:10:00,1,3:10:00,"0,13",,,,,,,,,,
2025,7,17/07/2025 12:00:00,17/07/2025 13:00:00,1,1:00:00,"0,04",,,,,,,,,,
2025,7,17/07/2025 14:36:00,17/07/2025 20:35:00,1,5:59:00,"0,25",,,,,,,,,,
2025,7,17/07/2025 18:00:00,17/07/2025 20:35:00,1,2:35:00,"0,11",,,,,,,,,,
2025,7,18/07/2025 05:06:00,18/07/2025 05:55:00,1,0:49:00,"0,03",,,,,,,,,,
2025,7,18/07/2025 15:00:00,18/07/2025 16:00:00,1,1:00:00,"0,04",,,,,,,,,,
2025,7,18/07/2025 20:51:00,18/07/2025 22:05:00,1,1:14:00,"0,05",,,,,,,,,,
2025,7,18/07/2025 22:54:00,21/07/2025 21:43:00,1,70:49:00,"2,95",,,,,,,,,,
2025,7,19/07/2025 04:22:00,19/07/2025 05:20:00,1,0:58:00,"0,04",,,,,,,,,,
2025,7,19/07/2025 08:00:00,19/07/2025 09:50:00,1,1:50:00,"0,08",,,,,,,,,,
2025,7,19/07/2025 10:00:00,21/07/2025 04:30:00,1,42:30:00,"1,77",,,,,,,,,,
2025,7,19/07/2025 14:00:00,23/07/2025 08:35:00,1,90:35:00,"3,77",,,,,,,,,,
2025,7,19/07/2025 14:30:00,28/07/2025 14:35:00,1,216:05:00,"9,00",,,,,,,,,,
2025,7,19/07/2025 15:30:00,19/07/2025 16:45:00,1,1:15:00,"0,05",,,,,,,,,,
2025,7,19/07/2025 16:00:00,19/07/2025 16:50:00,1,0:50:00,"0,03",,,,,,,,,,
2025,7,19/07/2025 16:00:00,19/07/2025 17:10:00,1,1:10:00,"0,05",,,,,,,,,,
2025,7,19/07/2025 16:00:00,19/07/2025 21:42:00,1,5:42:00,"0,24",,,,,,,,,,
2025,7,20/07/2025 09:00:00,20/07/2025 11:30:00,1,2:30:00,"0,10",,,,,,,,,,
2025,7,20/07/2025 13:00:00,28/07/2025 08:55:00,1,187:55:00,"7,83",,,,,,,,,,
2025,7,20/07/2025 13:15:00,20/07/2025 14:30:00,1,1:15:00,"0,05",,,,,,,,,,
2025,7,20/07/2025 13:45:00,20/07/2025 14:40:00,1,0:55:00,"0,04",,,,,,,,,,
2025,7,20/07/2025 19:15:00,22/07/2025 16:55:00,1,45:40:00,"1,90",,,,,,,,,,
2025,7,21/07/2025 06:30:00,24/07/2025 19:18:00,1,84:48:00,"3,53",,,,,,,,,,
2025,7,21/07/2025 08:30:00,21/07/2025 21:40:00,1,13:10:00,"0,55",,,,,,,,,,
2025,7,21/07/2025 13:15:00,21/07/2025 13:40:00,1,0:25:00,"0,02",,,,,,,,,,
2025,7,21/07/2025 15:00:00,25/07/2025 14:20:00,1,95:20:00,"3,97",,,,,,,,,,
2025,7,22/07/2025 00:35:00,23/07/2025 20:15:00,1,43:40:00,"1,82",,,,,,,,,,
2025,7,22/07/2025 01:15:00,22/07/2025 02:30:00,1,1:15:00,"0,05",,,,,,,,,,
2025,7,22/07/2025 06:30:00,22/07/2025 07:30:00,1,1:00:00,"0,04",,,,,,,,,,
2025,7,22/07/2025 06:48:00,24/07/2025 02:40:00,1,43:52:00,"1,83",,,,,,,,,,
2025,7,22/07/2025 08:00:00,22/07/2025 09:10:00,1,1:10:00,"0,05",,,,,,,,,,
2025,7,22/07/2025 15:30:00,24/07/2025 06:50:00,1,39:20:00,"1,64",,,,,,,,,,
2025,7,22/07/2025 16:00:00,23/07/2025 16:00:00,1,24:00:00,"1,00",,,,,,,,,,
2025,7,23/07/2025 02:10:00,26/07/2025 09:17:00,1,79:07:00,"3,30",,,,,,,,,,
2025,7,23/07/2025 07:30:00,23/07/2025 11:05:00,1,3:35:00,"0,15",,,,,,,,,,
2025,7,23/07/2025 08:30:00,23/07/2025 09:25:00,1,0:55:00,"0,04",,,,,,,,,,
2025,7,23/07/2025 10:00:00,25/07/2025 07:23:00,1,45:23:00,"1,89",,,,,,,,,,
2025,7,24/07/2025 09:00:00,24/07/2025 09:51:00,1,0:51:00,"0,04",,,,,,,,,,
2025,7,24/07/2025 18:00:00,24/07/2025 19:05:00,1,1:05:00,"0,05",,,,,,,,,,
2025,7,24/07/2025 19:48:00,26/07/2025 03:15:00,1,31:27:00,"1,31",,,,,,,,,,
2025,7,24/07/2025 23:45:00,25/07/2025 01:00:00,1,1:15:00,"0,05",,,,,,,,,,
2025,7,26/07/2025 00:30:00,26/07/2025 01:19:00,1,0:49:00,"0,03",,,,,,,,,,
2025,7,26/07/2025 07:00:00,26/07/2025 08:40:00,1,1:40:00,"0,07",,,,,,,,,,
2025,7,26/07/2025 07:00:00,26/07/2025 08:48:00,1,1:48:00,"0,08",,,,,,,,,,
2025,7,26/07/2025 07:30:00,28/07/2025 08:15:00,1,48:45:00,"2,03",,,,,,,,,,
2025,7,27/07/2025 10:00:00,27/07/2025 11:10:00,1,1:10:00,"0,05",,,,,,,,,,
2025,7,27/07/2025 11:54:00,27/07/2025 18:51:00,1,6:57:00,"0,29",,,,,,,,,,
2025,8,11/07/2025 15:00:00,05/08/2025 20:10:00,1,605:10:00,"25,22",,,,,,,,,,
2025,8,11/07/2025 22:30:00,24/07/2025 19:08:00,1,308:38:00,"12,86",,,,,,,,,,
2025,8,12/07/2025 16:00:00,08/08/2025 19:30:00,1,651:30:00,"27,15",,,,,,,,,,
2025,8,13/07/2025 09:30:00,24/07/2025 14:00:00,1,268:30:00,"11,19",,,,,,,,,,
2025,8,14/07/2025 09:00:00,02/08/2025 19:12:00,1,466:12:00,"19,43",,,,,,,,,,
2025,8,14/07/2025 11:30:00,28/07/2025 21:35:00,1,346:05:00,"14,42",,,,,,,,,,
2025,8,15/07/2025 10:00:00,19/08/2025 05:20:00,1,835:20:00,"34,81",,,,,,,,,,
2025,8,16/07/2025 08:00:00,01/08/2025 20:05:00,1,396:05:00,"16,50",,,,,,,,,,
2025,8,17/07/2025 16:45:00,23/07/2025 23:09:00,1,150:24:00,"6,27",,,,,,,,,,
2025,8,18/07/2025 00:48:00,02/08/2025 14:40:00,1,373:52:00,"15,58",,,,,,,,,,
2025,8,18/07/2025 17:18:00,04/08/2025 16:50:00,1,407:32:00,"16,98",,,,,,,,,,
2025,8,19/07/2025 05:54:00,05/08/2025 07:10:00,1,409:16:00,"17,05",,,,,,,,,,
2025,8,20/07/2025 10:00:00,24/07/2025 19:15:00,1,105:15:00,"4,39",,,,,,,,,,
2025,8,21/07/2025 22:18:00,11/08/2025 17:55:00,1,499:37:00,"20,82",,,,,,,,,,
2025,8,22/07/2025 00:30:00,02/08/2025 19:20:00,1,282:50:00,"11,78",,,,,,,,,,
2025,8,22/07/2025 01:00:00,31/07/2025 02:25:00,1,217:25:00,"9,06",,,,,,,,,,
2025,8,22/07/2025 08:06:00,08/08/2025 01:15:00,1,401:09:00,"16,71",,,,,,,,,,
2025,8,22/07/2025 08:42:00,31/07/2025 01:35:00,1,208:53:00,"8,70",,,,,,,,,,
2025,8,22/07/2025 09:55:00,13/08/2025 22:20:00,1,540:25:00,"22,52",,,,,,,,,,
2025,8,22/07/2025 16:30:00,31/07/2025 00:56:00,1,200:26:00,"8,35",,,,,,,,,,
2025,8,22/07/2025 16:30:00,10/08/2025 14:15:00,1,453:45:00,"18,91",,,,,,,,,,
2025,8,23/07/2025 05:55:00,01/08/2025 11:23:00,1,221:28:00,"9,23",,,,,,,,,,
2025,8,24/07/2025 02:36:00,08/08/2025 08:58:00,1,366:22:00,"15,27",,,,,,,,,,
2025,8,24/07/2025 21:00:00,03/08/2025 13:20:00,1,232:20:00,"9,68",,,,,,,,,,
2025,8,25/07/2025 00:30:00,13/08/2025 21:01:00,1,476:31:00,"19,85",,,,,,,,,,
2025,8,25/07/2025 03:30:00,14/08/2025 13:00:00,1,489:30:00,"20,40",,,,,,,,,,
2025,8,25/07/2025 05:45:00,15/08/2025 09:10:00,1,507:25:00,"21,14",,,,,,,,,,
2025,8,25/07/2025 16:50:00,31/07/2025 05:30:00,1,132:40:00,"5,53",,,,,,,,,,
2025,8,26/07/2025 12:00:00,01/08/2025 20:12:00,1,152:12:00,"6,34",,,,,,,,,,
2025,8,26/07/2025 22:30:00,28/07/2025 10:40:00,1,36:10:00,"1,51",,,,,,,,,,
2025,8,27/07/2025 07:30:00,31/07/2025 00:50:00,1,89:20:00,"3,72",,,,,,,,,,
2025,8,27/07/2025 08:30:00,30/07/2025 20:00:00,1,83:30:00,"3,48",,,,,,,,,,
2025,8,27/07/2025 11:48:00,02/08/2025 12:50:00,1,145:02:00,"6,04",,,,,,,,,,
2025,8,27/07/2025 21:54:00,04/08/2025 16:48:00,1,186:54:00,"7,79",,,,,,,,,,
2025,8,28/07/2025 02:00:00,30/07/2025 18:40:00,1,64:40:00,"2,69",,,,,,,,,,
2025,8,28/07/2025 09:54:00,16/08/2025 15:50:00,1,461:56:00,"19,25",,,,,,,,,,
2025,8,29/07/2025 08:40:00,03/08/2025 13:10:00,1,124:30:00,"5,19",,,,,,,,,,
2025,8,29/07/2025 11:18:00,21/08/2025 02:50:00,1,543:32:00,"22,65",,,,,,,,,,
2025,8,29/07/2025 13:00:00,04/08/2025 17:17:00,1,148:17:00,"6,18",,,,,,,,,,
2025,8,29/07/2025 14:40:00,01/08/2025 02:15:00,1,59:35:00,"2,48",,,,,,,,,,
2025,8,29/07/2025 20:00:00,31/07/2025 21:45:00,1,49:45:00,"2,07",,,,,,,,,,
2025,8,29/07/2025 23:12:00,05/08/2025 06:35:00,1,151:23:00,"6,31",,,,,,,,,,
2025,8,29/07/2025 23:30:00,02/08/2025 12:10:00,1,84:40:00,"3,53",,,,,,,,,,
2025,8,30/07/2025 10:06:00,31/07/2025 09:00:00,1,22:54:00,"0,95",,,,,,,,,,
2025,8,30/07/2025 15:20:00,30/07/2025 15:43:00,1,0:23:00,"0,02",,,,,,,,,,
2025,8,30/07/2025 16:00:00,01/08/2025 16:11:00,1,48:11:00,"2,01",,,,,,,,,,
2025,8,30/07/2025 17:45:00,30/07/2025 18:45:00,1,1:00:00,"0,04",,,,,,,,,,
2025,8,31/07/2025 03:12:00,17/08/2025 14:15:00,1,419:03:00,"17,46",,,,,,,,,,
2025,8,31/07/2025 06:00:00,05/08/2025 06:35:00,1,120:35:00,"5,02",,,,,,,,,,
2025,8,31/07/2025 07:04:00,01/08/2025 12:25:00,1,29:21:00,"1,22",,,,,,,,,,
2025,8,31/07/2025 12:00:00,31/07/2025 13:20:00,1,1:20:00,"0,06",,,,,,,,,,
2025,8,31/07/2025 14:42:00,13/08/2025 08:55:00,1,306:13:00,"12,76",,,,,,,,,,
2025,8,31/07/2025 16:00:00,31/07/2025 20:15:00,1,4:15:00,"0,18",,,,,,,,,,
2025,8,31/07/2025 19:30:00,14/08/2025 16:55:00,1,333:25:00,"13,89",,,,,,,,,,
2025,8,31/07/2025 21:36:00,22/08/2025 19:00:00,1,525:24:00,"21,89",,,,,,,,,,
2025,8,01/08/2025 00:01:00,26/08/2025 14:05:00,1,614:04:00,"25,59",,,,,,,,,,
2025,8,01/08/2025 01:35:00,01/08/2025 02:40:00,1,1:05:00,"0,05",,,,,,,,,,
2025,8,01/08/2025 08:06:00,02/08/2025 01:55:00,1,17:49:00,"0,74",,,,,,,,,,
2025,8,01/08/2025 10:30:00,01/08/2025 14:47:00,1,4:17:00,"0,18",,,,,,,,,,
2025,8,01/08/2025 15:48:00,05/08/2025 23:25:00,1,103:37:00,"4,32",,,,,,,,,,
2025,8,02/08/2025 03:45:00,02/08/2025 04:45:00,1,1:00:00,"0,04",,,,,,,,,,
2025,8,02/08/2025 05:00:00,11/08/2025 22:40:00,1,233:40:00,"9,74",,,,,,,,,,
2025,8,02/08/2025 10:00:00,02/08/2025 11:03:00,1,1:03:00,"0,04",,,,,,,,,,
2025,8,02/08/2025 10:24:00,04/08/2025 04:15:00,1,41:51:00,"1,74",,,,,,,,,,
2025,8,02/08/2025 17:12:00,04/08/2025 09:45:00,1,40:33:00,"1,69",,,,,,,,,,
2025,8,02/08/2025 20:24:00,05/08/2025 23:45:00,1,75:21:00,"3,14",,,,,,,,,,
2025,8,03/08/2025 03:15:00,03/08/2025 04:20:00,1,1:05:00,"0,05",,,,,,,,,,
2025,8,03/08/2025 06:00:00,14/08/2025 20:40:00,1,278:40:00,"11,61",,,,,,,,,,
2025,8,03/08/2025 08:00:00,10/08/2025 23:55:00,1,183:55:00,"7,66",,,,,,,,,,
2025,8,03/08/2025 13:00:00,08/08/2025 12:10:00,1,119:10:00,"4,97",,,,,,,,,,
2025,8,04/08/2025 07:00:00,08/08/2025 10:00:00,1,99:00:00,"4,13",,,,,,,,,,
2025,8,04/08/2025 08:06:00,05/08/2025 19:15:00,1,35:09:00,"1,46",,,,,,,,,,
2025,8,04/08/2025 10:30:00,04/08/2025 11:05:00,1,0:35:00,"0,02",,,,,,,,,,
2025,8,04/08/2025 12:45:00,04/08/2025 13:26:00,1,0:41:00,"0,03",,,,,,,,,,
2025,8,04/08/2025 13:45:00,04/08/2025 14:20:00,1,0:35:00,"0,02",,,,,,,,,,
2025,8,04/08/2025 16:10:00,18/08/2025 23:55:00,1,343:45:00,"14,32",,,,,,,,,,
2025,8,04/08/2025 17:30:00,07/08/2025 15:23:00,1,69:53:00,"2,91",,,,,,,,,,
2025,8,04/08/2025 19:24:00,07/08/2025 22:20:00,1,74:56:00,"3,12",,,,,,,,,,
2025,8,05/08/2025 08:00:00,16/08/2025 04:10:00,1,260:10:00,"10,84",,,,,,,,,,
2025,8,05/08/2025 09:30:00,05/08/2025 14:15:00,1,4:45:00,"0,20",,,,,,,,,,
2025,8,05/08/2025 09:50:00,05/08/2025 19:30:00,1,9:40:00,"0,40",,,,,,,,,,
2025,8,06/08/2025 05:06:00,13/08/2025 09:50:00,1,172:44:00,"7,20",,,,,,,,,,
2025,8,06/08/2025 08:00:00,06/08/2025 09:05:00,1,1:05:00,"0,05",,,,,,,,,,
2025,8,06/08/2025 14:00:00,07/08/2025 18:45:00,1,28:45:00,"1,20",,,,,,,,,,
2025,8,06/08/2025 15:00:00,07/08/2025 13:45:00,1,22:45:00,"0,95",,,,,,,,,,
2025,8,06/08/2025 15:00:00,11/08/2025 07:10:00,1,112:10:00,"4,67",,,,,,,,,,
2025,8,06/08/2025 16:20:00,21/08/2025 19:50:00,1,363:30:00,"15,15",,,,,,,,,,
2025,8,07/08/2025 00:00:00,07/08/2025 01:00:00,1,1:00:00,"0,04",,,,,,,,,,
2025,8,07/08/2025 08:00:00,23/08/2025 18:25:00,1,394:25:00,"16,43",,,,,,,,,,
2025,8,07/08/2025 08:36:00,20/08/2025 05:02:00,1,308:26:00,"12,85",,,,,,,,,,
2025,8,07/08/2025 10:00:00,07/08/2025 18:15:00,1,8:15:00,"0,34",,,,,,,,,,
2025,8,07/08/2025 13:00:00,07/08/2025 14:16:00,1,1:16:00,"0,05",,,,,,,,,,
2025,8,07/08/2025 16:30:00,07/08/2025 22:00:00,1,5:30:00,"0,23",,,,,,,,,,
2025,8,07/08/2025 21:00:00,10/08/2025 01:45:00,1,52:45:00,"2,20",,,,,,,,,,
2025,8,08/08/2025 01:00:00,09/08/2025 00:20:00,1,23:20:00,"0,97",,,,,,,,,,
2025,8,08/08/2025 08:30:00,08/08/2025 09:40:00,1,1:10:00,"0,05",,,,,,,,,,
2025,8,08/08/2025 10:30:00,08/08/2025 19:36:00,1,9:06:00,"0,38",,,,,,,,,,
2025,8,08/08/2025 12:36:00,08/08/2025 19:11:00,1,6:35:00,"0,27",,,,,,,,,,
2025,8,08/08/2025 14:02:00,10/08/2025 08:50:00,1,42:48:00,"1,78",,,,,,,,,,
2025,8,09/08/2025 13:00:00,09/08/2025 13:55:00,1,0:55:00,"0,04",,,,,,,,,,
2025,8,09/08/2025 15:30:00,10/08/2025 13:56:00,1,22:26:00,"0,93",,,,,,,,,,
2025,8,10/08/2025 02:12:00,11/08/2025 16:32:00,1,38:20:00,"1,60",,,,,,,,,,
2025,8,10/08/2025 10:00:00,23/08/2025 06:53:00,1,308:53:00,"12,87",,,,,,,,,,
2025,8,10/08/2025 14:00:00,12/08/2025 05:30:00,1,39:30:00,"1,65",,,,,,,,,,
2025,8,10/08/2025 22:18:00,11/08/2025 18:10:00,1,19:52:00,"0,83",,,,,,,,,,
2025,8,10/08/2025 22:40:00,10/08/2025 23:52:00,1,1:12:00,"0,05",,,,,,,,,,
2025,8,11/08/2025 00:01:00,11/08/2025 01:20:00,1,1:19:00,"0,05",,,,,,,,,,
2025,8,11/08/2025 01:40:00,13/08/2025 14:18:00,1,60:38:00,"2,53",,,,,,,,,,
2025,8,11/08/2025 08:48:00,11/08/2025 17:35:00,1,8:47:00,"0,37",,,,,,,,,,
2025,8,11/08/2025 11:12:00,11/08/2025 11:55:00,1,0:43:00,"0,03",,,,,,,,,,
2025,8,11/08/2025 16:00:00,17/08/2025 00:06:00,1,128:06:00,"5,34",,,,,,,,,,
2025,8,11/08/2025 20:00:00,14/08/2025 02:48:00,1,54:48:00,"2,28",,,,,,,,,,
2025,8,11/08/2025 22:00:00,11/08/2025 22:59:00,1,0:59:00,"0,04",,,,,,,,,,
2025,8,12/08/2025 08:15:00,12/08/2025 12:45:00,1,4:30:00,"0,19",,,,,,,,,,
2025,8,13/08/2025 09:00:00,13/08/2025 20:50:00,1,11:50:00,"0,49",,,,,,,,,,
2025,8,13/08/2025 10:00:00,14/08/2025 11:50:00,1,25:50:00,"1,08",,,,,,,,,,
2025,8,13/08/2025 22:25:00,13/08/2025 23:55:00,1,1:30:00,"0,06",,,,,,,,,,
2025,8,14/08/2025 03:00:00,14/08/2025 14:25:00,1,11:25:00,"0,48",,,,,,,,,,
2025,8,14/08/2025 08:32:00,17/08/2025 00:25:00,1,63:53:00,"2,66",,,,,,,,,,
2025,8,14/08/2025 09:00:00,14/08/2025 12:59:00,1,3:59:00,"0,17",,,,,,,,,,
2025,8,14/08/2025 12:00:00,17/08/2025 05:35:00,1,65:35:00,"2,73",,,,,,,,,,
2025,8,14/08/2025 14:00:00,21/08/2025 07:32:00,1,161:32:00,"6,73",,,,,,,,,,
2025,8,14/08/2025 17:00:00,15/08/2025 09:15:00,1,16:15:00,"0,68",,,,,,,,,,
2025,8,15/08/2025 01:00:00,16/08/2025 19:50:00,1,42:50:00,"1,78",,,,,,,,,,
2025,8,15/08/2025 04:00:00,15/08/2025 12:50:00,1,8:50:00,"0,37",,,,,,,,,,
2025,8,15/08/2025 06:30:00,25/08/2025 18:05:00,1,251:35:00,"10,48",,,,,,,,,,
2025,8,15/08/2025 08:00:00,15/08/2025 09:20:00,1,1:20:00,"0,06",,,,,,,,,,
2025,8,15/08/2025 17:00:00,21/08/2025 03:30:00,1,130:30:00,"5,44",,,,,,,,,,
2025,8,15/08/2025 18:00:00,15/08/2025 19:14:00,1,1:14:00,"0,05",,,,,,,,,,
2025,8,15/08/2025 18:30:00,23/08/2025 09:15:00,1,182:45:00,"7,61",,,,,,,,,,
2025,8,15/08/2025 19:00:00,15/08/2025 20:05:00,1,1:05:00,"0,05",,,,,,,,,,
2025,8,16/08/2025 06:00:00,24/08/2025 17:50:00,1,203:50:00,"8,49",,,,,,,,,,
2025,8,16/08/2025 07:12:00,20/08/2025 17:20:00,1,106:08:00,"4,42",,,,,,,,,,
2025,8,16/08/2025 10:36:00,18/08/2025 18:10:00,1,55:34:00,"2,32",,,,,,,,,,
2025,8,16/08/2025 15:45:00,16/08/2025 16:20:00,1,0:35:00,"0,02",,,,,,,,,,
2025,8,16/08/2025 16:30:00,22/08/2025 18:43:00,1,146:13:00,"6,09",,,,,,,,,,
2025,8,16/08/2025 19:27:00,16/08/2025 20:50:00,1,1:23:00,"0,06",,,,,,,,,,
2025,8,16/08/2025 19:27:00,17/08/2025 06:12:00,1,10:45:00,"0,45",,,,,,,,,,
2025,8,17/08/2025 08:30:00,17/08/2025 20:04:00,1,11:34:00,"0,48",,,,,,,,,,
2025,8,17/08/2025 08:30:00,20/08/2025 21:10:00,1,84:40:00,"3,53",,,,,,,,,,
2025,8,17/08/2025 10:18:00,25/08/2025 11:45:00,1,193:27:00,"8,06",,,,,,,,,,
2025,8,17/08/2025 13:00:00,19/08/2025 09:45:00,1,44:45:00,"1,86",,,,,,,,,,
2025,8,18/08/2025 02:53:00,18/08/2025 03:47:00,1,0:54:00,"0,04",,,,,,,,,,
2025,8,18/08/2025 11:00:00,27/08/2025 15:50:00,1,220:50:00,"9,20",,,,,,,,,,
2025,8,18/08/2025 11:10:00,18/08/2025 11:30:00,1,0:20:00,"0,01",,,,,,,,,,
2025,8,18/08/2025 11:30:00,23/08/2025 21:20:00,1,129:50:00,"5,41",,,,,,,,,,
2025,8,18/08/2025 18:48:00,19/08/2025 08:42:00,1,13:54:00,"0,58",,,,,,,,,,
2025,8,19/08/2025 04:06:00,22/08/2025 18:33:00,1,86:27:00,"3,60",,,,,,,,,,
2025,8,19/08/2025 06:50:00,19/08/2025 07:32:00,1,0:42:00,"0,03",,,,,,,,,,
2025,8,19/08/2025 07:30:00,19/08/2025 08:30:00,1,1:00:00,"0,04",,,,,,,,,,
2025,8,19/08/2025 09:30:00,19/08/2025 22:45:00,1,13:15:00,"0,55",,,,,,,,,,
2025,8,19/08/2025 09:50:00,19/08/2025 14:30:00,1,4:40:00,"0,19",,,,,,,,,,
2025,8,19/08/2025 10:30:00,19/08/2025 18:40:00,1,8:10:00,"0,34",,,,,,,,,,
2025,8,19/08/2025 18:48:00,29/08/2025 08:50:00,1,230:02:00,"9,58",,,,,,,,,,
2025,8,20/08/2025 02:54:00,25/08/2025 10:00:00,1,127:06:00,"5,30",,,,,,,,,,
2025,8,20/08/2025 03:30:00,20/08/2025 07:50:00,1,4:20:00,"0,18",,,,,,,,,,
2025,8,20/08/2025 08:00:00,20/08/2025 08:58:00,1,0:58:00,"0,04",,,,,,,,,,
2025,8,20/08/2025 09:18:00,26/08/2025 22:45:00,1,157:27:00,"6,56",,,,,,,,,,
2025,8,21/08/2025 15:00:00,23/08/2025 21:30:00,1,54:30:00,"2,27",,,,,,,,,,
2025,8,21/08/2025 18:30:00,21/08/2025 19:50:00,1,1:20:00,"0,06",,,,,,,,,,
2025,8,21/08/2025 23:50:00,22/08/2025 01:04:00,1,1:14:00,"0,05",,,,,,,,,,
2025,8,22/08/2025 03:00:00,25/08/2025 16:20:00,1,85:20:00,"3,56",,,,,,,,,,
2025,8,22/08/2025 04:30:00,28/08/2025 19:05:00,1,158:35:00,"6,61",,,,,,,,,,
2025,8,22/08/2025 10:30:00,22/08/2025 19:20:00,1,8:50:00,"0,37",,,,,,,,,,
2025,8,22/08/2025 15:20:00,22/08/2025 19:55:00,1,4:35:00,"0,19",,,,,,,,,,
2025,8,22/08/2025 23:00:00,23/08/2025 06:50:00,1,7:50:00,"0,33",,,,,,,,,,
2025,8,23/08/2025 15:30:00,23/08/2025 18:15:00,1,2:45:00,"0,11",,,,,,,,,,
2025,8,25/08/2025 01:58:00,25/08/2025 02:45:00,1,0:47:00,"0,03",,,,,,,,,,
2025,8,25/08/2025 02:10:00,25/08/2025 03:10:00,1,1:00:00,"0,04",,,,,,,,,,
2025,8,25/08/2025 18:15:00,25/08/2025 19:45:00,1,1:30:00,"0,06",,,,,,,,,,
2025,8,25/08/2025 20:00:00,25/08/2025 21:20:00,1,1:20:00,"0,06",,,,,,,,,,
2025,8,25/08/2025 20:08:00,25/08/2025 21:13:00,1,1:05:00,"0,05",,,,,,,,,,
2025,8,26/08/2025 10:00:00,26/08/2025 12:15:00,1,2:15:00,"0,09",,,,,,,,,,
2025,8,27/08/2025 05:00:00,27/08/2025 09:40:00,1,4:40:00,"0,19",,,,,,,,,,
2025,8,27/08/2025 05:36:00,28/08/2025 19:20:00,1,37:44:00,"1,57",,,,,,,,,,
2025,8,27/08/2025 10:00:00,27/08/2025 11:32:00,1,1:32:00,"0,06",,,,,,,,,,
2025,8,27/08/2025 10:30:00,27/08/2025 16:10:00,1,5:40:00,"0,24",,,,,,,,,,
2025,8,28/08/2025 06:30:00,28/08/2025 07:35:00,1,1:05:00,"0,05",,,,,,,,,,
2025,8,28/08/2025 09:00:00,29/08/2025 08:40:00,1,23:40:00,"0,99",,,,,,,,,,
2025,8,29/08/2025 04:06:00,29/08/2025 09:13:00,1,5:07:00,"0,21",,,,,,,,,,
2025,8,29/08/2025 10:00:00,29/08/2025 10:45:00,1,0:45:00,"0,03",,,,,,,,,,
2025,8,29/08/2025 15:12:00,30/08/2025 00:10:00,1,8:58:00,"0,37",,,,,,,,,,
2025,9,30/07/2025 23:30:00,01/09/2025 01:28:00,1,769:58:00,"32,08",,,,,,,,,,
2025,9,06/08/2025 17:30:00,03/09/2025 03:17:00,1,657:47:00,"27,41",,,,,,,,,,
2025,9,09/08/2025 21:00:00,30/08/2025 20:35:00,1,503:35:00,"20,98",,,,,,,,,,
2025,9,13/08/2025 08:06:00,02/09/2025 18:00:00,1,489:54:00,"20,41",,,,,,,,,,
2025,9,16/08/2025 10:30:00,01/09/2025 10:20:00,1,383:50:00,"15,99",,,,,,,,,,
2025,9,16/08/2025 11:30:00,04/09/2025 19:40:00,1,464:10:00,"19,34",,,,,,,,,,
2025,9,17/08/2025 06:00:00,02/09/2025 19:00:00,1,397:00:00,"16,54",,,,,,,,,,
2025,9,17/08/2025 18:00:00,05/09/2025 19:40:00,1,457:40:00,"19,07",,,,,,,,,,
2025,9,17/08/2025 22:39:00,01/09/2025 09:55:00,1,347:16:00,"14,47",,,,,,,,,,
2025,9,19/08/2025 21:54:00,31/08/2025 02:08:00,1,268:14:00,"11,18",,,,,,,,,,
2025,9,20/08/2025 00:05:00,09/09/2025 21:51:00,1,501:46:00,"20,91",,,,,,,,,,
2025,9,20/08/2025 07:00:00,30/08/2025 02:40:00,1,235:40:00,"9,82",,,,,,,,,,
2025,9,20/08/2025 18:00:00,09/09/2025 22:30:00,1,484:30:00,"20,19",,,,,,,,,,
2025,9,20/08/2025 19:24:00,01/09/2025 13:50:00,1,282:26:00,"11,77",,,,,,,,,,
2025,9,21/08/2025 20:00:00,13/09/2025 17:40:00,1,549:40:00,"22,90",,,,,,,,,,
2025,9,22/08/2025 10:00:00,22/08/2025 10:55:00,1,0:55:00,"0,04",,,,,,,,,,
2025,9,22/08/2025 10:00:00,11/09/2025 23:40:00,1,493:40:00,"20,57",,,,,,,,,,
2025,9,23/08/2025 06:30:00,16/09/2025 14:50:00,1,584:20:00,"24,35",,,,,,,,,,
2025,9,23/08/2025 10:00:00,01/09/2025 11:30:00,1,217:30:00,"9,06",,,,,,,,,,
2025,9,23/08/2025 11:00:00,03/09/2025 16:45:00,1,269:45:00,"11,24",,,,,,,,,,
2025,9,23/08/2025 14:06:00,11/09/2025 12:35:00,1,454:29:00,"18,94",,,,,,,,,,
2025,9,23/08/2025 18:24:00,19/09/2025 17:00:00,1,646:36:00,"26,94",,,,,,,,,,
2025,9,25/08/2025 03:24:00,01/09/2025 19:40:00,1,184:16:00,"7,68",,,,,,,,,,
2025,9,25/08/2025 09:42:00,13/09/2025 12:50:00,1,459:08:00,"19,13",,,,,,,,,,
2025,9,25/08/2025 14:15:00,08/09/2025 00:27:00,1,322:12:00,"13,43",,,,,,,,,,
2025,9,25/08/2025 20:36:00,10/09/2025 13:30:00,1,376:54:00,"15,70",,,,,,,,,,
2025,9,25/08/2025 21:08:00,25/08/2025 22:25:00,1,1:17:00,"0,05",,,,,,,,,,
2025,9,26/08/2025 01:00:00,31/08/2025 19:35:00,1,138:35:00,"5,77",,,,,,,,,,
2025,9,26/08/2025 05:15:00,29/08/2025 09:00:00,1,75:45:00,"3,16",,,,,,,,,,
2025,9,26/08/2025 06:12:00,10/09/2025 16:05:00,1,369:53:00,"15,41",,,,,,,,,,
2025,9,26/08/2025 13:15:00,29/08/2025 21:25:00,1,80:10:00,"3,34",,,,,,,,,,
2025,9,26/08/2025 14:30:00,26/08/2025 18:00:00,1,3:30:00,"0,15",,,,,,,,,,
2025,9,27/08/2025 00:18:00,04/09/2025 07:30:00,1,199:12:00,"8,30",,,,,,,,,,
2025,9,27/08/2025 02:54:00,09/09/2025 16:15:00,1,325:21:00,"13,56",,,,,,,,,,
2025,9,27/08/2025 08:30:00,03/09/2025 21:55:00,1,181:25:00,"7,56",,,,,,,,,,
2025,9,27/08/2025 10:00:00,31/08/2025 20:00:00,1,106:00:00,"4,42",,,,,,,,,,
2025,9,27/08/2025 14:30:00,27/08/2025 18:35:00,1,4:05:00,"0,17",,,,,,,,,,
2025,9,28/08/2025 01:30:00,10/09/2025 01:00:00,1,311:30:00,"12,98",,,,,,,,,,
2025,9,28/08/2025 03:36:00,05/09/2025 04:15:00,1,192:39:00,"8,03",,,,,,,,,,
2025,9,28/08/2025 07:00:00,06/09/2025 23:54:00,1,232:54:00,"9,70",,,,,,,,,,
2025,9,28/08/2025 18:00:00,28/08/2025 19:05:00,1,1:05:00,"0,05",,,,,,,,,,
2025,9,28/08/2025 18:00:00,06/09/2025 10:40:00,1,208:40:00,"8,69",,,,,,,,,,
2025,9,29/08/2025 00:06:00,15/09/2025 19:30:00,1,427:24:00,"17,81",,,,,,,,,,
2025,9,29/08/2025 01:00:00,29/08/2025 02:55:00,1,1:55:00,"0,08",,,,,,,,,,
2025,9,29/08/2025 01:00:00,20/09/2025 10:40:00,1,537:40:00,"22,40",,,,,,,,,,
2025,9,29/08/2025 10:00:00,07/09/2025 15:20:00,1,221:20:00,"9,22",,,,,,,,,,
2025,9,29/08/2025 14:00:00,06/09/2025 07:38:00,1,185:38:00,"7,73",,,,,,,,,,
2025,9,29/08/2025 16:24:00,02/09/2025 05:10:00,1,84:46:00,"3,53",,,,,,,,,,
2025,9,29/08/2025 16:42:00,11/09/2025 01:45:00,1,297:03:00,"12,38",,,,,,,,,,
2025,9,29/08/2025 17:30:00,09/09/2025 12:35:00,1,259:05:00,"10,80",,,,,,,,,,
2025,9,29/08/2025 21:30:00,29/08/2025 22:20:00,1,0:50:00,"0,03",,,,,,,,,,
2025,9,29/08/2025 23:42:00,21/09/2025 01:19:00,1,529:37:00,"22,07",,,,,,,,,,
2025,9,30/08/2025 01:30:00,30/08/2025 01:55:00,1,0:25:00,"0,02",,,,,,,,,,
2025,9,30/08/2025 01:30:00,30/08/2025 02:45:00,1,1:15:00,"0,05",,,,,,,,,,
2025,9,30/08/2025 03:06:00,07/09/2025 14:40:00,1,203:34:00,"8,48",,,,,,,,,,
2025,9,30/08/2025 13:00:00,01/09/2025 15:50:00,1,50:50:00,"2,12",,,,,,,,,,
2025,9,30/08/2025 17:18:00,01/09/2025 09:25:00,1,40:07:00,"1,67",,,,,,,,,,
2025,9,31/08/2025 02:30:00,31/08/2025 04:05:00,1,1:35:00,"0,07",,,,,,,,,,
2025,9,31/08/2025 02:59:00,31/08/2025 04:14:00,1,1:15:00,"0,05",,,,,,,,,,
2025,9,31/08/2025 05:50:00,31/08/2025 21:09:00,1,15:19:00,"0,64",,,,,,,,,,
2025,9,31/08/2025 07:00:00,08/09/2025 10:45:00,1,195:45:00,"8,16",,,,,,,,,,
2025,9,31/08/2025 07:45:00,01/09/2025 10:00:00,1,26:15:00,"1,09",,,,,,,,,,
2025,9,31/08/2025 07:45:00,22/09/2025 06:03:00,1,526:18:00,"21,93",,,,,,,,,,
2025,9,31/08/2025 09:00:00,16/09/2025 21:10:00,1,396:10:00,"16,51",,,,,,,,,,
2025,9,31/08/2025 12:54:00,11/09/2025 16:15:00,1,267:21:00,"11,14",,,,,,,,,,
2025,9,31/08/2025 13:18:00,31/08/2025 21:55:00,1,8:37:00,"0,36",,,,,,,,,,
2025,9,31/08/2025 21:42:00,03/09/2025 00:25:00,1,50:43:00,"2,11",,,,,,,,,,
2025,9,01/09/2025 04:12:00,02/09/2025 06:09:00,1,25:57:00,"1,08",,,,,,,,,,
2025,9,01/09/2025 08:00:00,04/09/2025 13:55:00,1,77:55:00,"3,25",,,,,,,,,,
2025,9,01/09/2025 08:30:00,01/09/2025 09:47:00,1,1:17:00,"0,05",,,,,,,,,,
2025,9,01/09/2025 14:18:00,03/09/2025 03:15:00,1,36:57:00,"1,54",,,,,,,,,,
2025,9,01/09/2025 15:30:00,03/09/2025 15:30:00,1,48:00:00,"2,00",,,,,,,,,,
2025,9,01/09/2025 17:30:00,04/09/2025 08:27:00,1,62:57:00,"2,62",,,,,,,,,,
2025,9,01/09/2025 20:06:00,13/09/2025 12:25:00,1,280:19:00,"11,68",,,,,,,,,,
2025,9,02/09/2025 08:00:00,10/09/2025 08:20:00,1,192:20:00,"8,01",,,,,,,,,,
2025,9,02/09/2025 08:30:00,08/09/2025 06:53:00,1,142:23:00,"5,93",,,,,,,,,,
2025,9,02/09/2025 15:30:00,04/09/2025 07:32:00,1,40:02:00,"1,67",,,,,,,,,,
2025,9,03/09/2025 06:00:00,03/09/2025 07:15:00,1,1:15:00,"0,05",,,,,,,,,,
2025,9,03/09/2025 07:00:00,05/09/2025 00:01:00,1,41:01:00,"1,71",,,,,,,,,,
2025,9,03/09/2025 09:30:00,04/09/2025 09:10:00,1,23:40:00,"0,99",,,,,,,,,,
2025,9,03/09/2025 12:00:00,14/09/2025 02:30:00,1,254:30:00,"10,60",,,,,,,,,,
2025,9,03/09/2025 15:30:00,12/09/2025 23:20:00,1,223:50:00,"9,33",,,,,,,,,,
2025,9,03/09/2025 22:30:00,03/09/2025 22:50:00,1,0:20:00,"0,01",,,,,,,,,,
2025,9,04/09/2025 17:30:00,14/09/2025 07:25:00,1,229:55:00,"9,58",,,,,,,,,,
2025,9,04/09/2025 23:00:00,05/09/2025 00:10:00,1,1:10:00,"0,05",,,,,,,,,,
2025,9,05/09/2025 00:01:00,09/09/2025 08:45:00,1,104:44:00,"4,36",,,,,,,,,,
2025,9,05/09/2025 01:30:00,16/09/2025 05:12:00,1,267:42:00,"11,15",,,,,,,,,,
2025,9,05/09/2025 08:45:00,13/09/2025 08:50:00,1,192:05:00,"8,00",,,,,,,,,,
2025,9,05/09/2025 12:00:00,05/09/2025 13:25:00,1,1:25:00,"0,06",,,,,,,,,,
2025,9,05/09/2025 19:30:00,05/09/2025 20:30:00,1,1:00:00,"0,04",,,,,,,,,,
2025,9,05/09/2025 23:10:00,12/09/2025 12:33:00,1,157:23:00,"6,56",,,,,,,,,,
2025,9,06/09/2025 03:30:00,13/09/2025 12:15:00,1,176:45:00,"7,36",,,,,,,,,,
2025,9,06/09/2025 03:58:00,06/09/2025 06:35:00,1,2:37:00,"0,11",,,,,,,,,,
2025,9,06/09/2025 15:00:00,09/09/2025 02:15:00,1,59:15:00,"2,47",,,,,,,,,,
2025,9,06/09/2025 16:00:00,14/09/2025 05:20:00,1,181:20:00,"7,56",,,,,,,,,,
2025,9,07/09/2025 14:00:00,07/09/2025 15:45:00,1,1:45:00,"0,07",,,,,,,,,,
2025,9,07/09/2025 18:15:00,07/09/2025 19:35:00,1,1:20:00,"0,06",,,,,,,,,,
2025,9,07/09/2025 23:00:00,15/09/2025 19:20:00,1,188:20:00,"7,85",,,,,,,,,,
2025,9,08/09/2025 03:05:00,08/09/2025 04:10:00,1,1:05:00,"0,05",,,,,,,,,,
2025,9,08/09/2025 09:06:00,09/09/2025 07:29:00,1,22:23:00,"0,93",,,,,,,,,,
2025,9,08/09/2025 09:25:00,18/09/2025 09:20:00,1,239:55:00,"10,00",,,,,,,,,,
2025,9,08/09/2025 11:30:00,15/09/2025 17:40:00,1,174:10:00,"7,26",,,,,,,,,,
2025,9,08/09/2025 17:00:00,15/09/2025 04:05:00,1,155:05:00,"6,46",,,,,,,,,,
2025,9,08/09/2025 19:45:00,08/09/2025 21:00:00,1,1:15:00,"0,05",,,,,,,,,,
2025,9,08/09/2025 20:15:00,08/09/2025 21:22:00,1,1:07:00,"0,05",,,,,,,,,,
2025,9,09/09/2025 06:00:00,09/09/2025 12:15:00,1,6:15:00,"0,26",,,,,,,,,,
2025,9,09/09/2025 06:18:00,12/09/2025 06:46:00,1,72:28:00,"3,02",,,,,,,,,,
2025,9,09/09/2025 07:30:00,09/09/2025 08:45:00,1,1:15:00,"0,05",,,,,,,,,,
2025,9,09/09/2025 12:00:00,09/09/2025 12:40:00,1,0:40:00,"0,03",,,,,,,,,,
2025,9,09/09/2025 13:00:00,09/09/2025 16:01:00,1,3:01:00,"0,13",,,,,,,,,,
2025,9,09/09/2025 17:00:00,21/09/2025 01:20:00,1,272:20:00,"11,35",,,,,,,,,,
2025,9,10/09/2025 01:30:00,10/09/2025 21:37:00,1,20:07:00,"0,84",,,,,,,,,,
2025,9,10/09/2025 08:10:00,15/09/2025 22:30:00,1,134:20:00,"5,60",,,,,,,,,,
2025,9,10/09/2025 20:00:00,10/09/2025 21:15:00,1,1:15:00,"0,05",,,,,,,,,,
2025,9,11/09/2025 00:01:00,11/09/2025 01:37:00,1,1:36:00,"0,07",,,,,,,,,,
2025,9,11/09/2025 00:42:00,18/09/2025 03:05:00,1,170:23:00,"7,10",,,,,,,,,,
2025,9,11/09/2025 00:45:00,11/09/2025 02:05:00,1,1:20:00,"0,06",,,,,,,,,,
2025,9,11/09/2025 10:12:00,22/09/2025 20:25:00,1,274:13:00,"11,43",,,,,,,,,,
2025,9,11/09/2025 16:30:00,20/09/2025 15:40:00,1,215:10:00,"8,97",,,,,,,,,,
2025,9,11/09/2025 22:30:00,11/09/2025 23:40:00,1,1:10:00,"0,05",,,,,,,,,,
2025,9,12/09/2025 05:50:00,12/09/2025 06:45:00,1,0:55:00,"0,04",,,,,,,,,,
2025,9,12/09/2025 16:06:00,20/09/2025 19:40:00,1,195:34:00,"8,15",,,,,,,,,,
2025,9,13/09/2025 01:00:00,15/09/2025 05:20:00,1,52:20:00,"2,18",,,,,,,,,,
2025,9,13/09/2025 08:15:00,13/09/2025 09:55:00,1,1:40:00,"0,07",,,,,,,,,,
2025,9,13/09/2025 09:24:00,13/09/2025 20:15:00,1,10:51:00,"0,45",,,,,,,,,,
2025,9,14/09/2025 04:00:00,14/09/2025 04:50:00,1,0:50:00,"0,03",,,,,,,,,,
2025,9,14/09/2025 14:00:00,14/09/2025 17:30:00,1,3:30:00,"0,15",,,,,,,,,,
2025,9,14/09/2025 14:00:00,15/09/2025 12:50:00,1,22:50:00,"0,95",,,,,,,,,,
2025,9,14/09/2025 14:00:00,17/09/2025 04:00:00,1,62:00:00,"2,58",,,,,,,,,,
2025,9,14/09/2025 23:15:00,21/09/2025 19:55:00,1,164:40:00,"6,86",,,,,,,,,,
2025,9,15/09/2025 01:53:00,15/09/2025 02:56:00,1,1:03:00,"0,04",,,,,,,,,,
2025,9,15/09/2025 09:45:00,18/09/2025 20:59:00,1,83:14:00,"3,47",,,,,,,,,,
2025,9,15/09/2025 16:00:00,21/09/2025 01:10:00,1,129:10:00,"5,38",,,,,,,,,,
2025,9,15/09/2025 16:30:00,15/09/2025 17:45:00,1,1:15:00,"0,05",,,,,,,,,,
2025,9,16/09/2025 00:36:00,17/09/2025 22:50:00,1,46:14:00,"1,93",,,,,,,,,,
2025,9,16/09/2025 06:20:00,16/09/2025 07:35:00,1,1:15:00,"0,05",,,,,,,,,,
2025,9,16/09/2025 09:00:00,16/09/2025 22:35:00,1,13:35:00,"0,57",,,,,,,,,,
2025,9,16/09/2025 14:12:00,25/09/2025 02:25:00,1,204:13:00,"8,51",,,,,,,,,,
2025,9,16/09/2025 14:30:00,16/09/2025 15:25:00,1,0:55:00,"0,04",,,,,,,,,,
2025,9,16/09/2025 16:30:00,21/09/2025 18:40:00,1,122:10:00,"5,09",,,,,,,,,,
2025,9,17/09/2025 01:48:00,18/09/2025 13:00:00,1,35:12:00,"1,47",,,,,,,,,,
2025,9,17/09/2025 19:00:00,19/09/2025 06:02:00,1,35:02:00,"1,46",,,,,,,,,,
2025,9,17/09/2025 19:30:00,23/09/2025 22:40:00,1,147:10:00,"6,13",,,,,,,,,,
2025,9,17/09/2025 21:00:00,18/09/2025 12:45:00,1,15:45:00,"0,66",,,,,,,,,,
2025,9,17/09/2025 23:06:00,20/09/2025 15:05:00,1,63:59:00,"2,67",,,,,,,,,,
2025,9,18/09/2025 02:00:00,18/09/2025 08:38:00,1,6:38:00,"0,28",,,,,,,,,,
2025,9,18/09/2025 07:45:00,18/09/2025 16:35:00,1,8:50:00,"0,37",,,,,,,,,,
2025,9,18/09/2025 11:10:00,18/09/2025 11:40:00,1,0:30:00,"0,02",,,,,,,,,,
2025,9,18/09/2025 11:40:00,18/09/2025 13:10:00,1,1:30:00,"0,06",,,,,,,,,,
2025,9,18/09/2025 13:00:00,23/09/2025 22:20:00,1,129:20:00,"5,39",,,,,,,,,,
2025,9,18/09/2025 17:10:00,18/09/2025 17:40:00,1,0:30:00,"0,02",,,,,,,,,,
2025,9,18/09/2025 21:25:00,21/09/2025 05:25:00,1,56:00:00,"2,33",,,,,,,,,,
2025,9,19/09/2025 05:36:00,24/09/2025 17:10:00,1,131:34:00,"5,48",,,,,,,,,,
2025,9,19/09/2025 07:24:00,27/09/2025 01:26:00,1,186:02:00,"7,75",,,,,,,,,,
2025,9,19/09/2025 07:30:00,19/09/2025 08:50:00,1,1:20:00,"0,06",,,,,,,,,,
2025,9,19/09/2025 11:30:00,24/09/2025 16:40:00,1,125:10:00,"5,22",,,,,,,,,,
2025,9,19/09/2025 12:15:00,19/09/2025 13:15:00,1,1:00:00,"0,04",,,,,,,,,,
2025,9,19/09/2025 13:00:00,27/09/2025 21:45:00,1,200:45:00,"8,36",,,,,,,,,,
2025,9,19/09/2025 16:30:00,24/09/2025 09:05:00,1,112:35:00,"4,69",,,,,,,,,,
2025,9,19/09/2025 16:30:00,25/09/2025 02:37:00,1,130:07:00,"5,42",,,,,,,,,,
2025,9,20/09/2025 07:00:00,20/09/2025 10:44:00,1,3:44:00,"0,16",,,,,,,,,,
2025,9,20/09/2025 08:00:00,20/09/2025 19:00:00,1,11:00:00,"0,46",,,,,,,,,,
2025,9,20/09/2025 13:30:00,20/09/2025 15:00:00,1,1:30:00,"0,06",,,,,,,,,,
2025,9,20/09/2025 14:30:00,20/09/2025 15:25:00,1,0:55:00,"0,04",,,,,,,,,,
2025,9,21/09/2025 03:20:00,22/09/2025 19:35:00,1,40:15:00,"1,68",,,,,,,,,,
2025,9,21/09/2025 08:15:00,21/09/2025 09:14:00,1,0:59:00,"0,04",,,,,,,,,,
2025,9,21/09/2025 08:30:00,26/09/2025 21:15:00,1,132:45:00,"5,53",,,,,,,,,,
2025,9,21/09/2025 17:24:00,26/09/2025 21:37:00,1,124:13:00,"5,18",,,,,,,,,,
2025,9,22/09/2025 03:45:00,22/09/2025 04:45:00,1,1:00:00,"0,04",,,,,,,,,,
2025,9,22/09/2025 06:30:00,23/09/2025 00:45:00,1,18:15:00,"0,76",,,,,,,,,,
2025,9,22/09/2025 07:45:00,25/09/2025 22:20:00,1,86:35:00,"3,61",,,,,,,,,,
2025,9,22/09/2025 10:24:00,27/09/2025 17:07:00,1,126:43:00,"5,28",,,,,,,,,,
2025,9,22/09/2025 13:40:00,24/09/2025 15:50:00,1,50:10:00,"2,09",,,,,,,,,,
2025,9,23/09/2025 06:00:00,23/09/2025 06:58:00,1,0:58:00,"0,04",,,,,,,,,,
2025,9,23/09/2025 22:56:00,24/09/2025 00:01:00,1,1:05:00,"0,05",,,,,,,,,,
2025,9,24/09/2025 14:30:00,24/09/2025 15:28:00,1,0:58:00,"0,04",,,,,,,,,,
2025,9,24/09/2025 20:00:00,24/09/2025 21:00:00,1,1:00:00,"0,04",,,,,,,,,,
2025,9,25/09/2025 22:55:00,26/09/2025 00:01:00,1,1:06:00,"0,05",,,,,,,,,,
2025,9,26/09/2025 11:30:00,26/09/2025 12:25:00,1,0:55:00,"0,04",,,,,,,,,,
2025,9,27/09/2025 06:00:00,27/09/2025 07:19:00,1,1:19:00,"0,05",,,,,,,,,,
2025,9,27/09/2025 11:00:00,27/09/2025 13:15:00,1,2:15:00,"0,09",,,,,,,,,,
2025,9,28/09/2025 02:04:00,28/09/2025 02:45:00,1,0:41:00,"0,03",,,,,,,,,,
2025,9,28/09/2025 17:30:00,28/09/2025 18:50:00,1,1:20:00,"0,06",,,,,,,,,,
2025,9,29/09/2025 09:00:00,29/09/2025 09:55:00,1,0:55:00,"0,04",,,,,,,,,,
2025,10,09/09/2025 15:00:00,30/09/2025 21:40:00,1,510:40:00,"21,28",,,,,,,,,,
2025,10,10/09/2025 13:48:00,30/09/2025 01:15:00,1,467:27:00,"19,48",,,,,,,,,,
2025,10,12/09/2025 10:00:00,29/09/2025 22:10:00,1,420:10:00,"17,51",,,,,,,,,,
2025,10,14/09/2025 02:00:00,22/09/2025 23:24:00,1,213:24:00,"8,89",,,,,,,,,,
2025,10,14/09/2025 08:12:00,01/10/2025 14:00:00,1,413:48:00,"17,24",,,,,,,,,,
2025,10,15/09/2025 22:00:00,01/10/2025 09:35:00,1,371:35:00,"15,48",,,,,,,,,,
2025,10,16/09/2025 00:54:00,29/09/2025 06:23:00,1,317:29:00,"13,23",,,,,,,,,,
2025,10,16/09/2025 05:20:00,22/09/2025 03:15:00,1,141:55:00,"5,91",,,,,,,,,,
2025,10,16/09/2025 13:36:00,29/09/2025 20:45:00,1,319:09:00,"13,30",,,,,,,,,,
2025,10,18/09/2025 11:50:00,16/10/2025 20:55:00,1,681:05:00,"28,38",,,,,,,,,,
2025,10,19/09/2025 15:48:00,20/09/2025 19:50:00,1,28:02:00,"1,17",,,,,,,,,,
2025,10,19/09/2025 15:48:00,18/10/2025 04:00:00,1,684:12:00,"28,51",,,,,,,,,,
2025,10,19/09/2025 18:00:00,12/10/2025 19:35:00,1,553:35:00,"23,07",,,,,,,,,,
2025,10,20/09/2025 00:01:00,02/10/2025 21:37:00,1,309:36:00,"12,90",,,,,,,,,,
2025,10,20/09/2025 18:00:00,20/09/2025 18:50:00,1,0:50:00,"0,03",,,,,,,,,,
2025,10,21/09/2025 06:00:00,30/09/2025 15:45:00,1,225:45:00,"9,41",,,,,,,,,,
2025,10,21/09/2025 16:00:00,11/10/2025 20:20:00,1,484:20:00,"20,18",,,,,,,,,,
2025,10,22/09/2025 07:30:00,14/10/2025 15:40:00,1,536:10:00,"22,34",,,,,,,,,,
2025,10,22/09/2025 10:00:00,05/10/2025 18:03:00,1,320:03:00,"13,34",,,,,,,,,,
2025,10,22/09/2025 17:00:00,04/10/2025 14:56:00,1,285:56:00,"11,91",,,,,,,,,,
2025,10,23/09/2025 10:00:00,23/09/2025 21:15:00,1,11:15:00,"0,47",,,,,,,,,,
2025,10,23/09/2025 14:15:00,28/09/2025 23:25:00,1,129:10:00,"5,38",,,,,,,,,,
2025,10,24/09/2025 20:06:00,30/09/2025 15:30:00,1,139:24:00,"5,81",,,,,,,,,,
2025,10,25/09/2025 18:30:00,02/10/2025 12:40:00,1,162:10:00,"6,76",,,,,,,,,,
2025,10,26/09/2025 08:00:00,14/10/2025 20:20:00,1,444:20:00,"18,51",,,,,,,,,,
2025,10,26/09/2025 12:00:00,26/09/2025 16:45:00,1,4:45:00,"0,20",,,,,,,,,,
2025,10,26/09/2025 14:24:00,05/10/2025 05:20:00,1,206:56:00,"8,62",,,,,,,,,,
2025,10,27/09/2025 12:30:00,02/10/2025 18:30:00,1,126:00:00,"5,25",,,,,,,,,,
2025,10,27/09/2025 14:24:00,03/10/2025 21:26:00,1,151:02:00,"6,29",,,,,,,,,,
2025,10,27/09/2025 19:00:00,12/10/2025 02:15:00,1,343:15:00,"14,30",,,,,,,,,,
2025,10,28/09/2025 00:06:00,30/09/2025 00:10:00,1,48:04:00,"2,00",,,,,,,,,,
2025,10,28/09/2025 03:20:00,01/10/2025 18:05:00,1,86:45:00,"3,61",,,,,,,,,,
2025,10,28/09/2025 04:45:00,06/10/2025 19:25:00,1,206:40:00,"8,61",,,,,,,,,,
2025,10,28/09/2025 09:30:00,28/09/2025 11:15:00,1,1:45:00,"0,07",,,,,,,,,,
2025,10,28/09/2025 14:54:00,04/10/2025 20:40:00,1,149:46:00,"6,24",,,,,,,,,,
2025,10,28/09/2025 19:30:00,28/09/2025 20:30:00,1,1:00:00,"0,04",,,,,,,,,,
2025,10,29/09/2025 04:48:00,04/10/2025 09:35:00,1,124:47:00,"5,20",,,,,,,,,,
2025,10,29/09/2025 05:45:00,30/09/2025 21:43:00,1,39:58:00,"1,67",,,,,,,,,,
2025,10,29/09/2025 06:00:00,02/10/2025 05:00:00,1,71:00:00,"2,96",,,,,,,,,,
2025,10,29/09/2025 06:00:00,06/10/2025 19:20:00,1,181:20:00,"7,56",,,,,,,,,,
2025,10,29/09/2025 12:30:00,30/09/2025 22:30:00,1,34:00:00,"1,42",,,,,,,,,,
2025,10,29/09/2025 13:00:00,29/09/2025 14:15:00,1,1:15:00,"0,05",,,,,,,,,,
2025,10,29/09/2025 14:00:00,03/10/2025 01:05:00,1,83:05:00,"3,46",,,,,,,,,,
2025,10,29/09/2025 15:30:00,30/09/2025 14:15:00,1,22:45:00,"0,95",,,,,,,,,,
2025,10,29/09/2025 15:48:00,02/10/2025 18:27:00,1,74:39:00,"3,11",,,,,,,,,,
2025,10,29/09/2025 15:50:00,02/10/2025 18:54:00,1,75:04:00,"3,13",,,,,,,,,,
2025,10,29/09/2025 18:30:00,29/09/2025 19:50:00,1,1:20:00,"0,06",,,,,,,,,,
2025,10,30/09/2025 06:24:00,05/10/2025 20:05:00,1,133:41:00,"5,57",,,,,,,,,,
2025,10,30/09/2025 10:30:00,03/10/2025 16:00:00,1,77:30:00,"3,23",,,,,,,,,,
2025,10,30/09/2025 14:00:00,30/09/2025 14:50:00,1,0:50:00,"0,03",,,,,,,,,,
2025,10,30/09/2025 14:12:00,12/10/2025 20:40:00,1,294:28:00,"12,27",,,,,,,,,,
2025,10,30/09/2025 15:36:00,03/10/2025 09:40:00,1,66:04:00,"2,75",,,,,,,,,,
2025,10,30/09/2025 16:55:00,11/10/2025 20:35:00,1,267:40:00,"11,15",,,,,,,,,,
2025,10,30/09/2025 20:00:00,04/10/2025 05:00:00,1,81:00:00,"3,38",,,,,,,,,,
2025,10,01/10/2025 03:30:00,03/10/2025 20:10:00,1,64:40:00,"2,69",,,,,,,,,,
2025,10,01/10/2025 06:00:00,06/10/2025 03:25:00,1,117:25:00,"4,89",,,,,,,,,,
2025,10,01/10/2025 07:00:00,06/10/2025 15:50:00,1,128:50:00,"5,37",,,,,,,,,,
2025,10,01/10/2025 07:55:00,01/10/2025 08:40:00,1,0:45:00,"0,03",,,,,,,,,,
2025,10,01/10/2025 08:00:00,01/10/2025 09:20:00,1,1:20:00,"0,06",,,,,,,,,,
2025,10,01/10/2025 20:00:00,01/10/2025 20:53:00,1,0:53:00,"0,04",,,,,,,,,,
2025,10,02/10/2025 07:00:00,05/10/2025 23:53:00,1,88:53:00,"3,70",,,,,,,,,,
2025,10,02/10/2025 08:00:00,07/10/2025 09:15:00,1,121:15:00,"5,05",,,,,,,,,,
2025,10,02/10/2025 08:00:00,15/10/2025 06:10:00,1,310:10:00,"12,92",,,,,,,,,,
2025,10,02/10/2025 09:00:00,08/10/2025 02:10:00,1,137:10:00,"5,72",,,,,,,,,,
2025,10,02/10/2025 09:30:00,11/10/2025 05:00:00,1,211:30:00,"8,81",,,,,,,,,,
2025,10,02/10/2025 14:00:00,07/10/2025 08:25:00,1,114:25:00,"4,77",,,,,,,,,,
2025,10,02/10/2025 18:00:00,05/10/2025 18:21:00,1,72:21:00,"3,01",,,,,,,,,,
2025,10,03/10/2025 01:18:00,11/10/2025 22:30:00,1,213:12:00,"8,88",,,,,,,,,,
2025,10,03/10/2025 02:10:00,03/10/2025 19:50:00,1,17:40:00,"0,74",,,,,,,,,,
2025,10,03/10/2025 05:54:00,04/10/2025 08:46:00,1,26:52:00,"1,12",,,,,,,,,,
2025,10,03/10/2025 09:00:00,04/10/2025 15:50:00,1,30:50:00,"1,28",,,,,,,,,,
2025,10,03/10/2025 15:00:00,06/10/2025 11:15:00,1,68:15:00,"2,84",,,,,,,,,,
2025,10,03/10/2025 21:45:00,24/10/2025 13:45:00,1,496:00:00,"20,67",,,,,,,,,,
2025,10,03/10/2025 22:12:00,18/10/2025 04:15:00,1,342:03:00,"14,25",,,,,,,,,,
2025,10,04/10/2025 05:45:00,04/10/2025 20:45:00,1,15:00:00,"0,63",,,,,,,,,,
2025,10,04/10/2025 06:30:00,06/10/2025 19:35:00,1,61:05:00,"2,55",,,,,,,,,,
2025,10,04/10/2025 13:30:00,04/10/2025 14:15:00,1,0:45:00,"0,03",,,,,,,,,,
2025,10,04/10/2025 14:05:00,04/10/2025 15:10:00,1,1:05:00,"0,05",,,,,,,,,,
2025,10,04/10/2025 15:00:00,07/10/2025 13:22:00,1,70:22:00,"2,93",,,,,,,,,,
2025,10,05/10/2025 00:30:00,06/10/2025 16:20:00,1,39:50:00,"1,66",,,,,,,,,,
2025,10,05/10/2025 00:30:00,14/10/2025 14:45:00,1,230:15:00,"9,59",,,,,,,,,,
2025,10,05/10/2025 05:00:00,12/10/2025 02:40:00,1,165:40:00,"6,90",,,,,,,,,,
2025,10,05/10/2025 12:00:00,07/10/2025 09:45:00,1,45:45:00,"1,91",,,,,,,,,,
2025,10,05/10/2025 12:12:00,17/10/2025 07:40:00,1,283:28:00,"11,81",,,,,,,,,,
2025,10,05/10/2025 14:40:00,05/10/2025 15:30:00,1,0:50:00,"0,03",,,,,,,,,,
2025,10,05/10/2025 15:00:00,11/10/2025 11:45:00,1,140:45:00,"5,86",,,,,,,,,,
2025,10,05/10/2025 17:18:00,17/10/2025 06:49:00,1,277:31:00,"11,56",,,,,,,,,,
2025,10,06/10/2025 06:00:00,11/10/2025 11:32:00,1,125:32:00,"5,23",,,,,,,,,,
2025,10,06/10/2025 06:45:00,06/10/2025 22:30:00,1,15:45:00,"0,66",,,,,,,,,,
2025,10,06/10/2025 09:30:00,12/10/2025 09:35:00,1,144:05:00,"6,00",,,,,,,,,,
2025,10,06/10/2025 14:24:00,10/10/2025 15:20:00,1,96:56:00,"4,04",,,,,,,,,,
2025,10,06/10/2025 15:00:00,06/10/2025 16:10:00,1,1:10:00,"0,05",,,,,,,,,,
2025,10,06/10/2025 15:00:00,15/10/2025 10:55:00,1,211:55:00,"8,83",,,,,,,,,,
2025,10,06/10/2025 17:00:00,06/10/2025 20:50:00,1,3:50:00,"0,16",,,,,,,,,,
2025,10,07/10/2025 05:06:00,22/10/2025 04:45:00,1,359:39:00,"14,99",,,,,,,,,,
2025,10,07/10/2025 11:36:00,08/10/2025 23:55:00,1,36:19:00,"1,51",,,,,,,,,,
2025,10,07/10/2025 15:00:00,27/10/2025 20:40:00,1,485:40:00,"20,24",,,,,,,,,,
2025,10,08/10/2025 19:57:00,08/10/2025 20:41:00,1,0:44:00,"0,03",,,,,,,,,,
2025,10,08/10/2025 20:54:00,13/10/2025 17:48:00,1,116:54:00,"4,87",,,,,,,,,,
2025,10,08/10/2025 22:00:00,22/10/2025 21:35:00,1,335:35:00,"13,98",,,,,,,,,,
2025,10,09/10/2025 16:00:00,09/10/2025 17:30:00,1,1:30:00,"0,06",,,,,,,,,,
2025,10,09/10/2025 19:29:00,09/10/2025 20:45:00,1,1:16:00,"0,05",,,,,,,,,,
2025,10,09/10/2025 21:18:00,15/10/2025 16:20:00,1,139:02:00,"5,79",,,,,,,,,,
2025,10,10/10/2025 08:30:00,10/10/2025 18:35:00,1,10:05:00,"0,42",,,,,,,,,,
2025,10,10/10/2025 13:30:00,14/10/2025 20:25:00,1,102:55:00,"4,29",,,,,,,,,,
2025,10,10/10/2025 20:25:00,14/10/2025 00:25:00,1,76:00:00,"3,17",,,,,,,,,,
2025,10,11/10/2025 00:27:00,11/10/2025 01:25:00,1,0:58:00,"0,04",,,,,,,,,,
2025,10,11/10/2025 01:00:00,17/10/2025 22:05:00,1,165:05:00,"6,88",,,,,,,,,,
2025,10,11/10/2025 08:00:00,17/10/2025 16:54:00,1,152:54:00,"6,37",,,,,,,,,,
2025,10,11/10/2025 12:28:00,11/10/2025 13:12:00,1,0:44:00,"0,03",,,,,,,,,,
2025,10,11/10/2025 14:15:00,11/10/2025 14:40:00,1,0:25:00,"0,02",,,,,,,,,,
2025,10,11/10/2025 14:35:00,11/10/2025 19:35:00,1,5:00:00,"0,21",,,,,,,,,,
2025,10,11/10/2025 18:54:00,12/10/2025 15:15:00,1,20:21:00,"0,85",,,,,,,,,,
2025,10,12/10/2025 01:18:00,13/10/2025 08:10:00,1,30:52:00,"1,29",,,,,,,,,,
2025,10,12/10/2025 05:24:00,15/10/2025 10:45:00,1,77:21:00,"3,22",,,,,,,,,,
2025,10,12/10/2025 10:18:00,21/10/2025 04:50:00,1,210:32:00,"8,77",,,,,,,,,,
2025,10,12/10/2025 11:50:00,17/10/2025 23:05:00,1,131:15:00,"5,47",,,,,,,,,,
2025,10,12/10/2025 22:52:00,13/10/2025 00:35:00,1,1:43:00,"0,07",,,,,,,,,,
2025,10,13/10/2025 08:45:00,13/10/2025 10:05:00,1,1:20:00,"0,06",,,,,,,,,,
2025,10,13/10/2025 14:00:00,17/10/2025 16:40:00,1,98:40:00,"4,11",,,,,,,,,,
2025,10,13/10/2025 16:30:00,17/10/2025 06:45:00,1,86:15:00,"3,59",,,,,,,,,,
2025,10,13/10/2025 23:30:00,20/10/2025 20:35:00,1,165:05:00,"6,88",,,,,,,,,,
2025,10,14/10/2025 00:12:00,14/10/2025 19:45:00,1,19:33:00,"0,81",,,,,,,,,,
2025,10,14/10/2025 11:30:00,14/10/2025 14:30:00,1,3:00:00,"0,13",,,,,,,,,,
2025,10,14/10/2025 13:18:00,18/10/2025 12:39:00,1,95:21:00,"3,97",,,,,,,,,,
2025,10,14/10/2025 16:00:00,17/10/2025 00:55:00,1,56:55:00,"2,37",,,,,,,,,,
2025,10,15/10/2025 05:00:00,15/10/2025 17:50:00,1,12:50:00,"0,53",,,,,,,,,,
2025,10,15/10/2025 06:00:00,20/10/2025 02:20:00,1,116:20:00,"4,85",,,,,,,,,,
2025,10,15/10/2025 08:00:00,22/10/2025 13:35:00,1,173:35:00,"7,23",,,,,,,,,,
2025,10,15/10/2025 09:00:00,15/10/2025 11:55:00,1,2:55:00,"0,12",,,,,,,,,,
2025,10,15/10/2025 14:00:00,15/10/2025 14:30:00,1,0:30:00,"0,02",,,,,,,,,,
2025,10,15/10/2025 23:30:00,25/10/2025 19:40:00,1,236:10:00,"9,84",,,,,,,,,,
2025,10,16/10/2025 12:30:00,19/10/2025 08:50:00,1,68:20:00,"2,85",,,,,,,,,,
2025,10,16/10/2025 15:00:00,23/10/2025 04:33:00,1,157:33:00,"6,56",,,,,,,,,,
2025,10,16/10/2025 15:30:00,21/10/2025 22:40:00,1,127:10:00,"5,30",,,,,,,,,,
2025,10,16/10/2025 16:55:00,16/10/2025 17:10:00,1,0:15:00,"0,01",,,,,,,,,,
2025,10,16/10/2025 19:30:00,16/10/2025 20:29:00,1,0:59:00,"0,04",,,,,,,,,,
2025,10,16/10/2025 19:30:00,16/10/2025 20:40:00,1,1:10:00,"0,05",,,,,,,,,,
2025,10,16/10/2025 20:12:00,21/10/2025 15:56:00,1,115:44:00,"4,82",,,,,,,,,,
2025,10,16/10/2025 20:36:00,17/10/2025 01:23:00,1,4:47:00,"0,20",,,,,,,,,,
2025,10,16/10/2025 23:00:00,17/10/2025 00:35:00,1,1:35:00,"0,07",,,,,,,,,,
2025,10,17/10/2025 00:30:00,19/10/2025 18:05:00,1,65:35:00,"2,73",,,,,,,,,,
2025,10,17/10/2025 02:18:00,25/10/2025 14:10:00,1,203:52:00,"8,49",,,,,,,,,,
2025,10,17/10/2025 11:18:00,24/10/2025 21:39:00,1,178:21:00,"7,43",,,,,,,,,,
2025,10,17/10/2025 12:40:00,17/10/2025 21:34:00,1,8:54:00,"0,37",,,,,,,,,,
2025,10,17/10/2025 15:00:00,17/10/2025 16:17:00,1,1:17:00,"0,05",,,,,,,,,,
2025,10,17/10/2025 18:18:00,24/10/2025 13:30:00,1,163:12:00,"6,80",,,,,,,,,,
2025,10,17/10/2025 20:00:00,20/10/2025 06:20:00,1,58:20:00,"2,43",,,,,,,,,,
2025,10,18/10/2025 03:06:00,23/10/2025 13:36:00,1,130:30:00,"5,44",,,,,,,,,,
2025,10,18/10/2025 04:35:00,22/10/2025 03:40:00,1,95:05:00,"3,96",,,,,,,,,,
2025,10,18/10/2025 07:00:00,18/10/2025 09:15:00,1,2:15:00,"0,09",,,,,,,,,,
2025,10,18/10/2025 09:42:00,21/10/2025 07:40:00,1,69:58:00,"2,92",,,,,,,,,,
2025,10,18/10/2025 14:30:00,25/10/2025 08:55:00,1,162:25:00,"6,77",,,,,,,,,,
2025,10,18/10/2025 17:00:00,18/10/2025 18:45:00,1,1:45:00,"0,07",,,,,,,,,,
2025,10,18/10/2025 17:30:00,23/10/2025 04:45:00,1,107:15:00,"4,47",,,,,,,,,,
2025,10,18/10/2025 20:42:00,22/10/2025 12:42:00,1,88:00:00,"3,67",,,,,,,,,,
2025,10,19/10/2025 12:00:00,19/10/2025 13:05:00,1,1:05:00,"0,05",,,,,,,,,,
2025,10,19/10/2025 13:00:00,19/10/2025 14:15:00,1,1:15:00,"0,05",,,,,,,,,,
2025,10,19/10/2025 14:00:00,24/10/2025 18:10:00,1,124:10:00,"5,17",,,,,,,,,,
2025,10,19/10/2025 16:36:00,25/10/2025 15:10:00,1,142:34:00,"5,94",,,,,,,,,,
2025,10,19/10/2025 17:00:00,19/10/2025 18:00:00,1,1:00:00,"0,04",,,,,,,,,,
2025,10,19/10/2025 20:06:00,21/10/2025 04:15:00,1,32:09:00,"1,34",,,,,,,,,,
2025,10,20/10/2025 01:25:00,25/10/2025 19:20:00,1,137:55:00,"5,75",,,,,,,,,,
2025,10,20/10/2025 06:00:00,20/10/2025 06:53:00,1,0:53:00,"0,04",,,,,,,,,,
2025,10,20/10/2025 20:50:00,22/10/2025 08:55:00,1,36:05:00,"1,50",,,,,,,,,,
2025,10,21/10/2025 01:18:00,24/10/2025 02:00:00,1,72:42:00,"3,03",,,,,,,,,,
2025,10,21/10/2025 10:10:00,21/10/2025 11:15:00,1,1:05:00,"0,05",,,,,,,,,,
2025,10,21/10/2025 15:00:00,21/10/2025 16:24:00,1,1:24:00,"0,06",,,,,,,,,,
2025,10,21/10/2025 17:54:00,23/10/2025 21:55:00,1,52:01:00,"2,17",,,,,,,,,,
2025,10,21/10/2025 19:10:00,21/10/2025 19:40:00,1,0:30:00,"0,02",,,,,,,,,,
2025,10,21/10/2025 19:45:00,25/10/2025 01:15:00,1,77:30:00,"3,23",,,,,,,,,,
2025,10,21/10/2025 21:00:00,25/10/2025 14:40:00,1,89:40:00,"3,74",,,,,,,,,,
2025,10,21/10/2025 23:30:00,27/10/2025 18:50:00,1,139:20:00,"5,81",,,,,,,,,,
2025,10,22/10/2025 02:40:00,25/10/2025 07:25:00,1,76:45:00,"3,20",,,,,,,,,,
2025,10,22/10/2025 02:45:00,22/10/2025 03:40:00,1,0:55:00,"0,04",,,,,,,,,,
2025,10,22/10/2025 08:00:00,22/10/2025 08:47:00,1,0:47:00,"0,03",,,,,,,,,,
2025,10,23/10/2025 03:30:00,23/10/2025 04:25:00,1,0:55:00,"0,04",,,,,,,,,,
2025,10,23/10/2025 15:40:00,27/10/2025 19:55:00,1,100:15:00,"4,18",,,,,,,,,,
2025,10,23/10/2025 20:40:00,23/10/2025 21:15:00,1,0:35:00,"0,02",,,,,,,,,,
2025,10,24/10/2025 00:44:00,24/10/2025 01:20:00,1,0:36:00,"0,03",,,,,,,,,,
2025,10,24/10/2025 19:41:00,24/10/2025 20:20:00,1,0:39:00,"0,03",,,,,,,,,,
2025,10,24/10/2025 20:54:00,24/10/2025 22:00:00,1,1:06:00,"0,05",,,,,,,,,,
2025,10,25/10/2025 04:36:00,26/10/2025 10:45:00,1,30:09:00,"1,26",,,,,,,,,,
2025,10,25/10/2025 14:00:00,29/10/2025 01:58:00,1,83:58:00,"3,50",,,,,,,,,,
2025,10,25/10/2025 16:00:00,25/10/2025 18:28:00,1,2:28:00,"0,10",,,,,,,,,,
2025,10,25/10/2025 16:00:00,25/10/2025 18:40:00,1,2:40:00,"0,11",,,,,,,,,,
2025,10,25/10/2025 18:50:00,25/10/2025 19:49:00,1,0:59:00,"0,04",,,,,,,,,,
2025,10,27/10/2025 12:00:00,27/10/2025 15:12:00,1,3:12:00,"0,13",,,,,,,,,,
2025,10,27/10/2025 14:30:00,28/10/2025 00:55:00,1,10:25:00,"0,43",,,,,,,,,,
2025,10,27/10/2025 14:42:00,28/10/2025 20:30:00,1,29:48:00,"1,24",,,,,,,,,,
2025,10,29/10/2025 13:00:00,29/10/2025 14:25:00,1,1:25:00,"0,06",,,,,,,,,,
2025,10,29/10/2025 17:42:00,30/10/2025 19:05:00,1,25:23:00,"1,06",,,,,,,,,,
2025,11,05/10/2025 07:00:00,22/10/2025 09:10:00,1,410:10:00,"17,09",,,,,,,,,,
2025,11,06/10/2025 00:42:00,27/10/2025 18:45:00,1,522:03:00,"21,75",,,,,,,,,,
2025,11,08/10/2025 09:30:00,26/10/2025 11:20:00,1,433:50:00,"18,08",,,,,,,,,,
2025,11,10/10/2025 08:00:00,26/10/2025 01:15:00,1,377:15:00,"15,72",,,,,,,,,,
2025,11,16/10/2025 09:00:00,16/10/2025 15:50:00,1,6:50:00,"0,28",,,,,,,,,,
2025,11,18/10/2025 15:30:00,01/11/2025 22:40:00,1,343:10:00,"14,30",,,,,,,,,,
2025,11,20/10/2025 01:00:00,01/11/2025 15:50:00,1,302:50:00,"12,62",,,,,,,,,,
2025,11,20/10/2025 11:12:00,29/10/2025 20:45:00,1,225:33:00,"9,40",,,,,,,,,,
2025,11,20/10/2025 21:48:00,02/11/2025 19:25:00,1,309:37:00,"12,90",,,,,,,,,,
2025,11,21/10/2025 16:00:00,28/10/2025 06:15:00,1,158:15:00,"6,59",,,,,,,,,,
2025,11,21/10/2025 20:24:00,30/10/2025 20:45:00,1,216:21:00,"9,01",,,,,,,,,,
2025,11,23/10/2025 00:01:00,04/11/2025 11:35:00,1,299:34:00,"12,48",,,,,,,,,,
2025,11,23/10/2025 08:30:00,15/11/2025 14:00:00,1,557:30:00,"23,23",,,,,,,,,,
2025,11,24/10/2025 05:00:00,31/10/2025 00:25:00,1,163:25:00,"6,81",,,,,,,,,,
2025,11,24/10/2025 11:30:00,01/11/2025 17:30:00,1,198:00:00,"8,25",,,,,,,,,,
2025,11,24/10/2025 13:00:00,07/11/2025 23:30:00,1,346:30:00,"14,44",,,,,,,,,,
2025,11,24/10/2025 17:30:00,05/11/2025 02:25:00,1,272:55:00,"11,37",,,,,,,,,,
2025,11,24/10/2025 23:42:00,04/11/2025 06:14:00,1,246:32:00,"10,27",,,,,,,,,,
2025,11,25/10/2025 02:48:00,08/11/2025 08:30:00,1,341:42:00,"14,24",,,,,,,,,,
2025,11,25/10/2025 09:24:00,04/11/2025 02:00:00,1,232:36:00,"9,69",,,,,,,,,,
2025,11,25/10/2025 09:30:00,29/10/2025 06:28:00,1,92:58:00,"3,87",,,,,,,,,,
2025,11,25/10/2025 18:12:00,03/11/2025 07:20:00,1,205:08:00,"8,55",,,,,,,,,,
2025,11,26/10/2025 00:30:00,05/11/2025 02:35:00,1,242:05:00,"10,09",,,,,,,,,,
2025,11,26/10/2025 05:00:00,29/10/2025 14:40:00,1,81:40:00,"3,40",,,,,,,,,,
2025,11,26/10/2025 11:48:00,29/10/2025 02:25:00,1,62:37:00,"2,61",,,,,,,,,,
2025,11,26/10/2025 18:00:00,01/11/2025 13:20:00,1,139:20:00,"5,81",,,,,,,,,,
2025,11,26/10/2025 23:48:00,29/10/2025 14:20:00,1,62:32:00,"2,61",,,,,,,,,,
2025,11,27/10/2025 04:24:00,03/11/2025 20:00:00,1,183:36:00,"7,65",,,,,,,,,,
2025,11,27/10/2025 06:50:00,01/11/2025 08:30:00,1,121:40:00,"5,07",,,,,,,,,,
2025,11,27/10/2025 09:30:00,02/11/2025 04:55:00,1,139:25:00,"5,81",,,,,,,,,,
2025,11,27/10/2025 12:00:00,28/10/2025 10:30:00,1,22:30:00,"0,94",,,,,,,,,,
2025,11,27/10/2025 14:00:00,27/10/2025 15:05:00,1,1:05:00,"0,05",,,,,,,,,,
2025,11,27/10/2025 14:20:00,29/10/2025 06:15:00,1,39:55:00,"1,66",,,,,,,,,,
2025,11,27/10/2025 15:00:00,08/11/2025 08:00:00,1,281:00:00,"11,71",,,,,,,,,,
2025,11,27/10/2025 23:50:00,12/11/2025 04:35:00,1,364:45:00,"15,20",,,,,,,,,,
2025,11,28/10/2025 01:54:00,29/10/2025 01:40:00,1,23:46:00,"0,99",,,,,,,,,,
2025,11,28/10/2025 02:18:00,01/11/2025 13:10:00,1,106:52:00,"4,45",,,,,,,,,,
2025,11,28/10/2025 17:00:00,01/11/2025 22:20:00,1,101:20:00,"4,22",,,,,,,,,,
2025,11,28/10/2025 17:30:00,07/11/2025 06:30:00,1,229:00:00,"9,54",,,,,,,,,,
2025,11,28/10/2025 19:42:00,30/10/2025 20:30:00,1,48:48:00,"2,03",,,,,,,,,,
2025,11,29/10/2025 12:30:00,29/10/2025 22:00:00,1,9:30:00,"0,40",,,,,,,,,,
2025,11,29/10/2025 13:42:00,05/11/2025 12:40:00,1,166:58:00,"6,96",,,,,,,,,,
2025,11,29/10/2025 14:45:00,06/11/2025 13:00:00,1,190:15:00,"7,93",,,,,,,,,,
2025,11,29/10/2025 14:50:00,03/11/2025 12:00:00,1,117:10:00,"4,88",,,,,,,,,,
2025,11,29/10/2025 15:48:00,10/11/2025 22:25:00,1,294:37:00,"12,28",,,,,,,,,,
2025,11,29/10/2025 16:30:00,29/10/2025 17:20:00,1,0:50:00,"0,03",,,,,,,,,,
2025,11,29/10/2025 19:24:00,05/11/2025 20:16:00,1,168:52:00,"7,04",,,,,,,,,,
2025,11,29/10/2025 20:36:00,04/11/2025 22:20:00,1,145:44:00,"6,07",,,,,,,,,,
2025,11,30/10/2025 04:30:00,13/11/2025 07:30:00,1,339:00:00,"14,13",,,,,,,,,,
2025,11,30/10/2025 06:00:00,05/11/2025 21:03:00,1,159:03:00,"6,63",,,,,,,,,,
2025,11,30/10/2025 07:00:00,02/11/2025 05:55:00,1,70:55:00,"2,95",,,,,,,,,,
2025,11,30/10/2025 07:00:00,13/11/2025 14:25:00,1,343:25:00,"14,31",,,,,,,,,,
2025,11,30/10/2025 08:00:00,30/10/2025 18:40:00,1,10:40:00,"0,44",,,,,,,,,,
2025,11,30/10/2025 13:30:00,13/11/2025 06:55:00,1,329:25:00,"13,73",,,,,,,,,,
2025,11,30/10/2025 16:30:00,18/11/2025 21:14:00,1,460:44:00,"19,20",,,,,,,,,,
2025,11,30/10/2025 20:12:00,09/11/2025 10:05:00,1,229:53:00,"9,58",,,,,,,,,,
2025,11,31/10/2025 02:55:00,15/11/2025 03:20:00,1,360:25:00,"15,02",,,,,,,,,,
2025,11,31/10/2025 06:00:00,12/11/2025 04:57:00,1,286:57:00,"11,96",,,,,,,,,,
2025,11,31/10/2025 08:00:00,31/10/2025 09:05:00,1,1:05:00,"0,05",,,,,,,,,,
2025,11,31/10/2025 12:00:00,05/11/2025 20:55:00,1,128:55:00,"5,37",,,,,,,,,,
2025,11,31/10/2025 20:00:00,31/10/2025 23:00:00,1,3:00:00,"0,13",,,,,,,,,,
2025,11,01/11/2025 04:00:00,08/11/2025 00:20:00,1,164:20:00,"6,85",,,,,,,,,,
2025,11,01/11/2025 08:00:00,09/11/2025 09:55:00,1,193:55:00,"8,08",,,,,,,,,,
2025,11,01/11/2025 12:45:00,09/11/2025 09:26:00,1,188:41:00,"7,86",,,,,,,,,,
2025,11,01/11/2025 14:08:00,01/11/2025 14:40:00,1,0:32:00,"0,02",,,,,,,,,,
2025,11,01/11/2025 22:40:00,06/11/2025 15:55:00,1,113:15:00,"4,72",,,,,,,,,,
2025,11,02/11/2025 07:00:00,12/11/2025 18:25:00,1,251:25:00,"10,48",,,,,,,,,,
2025,11,02/11/2025 14:30:00,16/11/2025 05:50:00,1,327:20:00,"13,64",,,,,,,,,,
2025,11,02/11/2025 17:00:00,02/11/2025 19:30:00,1,2:30:00,"0,10",,,,,,,,,,
2025,11,02/11/2025 18:00:00,24/11/2025 04:54:00,1,514:54:00,"21,45",,,,,,,,,,
2025,11,03/11/2025 01:12:00,05/11/2025 06:18:00,1,53:06:00,"2,21",,,,,,,,,,
2025,11,03/11/2025 02:00:00,08/11/2025 08:48:00,1,126:48:00,"5,28",,,,,,,,,,
2025,11,03/11/2025 05:30:00,05/11/2025 07:45:00,1,50:15:00,"2,09",,,,,,,,,,
2025,11,03/11/2025 05:48:00,10/11/2025 07:10:00,1,169:22:00,"7,06",,,,,,,,,,
2025,11,03/11/2025 06:36:00,03/11/2025 16:20:00,1,9:44:00,"0,41",,,,,,,,,,
2025,11,03/11/2025 06:40:00,14/11/2025 21:59:00,1,279:19:00,"11,64",,,,,,,,,,
2025,11,03/11/2025 19:00:00,03/11/2025 20:45:00,1,1:45:00,"0,07",,,,,,,,,,
2025,11,03/11/2025 21:42:00,12/11/2025 17:50:00,1,212:08:00,"8,84",,,,,,,,,,
2025,11,04/11/2025 00:00:00,04/11/2025 01:15:00,1,1:15:00,"0,05",,,,,,,,,,
2025,11,04/11/2025 00:30:00,14/11/2025 06:20:00,1,245:50:00,"10,24",,,,,,,,,,
2025,11,04/11/2025 20:30:00,04/11/2025 21:25:00,1,0:55:00,"0,04",,,,,,,,,,
2025,11,04/11/2025 21:00:00,04/11/2025 21:50:00,1,0:50:00,"0,03",,,,,,,,,,
2025,11,04/11/2025 22:00:00,04/11/2025 23:15:00,1,1:15:00,"0,05",,,,,,,,,,
2025,11,04/11/2025 22:30:00,05/11/2025 01:58:00,1,3:28:00,"0,14",,,,,,,,,,
2025,11,04/11/2025 23:24:00,07/11/2025 01:10:00,1,49:46:00,"2,07",,,,,,,,,,
2025,11,05/11/2025 01:12:00,07/11/2025 18:00:00,1,64:48:00,"2,70",,,,,,,,,,
2025,11,05/11/2025 10:48:00,10/11/2025 22:05:00,1,131:17:00,"5,47",,,,,,,,,,
2025,11,05/11/2025 14:36:00,10/11/2025 08:57:00,1,114:21:00,"4,76",,,,,,,,,,
2025,11,06/11/2025 04:30:00,06/11/2025 05:05:00,1,0:35:00,"0,02",,,,,,,,,,
2025,11,06/11/2025 05:00:00,06/11/2025 05:30:00,1,0:30:00,"0,02",,,,,,,,,,
2025,11,06/11/2025 11:48:00,11/11/2025 15:55:00,1,124:07:00,"5,17",,,,,,,,,,
2025,11,06/11/2025 16:00:00,07/11/2025 00:30:00,1,8:30:00,"0,35",,,,,,,,,,
2025,11,06/11/2025 18:00:00,06/11/2025 18:45:00,1,0:45:00,"0,03",,,,,,,,,,
2025,11,07/11/2025 01:06:00,26/11/2025 22:15:00,1,477:09:00,"19,88",,,,,,,,,,
2025,11,07/11/2025 03:00:00,17/11/2025 04:10:00,1,241:10:00,"10,05",,,,,,,,,,
2025,11,07/11/2025 13:35:00,11/11/2025 16:10:00,1,98:35:00,"4,11",,,,,,,,,,
2025,11,07/11/2025 18:00:00,08/11/2025 00:18:00,1,6:18:00,"0,26",,,,,,,,,,
2025,11,07/11/2025 18:45:00,18/11/2025 14:05:00,1,259:20:00,"10,81",,,,,,,,,,
2025,11,07/11/2025 20:15:00,07/11/2025 20:40:00,1,0:25:00,"0,02",,,,,,,,,,
2025,11,07/11/2025 22:00:00,14/11/2025 15:18:00,1,161:18:00,"6,72",,,,,,,,,,
2025,11,08/11/2025 00:54:00,13/11/2025 07:55:00,1,127:01:00,"5,29",,,,,,,,,,
2025,11,08/11/2025 02:40:00,23/11/2025 05:25:00,1,362:45:00,"15,11",,,,,,,,,,
2025,11,08/11/2025 06:00:00,19/11/2025 20:20:00,1,278:20:00,"11,60",,,,,,,,,,
2025,11,08/11/2025 07:48:00,15/11/2025 19:45:00,1,179:57:00,"7,50",,,,,,,,,,
2025,11,08/11/2025 11:40:00,08/11/2025 12:30:00,1,0:50:00,"0,03",,,,,,,,,,
2025,11,08/11/2025 13:00:00,08/11/2025 14:35:00,1,1:35:00,"0,07",,,,,,,,,,
2025,11,08/11/2025 17:30:00,13/11/2025 08:20:00,1,110:50:00,"4,62",,,,,,,,,,
2025,11,09/11/2025 11:00:00,21/11/2025 23:45:00,1,300:45:00,"12,53",,,,,,,,,,
2025,11,10/11/2025 02:00:00,17/11/2025 10:05:00,1,176:05:00,"7,34",,,,,,,,,,
2025,11,10/11/2025 07:00:00,16/11/2025 00:22:00,1,137:22:00,"5,72",,,,,,,,,,
2025,11,10/11/2025 07:00:00,20/11/2025 09:18:00,1,242:18:00,"10,10",,,,,,,,,,
2025,11,10/11/2025 08:30:00,10/11/2025 09:50:00,1,1:20:00,"0,06",,,,,,,,,,
2025,11,10/11/2025 09:00:00,19/11/2025 18:40:00,1,225:40:00,"9,40",,,,,,,,,,
2025,11,10/11/2025 13:25:00,17/11/2025 09:20:00,1,163:55:00,"6,83",,,,,,,,,,
2025,11,10/11/2025 18:30:00,12/11/2025 05:05:00,1,34:35:00,"1,44",,,,,,,,,,
2025,11,10/11/2025 19:15:00,15/11/2025 03:52:00,1,104:37:00,"4,36",,,,,,,,,,
2025,11,10/11/2025 20:20:00,10/11/2025 20:50:00,1,0:30:00,"0,02",,,,,,,,,,
2025,11,10/11/2025 21:00:00,10/11/2025 22:05:00,1,1:05:00,"0,05",,,,,,,,,,
2025,11,10/11/2025 21:30:00,25/11/2025 21:15:00,1,359:45:00,"14,99",,,,,,,,,,
2025,11,10/11/2025 21:36:00,13/11/2025 23:50:00,1,74:14:00,"3,09",,,,,,,,,,
2025,11,11/11/2025 04:45:00,11/11/2025 05:50:00,1,1:05:00,"0,05",,,,,,,,,,
2025,11,11/11/2025 14:30:00,14/11/2025 20:51:00,1,78:21:00,"3,26",,,,,,,,,,
2025,11,11/11/2025 18:18:00,15/11/2025 06:25:00,1,84:07:00,"3,50",,,,,,,,,,
2025,11,11/11/2025 21:30:00,11/11/2025 22:30:00,1,1:00:00,"0,04",,,,,,,,,,
2025,11,11/11/2025 22:36:00,13/11/2025 09:56:00,1,35:20:00,"1,47",,,,,,,,,,
2025,11,12/11/2025 06:00:00,19/11/2025 00:35:00,1,162:35:00,"6,77",,,,,,,,,,
2025,11,12/11/2025 07:30:00,12/11/2025 08:40:00,1,1:10:00,"0,05",,,,,,,,,,
2025,11,12/11/2025 12:40:00,13/11/2025 07:05:00,1,18:25:00,"0,77",,,,,,,,,,
2025,11,12/11/2025 16:30:00,21/11/2025 10:35:00,1,210:05:00,"8,75",,,,,,,,,,
2025,11,12/11/2025 19:06:00,17/11/2025 04:40:00,1,105:34:00,"4,40",,,,,,,,,,
2025,11,12/11/2025 21:45:00,12/11/2025 22:35:00,1,0:50:00,"0,03",,,,,,,,,,
2025,11,13/11/2025 04:54:00,13/11/2025 16:50:00,1,11:56:00,"0,50",,,,,,,,,,
2025,11,13/11/2025 07:00:00,22/11/2025 17:35:00,1,226:35:00,"9,44",,,,,,,,,,
2025,11,13/11/2025 13:00:00,13/11/2025 14:05:00,1,1:05:00,"0,05",,,,,,,,,,
2025,11,13/11/2025 15:30:00,14/11/2025 01:35:00,1,10:05:00,"0,42",,,,,,,,,,
2025,11,13/11/2025 22:50:00,14/11/2025 00:01:00,1,1:11:00,"0,05",,,,,,,,,,
2025,11,14/11/2025 02:30:00,22/11/2025 00:01:00,1,189:31:00,"7,90",,,,,,,,,,
2025,11,14/11/2025 10:00:00,14/11/2025 10:50:00,1,0:50:00,"0,03",,,,,,,,,,
2025,11,14/11/2025 19:24:00,16/11/2025 03:20:00,1,31:56:00,"1,33",,,,,,,,,,
2025,11,14/11/2025 21:00:00,20/11/2025 23:40:00,1,146:40:00,"6,11",,,,,,,,,,
2025,11,15/11/2025 00:06:00,27/11/2025 17:15:00,1,305:09:00,"12,71",,,,,,,,,,
2025,11,15/11/2025 06:25:00,21/11/2025 13:40:00,1,151:15:00,"6,30",,,,,,,,,,
2025,11,15/11/2025 11:00:00,15/11/2025 14:00:00,1,3:00:00,"0,13",,,,,,,,,,
2025,11,15/11/2025 11:12:00,19/11/2025 07:40:00,1,92:28:00,"3,85",,,,,,,,,,
2025,11,15/11/2025 14:30:00,16/11/2025 04:44:00,1,14:14:00,"0,59",,,,,,,,,,
2025,11,15/11/2025 23:30:00,16/11/2025 00:13:00,1,0:43:00,"0,03",,,,,,,,,,
2025,11,16/11/2025 01:30:00,27/11/2025 11:05:00,1,273:35:00,"11,40",,,,,,,,,,
2025,11,16/11/2025 02:30:00,16/11/2025 03:10:00,1,0:40:00,"0,03",,,,,,,,,,
2025,11,16/11/2025 12:00:00,27/11/2025 05:00:00,1,257:00:00,"10,71",,,,,,,,,,
2025,11,16/11/2025 15:48:00,19/11/2025 09:30:00,1,65:42:00,"2,74",,,,,,,,,,
2025,11,16/11/2025 17:00:00,18/11/2025 10:15:00,1,41:15:00,"1,72",,,,,,,,,,
2025,11,16/11/2025 19:32:00,19/11/2025 02:10:00,1,54:38:00,"2,28",,,,,,,,,,
2025,11,17/11/2025 06:00:00,17/11/2025 06:35:00,1,0:35:00,"0,02",,,,,,,,,,
2025,11,17/11/2025 09:42:00,22/11/2025 06:05:00,1,116:23:00,"4,85",,,,,,,,,,
2025,11,18/11/2025 01:57:00,18/11/2025 02:55:00,1,0:58:00,"0,04",,,,,,,,,,
2025,11,18/11/2025 13:30:00,18/11/2025 14:30:00,1,1:00:00,"0,04",,,,,,,,,,
2025,11,19/11/2025 15:00:00,24/11/2025 21:15:00,1,126:15:00,"5,26",,,,,,,,,,
2025,11,19/11/2025 23:30:00,20/11/2025 00:10:00,1,0:40:00,"0,03",,,,,,,,,,
2025,11,20/11/2025 06:50:00,20/11/2025 11:36:00,1,4:46:00,"0,20",,,,,,,,,,
2025,11,20/11/2025 07:45:00,20/11/2025 08:45:00,1,1:00:00,"0,04",,,,,,,,,,
2025,11,20/11/2025 11:45:00,28/11/2025 21:32:00,1,201:47:00,"8,41",,,,,,,,,,
2025,11,20/11/2025 12:24:00,20/11/2025 17:30:00,1,5:06:00,"0,21",,,,,,,,,,
2025,11,20/11/2025 15:00:00,20/11/2025 17:14:00,1,2:14:00,"0,09",,,,,,,,,,
2025,11,20/11/2025 17:00:00,23/11/2025 05:45:00,1,60:45:00,"2,53",,,,,,,,,,
2025,11,21/11/2025 05:48:00,21/11/2025 23:55:00,1,18:07:00,"0,75",,,,,,,,,,
2025,11,22/11/2025 00:10:00,22/11/2025 00:50:00,1,0:40:00,"0,03",,,,,,,,,,
2025,11,22/11/2025 11:15:00,22/11/2025 12:10:00,1,0:55:00,"0,04",,,,,,,,,,
2025,11,22/11/2025 11:30:00,29/11/2025 12:30:00,1,169:00:00,"7,04",,,,,,,,,,
2025,11,22/11/2025 13:42:00,26/11/2025 09:07:00,1,91:25:00,"3,81",,,,,,,,,,
2025,11,22/11/2025 23:28:00,23/11/2025 00:40:00,1,1:12:00,"0,05",,,,,,,,,,
2025,11,23/11/2025 06:10:00,23/11/2025 07:40:00,1,1:30:00,"0,06",,,,,,,,,,
2025,11,23/11/2025 08:12:00,24/11/2025 21:18:00,1,37:06:00,"1,55",,,,,,,,,,
2025,11,23/11/2025 14:00:00,24/11/2025 12:30:00,1,22:30:00,"0,94",,,,,,,,,,
2025,11,23/11/2025 16:00:00,24/11/2025 01:50:00,1,9:50:00,"0,41",,,,,,,,,,
2025,11,23/11/2025 18:45:00,23/11/2025 19:30:00,1,0:45:00,"0,03",,,,,,,,,,
2025,11,24/11/2025 22:42:00,28/11/2025 22:15:00,1,95:33:00,"3,98",,,,,,,,,,
2025,11,25/11/2025 00:15:00,29/11/2025 16:20:00,1,112:05:00,"4,67",,,,,,,,,,
2025,11,25/11/2025 08:30:00,26/11/2025 21:15:00,1,36:45:00,"1,53",,,,,,,,,,
2025,11,25/11/2025 16:45:00,25/11/2025 21:00:00,1,4:15:00,"0,18",,,,,,,,,,
2025,11,25/11/2025 19:30:00,25/11/2025 20:48:00,1,1:18:00,"0,05",,,,,,,,,,
2025,11,26/11/2025 16:48:00,27/11/2025 18:15:00,1,25:27:00,"1,06",,,,,,,,,,
2025,11,27/11/2025 03:00:00,27/11/2025 04:10:00,1,1:10:00,"0,05",,,,,,,,,,
2025,11,27/11/2025 03:30:00,27/11/2025 04:15:00,1,0:45:00,"0,03",,,,,,,,,,
2025,11,27/11/2025 03:30:00,27/11/2025 04:55:00,1,1:25:00,"0,06",,,,,,,,,,
2025,11,28/11/2025 00:30:00,28/11/2025 01:15:00,1,0:45:00,"0,03",,,,,,,,,,
2025,11,28/11/2025 03:33:00,28/11/2025 04:50:00,1,1:17:00,"0,05",,,,,,,,,,
2025,11,28/11/2025 10:45:00,28/11/2025 11:40:00,1,0:55:00,"0,04",,,,,,,,,,
2025,12,12/11/2025 20:12:00,29/11/2025 16:55:00,1,404:43:00,"16,86",,,,,,,,,,
2025,12,17/11/2025 13:00:00,30/11/2025 01:10:00,1,300:10:00,"12,51",,,,,,,,,,
2025,12,18/11/2025 13:00:00,28/11/2025 21:55:00,1,248:55:00,"10,37",,,,,,,,,,
2025,12,19/11/2025 05:54:00,01/12/2025 02:00:00,1,284:06:00,"11,84",,,,,,,,,,
2025,12,20/11/2025 09:30:00,01/12/2025 21:00:00,1,275:30:00,"11,48",,,,,,,,,,
2025,12,22/11/2025 08:30:00,05/12/2025 16:30:00,1,320:00:00,"13,33",,,,,,,,,,
2025,12,22/11/2025 10:50:00,26/11/2025 09:00:00,1,94:10:00,"3,92",,,,,,,,,,
2025,12,22/11/2025 11:00:00,28/11/2025 20:45:00,1,153:45:00,"6,41",,,,,,,,,,
2025,12,24/11/2025 08:32:00,12/12/2025 06:20:00,1,429:48:00,"17,91",,,,,,,,,,
2025,12,24/11/2025 10:15:00,07/12/2025 01:25:00,1,303:10:00,"12,63",,,,,,,,,,
2025,12,24/11/2025 19:18:00,08/12/2025 05:48:00,1,322:30:00,"13,44",,,,,,,,,,
2025,12,25/11/2025 01:18:00,29/11/2025 05:30:00,1,100:12:00,"4,17",,,,,,,,,,
2025,12,25/11/2025 06:00:00,07/12/2025 00:20:00,1,282:20:00,"11,76",,,,,,,,,,
2025,12,25/11/2025 15:00:00,18/12/2025 11:47:00,1,548:47:00,"22,87",,,,,,,,,,
2025,12,27/11/2025 00:06:00,15/12/2025 09:05:00,1,440:59:00,"18,37",,,,,,,,,,
2025,12,27/11/2025 05:48:00,30/11/2025 21:40:00,1,87:52:00,"3,66",,,,,,,,,,
2025,12,27/11/2025 05:54:00,02/12/2025 14:45:00,1,128:51:00,"5,37",,,,,,,,,,
2025,12,27/11/2025 13:00:00,15/12/2025 08:55:00,1,427:55:00,"17,83",,,,,,,,,,
2025,12,27/11/2025 16:00:00,28/11/2025 21:35:00,1,29:35:00,"1,23",,,,,,,,,,
2025,12,27/11/2025 21:54:00,27/11/2025 23:10:00,1,1:16:00,"0,05",,,,,,,,,,
2025,12,28/11/2025 04:54:00,03/12/2025 12:20:00,1,127:26:00,"5,31",,,,,,,,,,
2025,12,28/11/2025 08:00:00,28/11/2025 09:20:00,1,1:20:00,"0,06",,,,,,,,,,
2025,12,28/11/2025 12:24:00,03/12/2025 11:55:00,1,119:31:00,"4,98",,,,,,,,,,
2025,12,28/11/2025 15:00:00,14/12/2025 12:50:00,1,381:50:00,"15,91",,,,,,,,,,
2025,12,29/11/2025 07:30:00,29/11/2025 16:20:00,1,8:50:00,"0,37",,,,,,,,,,
2025,12,29/11/2025 12:00:00,30/11/2025 20:25:00,1,32:25:00,"1,35",,,,,,,,,,
2025,12,29/11/2025 16:00:00,29/11/2025 20:20:00,1,4:20:00,"0,18",,,,,,,,,,
2025,12,30/11/2025 03:18:00,07/12/2025 12:00:00,1,176:42:00,"7,36",,,,,,,,,,
2025,12,30/11/2025 11:30:00,01/12/2025 15:55:00,1,28:25:00,"1,18",,,,,,,,,,
2025,12,30/11/2025 15:00:00,01/12/2025 20:50:00,1,29:50:00,"1,24",,,,,,,,,,
2025,12,30/11/2025 15:00:00,06/12/2025 20:15:00,1,149:15:00,"6,22",,,,,,,,,,
2025,12,30/11/2025 17:00:00,30/11/2025 20:25:00,1,3:25:00,"0,14",,,,,,,,,,
2025,12,30/11/2025 19:30:00,30/11/2025 21:03:00,1,1:33:00,"0,06",,,,,,,,,,
2025,12,30/11/2025 20:00:00,30/11/2025 21:20:00,1,1:20:00,"0,06",,,,,,,,,,
2025,12,01/12/2025 01:24:00,01/12/2025 21:25:00,1,20:01:00,"0,83",,,,,,,,,,
2025,12,01/12/2025 03:42:00,03/12/2025 20:33:00,1,64:51:00,"2,70",,,,,,,,,,
2025,12,01/12/2025 06:12:00,02/12/2025 09:00:00,1,26:48:00,"1,12",,,,,,,,,,
2025,12,01/12/2025 11:36:00,14/12/2025 02:40:00,1,303:04:00,"12,63",,,,,,,,,,
2025,12,01/12/2025 16:42:00,05/12/2025 08:40:00,1,87:58:00,"3,67",,,,,,,,,,
2025,12,01/12/2025 22:13:00,01/12/2025 22:39:00,1,0:26:00,"0,02",,,,,,,,,,
2025,12,02/12/2025 02:00:00,21/12/2025 14:50:00,1,468:50:00,"19,53",,,,,,,,,,
2025,12,02/12/2025 04:35:00,02/12/2025 05:05:00,1,0:30:00,"0,02",,,,,,,,,,
2025,12,02/12/2025 08:24:00,10/12/2025 10:30:00,1,194:06:00,"8,09",,,,,,,,,,
2025,12,02/12/2025 09:46:00,05/12/2025 15:40:00,1,77:54:00,"3,25",,,,,,,,,,
2025,12,02/12/2025 14:00:00,09/12/2025 11:35:00,1,165:35:00,"6,90",,,,,,,,,,
2025,12,02/12/2025 16:00:00,09/12/2025 19:40:00,1,171:40:00,"7,15",,,,,,,,,,
2025,12,03/12/2025 07:00:00,07/12/2025 17:55:00,1,106:55:00,"4,45",,,,,,,,,,
2025,12,03/12/2025 18:00:00,03/12/2025 20:15:00,1,2:15:00,"0,09",,,,,,,,,,
2025,12,03/12/2025 18:42:00,07/12/2025 21:45:00,1,99:03:00,"4,13",,,,,,,,,,
2025,12,03/12/2025 18:42:00,18/12/2025 15:35:00,1,356:53:00,"14,87",,,,,,,,,,
2025,12,03/12/2025 20:05:00,03/12/2025 21:15:00,1,1:10:00,"0,05",,,,,,,,,,
2025,12,03/12/2025 20:12:00,03/12/2025 21:10:00,1,0:58:00,"0,04",,,,,,,,,,
2025,12,04/12/2025 00:01:00,04/12/2025 01:15:00,1,1:14:00,"0,05",,,,,,,,,,
2025,12,04/12/2025 00:59:00,04/12/2025 01:45:00,1,0:46:00,"0,03",,,,,,,,,,
2025,12,04/12/2025 08:00:00,04/12/2025 09:30:00,1,1:30:00,"0,06",,,,,,,,,,
2025,12,05/12/2025 01:30:00,05/12/2025 02:50:00,1,1:20:00,"0,06",,,,,,,,,,
2025,12,05/12/2025 07:30:00,05/12/2025 20:05:00,1,12:35:00,"0,52",,,,,,,,,,
2025,12,05/12/2025 08:00:00,05/12/2025 15:10:00,1,7:10:00,"0,30",,,,,,,,,,
2025,12,05/12/2025 10:56:00,05/12/2025 20:20:00,1,9:24:00,"0,39",,,,,,,,,,
2025,12,05/12/2025 19:00:00,06/12/2025 14:25:00,1,19:25:00,"0,81",,,,,,,,,,
2025,12,05/12/2025 22:19:00,05/12/2025 23:22:00,1,1:03:00,"0,04",,,,,,,,,,
2025,12,06/12/2025 08:30:00,06/12/2025 19:41:00,1,11:11:00,"0,47",,,,,,,,,,
2025,12,06/12/2025 10:30:00,06/12/2025 14:32:00,1,4:02:00,"0,17",,,,,,,,,,
2025,12,06/12/2025 11:24:00,06/12/2025 20:50:00,1,9:26:00,"0,39",,,,,,,,,,
2025,12,06/12/2025 19:45:00,08/12/2025 20:35:00,1,48:50:00,"2,03",,,,,,,,,,
2025,12,06/12/2025 20:10:00,06/12/2025 21:00:00,1,0:50:00,"0,03",,,,,,,,,,
2025,12,07/12/2025 08:30:00,11/12/2025 20:50:00,1,108:20:00,"4,51",,,,,,,,,,
2025,12,07/12/2025 17:30:00,15/12/2025 09:20:00,1,183:50:00,"7,66",,,,,,,,,,
2025,12,07/12/2025 18:00:00,11/12/2025 02:00:00,1,80:00:00,"3,33",,,,,,,,,,
2025,12,07/12/2025 18:24:00,10/12/2025 15:48:00,1,69:24:00,"2,89",,,,,,,,,,
2025,12,07/12/2025 19:30:00,13/12/2025 16:02:00,1,140:32:00,"5,86",,,,,,,,,,
2025,12,08/12/2025 00:40:00,08/12/2025 21:16:00,1,20:36:00,"0,86",,,,,,,,,,
2025,12,08/12/2025 16:48:00,21/12/2025 21:23:00,1,316:35:00,"13,19",,,,,,,,,,
2025,12,08/12/2025 19:27:00,08/12/2025 20:54:00,1,1:27:00,"0,06",,,,,,,,,,
2025,12,08/12/2025 19:48:00,18/12/2025 15:06:00,1,235:18:00,"9,80",,,,,,,,,,
2025,12,08/12/2025 23:00:00,14/12/2025 05:45:00,1,126:45:00,"5,28",,,,,,,,,,
2025,12,08/12/2025 23:30:00,09/12/2025 00:33:00,1,1:03:00,"0,04",,,,,,,,,,
2025,12,09/12/2025 01:56:00,09/12/2025 03:25:00,1,1:29:00,"0,06",,,,,,,,,,
2025,12,09/12/2025 06:08:00,09/12/2025 13:20:00,1,7:12:00,"0,30",,,,,,,,,,
2025,12,09/12/2025 06:45:00,12/12/2025 10:37:00,1,75:52:00,"3,16",,,,,,,,,,
2025,12,09/12/2025 10:12:00,09/12/2025 11:05:00,1,0:53:00,"0,04",,,,,,,,,,
2025,12,09/12/2025 12:30:00,15/12/2025 21:55:00,1,153:25:00,"6,39",,,,,,,,,,
2025,12,09/12/2025 22:06:00,11/12/2025 01:30:00,1,27:24:00,"1,14",,,,,,,,,,
2025,12,09/12/2025 22:52:00,10/12/2025 00:08:00,1,1:16:00,"0,05",,,,,,,,,,
2025,12,10/12/2025 14:00:00,10/12/2025 15:10:00,1,1:10:00,"0,05",,,,,,,,,,
2025,12,10/12/2025 16:00:00,14/12/2025 21:51:00,1,101:51:00,"4,24",,,,,,,,,,
2025,12,11/12/2025 04:24:00,11/12/2025 05:20:00,1,0:56:00,"0,04",,,,,,,,,,
2025,12,11/12/2025 12:00:00,11/12/2025 13:37:00,1,1:37:00,"0,07",,,,,,,,,,
2025,12,11/12/2025 16:55:00,11/12/2025 17:50:00,1,0:55:00,"0,04",,,,,,,,,,
2025,12,11/12/2025 23:24:00,28/12/2025 00:34:00,1,385:10:00,"16,05",,,,,,,,,,
2025,12,11/12/2025 23:36:00,12/12/2025 00:40:00,1,1:04:00,"0,04",,,,,,,,,,
2025,12,12/12/2025 03:00:00,19/12/2025 20:09:00,1,185:09:00,"7,71",,,,,,,,,,
2025,12,12/12/2025 03:38:00,12/12/2025 04:30:00,1,0:52:00,"0,04",,,,,,,,,,
2025,12,12/12/2025 03:38:00,23/12/2025 17:55:00,1,278:17:00,"11,60",,,,,,,,,,
2025,12,12/12/2025 07:00:00,12/12/2025 19:20:00,1,12:20:00,"0,51",,,,,,,,,,
2025,12,12/12/2025 08:30:00,15/12/2025 23:20:00,1,86:50:00,"3,62",,,,,,,,,,
2025,12,13/12/2025 04:15:00,20/12/2025 14:15:00,1,178:00:00,"7,42",,,,,,,,,,
2025,12,13/12/2025 08:00:00,14/12/2025 02:15:00,1,18:15:00,"0,76",,,,,,,,,,
2025,12,13/12/2025 09:00:00,18/12/2025 15:00:00,1,126:00:00,"5,25",,,,,,,,,,
2025,12,13/12/2025 10:00:00,13/12/2025 11:53:00,1,1:53:00,"0,08",,,,,,,,,,
2025,12,13/12/2025 10:42:00,14/12/2025 12:55:00,1,26:13:00,"1,09",,,,,,,,,,
2025,12,13/12/2025 15:00:00,13/12/2025 17:45:00,1,2:45:00,"0,11",,,,,,,,,,
2025,12,13/12/2025 17:00:00,13/12/2025 21:00:00,1,4:00:00,"0,17",,,,,,,,,,
2025,12,13/12/2025 20:15:00,14/12/2025 17:30:00,1,21:15:00,"0,89",,,,,,,,,,
2025,12,14/12/2025 06:30:00,14/12/2025 08:45:00,1,2:15:00,"0,09",,,,,,,,,,
2025,12,14/12/2025 07:50:00,18/12/2025 03:20:00,1,91:30:00,"3,81",,,,,,,,,,
2025,12,14/12/2025 11:45:00,15/12/2025 22:50:00,1,35:05:00,"1,46",,,,,,,,,,
2025,12,14/12/2025 13:30:00,20/12/2025 12:05:00,1,142:35:00,"5,94",,,,,,,,,,
2025,12,14/12/2025 14:40:00,17/12/2025 02:00:00,1,59:20:00,"2,47",,,,,,,,,,
2025,12,14/12/2025 17:15:00,24/12/2025 17:21:00,1,240:06:00,"10,00",,,,,,,,,,
2025,12,14/12/2025 19:00:00,16/12/2025 04:30:00,1,33:30:00,"1,40",,,,,,,,,,
2025,12,15/12/2025 07:30:00,15/12/2025 08:35:00,1,1:05:00,"0,05",,,,,,,,,,
2025,12,15/12/2025 16:00:00,18/12/2025 03:35:00,1,59:35:00,"2,48",,,,,,,,,,
2025,12,15/12/2025 16:00:00,21/12/2025 06:29:00,1,134:29:00,"5,60",,,,,,,,,,
2025,12,15/12/2025 16:00:00,27/12/2025 18:00:00,1,290:00:00,"12,08",,,,,,,,,,
2025,12,15/12/2025 20:15:00,15/12/2025 21:30:00,1,1:15:00,"0,05",,,,,,,,,,
2025,12,16/12/2025 06:24:00,16/12/2025 20:15:00,1,13:51:00,"0,58",,,,,,,,,,
2025,12,16/12/2025 15:00:00,19/12/2025 05:50:00,1,62:50:00,"2,62",,,,,,,,,,
2025,12,16/12/2025 17:00:00,23/12/2025 23:47:00,1,174:47:00,"7,28",,,,,,,,,,
2025,12,16/12/2025 19:00:00,19/12/2025 11:55:00,1,64:55:00,"2,70",,,,,,,,,,
2025,12,17/12/2025 01:00:00,22/12/2025 21:40:00,1,140:40:00,"5,86",,,,,,,,,,
2025,12,17/12/2025 09:00:00,17/12/2025 12:05:00,1,3:05:00,"0,13",,,,,,,,,,
2025,12,17/12/2025 14:00:00,20/12/2025 22:45:00,1,80:45:00,"3,36",,,,,,,,,,
2025,12,17/12/2025 21:00:00,22/12/2025 21:35:00,1,120:35:00,"5,02",,,,,,,,,,
2025,12,18/12/2025 01:45:00,18/12/2025 02:20:00,1,0:35:00,"0,02",,,,,,,,,,
2025,12,18/12/2025 05:42:00,23/12/2025 07:40:00,1,121:58:00,"5,08",,,,,,,,,,
2025,12,18/12/2025 06:30:00,18/12/2025 08:30:00,1,2:00:00,"0,08",,,,,,,,,,
2025,12,18/12/2025 07:00:00,18/12/2025 11:45:00,1,4:45:00,"0,20",,,,,,,,,,
2025,12,18/12/2025 20:55:00,18/12/2025 22:30:00,1,1:35:00,"0,07",,,,,,,,,,
2025,12,18/12/2025 21:18:00,19/12/2025 15:30:00,1,18:12:00,"0,76",,,,,,,,,,
2025,12,19/12/2025 08:00:00,19/12/2025 11:25:00,1,3:25:00,"0,14",,,,,,,,,,
2025,12,19/12/2025 11:30:00,21/12/2025 05:40:00,1,42:10:00,"1,76",,,,,,,,,,
2025,12,19/12/2025 19:15:00,19/12/2025 20:20:00,1,1:05:00,"0,05",,,,,,,,,,
2025,12,19/12/2025 20:15:00,19/12/2025 20:55:00,1,0:40:00,"0,03",,,,,,,,,,
2025,12,19/12/2025 22:12:00,21/12/2025 05:42:00,1,31:30:00,"1,31",,,,,,,,,,
2025,12,20/12/2025 04:25:00,20/12/2025 05:43:00,1,1:18:00,"0,05",,,,,,,,,,
2025,12,20/12/2025 04:28:00,20/12/2025 05:57:00,1,1:29:00,"0,06",,,,,,,,,,
2025,12,20/12/2025 13:12:00,20/12/2025 13:45:00,1,0:33:00,"0,02",,,,,,,,,,
2025,12,20/12/2025 20:24:00,25/12/2025 08:55:00,1,108:31:00,"4,52",,,,,,,,,,
2025,12,21/12/2025 04:45:00,21/12/2025 06:00:00,1,1:15:00,"0,05",,,,,,,,,,
2025,12,21/12/2025 10:30:00,25/12/2025 18:27:00,1,103:57:00,"4,33",,,,,,,,,,
2025,12,21/12/2025 18:30:00,29/12/2025 08:30:00,1,182:00:00,"7,58",,,,,,,,,,
2025,12,21/12/2025 20:26:00,21/12/2025 21:10:00,1,0:44:00,"0,03",,,,,,,,,,
2025,12,22/12/2025 00:58:00,22/12/2025 01:45:00,1,0:47:00,"0,03",,,,,,,,,,
2025,12,22/12/2025 11:48:00,23/12/2025 13:28:00,1,25:40:00,"1,07",,,,,,,,,,
2025,12,22/12/2025 11:50:00,28/12/2025 13:10:00,1,145:20:00,"6,06",,,,,,,,,,
2025,12,22/12/2025 14:00:00,22/12/2025 15:30:00,1,1:30:00,"0,06",,,,,,,,,,
2025,12,23/12/2025 03:14:00,23/12/2025 04:26:00,1,1:12:00,"0,05",,,,,,,,,,
2025,12,23/12/2025 11:30:00,23/12/2025 12:45:00,1,1:15:00,"0,05",,,,,,,,,,
2025,12,23/12/2025 11:51:00,23/12/2025 13:00:00,1,1:09:00,"0,05",,,,,,,,,,
2025,12,23/12/2025 13:54:00,25/12/2025 13:50:00,1,47:56:00,"2,00",,,,,,,,,,
2025,12,23/12/2025 17:00:00,27/12/2025 17:51:00,1,96:51:00,"4,04",,,,,,,,,,
2025,12,24/12/2025 05:42:00,26/12/2025 01:10:00,1,43:28:00,"1,81",,,,,,,,,,
2025,12,24/12/2025 11:00:00,24/12/2025 12:16:00,1,1:16:00,"0,05",,,,,,,,,,
2025,12,24/12/2025 17:00:00,24/12/2025 17:50:00,1,0:50:00,"0,03",,,,,,,,,,
2025,12,24/12/2025 20:05:00,25/12/2025 14:20:00,1,18:15:00,"0,76",,,,,,,,,,
2025,12,24/12/2025 22:30:00,26/12/2025 12:25:00,1,37:55:00,"1,58",,,,,,,,,,
2025,12,24/12/2025 23:30:00,26/12/2025 11:40:00,1,36:10:00,"1,51",,,,,,,,,,
2025,12,25/12/2025 08:18:00,27/12/2025 03:27:00,1,43:09:00,"1,80",,,,,,,,,,
2025,12,25/12/2025 10:30:00,27/12/2025 17:28:00,1,54:58:00,"2,29",,,,,,,,,,
2025,12,25/12/2025 16:07:00,25/12/2025 17:32:00,1,1:25:00,"0,06",,,,,,,,,,
2025,12,26/12/2025 21:50:00,26/12/2025 22:25:00,1,0:35:00,"0,02",,,,,,,,,,
2025,12,26/12/2025 23:40:00,27/12/2025 00:16:00,1,0:36:00,"0,03",,,,,,,,,,
2025,12,30/12/2025 03:00:00,30/12/2025 03:54:00,1,0:54:00,"0,04",,,,,,,,,,
